ID_Producto,Marca,Nombre,Precio_MXN,RAM_GB,Almacenamiento_GB,Tipo_Almacenamiento,Procesador,GPU_Dedicada,Pantalla_Pulgadas,URL_Producto
EKT-0000,Lenovo,"Laptop Lenovo Ideapad Slim 3 15ABR8 15.6"" FHD AMD Ryzen 7 16GB RAM 1TB SSD",19999.0,16.0,16.0,SSD,Ryzen 7,0,15.6,https://www.elektra.mx/laptop-lenovo-slim-3-amd-ryzen-7-16gb-ram-1tb-ssd-15-6-azul-28011568/p
EKT-0001,Hp,"Laptop Hp Celeron N4500 8GB RAM 256GB SSD 14"" Natural Silver",6999.0,8.0,8.0,SSD,Celeron,0,14.0,https://www.elektra.mx/laptop-hp-celeron-n4500-8gb-ram-256gb-ssd-14-natural-silver-28011594/p
EKT-0002,Asus,Laptop Asus Vivobook Go 15 AMD Ryzen5 8GB RAM 512GB SSD Mixed Black,9699.0,8.0,8.0,SSD,Ryzen5,0,,https://www.elektra.mx/laptop-asus-vivobook-go-15-amd-ryzen5-8gb-ram-512gb-ssd-mixed-black-28011879/p
EKT-0003,Hp,Laptop HP 15-FC0372LA AMD Ryzen 7 16GB RAM 512GB Plateada,14999.0,16.0,16.0,SSD,Ryzen 7,0,,https://www.elektra.mx/laptop-hp-15-fc0372la-amd-ryzen-7-16gb-ram-512gb-plateada-28011882/p
EKT-0004,Hp,Laptop HP 15-fc0265la AMD Ryzen5 8GB RAM 512GB SSD Plata,9999.0,8.0,8.0,SSD,Ryzen5,0,,https://www.elektra.mx/laptop-hp-15-fc0265la-amd-ryzen5-8gb-ram-512gb-ssd-plata-28011831/p
EKT-0005,Hp,Laptop HP 14-dq6015dx 14'' HD Intel N150 Intel Graphics 4GB RAM 128GB UFS Color Oro Rosa Pálido,5239.0,4.0,4.0,SSD,Intel N150,0,,https://www.elektra.mx/laptop-hp-14-dq6015dx-14-hd-intel-n150-intel-graphics-4gb-ram-128gb-ufs-color-oro-rosa-palido-1300909213/p
EKT-0006,Hp,LAPTOP HP 245 G10 R5 8GB RAM 512GB SSD Negra,10499.0,8.0,8.0,SSD,No especificado,0,,https://www.elektra.mx/laptop-hp-245-g10-r5-8gb-ram-512gb-ssd-negra-28011912/p
EKT-0007,Lenovo,LAPTOP LENOVO V14 G4 IRU i3 8GB RAM 256GB SSD Negra,9499.0,8.0,8.0,SSD,No especificado,0,,https://www.elektra.mx/laptop-lenovo-v14-g4-iru-i3-8gb-ram-256gb-ssd-negra-28011896/p
EKT-0008,Lenovo,"Laptop Lenovo Ideapad Slim 3 15IRU8 15.6"" FHD Intel Core i3 8GB RAM 512GB SSD",13499.0,8.0,8.0,SSD,Core I3,0,15.6,https://www.elektra.mx/laptop-lenovo-ideapad-slim-3-15iru8-intel-core-i3-8gb-ram-512gb-ssd-15-6-gris-28011712/p
EKT-0009,Hp,Laptop HP 14-hc0250la Intel IA U5 8GB RAM 512GB SSD Natural Silver,12499.0,8.0,8.0,SSD,No especificado,0,,https://www.elektra.mx/laptop-hp-14-hc0250la-intel-u5-8gb-ram-512gb-ssd-natural-silver-28011798/p
EKT-0010,Asus,Chromebook Asus CX1405CTA Intel N50 8GB RAM 128GB SSD Gris,4999.0,8.0,8.0,SSD,Intel N50,0,,https://www.elektra.mx/chromebook-asus-cx1405cta-intel-n50-8gb-ram-128gb-ssd-gris-28011874/p
EKT-0011,Lenovo,Laptop Lenovo IdeaPad Slim AMD Ryzen5 8GB RAM 512GB SSD Gris,14499.0,8.0,8.0,SSD,Ryzen5,0,,https://www.elektra.mx/laptop-lenovo-ideapad-slim-amd-ryzen5-8gb-ram-512gb-ssd-gris-28011841/p
EKT-0012,Lenovo,"Laptop Lenovo Ideapad Slim 3 15IRH10 15.3"" WUXGA Intel Core i5 8GB RAM 512GB SSD",14999.0,8.0,8.0,SSD,Core I5,0,15.3,https://www.elektra.mx/laptop-lenovo-ideapad-slim-3-15irh10-intel-core-i5-8gb-ram-512gb-ssd-15-3-verde-28011682/p
EKT-0013,Lenovo,Chromebook Lenovo N150 8GB RAM 128GB Gris Luna,9499.0,8.0,8.0,SSD,No especificado,0,,https://www.elektra.mx/chromebook-lenovo-n150-8gb-ram-128gb-gris-luna-28012032/p
EKT-0014,Hp,Laptop HP 14-DQ0532LA Intel Celeron N4120 4GB RAM 128 GB SSD Plateada,6499.0,4.0,4.0,SSD,Celeron,0,,https://www.elektra.mx/laptop-hp-14-dq0532la-intel-celeron-n4120-4gb-ram-128-gb-ssd-plateada-28011992/p
EKT-0015,Lenovo,Laptop Lenovo Ideapad V15 G4 AMD Ryzen3 16GB RAM 512GB SSD Gris,12999.0,16.0,16.0,SSD,Ryzen3,0,,https://www.elektra.mx/laptop-lenovo-ideapad-v15-g4-amd-ryzen3-16gb-ram-512gb-ssd-gris-28011960/p
EKT-0016,Asus,Laptop Asus Vivobook Go 15 AMD Ryzen5 16GB RAM 512GB Cool Silver,12999.0,16.0,16.0,SSD,Ryzen5,0,,https://www.elektra.mx/laptop-asus-vivobook-go-15-amd-ryzen5-16gb-ram-512gb-cool-silver-28011878/p
EKT-0017,Asus,Laptop Asus Vivobook Go 14 AMD Ryzen3 8GB RAM 512GB SSD Negra,7999.0,8.0,8.0,SSD,Ryzen3,0,,https://www.elektra.mx/laptop-asus-vivobook-go-14-amd-ryzen3-8gb-ram-512gb-ssd-negra-28011880/p
EKT-0018,Apple,"Apple MacBook Air M1 - 13.3"" - 8GB RAM 256GB SSD - Retina macOS - Gris Espacial - Reacondicionado",9499.0,8.0,8.0,SSD,No especificado,0,13.3,https://www.elektra.mx/apple-macbook-air-m1-133-8gb-ram-256gb-ssd-retina-macos-gris-espacial-reacondicionado-1301829930/p
EKT-0019,Hp,"Laptop Notebook HP 14-stream Intel N150 4gb Ram, 128gb Ssd Pale Rose",4999.0,4.0,4.0,SSD,Intel N150,0,,https://www.elektra.mx/laptop-notebook-hp-14-stream-intel-n150-4gb-ram-128gb-ssd-pale-rose-1301361291/p
EKT-0020,Apple,"Apple MacBook Air 13"" | Reacondicionado | (Chip M1) | 8GB RAM | 256GB SSD | Pantalla Retina | gris espacial",9499.0,8.0,8.0,SSD,No especificado,0,13.0,https://www.elektra.mx/apple-macbook-air-13-reacondicionado-chip-m1-8gb-ram-256gb-ssd-pantalla-retina-gris-espacial-1301277524/p
EKT-0021,Dell,"Laptop Dell AMD Ryzen 5 8GB RAM 512GB SSD 15.6"" Plata",9999.0,8.0,8.0,SSD,Ryzen 5,0,15.6,https://www.elektra.mx/laptop-dell-amd-ryzen-5 8gb-ram-512gb-ssd-15-6-plata-28011691/p
EKT-0022,Lenovo,"Laptop Lenovo Ideapad Slim 3 15ABR8 15.6"" FHD AMD Ryzen 5 8GB RAM 512GB SSD",14499.0,8.0,8.0,SSD,Ryzen 5,0,15.6,https://www.elektra.mx/laptop-lenovo-slim-3-amd-ryzen-5-8gb-ram-512gb-ssd-15-6-azul-claro-28011610/p
EKT-0023,Lenovo,"Laptop Lenovo Gamer LOQ 15ARP9 AMD Ryzen 5 8GB RAM 512GB SSD 15.6"" Gris Luna",17999.0,8.0,8.0,SSD,Ryzen 5,0,15.6,https://www.elektra.mx/laptop-lenovo-gamer-loq-15arp9-amd-ryzen-5-8gb-ram-512gb-ssd-15-6-gris-luna-28011440-1300710409/p
EKT-0024,Asus,Laptop ASUS TUF Gaming A16 Ryzen 7 170 512GB SSD 16GB RAM RTX 4050 144Hz Windows11 con Mouse,23999.0,512.0,512.0,SSD,Ryzen 7,1,,https://www.elektra.mx/laptop-asus-tuf-gaming-a16-ryzen-7-170-512gb-ssd-16gb-ram-rtx-4050-144hz-windows11-con-mouse-1302053618/p
EKT-0025,Apple,"Apple MacBook Air M1 8GB RAM 128GB SSD 13.3"" Retina macOS Gris Espacial Reacondicionado",9299.0,8.0,8.0,SSD,No especificado,0,13.3,https://www.elektra.mx/apple-macbook-air-m1-8gb-ram-128gb-ssd-133-retina-macos-gris-espacial-reacondicionado-1301820502/p
EKT-0026,Lenovo,"Laptop Lenovo Ideapad Slim 3 15.6"" Intel N100 Fhd 4 Gb Ram 128 Gb",5759.0,4.0,4.0,SSD,Intel N100,0,15.6,https://www.elektra.mx/laptop-lenovo-ideapad-slim-3-156-intel-n100-fhd-4-gb-ram-128-gb-1301280160/p
EKT-0027,Lenovo,"Laptop Lenovo Ideapad Slim 3 15AMN8 15.6"" FHD AMD Ryzen 3 8GB RAM 512GB SSD",11999.0,8.0,8.0,SSD,Ryzen 3,0,15.6,https://www.elektra.mx/laptop-lenovo-slim-3-amd-ryzen-3-8gb-ram-512gb-ssd-15-6-azul-28011577/p
EKT-0028,Hp,Laptop Gamer HP Victus Ryzen 7 7445HS 16GB DDR5 512GB SSD RTX 3050 W11,20999.0,16.0,16.0,SSD,Ryzen 7,1,,https://www.elektra.mx/laptop-gamer-hp-victus-ryzen-7-7445hs-16gb-ddr5-512gb-ssd-rtx-3050-w11-1302041058/p
EKT-0029,Lenovo,"Portátil Lenovo IdeaPad Ryzen 3 156"" 8 GB RAM 256 GB SSD",10041.0,8.0,8.0,SSD,Ryzen 3,0,56.0,https://www.elektra.mx/portatil-lenovo-ideapad-ryzen-3-156-8-gb-ram-256-gb-ssd-1302153886/p
EKT-0030,Asus,"Portátil ASUS VivoBook 14"" i3 8 GB RAM 256 GB SSD Gris Pizarra",10453.0,8.0,8.0,SSD,No especificado,0,14.0,https://www.elektra.mx/portatil-asus-vivobook-14-i3-8-gb-ram-256-gb-ssd-gris-pizarra-1302152785/p
EKT-0031,Lenovo,"Portátil Lenovo i7-13620H 24 GB 1 TB SSD 16"" con Windows 11",16891.0,24.0,24.0,SSD,No especificado,0,16.0,https://www.elektra.mx/portatil-lenovo-i7-13620h-24-gb-1-tb-ssd-16-con-windows-11-1302152602/p
EKT-0032,Panasonic,"Panasonic Toughbook CF-54 MK2 14"" Portátil Intel Core i5-6300U de 6ª generación a 240 GHz Notebook empresarial 16 GB SSD 512 GB Intel HD Graphics 520",14938.0,16.0,16.0,SSD,Core I5,0,14.0,https://www.elektra.mx/panasonic-toughbook-cf-54-mk2-14-portatil-intel-core-i5-6300u-de-6-generacion-a-240-ghz-notebook-empresarial-16-gb-ssd-512-gb-intel-hd-graphics-520-1302151704/p
EKT-0033,Asus,Portátil ASUS Vivobook Go 15 Ryzen 5 8 GB RAM SSD 256 GB,14615.0,8.0,8.0,SSD,Ryzen 5,0,,https://www.elektra.mx/portatil-asus-vivobook-go-15-ryzen-5-8-gb-ram-ssd-256-gb-1302146166/p
EKT-0034,Hp,"Portátil HP 17.3"" 2026 i3 de 8 núcleos 16 GB 1 TB SSD Wi‑Fi 6",16186.0,16.0,16.0,SSD,No especificado,0,17.3,https://www.elektra.mx/portatil-hp-173-2026-i3-de-8-nucleos-16-gb-1-tb-ssd-wifi-6-1302145789/p
EKT-0035,Asus,"ASUS Vivobook 14 Portátil Intel Dual-Core i3-1115G4 Pantalla WXGA HD de 14"" Tipo‑C Wi‑Fi HDMI",12150.0,,,SSD,Core I3,0,14.0,https://www.elektra.mx/asus-vivobook-14-portatil-intel-dual-core-i3-1115g4-pantalla-wxga-hd-de-14-tipoc-wifi-hdmi-1302145737/p
EKT-0036,Hp,"Portátil HP 156"" FHD táctil Intel Core Ultra 5 16 GB 512 GB",14422.0,16.0,16.0,SSD,No especificado,0,56.0,https://www.elektra.mx/portatil-hp-156-fhd-tactil-intel-core-ultra-5-16-gb-512-gb-1302145449/p
EKT-0037,Hp,"Laptop HP 156"" con pantalla táctil Intel i3 16 GB 15 TB SSD",19186.0,16.0,16.0,SSD,No especificado,0,56.0,https://www.elektra.mx/laptop-hp-156-con-pantalla-tactil-intel-i3-16-gb-15-tb-ssd-1302145112/p
EKT-0038,Asus,Laptopasus zenbook 14 ryzen ai 7 445 16gb 1tb copilot+ pc,28999.0,16.0,16.0,SSD,No especificado,0,,https://www.elektra.mx/laptopasus-zenbook-14-ryzen-ai-7-445-16gb-1tb-copilot-pc-1302144300/p
EKT-0039,Asus,Laptop asus vivobook 17 core 5 120u 16gb 512gb pantalla 17.3,18799.0,16.0,16.0,SSD,Core 5,0,,https://www.elektra.mx/laptop-asus-vivobook-17-core-5-120u-16gb-512gb-pantalla-173-1302144299/p
EKT-0040,Asus,"Laptop asus vivobook 15 core 7 24gb 1tb pantalla 15.6"" touch",24999.0,24.0,24.0,SSD,Core 7,0,15.6,https://www.elektra.mx/laptop-asus-vivobook-15-core-7-24gb-1tb-pantalla-156-touch-1302144183/p
EKT-0041,Asus,"Laptop asus vivobook 16 x1605 core i9 270h 24gb 512gb 16""",25899.0,24.0,24.0,SSD,Core I9,0,16.0,https://www.elektra.mx/laptop-asus-vivobook-16-x1605-core-i9-270h-24gb-512gb-16-1302144131/p
EKT-0042,Apple,"Macbook Air 13"" M5 512GB 16gb Medianoche (Midnight)",37999.0,512.0,512.0,SSD,No especificado,0,13.0,https://www.elektra.mx/macbook-air-13-m5-512gb-16gb-medianoche-midnight-1302144100/p
EKT-0043,Asus,"Portátil ASUS Vivobook Go 15 15.6"" AMD Silver 4 GB 128 GB SSD",11531.0,4.0,4.0,SSD,No especificado,0,15.6,https://www.elektra.mx/portatil-asus-vivobook-go-15-156-amd-silver-4-gb-128-gb-ssd-1302143776/p
EKT-0044,Hp,"Portátil HP 14"" 16 GB RAM Wi‑Fi 6 Office 365 128 GB",16045.0,16.0,16.0,SSD,No especificado,0,14.0,https://www.elektra.mx/portatil-hp-14-16-gb-ram-wifi-6-office-365-128-gb-1302143243/p
EKT-0045,Hp,Portátil HP 36 cm 128 GB 4 GB RAM Windows 11 + Office 365,9121.0,128.0,128.0,SSD,No especificado,0,,https://www.elektra.mx/portatil-hp-36-cm-128-gb-4-gb-ram-windows-11-office-365-1302143234/p
EKT-0046,Lenovo,"Notebook Lenovo IdeaPad 156"" FHD táctil i5-1335U 16 GB 512 GB",16840.0,16.0,16.0,SSD,No especificado,0,56.0,https://www.elektra.mx/notebook-lenovo-ideapad-156-fhd-tactil-i5-1335u-16-gb-512-gb-1302143174/p
EKT-0047,Dell,Ordenador portátil Dell Inspiron serie 3000 de 156 pulgadas FHD Touch i5 16 GB y 1 TB,16731.0,16.0,16.0,SSD,No especificado,0,56.0,https://www.elektra.mx/ordenador-portatil-dell-inspiron-serie-3000-de-156-pulgadas-fhd-touch-i5-16-gb-y-1-tb-1302142506/p
EKT-0048,Hp,"Portátil HP 156"" i3 8 GB RAM 512 GB SSD Windows 11 Pro",14565.0,8.0,8.0,SSD,No especificado,0,56.0,https://www.elektra.mx/portatil-hp-156-i3-8-gb-ram-512-gb-ssd-windows-11-pro-1302142196/p
EKT-0049,Acer,"Laptop Acer Aspire 14"" WUXGA Intel Ultra 5 16 GB 512 GB",14461.0,16.0,16.0,SSD,No especificado,0,14.0,https://www.elektra.mx/laptop-acer-aspire-14-wuxga-intel-ultra-5-16-gb-512-gb-1302141924/p
EKT-0050,Panasonic,"Portátil Panasonic Toughbook 54 MK3 14"" HD Core i5 32 GB SSD",16736.0,32.0,32.0,SSD,Core I5,0,14.0,https://www.elektra.mx/portatil-panasonic-toughbook-54-mk3-14-hd-core-i5-32-gb-ssd-1302141911/p
EKT-0051,Asus,"Laptop ASUS Vivobook 14"" i7-1355U 16GB 512GB SSD Win10",15653.0,16.0,16.0,SSD,No especificado,0,14.0,https://www.elektra.mx/laptop-asus-vivobook-14-i7-1355u-16gb-512gb-ssd-win10-1302141868/p
EKT-0052,Hp,"Portátil HP 156"" i3 16 GB RAM 1 TB SSD Wi‑Fi 6 Plata",16045.0,16.0,16.0,SSD,No especificado,0,56.0,https://www.elektra.mx/portatil-hp-156-i3-16-gb-ram-1-tb-ssd-wifi-6-plata-1302141643/p
EKT-0053,Lenovo,"Laptop Lenovo IdeaPad 1 i5-1335U 24GB RAM 1TB SSD 15.6""",16510.0,24.0,24.0,SSD,No especificado,0,15.6,https://www.elektra.mx/laptop-lenovo-ideapad-1-i5-1335u-24gb-ram-1tb-ssd-156-1302141495/p
EKT-0054,Hp,"Portátil HP 173"" Ryzen 7 8 GB RAM 1 TB SSD Wi‑Fi 6",14481.0,8.0,8.0,SSD,Ryzen 7,0,73.0,https://www.elektra.mx/portatil-hp-173-ryzen-7-8-gb-ram-1-tb-ssd-wifi-6-1302141437/p
EKT-0055,Asus,"Portátil ASUS Vivobook Go de 14"" 4 GB RAM 640 GB SSD Windows 11",14684.0,4.0,4.0,SSD,No especificado,0,14.0,https://www.elektra.mx/portatil-asus-vivobook-go-de-14-4-gb-ram-640-gb-ssd-windows-11-1302140558/p
EKT-0056,Asus,"Portátil ASUS Vivobook Go 156"" Ryzen 5 8 GB 512 GB SSD",12232.0,8.0,8.0,SSD,Ryzen 5,0,56.0,https://www.elektra.mx/portatil-asus-vivobook-go-156-ryzen-5-8-gb-512-gb-ssd-1302139576/p
EKT-0057,Asus,"Laptop ASUS Vivobook 14"" FHD Intel Core i5 16GB 1TB SSD",16055.0,16.0,16.0,SSD,Core I5,0,14.0,https://www.elektra.mx/laptop-asus-vivobook-14-fhd-intel-core-i5-16gb-1tb-ssd-1302138893/p
EKT-0058,Hp,"Portátil HP 17"" Ryzen 5 16 GB RAM 512 GB SSD Windows 11",15817.0,16.0,16.0,SSD,Ryzen 5,0,17.0,https://www.elektra.mx/portatil-hp-17-ryzen-5-16-gb-ram-512-gb-ssd-windows-11-1302138886/p
EKT-0059,Dell,Portátil Dell Inspiron 15 i5-1334U 16 GB RAM 256 GB SSD,15771.0,16.0,16.0,SSD,No especificado,0,,https://www.elektra.mx/portatil-dell-inspiron-15-i5-1334u-16-gb-ram-256-gb-ssd-1302138304/p
EKT-0060,Hp,"Portátil HP 15.6"" AMD Athlon 4 GB RAM 128 GB SSD Windows 10",8829.0,4.0,4.0,SSD,Athlon,0,15.6,https://www.elektra.mx/portatil-hp-156-amd-athlon-4-gb-ram-128-gb-ssd-windows-10-1302138303/p
EKT-0061,Hp,"Portátil HP 17"" i3-N305 16 GB RAM 512 GB SSD Windows 11",9239.0,16.0,16.0,SSD,No especificado,0,17.0,https://www.elektra.mx/portatil-hp-17-i3-n305-16-gb-ram-512-gb-ssd-windows-11-1302137955/p
EKT-0062,Hp,"Portátil HP 156"" Touch AMD Ryzen 5 16 GB 512 GB SSD",14473.0,16.0,16.0,SSD,Ryzen 5,0,56.0,https://www.elektra.mx/portatil-hp-156-touch-amd-ryzen-5-16-gb-512-gb-ssd-1302137935/p
EKT-0063,Hp,"Laptop HP 173"" FHD IPS Intel Core i5 16GB 512GB SSD",15223.0,16.0,16.0,SSD,Core I5,0,73.0,https://www.elektra.mx/laptop-hp-173-fhd-ips-intel-core-i5-16gb-512gb-ssd-1302137901/p
EKT-0064,Lg,"Laptop LG Gram Book 156"" i5 16 GB RAM 512 GB SSD FHD",16842.0,16.0,16.0,SSD,No especificado,0,56.0,https://www.elektra.mx/laptop-lg-gram-book-156-i5-16-gb-ram-512-gb-ssd-fhd-1302137891/p
EKT-0065,Hp,"Portátil HP 2025 Premium 173"" HD+ i3-305 16 GB 256 GB SSD",14604.0,16.0,16.0,SSD,No especificado,0,73.0,https://www.elektra.mx/portatil-hp-2025-premium-173-hd-i3-305-16-gb-256-gb-ssd-1302137890/p
EKT-0066,Hp,"Portátil HP 156"" con pantalla táctil Intel i3 16 GB RAM SSD de 512 GB",16471.0,16.0,16.0,SSD,No especificado,0,56.0,https://www.elektra.mx/portatil-hp-156-con-pantalla-tactil-intel-i3-16-gb-ram-ssd-de-512-gb-1302137885/p
EKT-0067,Dell,"Portátil Dell 156"" i5‑1334U 16 GB RAM 512 GB SSD Wi‑Fi 6",16045.0,16.0,16.0,SSD,No especificado,0,56.0,https://www.elektra.mx/portatil-dell-156-i51334u-16-gb-ram-512-gb-ssd-wifi-6-1302137857/p
EKT-0068,Hp,Portátil HP Pavilion i5-1155G7 32 GB RAM 1 TB SSD Windows 11 táctil,16867.0,32.0,32.0,SSD,No especificado,0,,https://www.elektra.mx/portatil-hp-pavilion-i5-1155g7-32-gb-ram-1-tb-ssd-windows-11-tactil-1302137104/p
EKT-0069,Hp,Portátil HP 36 cm 4 GB RAM 128 GB SSD Win11 Oro rosado pálido,7480.0,4.0,4.0,SSD,No especificado,0,,https://www.elektra.mx/portatil-hp-36-cm-4-gb-ram-128-gb-ssd-win11-oro-rosado-palido-1302136980/p
EKT-0070,Lenovo,"Portátil Lenovo IdeaPad Slim 3i 15.6"" 8 GB RAM 128 GB SSD Windows 11",10530.0,8.0,8.0,SSD,No especificado,0,15.6,https://www.elektra.mx/portatil-lenovo-ideapad-slim-3i-156-8-gb-ram-128-gb-ssd-windows-11-1302136977/p
EKT-0071,Hp,"Portátil HP de 14"" 8 GB RAM Wi‑Fi 6 Office 365 128 GB",9430.0,8.0,8.0,SSD,No especificado,0,14.0,https://www.elektra.mx/portatil-hp-de-14-8-gb-ram-wifi-6-office-365-128-gb-1302136960/p
EKT-0072,Hp,Portátil HP 36 cm 128 GB 4 GB RAM Windows 11 Plateado,9124.0,128.0,128.0,SSD,No especificado,0,,https://www.elektra.mx/portatil-hp-36-cm-128-gb-4-gb-ram-windows-11-plateado-1302136948/p
EKT-0073,Hp,"Portátil HP 173"" i3-N305 8 GB RAM 512 GB SSD Windows 11",15795.0,8.0,8.0,SSD,No especificado,0,73.0,https://www.elektra.mx/portatil-hp-173-i3-n305-8-gb-ram-512-gb-ssd-windows-11-1302136902/p
EKT-0074,Hp,Portátil HP 43 cm i3‑N305 8 GB RAM 512 GB SSD Windows 11 Pro,15795.0,8.0,8.0,SSD,No especificado,0,,https://www.elektra.mx/portatil-hp-43-cm-i3n305-8-gb-ram-512-gb-ssd-windows-11-pro-1302136899/p
EKT-0075,Hp,Portátil HP 43 cm i3‑N305 8 GB RAM 512 GB SSD Windows 11 Pro,15795.0,8.0,8.0,SSD,No especificado,0,,https://www.elektra.mx/portatil-hp-43-cm-i3n305-8-gb-ram-512-gb-ssd-windows-11-pro-1302136888/p
EKT-0076,Hp,"Portátil HP 173"" i3‑N305 8 GB RAM 512 GB SSD Windows 11 Plateado",15795.0,8.0,8.0,SSD,No especificado,0,73.0,https://www.elektra.mx/portatil-hp-173-i3n305-8-gb-ram-512-gb-ssd-windows-11-plateado-1302136887/p
EKT-0077,Hp,"Portátil HP 173"" i3-N305 8 GB RAM 512 GB SSD Plateado",15795.0,8.0,8.0,SSD,No especificado,0,73.0,https://www.elektra.mx/portatil-hp-173-i3-n305-8-gb-ram-512-gb-ssd-plateado-1302136877/p
EKT-0078,Hp,"Laptop HP 2025 Premium 17.3"" HD+ i3-N305 16 GB 512 GB SSD",14985.0,16.0,16.0,SSD,No especificado,0,17.3,https://www.elektra.mx/laptop-hp-2025-premium-173-hd-i3-n305-16-gb-512-gb-ssd-1302136796/p
EKT-0079,Hp,"Portátil HP 156"" pantalla táctil i3 16 GB 1 TB+128 GB SSD",16178.0,16.0,16.0,SSD,No especificado,0,56.0,https://www.elektra.mx/portatil-hp-156-pantalla-tactil-i3-16-gb-1-tb128-gb-ssd-1302136795/p
EKT-0080,Panasonic,"Laptop Panasonic Toughbook CF-54 MK2 14"" Pantalla Táctil i5 16GB",14384.0,16.0,16.0,SSD,No especificado,0,14.0,https://www.elektra.mx/laptop-panasonic-toughbook-cf-54-mk2-14-pantalla-tactil-i5-16gb-1302136792/p
EKT-0081,Apple,"Laptop Apple MacBook Neo 13"" A18 Pro 8GB 256GB Citrus",16733.0,8.0,8.0,SSD,No especificado,0,13.0,https://www.elektra.mx/laptop-apple-macbook-neo-13-a18-pro-8gb-256gb-citrus-1302136727/p
EKT-0082,Hp,Laptop Hp 15-fc0027ca Touch Amd Ryzen 7-7730u 512GB SSD 16GB Ram Windows 11 con Mouse,14999.0,512.0,512.0,SSD,Ryzen 7,0,,https://www.elektra.mx/laptop-hp-15-fc0027ca-touch-amd-ryzen-7-7730u-512gb-ssd-16gb-ram-windows-11-con-mouse-1302136694/p
EKT-0083,Lenovo,"Laptop Lenovo Ideapad 5 2en1 Touch Intel Core 5 512GB SSD 16GB Ram 16"" WUXGA Windows 11 con Mouse",15499.0,512.0,512.0,SSD,Core 5,0,16.0,https://www.elektra.mx/laptop-lenovo-ideapad-5-2en1-touch-intel-core-5-512gb-ssd-16gb-ram-16-wuxga-windows-11-con-mouse-1302136547/p
EKT-0084,Lenovo,Laptop Lenovo V14 G5 IRL 14” Core 7 240H 16GB DDR5 1TB SSD W11 con Teclado y Mouse,16999.0,16.0,16.0,SSD,Core 7,0,14.0,https://www.elektra.mx/laptop-lenovo-v14-g5-irl-14-core-7-240h-16gb-ddr5-1tb-ssd-w11-con-teclado-y-mouse-1302136489/p
EKT-0085,Lenovo,"Laptop Lenovo V14 G5 IRL Core 7 240H 1TB SSD 16GB DDR5 14"" Windows 11",16259.0,16.0,1024.0,SSD,Core 7,0,14.0,https://www.elektra.mx/laptop-lenovo-v14-g5-irl-core-7-240h-1tb-ssd-16gb-ddr5-14-windows-11-1302136468/p
EKT-0086,Hp,"Portátil HP 15.6"" Ryzen 5 16 GB RAM 672 GB SSD Windows 11 Pro",15718.0,16.0,16.0,SSD,Ryzen 5,0,15.6,https://www.elektra.mx/portatil-hp-156-ryzen-5-16-gb-ram-672-gb-ssd-windows-11-pro-1302136466/p
EKT-0087,Lenovo,Laptop Lenovo V14 G5 IRL Core 7 240H 1TB SSD 16GB DDR5 W11 con Mochila y Mouse,16999.0,16.0,1024.0,SSD,Core 7,0,,https://www.elektra.mx/laptop-lenovo-v14-g5-irl-core-7-240h-1tb-ssd-16gb-ddr5-w11-con-mochila-y-mouse-1302136461/p
EKT-0088,Acer,Laptop Acer Swift Go 16 OLED Intel Core Ultra 5 8 GB 512 GB,14546.0,8.0,8.0,SSD,No especificado,0,,https://www.elektra.mx/laptop-acer-swift-go-16-oled-intel-core-ultra-5-8-gb-512-gb-1302136319/p
EKT-0089,Lenovo,"Portátil Lenovo Ideapad 3i 15.6"" i5-1135G7 12 GB RAM 1 TB SSD",16272.0,12.0,12.0,SSD,No especificado,0,15.6,https://www.elektra.mx/portatil-lenovo-ideapad-3i-156-i5-1135g7-12-gb-ram-1-tb-ssd-1302136274/p
EKT-0090,Asus,"Portátil ASUS Vivobook 14"" FHD i5-1334U 16 GB 512 GB SSD",16855.0,16.0,16.0,SSD,No especificado,0,14.0,https://www.elektra.mx/portatil-asus-vivobook-14-fhd-i5-1334u-16-gb-512-gb-ssd-1302136267/p
EKT-0091,Hp,"Portátil HP OmniBook 3 16"" 2K Intel Core Ultra 5 512 GB SSD",14604.0,512.0,512.0,SSD,No especificado,0,16.0,https://www.elektra.mx/portatil-hp-omnibook-3-16-2k-intel-core-ultra-5-512-gb-ssd-1302136244/p
EKT-0092,Hp,"Portátil HP 156"" i3-1115G4 16 GB RAM 1 TB SSD Windows 11 Azul Pino",13854.0,16.0,16.0,SSD,No especificado,0,56.0,https://www.elektra.mx/portatil-hp-156-i3-1115g4-16-gb-ram-1-tb-ssd-windows-11-azul-pino-1302136151/p
EKT-0093,Nimo,"Portátil NIMO 15.6"" 8 GB RAM 256 GB SSD Intel Wi‑Fi 6",8549.0,8.0,8.0,SSD,No especificado,0,15.6,https://www.elektra.mx/portatil-nimo-156-8-gb-ram-256-gb-ssd-intel-wifi-6-1302136098/p
EKT-0094,Multivision,"Sistema POS Multzo 15.6"" Android 11 i3 4 GB RAM 64 GB ROM",12297.0,4.0,4.0,SSD,No especificado,0,15.6,https://www.elektra.mx/sistema-pos-multzo-156-android-11-i3-4-gb-ram-64-gb-rom-1302136024/p
EKT-0095,Asus,"Portátil ASUS Vivobook 14"" FHD Intel i5 24 GB 1 TB Windows 11 Pro",16889.0,24.0,24.0,SSD,No especificado,0,14.0,https://www.elektra.mx/portatil-asus-vivobook-14-fhd-intel-i5-24-gb-1-tb-windows-11-pro-1302135977/p
EKT-0096,Hp,"HP OmniBook 3 portátil 16"" 2K AI Snapdragon X X1-26-100 16 GB LPDDR5X 15 TB de almacenamiento (512 GB SSD + 1 TB estación de acoplamiento) GPU",16903.0,16.0,16.0,SSD,No especificado,0,16.0,https://www.elektra.mx/hp-omnibook-3-portatil-16-2k-ai-snapdragon-x-x1-26-100-16-gb-lpddr5x-15-tb-de-almacenamiento-512-gb-ssd-1-tb-estacion-de-acoplamiento-gpu-1302135976/p
EKT-0097,Hp,"Portátil HP 15 i5-1135G7 15.6"" 12 GB RAM 1 TB SSD Plata",15629.0,12.0,12.0,SSD,No especificado,0,15.6,https://www.elektra.mx/portatil-hp-15-i5-1135g7-156-12-gb-ram-1-tb-ssd-plata-1302135973/p
EKT-0098,Hp,"Notebook HP OmniBook 3 14"" 16GB RAM 512GB SSD",15830.0,16.0,16.0,SSD,No especificado,0,14.0,https://www.elektra.mx/notebook-hp-omnibook-3-14-16gb-ram-512gb-ssd-1302135697/p
EKT-0099,Acer,"Portátil Acer Aspire Lite 15.6"" 8 GB RAM 1 TB SSD Windows 11",14140.0,8.0,8.0,SSD,No especificado,0,15.6,https://www.elektra.mx/portatil-acer-aspire-lite-156-8-gb-ram-1-tb-ssd-windows-11-1302135688/p
EKT-0100,Asus,"Portátil ASUS VivoBook 14\"" 16 GB RAM 1 TB SSD i3-1215U Windows 11",15530.0,16.0,16.0,SSD,No especificado,0,,https://www.elektra.mx/portatil-asus-vivobook-14-16-gb-ram-1-tb-ssd-i3-1215u-windows-11-1302135620/p
EKT-0101,Asus,"Portátil ASUS Vivobook Go 15 Ryzen 5 1TB SSD 15.6""",14615.0,,1024.0,SSD,Ryzen 5,0,15.6,https://www.elektra.mx/portatil-asus-vivobook-go-15-ryzen-5-1tb-ssd-156-1302135560/p
EKT-0102,Asus,Portátil ASUS VivoBook 14 i5-1334U 16 GB 512 GB SSD Win11,14780.0,16.0,16.0,SSD,No especificado,0,,https://www.elektra.mx/portatil-asus-vivobook-14-i5-1334u-16-gb-512-gb-ssd-win11-1302135459/p
EKT-0103,Asus,"Portátil ASUS VivoBook 14 14"" 16 GB RAM 512 GB SSD Windows 11",15079.0,16.0,16.0,SSD,No especificado,0,14.0,https://www.elektra.mx/portatil-asus-vivobook-14-14-16-gb-ram-512-gb-ssd-windows-11-1302135328/p
EKT-0104,Lenovo,"Portátil Lenovo Ryzen 3 15.6"" FHD 16 GB 512 GB SSD Windows 11 Pro",15819.0,16.0,16.0,SSD,Ryzen 3,0,15.6,https://www.elektra.mx/portatil-lenovo-ryzen-3-156-fhd-16-gb-512-gb-ssd-windows-11-pro-1302135298/p
EKT-0105,Hp,"Laptop HP 173"" FHD Ryzen 5 7430U 16 GB 512 GB SSD",14494.0,16.0,16.0,SSD,Ryzen 5,0,73.0,https://www.elektra.mx/laptop-hp-173-fhd-ryzen-5-7430u-16-gb-512-gb-ssd-1302135297/p
EKT-0106,Hp,"Laptop HP 17.3"" i5 de 14ª Generación 32GB RAM 1TB SSD Wi-Fi 6",15806.0,32.0,32.0,SSD,No especificado,0,17.3,https://www.elektra.mx/laptop-hp-173-i5-de-14-generacion-32gb-ram-1tb-ssd-wi-fi-6-1302135275/p
EKT-0107,Asus,"Portátil ASUS VivoBook 14 14"" 16 GB RAM 512 GB SSD Windows 11 Pro",15557.0,16.0,16.0,SSD,No especificado,0,14.0,https://www.elektra.mx/portatil-asus-vivobook-14-14-16-gb-ram-512-gb-ssd-windows-11-pro-1302135270/p
EKT-0108,Acer,Portátil Acer Aspire 3 AMD Ryzen 7 32 GB 1 TB SSD 156 pulgadas,15092.0,32.0,32.0,SSD,Ryzen 7,0,56.0,https://www.elektra.mx/portatil-acer-aspire-3-amd-ryzen-7-32-gb-1-tb-ssd-156-pulgadas-1302135209/p
EKT-0109,Lenovo,"Portátil Lenovo Ideapad 3 de 14"" Ryzen 7 12 GB RAM 512 GB SSD",16280.0,12.0,12.0,SSD,Ryzen 7,0,14.0,https://www.elektra.mx/portatil-lenovo-ideapad-3-de-14-ryzen-7-12-gb-ram-512-gb-ssd-1302135160/p
EKT-0110,Lenovo,"Portátil Lenovo IdeaPad i5-13420H 16\"" 8 GB 512 GB SSD",16248.0,8.0,8.0,SSD,No especificado,0,,https://www.elektra.mx/portatil-lenovo-ideapad-i5-13420h-16-8-gb-512-gb-ssd-1302135017/p
EKT-0111,Nimo,"Portátil NIMO 15.6"" i3-1215U 32 GB RAM 1 TB SSD Wi‑Fi 6",15626.0,32.0,32.0,SSD,No especificado,0,15.6,https://www.elektra.mx/portatil-nimo-156-i3-1215u-32-gb-ram-1-tb-ssd-wifi-6-1302134986/p
EKT-0112,Nimo,"Portátil NIMO 156"" Ryzen 7 16 GB RAM 256 GB SSD",14446.0,16.0,16.0,SSD,Ryzen 7,0,56.0,https://www.elektra.mx/portatil-nimo-156-ryzen-7-16-gb-ram-256-gb-ssd-1302134924/p
EKT-0113,Nimo,Portátil NIMO 39 cm 32 GB RAM 1 TB SSD i5 de 8 núcleos Wi‑Fi 6,15625.0,32.0,32.0,SSD,No especificado,0,,https://www.elektra.mx/portatil-nimo-39-cm-32-gb-ram-1-tb-ssd-i5-de-8-nucleos-wifi-6-1302134911/p
EKT-0114,Nimo,Portátil NIMO 39 cm FHD Intel de 4 núcleos 8 GB RAM 128 GB SSD,14446.0,8.0,8.0,SSD,No especificado,0,,https://www.elektra.mx/portatil-nimo-39-cm-fhd-intel-de-4-nucleos-8-gb-ram-128-gb-ssd-1302134812/p
EKT-0115,Hp,"Portátil HP 15.6"" Ryzen 5 16 GB RAM 256 GB SSD Windows 11",14605.0,16.0,16.0,SSD,Ryzen 5,0,15.6,https://www.elektra.mx/portatil-hp-156-ryzen-5-16-gb-ram-256-gb-ssd-windows-11-1302134543/p
EKT-0116,Lenovo,"Portátil Lenovo IdeaPad 156"" i5 16 GB 512 GB SSD Táctil",10565.0,16.0,16.0,SSD,No especificado,0,56.0,https://www.elektra.mx/portatil-lenovo-ideapad-156-i5-16-gb-512-gb-ssd-tactil-1302134521/p
EKT-0117,Lenovo,"Portátil Lenovo IdeaPad 156"" i5 24 GB 1 TB SSD táctil",11756.0,24.0,24.0,SSD,No especificado,0,56.0,https://www.elektra.mx/portatil-lenovo-ideapad-156-i5-24-gb-1-tb-ssd-tactil-1302134512/p
EKT-0118,Hp,"Portátil HP 173"" Intel i3 16 GB RAM 1 TB SSD Wi‑Fi 6 Plata",17528.0,16.0,16.0,SSD,No especificado,0,73.0,https://www.elektra.mx/portatil-hp-173-intel-i3-16-gb-ram-1-tb-ssd-wifi-6-plata-1302134479/p
EKT-0119,Hp,"Portátil HP 173"" Ryzen 5 16 GB 512 GB SSD Wi‑Fi 6",16770.0,16.0,16.0,SSD,Ryzen 5,0,73.0,https://www.elektra.mx/portatil-hp-173-ryzen-5-16-gb-512-gb-ssd-wifi-6-1302132631/p
EKT-0120,Hp,"Laptop HP 156"" Intel N100 16GB RAM 1TB SSD Wi-Fi 6",16517.0,16.0,16.0,SSD,Intel N100,0,56.0,https://www.elektra.mx/laptop-hp-156-intel-n100-16gb-ram-1tb-ssd-wi-fi-6-1302132571/p
EKT-0121,Hp,"Portátil HP 173"" Core i5-120U 16 GB 512 GB SSD Wi‑Fi 6",17528.0,16.0,16.0,SSD,Core I5,0,73.0,https://www.elektra.mx/portatil-hp-173-core-i5-120u-16-gb-512-gb-ssd-wifi-6-1302132506/p
EKT-0122,Acer,"Laptop Acer Aspire 3 Ryzen 7 16 GB 512 GB SSD 156"" FHD",15759.0,16.0,16.0,SSD,Ryzen 7,0,56.0,https://www.elektra.mx/laptop-acer-aspire-3-ryzen-7-16-gb-512-gb-ssd-156-fhd-1302132456/p
EKT-0123,Hp,"Portátil HP OmniBook 3 16"" 2K Ryzen 5 512 GB SSD",15343.0,512.0,512.0,SSD,Ryzen 5,0,16.0,https://www.elektra.mx/portatil-hp-omnibook-3-16-2k-ryzen-5-512-gb-ssd-1302132446/p
EKT-0124,Hp,"Laptop HP 17.3"" Touch Ryzen 5 16GB 1TB SSD Win11",16892.0,16.0,16.0,SSD,Ryzen 5,0,17.3,https://www.elektra.mx/laptop-hp-173-touch-ryzen-5-16gb-1tb-ssd-win11-1302132335/p
EKT-0125,Hp,"Laptop HP 15.6"" Intel N100 32GB RAM 2TB SSD Win 11 Pro",16517.0,32.0,32.0,SSD,Intel N100,0,15.6,https://www.elektra.mx/laptop-hp-156-intel-n100-32gb-ram-2tb-ssd-win-11-pro-1302132295/p
EKT-0126,Nimo,"Laptop NIMO N15A Ryzen 7 Pro 6850U 15.6"" 32GB 1TB SSD",16077.0,32.0,32.0,SSD,Ryzen 7,0,15.6,https://www.elektra.mx/laptop-nimo-n15a-ryzen-7-pro-6850u-156-32gb-1tb-ssd-1302131431/p
EKT-0127,Hp,"Laptop HP de 173"" Ryzen 5 16 GB de RAM 512 GB SSD Windows 11",16012.0,16.0,16.0,SSD,Ryzen 5,0,73.0,https://www.elektra.mx/laptop-hp-de-173-ryzen-5-16-gb-de-ram-512-gb-ssd-windows-11-1302131427/p
EKT-0128,Lenovo,"Laptop Lenovo IdeaPad 1i 15.6"" Touch i5-1335U 8GB 512GB",16251.0,8.0,8.0,SSD,No especificado,0,15.6,https://www.elektra.mx/laptop-lenovo-ideapad-1i-156-touch-i5-1335u-8gb-512gb-1302131426/p
EKT-0129,Hp,"Portátil HP 2025 173"" táctil Ryzen 5 16 GB 1 TB SSD",16879.0,16.0,16.0,SSD,Ryzen 5,0,73.0,https://www.elektra.mx/portatil-hp-2025-173-tactil-ryzen-5-16-gb-1-tb-ssd-1302131422/p
EKT-0130,Hp,"Portátil HP 15.6"" i5-1135G7 8 GB RAM 512 GB SSD Windows 11 Pro",14659.0,8.0,8.0,SSD,No especificado,0,15.6,https://www.elektra.mx/portatil-hp-156-i5-1135g7-8-gb-ram-512-gb-ssd-windows-11-pro-1302131416/p
EKT-0131,Asus,"Portátil ASUS Vivobook 14"" FHD Intel Core i5 8 GB 12 TB",14947.0,8.0,8.0,SSD,Core I5,0,14.0,https://www.elektra.mx/portatil-asus-vivobook-14-fhd-intel-core-i5-8-gb-12-tb-1302131412/p
EKT-0132,Lenovo,"Portátil Lenovo ThinkPad E16 Gen 3 16 GB 1 TB SSD 16""",15187.0,16.0,16.0,SSD,No especificado,0,16.0,https://www.elektra.mx/portatil-lenovo-thinkpad-e16-gen-3-16-gb-1-tb-ssd-16-1302131411/p
EKT-0133,Hp,"Portátil HP 156"" Intel Ultra 5 8 GB 15 TB SSD Windows 11",17166.0,8.0,8.0,SSD,No especificado,0,56.0,https://www.elektra.mx/portatil-hp-156-intel-ultra-5-8-gb-15-tb-ssd-windows-11-1302131410/p
EKT-0134,Nimo,Portátil NIMO 39 cm 8 GB RAM 256 GB SSD Intel Wi‑Fi 6,10908.0,8.0,8.0,SSD,No especificado,0,,https://www.elektra.mx/portatil-nimo-39-cm-8-gb-ram-256-gb-ssd-intel-wifi-6-1302131409/p
EKT-0135,Nimo,"Portátil NIMO 156"" R7 7735HS 16 GB RAM 512 GB SSD",17078.0,16.0,16.0,SSD,No especificado,0,56.0,https://www.elektra.mx/portatil-nimo-156-r7-7735hs-16-gb-ram-512-gb-ssd-1302131397/p
EKT-0136,Hp,"Laptop HP 17.3"" Ryzen 3 8GB 512GB SSD Wi-Fi 6 Win11",15507.0,8.0,8.0,SSD,Ryzen 3,0,17.3,https://www.elektra.mx/laptop-hp-173-ryzen-3-8gb-512gb-ssd-wi-fi-6-win11-1302131357/p
EKT-0137,Hp,"Laptop HP 17"" Ryzen 5 7430U 8 GB de RAM 256 GB SSD",14945.0,8.0,8.0,SSD,Ryzen 5,0,17.0,https://www.elektra.mx/laptop-hp-17-ryzen-5-7430u-8-gb-de-ram-256-gb-ssd-1302131342/p
EKT-0138,Lenovo,Laptop Lenovo IdeaPad Intel Celeron 128 GB Wi‑Fi 6 Windows 11,15546.0,128.0,128.0,SSD,Celeron,0,,https://www.elektra.mx/laptop-lenovo-ideapad-intel-celeron-128-gb-wifi-6-windows-11-1302131340/p
EKT-0139,Hp,"Portátil HP Pavilion 15.6"" 16 GB RAM 512 GB SSD",16384.0,16.0,16.0,SSD,No especificado,0,15.6,https://www.elektra.mx/portatil-hp-pavilion-156-16-gb-ram-512-gb-ssd-1302131331/p
EKT-0140,Dell,"Portátil Dell Inspiron de 156"" con pantalla táctil i5 de 13ª generación y Windows 11",16733.0,,,SSD,No especificado,0,56.0,https://www.elektra.mx/portatil-dell-inspiron-de-156-con-pantalla-tactil-i5-de-13-generacion-y-windows-11-1302131320/p
EKT-0141,Hp,"Portátil HP 173"" Ryzen 5 7430U 16 GB 512 GB SSD Windows 11",15409.0,16.0,16.0,SSD,Ryzen 5,0,73.0,https://www.elektra.mx/portatil-hp-173-ryzen-5-7430u-16-gb-512-gb-ssd-windows-11-1302131316/p
EKT-0142,Lenovo,"Portátil Lenovo IdeaPad 1i 156"" Táctil Intel i5 8 GB 416 GB",16505.0,8.0,8.0,SSD,No especificado,0,56.0,https://www.elektra.mx/portatil-lenovo-ideapad-1i-156-tactil-intel-i5-8-gb-416-gb-1302131293/p
EKT-0143,Asus,"Portátil ASUS Vivobook Go 15 – 156"" Ryzen 5 8 GB RAM 512 GB SSD",15520.0,8.0,8.0,SSD,Ryzen 5,0,56.0,https://www.elektra.mx/portatil-asus-vivobook-go-15-156-ryzen-5-8-gb-ram-512-gb-ssd-1302131288/p
EKT-0144,Hp,"Portátil HP 17.3"" Ryzen 7 8 GB RAM 256 GB SSD Wi‑Fi 6",16628.0,8.0,8.0,SSD,Ryzen 7,0,17.3,https://www.elektra.mx/portatil-hp-173-ryzen-7-8-gb-ram-256-gb-ssd-wifi-6-1302131287/p
EKT-0145,Acer,"Portátil Acer Aspire 15.6"" Ryzen 7 32 GB RAM 1 TB SSD",15429.0,32.0,32.0,SSD,Ryzen 7,0,15.6,https://www.elektra.mx/portatil-acer-aspire-156-ryzen-7-32-gb-ram-1-tb-ssd-1302131283/p
EKT-0146,Asus,"Portátil ASUS Vivobook 14"" i7‑1355U 12 GB RAM 512 GB SSD",15219.0,12.0,12.0,SSD,No especificado,0,14.0,https://www.elektra.mx/portatil-asus-vivobook-14-i71355u-12-gb-ram-512-gb-ssd-1302131275/p
EKT-0147,Lenovo,"Laptop Lenovo IdeaPad 2025 156"" FHD Intel i5-1335U 8 GB",16505.0,8.0,8.0,SSD,No especificado,0,56.0,https://www.elektra.mx/laptop-lenovo-ideapad-2025-156-fhd-intel-i5-1335u-8-gb-1302131273/p
EKT-0148,Hp,"Laptop HP 156"" FHD Ryzen 5-5500U 16 GB 512 GB SSD",17247.0,16.0,16.0,SSD,Ryzen 5,0,56.0,https://www.elektra.mx/laptop-hp-156-fhd-ryzen-5-5500u-16-gb-512-gb-ssd-1302131270/p
EKT-0149,Hp,"Portátil HP 156"" Ryzen 7 24 GB RAM 512 GB SSD Windows 11",17694.0,24.0,24.0,SSD,Ryzen 7,0,56.0,https://www.elektra.mx/portatil-hp-156-ryzen-7-24-gb-ram-512-gb-ssd-windows-11-1302131246/p
EKT-0150,Asus,"Portátil ASUS Vivobook 156"" Ryzen 5 16 GB RAM 512 GB SSD",17036.0,16.0,16.0,SSD,Ryzen 5,0,56.0,https://www.elektra.mx/portatil-asus-vivobook-156-ryzen-5-16-gb-ram-512-gb-ssd-1302131239/p
EKT-0151,Dell,"Portátil Dell Pro 15 156"" Full HD 120 Hz Intel Core i3 8 GB 512 GB SSD",15393.0,8.0,8.0,SSD,Core I3,0,56.0,https://www.elektra.mx/portatil-dell-pro-15-156-full-hd-120-hz-intel-core-i3-8-gb-512-gb-ssd-1302131226/p
EKT-0152,Hp,"Portátil HP 173"" Ryzen 5 16 GB RAM 512 GB SSD Wi‑Fi 6 Negro",16205.0,16.0,16.0,SSD,Ryzen 5,0,73.0,https://www.elektra.mx/portatil-hp-173-ryzen-5-16-gb-ram-512-gb-ssd-wifi-6-negro-1302131188/p
EKT-0153,Lenovo,"Notebook Lenovo IdeaPad 156"" táctil i3 16 GB 15 TB SSD Win11",16880.0,16.0,16.0,SSD,No especificado,0,56.0,https://www.elektra.mx/notebook-lenovo-ideapad-156-tactil-i3-16-gb-15-tb-ssd-win11-1302131187/p
EKT-0154,Apple,"Laptop Apple MacBook Neo 13"" A18 Pro 8GB 256GB SSD",20406.0,8.0,8.0,SSD,No especificado,0,13.0,https://www.elektra.mx/laptop-apple-macbook-neo-13-a18-pro-8gb-256gb-ssd-1302131181/p
EKT-0155,Hp,Portátil HP 14 Intel 32 GB RAM 1600 GB Azul Índigo Windows 11,16517.0,32.0,32.0,SSD,No especificado,0,,https://www.elektra.mx/portatil-hp-14-intel-32-gb-ram-1600-gb-azul-ndigo-windows-11-1302131177/p
EKT-0156,Hp,"Laptop HP 14"" Ultrabook Intel de 4 núcleos 32 GB de RAM 1600 GB",16517.0,32.0,32.0,SSD,No especificado,0,14.0,https://www.elektra.mx/laptop-hp-14-ultrabook-intel-de-4-nucleos-32-gb-de-ram-1600-gb-1302131176/p
EKT-0157,Lenovo,"Portátil Lenovo Ryzen 3 15.6"" 16 GB RAM 512 GB SSD Wi‑Fi 6",15518.0,16.0,16.0,SSD,Ryzen 3,0,15.6,https://www.elektra.mx/portatil-lenovo-ryzen-3-156-16-gb-ram-512-gb-ssd-wifi-6-1302131169/p
EKT-0158,Hp,"Portátil HP Pavilion 15.6"" Táctil Intel i3 16 GB 116 TB SSD",15555.0,16.0,16.0,SSD,No especificado,0,15.6,https://www.elektra.mx/portatil-hp-pavilion-156-tactil-intel-i3-16-gb-116-tb-ssd-1302131168/p
EKT-0159,Hp,"Portátil HP 15.6"" Intel de 4 núcleos 16 GB RAM 1 TB SSD Windows 11",16770.0,16.0,16.0,SSD,No especificado,0,15.6,https://www.elektra.mx/portatil-hp-156-intel-de-4-nucleos-16-gb-ram-1-tb-ssd-windows-11-1302131158/p
EKT-0160,Hp,"Laptop HP 156"" táctil i3 16 GB RAM 512 GB + 128 GB SSD",15242.0,16.0,16.0,SSD,No especificado,0,56.0,https://www.elektra.mx/laptop-hp-156-tactil-i3-16-gb-ram-512-gb-128-gb-ssd-1302131156/p
EKT-0161,Asus,"Portátil ASUS Vivobook 16"" 16 GB RAM 1 TB SSD Snapdragon",15852.0,16.0,16.0,SSD,No especificado,0,16.0,https://www.elektra.mx/portatil-asus-vivobook-16-16-gb-ram-1-tb-ssd-snapdragon-1302131142/p
EKT-0162,Lenovo,"Laptop Lenovo IdeaPad 3 156"" con pantalla táctil i5 20 GB de RAM 1 TB",16844.0,20.0,20.0,SSD,No especificado,0,56.0,https://www.elektra.mx/laptop-lenovo-ideapad-3-156-con-pantalla-tactil-i5-20-gb-de-ram-1-tb-1302131139/p
EKT-0163,Hp,"Laptop HP 173"" i3-N305 8 GB 256 GB SSD Windows 11 Pro",16758.0,8.0,8.0,SSD,No especificado,0,73.0,https://www.elektra.mx/laptop-hp-173-i3-n305-8-gb-256-gb-ssd-windows-11-pro-1302131128/p
EKT-0164,Hp,"Laptop HP Pavilion 15.6"" Touch i5-1235U 8GB 672GB SSD",16677.0,8.0,8.0,SSD,No especificado,0,15.6,https://www.elektra.mx/laptop-hp-pavilion-156-touch-i5-1235u-8gb-672gb-ssd-1302131066/p
EKT-0165,Hp,"Portátil HP 173"" i3 de 8 núcleos 16 GB RAM 1 TB SSD Wi‑Fi 6",16479.0,16.0,16.0,SSD,No especificado,0,73.0,https://www.elektra.mx/portatil-hp-173-i3-de-8-nucleos-16-gb-ram-1-tb-ssd-wifi-6-1302131053/p
EKT-0166,Lenovo,Laptop Lenovo ThinkPad E16 Gen 1 16GB 512GB SSD i5-1335U,15507.0,16.0,16.0,SSD,No especificado,0,,https://www.elektra.mx/laptop-lenovo-thinkpad-e16-gen-1-16gb-512gb-ssd-i5-1335u-1302131049/p
EKT-0167,Lenovo,"Notebook Lenovo V15 Gen 5 15.6"" FHD 16GB 1TB i3",16844.0,16.0,16.0,SSD,No especificado,0,15.6,https://www.elektra.mx/notebook-lenovo-v15-gen-5-156-fhd-16gb-1tb-i3-1302131037/p
EKT-0168,Hp,"Laptop HP 15.6"" Intel N100 16GB RAM 1TB SSD Wi-Fi 6",17276.0,16.0,16.0,SSD,Intel N100,0,15.6,https://www.elektra.mx/laptop-hp-156-intel-n100-16gb-ram-1tb-ssd-wi-fi-6-1302131036/p
EKT-0169,Ist computers,"Portátil ist computers Latitude 3450 14"" FHD i3 32 GB 1 TB SSD",16784.0,32.0,32.0,SSD,No especificado,0,14.0,https://www.elektra.mx/portatil-ist-computers-latitude-3450-14-fhd-i3-32-gb-1-tb-ssd-1302131032/p
EKT-0170,Lenovo,"Laptop Lenovo V15 AMD Ryzen 3 16GB RAM 1TB SSD 156"" FHD",16782.0,16.0,16.0,SSD,Ryzen 3,0,56.0,https://www.elektra.mx/laptop-lenovo-v15-amd-ryzen-3-16gb-ram-1tb-ssd-156-fhd-1302130995/p
EKT-0171,Lenovo,"Notebook Lenovo V15 Gen 5 15.6"" FHD 16GB 512GB i3",15619.0,16.0,16.0,SSD,No especificado,0,15.6,https://www.elektra.mx/notebook-lenovo-v15-gen-5-156-fhd-16gb-512gb-i3-1302130966/p
EKT-0172,Hp,"Laptop HP 17.3"" FHD Ryzen 5 7430U 8GB 512GB Win11",15924.0,8.0,8.0,SSD,Ryzen 5,0,17.3,https://www.elektra.mx/laptop-hp-173-fhd-ryzen-5-7430u-8gb-512gb-win11-1302130964/p
EKT-0173,Lenovo,"Portátil Lenovo IdeaPad 16"" i5‑13420H 8 GB 512 GB SSD",16784.0,8.0,8.0,SSD,No especificado,0,16.0,https://www.elektra.mx/portatil-lenovo-ideapad-16-i513420h-8-gb-512-gb-ssd-1302130931/p
EKT-0174,Lenovo,"Chromebook Lenovo 116"" Táctil 8 GB 64 GB Luna Gray",12221.0,8.0,8.0,SSD,No especificado,0,16.0,https://www.elektra.mx/chromebook-lenovo-116-tactil-8-gb-64-gb-luna-gray-1302130717/p
EKT-0175,Lenovo,"Portátil Lenovo 156"" Full HD Intel N150 con Windows 11 Pro – Negro",15716.0,,,SSD,Intel N150,0,56.0,https://www.elektra.mx/portatil-lenovo-156-full-hd-intel-n150-con-windows-11-pro-negro-1302129615/p
EKT-0176,Nimo,"Portátil NIMO 15.6"" FHD 8 GB RAM 256 GB SSD WIFI 6",8289.0,8.0,8.0,SSD,No especificado,0,15.6,https://www.elektra.mx/portatil-nimo-156-fhd-8-gb-ram-256-gb-ssd-wifi-6-1302129571/p
EKT-0177,Nimo,"NIMO Portátil de 156"" Full HD IPS Intel Core i3-1215U (Supera la clase i5-1135G7)",11323.0,,,SSD,Core I3,0,56.0,https://www.elektra.mx/nimo-portatil-de-156-full-hd-ips-intel-core-i3-1215u-supera-la-clase-i5-1135g7-1302127009/p
EKT-0178,Hp,"Portátil HP AMD 14"" 4 GB RAM 512 GB SSD Windows 11",10634.0,4.0,4.0,SSD,No especificado,0,14.0,https://www.elektra.mx/portatil-hp-amd-14-4-gb-ram-512-gb-ssd-windows-11-1302126552/p
EKT-0179,Hp,"Laptop HP 255 G10 Ryzen 5 7530U 32 GB RAM 1 TB SSD 156"" FHD",7650.0,32.0,32.0,SSD,Ryzen 5,0,56.0,https://www.elektra.mx/laptop-hp-255-g10-ryzen-5-7530u-32-gb-ram-1-tb-ssd-156-fhd-1302126415/p
EKT-0180,Acer,"Chromebook Acer Gateway 314 Celeron N4500 14"" 128 GB",6239.0,128.0,128.0,SSD,Celeron,0,14.0,https://www.elektra.mx/chromebook-acer-gateway-314-celeron-n4500-14-128-gb-1302126323/p
EKT-0181,Hp,"Portátil HP 15.6"" 16 GB RAM 512 GB SSD AMD Windows 11 Dorado Pálido",11659.0,16.0,16.0,SSD,No especificado,0,15.6,https://www.elektra.mx/portatil-hp-156-16-gb-ram-512-gb-ssd-amd-windows-11-dorado-palido-1302125195/p
EKT-0182,Hp,"Portátil HP de 14"" Celeron N4120 8 GB RAM 192 GB SSD Windows 11",8295.0,8.0,8.0,SSD,Celeron,0,14.0,https://www.elektra.mx/portatil-hp-de-14-celeron-n4120-8-gb-ram-192-gb-ssd-windows-11-1302124335/p
EKT-0183,Hp,Portátil HP 35 cm AI‑Ready N150 8 GB RAM 128 GB UFS Windows 11,8653.0,8.0,8.0,SSD,No especificado,0,,https://www.elektra.mx/portatil-hp-35-cm-aiready-n150-8-gb-ram-128-gb-ufs-windows-11-1302124294/p
EKT-0184,Hp,"Portátil HP 14"" Intel 16 GB RAM 11 TB SSD Win11 Azul Celeste",9729.0,16.0,16.0,SSD,No especificado,0,14.0,https://www.elektra.mx/portatil-hp-14-intel-16-gb-ram-11-tb-ssd-win11-azul-celeste-1302124226/p
EKT-0185,Hp,Portátil HP 14 pulgadas Pentium 4 GB RAM 64 GB eMMC Plata,5051.0,4.0,4.0,SSD,No especificado,0,14.0,https://www.elektra.mx/portatil-hp-14-pulgadas-pentium-4-gb-ram-64-gb-emmc-plata-1302124213/p
EKT-0186,Hp,Portátil HP 35 cm AI‑Ready N150 4 GB RAM 128 GB UFS Windows 11,6982.0,4.0,4.0,SSD,No especificado,0,,https://www.elektra.mx/portatil-hp-35-cm-aiready-n150-4-gb-ram-128-gb-ufs-windows-11-1302124057/p
EKT-0187,Hp,Portátil HP 36 cm N150 8 GB RAM 384 GB SSD Windows 11 Pro,9080.0,8.0,8.0,SSD,No especificado,0,,https://www.elektra.mx/portatil-hp-36-cm-n150-8-gb-ram-384-gb-ssd-windows-11-pro-1302124053/p
EKT-0188,Hp,Portátil HP 356 cm 16 GB RAM 112 TB Windows 11 Lavanda,9779.0,16.0,16.0,SSD,No especificado,0,,https://www.elektra.mx/portatil-hp-356-cm-16-gb-ram-112-tb-windows-11-lavanda-1302122754/p
EKT-0189,Hp,"Portátil HP Stream 14"" 16 GB RAM 112 TB Windows 11 Rosa Pálido",9800.0,16.0,16.0,SSD,No especificado,0,14.0,https://www.elektra.mx/portatil-hp-stream-14-16-gb-ram-112-tb-windows-11-rosa-palido-1302122732/p
EKT-0190,Hp,"Portátil HP 156"" i3-1115G4 12 GB RAM 256 GB SSD Windows 11",10166.0,12.0,12.0,SSD,No especificado,0,56.0,https://www.elektra.mx/portatil-hp-156-i3-1115g4-12-gb-ram-256-gb-ssd-windows-11-1302122694/p
EKT-0191,Hp,"Portátil HP Stream 14"" 8 GB RAM 116 TB Windows 11 Gold",8805.0,8.0,8.0,SSD,No especificado,0,14.0,https://www.elektra.mx/portatil-hp-stream-14-8-gb-ram-116-tb-windows-11-gold-1302122656/p
EKT-0192,Hp,"Portátil HP Stream 14"" 16 GB RAM 288 GB SSD Wi‑Fi 6 Windows 11",9911.0,16.0,16.0,SSD,No especificado,0,14.0,https://www.elektra.mx/portatil-hp-stream-14-16-gb-ram-288-gb-ssd-wifi-6-windows-11-1302122638/p
EKT-0193,Hp,Portátil HP 36 cm (14 pulg.) 256 GB SSD con Windows 11 y procesador Athlon Silver,11396.0,256.0,256.0,SSD,Athlon,0,,https://www.elektra.mx/portatil-hp-36-cm-14-pulg-256-gb-ssd-con-windows-11-y-procesador-athlon-silver-1302122610/p
EKT-0194,Hp,"Portátil HP Stream 14"" 16 GB RAM 224 GB SSD Windows 11 Azul Real",9939.0,16.0,16.0,SSD,No especificado,0,14.0,https://www.elektra.mx/portatil-hp-stream-14-16-gb-ram-224-gb-ssd-windows-11-azul-real-1302122607/p
EKT-0195,Hp,"Portátil HP Stream 14"" 16 GB RAM 288 GB SSD Wi‑Fi 6 plateado",9911.0,16.0,16.0,SSD,No especificado,0,14.0,https://www.elektra.mx/portatil-hp-stream-14-16-gb-ram-288-gb-ssd-wifi-6-plateado-1302122586/p
EKT-0196,Hp,Portátil HP 35 cm AI‑Ready N150 4 GB RAM 128 GB UFS Win11,6982.0,4.0,4.0,SSD,No especificado,0,,https://www.elektra.mx/portatil-hp-35-cm-aiready-n150-4-gb-ram-128-gb-ufs-win11-1302117315/p
EKT-0197,Acer,"Portátil Acer Aspire Lite 15 156"" Full HD 8 GB 128 GB SSD",9235.0,8.0,8.0,SSD,No especificado,0,56.0,https://www.elektra.mx/portatil-acer-aspire-lite-15-156-full-hd-8-gb-128-gb-ssd-1302113402/p
EKT-0198,Hp,"Portátil HP Stream 14"" 16 GB RAM 112 TB Windows 11 Wi‑Fi 6",9800.0,16.0,16.0,SSD,No especificado,0,14.0,https://www.elektra.mx/portatil-hp-stream-14-16-gb-ram-112-tb-windows-11-wifi-6-1302112750/p
EKT-0199,Hp,"Portátil HP Stream 14"" 16 GB RAM 112 TB SSD Wi‑Fi 6",9800.0,16.0,16.0,SSD,No especificado,0,14.0,https://www.elektra.mx/portatil-hp-stream-14-16-gb-ram-112-tb-ssd-wifi-6-1302112742/p
EKT-0200,Hp,"Portátil HP 15.6"" 16 GB RAM 512 GB SSD AMD Plateado",11417.0,16.0,16.0,SSD,No especificado,0,15.6,https://www.elektra.mx/portatil-hp-156-16-gb-ram-512-gb-ssd-amd-plateado-1302112714/p
EKT-0201,Hp,Portátil HP 36 cm 16 GB RAM 112 TB SSD Windows 11 IA Copilot,9898.0,16.0,16.0,SSD,No especificado,0,,https://www.elektra.mx/portatil-hp-36-cm-16-gb-ram-112-tb-ssd-windows-11-ia-copilot-1302112706/p
EKT-0202,Hp,Portátil HP 35 cm listo para IA N150 4 GB RAM 128 GB UFS Windows 11,7235.0,4.0,4.0,SSD,No especificado,0,,https://www.elektra.mx/portatil-hp-35-cm-listo-para-ia-n150-4-gb-ram-128-gb-ufs-windows-11-1302112450/p
EKT-0203,Hp,"Portátil HP Stream 14"" 16 GB RAM 288 GB SSD Wi‑Fi 6 Windows 11",9911.0,16.0,16.0,SSD,No especificado,0,14.0,https://www.elektra.mx/portatil-hp-stream-14-16-gb-ram-288-gb-ssd-wifi-6-windows-11-1302112432/p
EKT-0204,Hp,Portátil HP 35.6 cm Intel N150 128 GB SSD Plateado,7224.0,128.0,128.0,SSD,Intel N150,0,,https://www.elektra.mx/portatil-hp-356-cm-intel-n150-128-gb-ssd-plateado-1302112426/p
EKT-0205,Hp,"Chromebook HP de 14"" Celeron N4120 4 GB RAM 64 GB eMMC",5847.0,4.0,4.0,SSD,Celeron,0,14.0,https://www.elektra.mx/chromebook-hp-de-14-celeron-n4120-4-gb-ram-64-gb-emmc-1302112154/p
EKT-0206,Hp,"Portátil HP 14"" Office 365 Copilot Intel Celeron Windows 11",7558.0,,,SSD,Celeron,0,14.0,https://www.elektra.mx/portatil-hp-14-office-365-copilot-intel-celeron-windows-11-1302111355/p
EKT-0207,Hp,"Chromebook HP 14"" Celeron 4 GB RAM 64 GB eMMC Wi‑Fi",7113.0,4.0,4.0,SSD,Celeron,0,14.0,https://www.elektra.mx/chromebook-hp-14-celeron-4-gb-ram-64-gb-emmc-wifi-1302110526/p
EKT-0208,Hp,"Portátil HP 14"" Intel N4120 4 GB RAM 64 GB SSD Azul Real",7558.0,4.0,4.0,SSD,Intel N4120,0,14.0,https://www.elektra.mx/portatil-hp-14-intel-n4120-4-gb-ram-64-gb-ssd-azul-real-1302110472/p
EKT-0209,Hp,Portátil HP 36 cm N150 4 GB RAM 128 GB SSD Windows 11 Verde,7571.0,4.0,4.0,SSD,No especificado,0,,https://www.elektra.mx/portatil-hp-36-cm-n150-4-gb-ram-128-gb-ssd-windows-11-verde-1302110368/p
EKT-0210,Hp,"Laptop HP 156"" Táctil i3-1315U 16GB 512GB SSD",16431.0,16.0,16.0,SSD,No especificado,0,56.0,https://www.elektra.mx/laptop-hp-156-tactil-i3-1315u-16gb-512gb-ssd-1302110322/p
EKT-0211,Hp,Ordenador portátil HP táctil FHD de 156 pulgadas AMD Ryzen 7 16 GB 512 GB SSD,14597.0,16.0,16.0,SSD,Ryzen 7,0,56.0,https://www.elektra.mx/ordenador-portatil-hp-tactil-fhd-de-156-pulgadas-amd-ryzen-7-16-gb-512-gb-ssd-1302110316/p
EKT-0212,Hp,"Portátil HP Intel i3 32 GB RAM 1 TB SSD 156"" FHD",17048.0,32.0,32.0,SSD,No especificado,0,56.0,https://www.elektra.mx/portatil-hp-intel-i3-32-gb-ram-1-tb-ssd-156-fhd-1302110311/p
EKT-0213,Hp,"Laptop HP 156"" FHD táctil Intel Core Ultra 5 24 GB RAM",8054.0,24.0,24.0,SSD,No especificado,0,56.0,https://www.elektra.mx/laptop-hp-156-fhd-tactil-intel-core-ultra-5-24-gb-ram-1302110287/p
EKT-0214,Lenovo,"Portátil Lenovo V15 156"" 16 GB RAM 512 GB SSD Windows 11",14793.0,16.0,16.0,SSD,No especificado,0,56.0,https://www.elektra.mx/portatil-lenovo-v15-156-16-gb-ram-512-gb-ssd-windows-11-1302110248/p
EKT-0215,Lenovo,"Portátil Lenovo V15 Gen 5 156"" i3 12 GB RAM 1 TB SSD",16524.0,12.0,12.0,SSD,No especificado,0,56.0,https://www.elektra.mx/portatil-lenovo-v15-gen-5-156-i3-12-gb-ram-1-tb-ssd-1302110235/p
EKT-0216,Nimo,Portátil NIMO 39 cm R7 8745HS 16 GB 1 TB SSD FHD Wi‑Fi 6E,16388.0,16.0,16.0,SSD,No especificado,0,,https://www.elektra.mx/portatil-nimo-39-cm-r7-8745hs-16-gb-1-tb-ssd-fhd-wifi-6e-1302110206/p
EKT-0217,Hp,Portátil HP 36 cm 32 GB 576 GB Rosa Oro con Windows 11,14287.0,32.0,32.0,SSD,No especificado,0,,https://www.elektra.mx/portatil-hp-36-cm-32-gb-576-gb-rosa-oro-con-windows-11-1302110205/p
EKT-0218,Nimo,"Portátil NIMO 15.6"" Ryzen 7 16 GB 1 TB SSD Wi‑Fi 6E",16388.0,16.0,16.0,SSD,Ryzen 7,0,15.6,https://www.elektra.mx/portatil-nimo-156-ryzen-7-16-gb-1-tb-ssd-wifi-6e-1302110202/p
EKT-0219,Nimo,Portátil NIMO 39 cm R7 8745HS 16 GB 1 TB SSD FHD Wi‑Fi 6E,16388.0,16.0,16.0,SSD,No especificado,0,,https://www.elektra.mx/portatil-nimo-39-cm-r7-8745hs-16-gb-1-tb-ssd-fhd-wifi-6e-1302110201/p
EKT-0220,Hp,"Portátil HP 173"" FHD Ryzen 5 7430U 16 GB 1 TB SSD Windows 11",16253.0,16.0,16.0,SSD,Ryzen 5,0,73.0,https://www.elektra.mx/portatil-hp-173-fhd-ryzen-5-7430u-16-gb-1-tb-ssd-windows-11-1302110196/p
EKT-0221,Hp,"Portátil HP Ryzen 5 173"" FHD 16 GB RAM 1 TB SSD Windows 11",16010.0,16.0,16.0,SSD,Ryzen 5,0,73.0,https://www.elektra.mx/portatil-hp-ryzen-5-173-fhd-16-gb-ram-1-tb-ssd-windows-11-1302110188/p
EKT-0222,Hp,Portátil HP 439 cm i3‑N305 8 GB RAM 512 GB SSD con Windows 11,15988.0,8.0,8.0,SSD,No especificado,0,,https://www.elektra.mx/portatil-hp-439-cm-i3n305-8-gb-ram-512-gb-ssd-con-windows-11-1302110183/p
EKT-0223,Lenovo,"Portátil Lenovo 15.6"" FHD 16 GB DDR5 512 GB SSD Copilot",15999.0,16.0,16.0,SSD,No especificado,0,15.6,https://www.elektra.mx/portatil-lenovo-156-fhd-16-gb-ddr5-512-gb-ssd-copilot-1302110176/p
EKT-0224,Hp,"Portátil HP OmniBook 3 de 16"" 2K Ryzen 5 8 GB RAM 1 TB SSD",17025.0,8.0,8.0,SSD,Ryzen 5,0,16.0,https://www.elektra.mx/portatil-hp-omnibook-3-de-16-2k-ryzen-5-8-gb-ram-1-tb-ssd-1302110169/p
EKT-0225,Lenovo,"Portátil Lenovo 15.6"" FHD 8 GB DDR5 512 GB SSD Copilot",14324.0,8.0,8.0,SSD,No especificado,0,15.6,https://www.elektra.mx/portatil-lenovo-156-fhd-8-gb-ddr5-512-gb-ssd-copilot-1302110163/p
EKT-0226,Nimo,"Portátil NIMO Ryzen 7 156"" FHD Radeon 780M 16 GB 1 TB",16578.0,16.0,16.0,SSD,Ryzen 7,0,56.0,https://www.elektra.mx/portatil-nimo-ryzen-7-156-fhd-radeon-780m-16-gb-1-tb-1302110162/p
EKT-0227,Nimo,"Portátil NIMO 15.6\"" R7 7735HS 16 GB RAM 256 GB SSD",17010.0,16.0,16.0,SSD,No especificado,0,,https://www.elektra.mx/portatil-nimo-156-r7-7735hs-16-gb-ram-256-gb-ssd-1302110160/p
EKT-0228,Hp,"Portátil HP 173"" Ryzen 3 16 GB RAM 512 GB SSD Wi‑Fi 6",16482.0,16.0,16.0,SSD,Ryzen 3,0,73.0,https://www.elektra.mx/portatil-hp-173-ryzen-3-16-gb-ram-512-gb-ssd-wifi-6-1302110155/p
EKT-0229,Hp,"HP Laptop 15.6"" FHD táctil Intel Core Ultra 5 24 GB RAM",16090.0,24.0,24.0,SSD,No especificado,0,15.6,https://www.elektra.mx/hp-laptop-156-fhd-tactil-intel-core-ultra-5-24-gb-ram-1302110149/p
EKT-0230,Lenovo,"Notebook Lenovo IdeaPad Slim 3-2026 15.6"" Pantalla Táctil",16213.0,,,SSD,No especificado,0,15.6,https://www.elektra.mx/notebook-lenovo-ideapad-slim-3-2026-156-pantalla-tactil-1302110138/p
EKT-0231,Hp,"HP Laptop 15.6"" FHD táctil Intel Core Ultra 5 16 GB 15 TB",17048.0,16.0,16.0,SSD,No especificado,0,15.6,https://www.elektra.mx/hp-laptop-156-fhd-tactil-intel-core-ultra-5-16-gb-15-tb-1302110133/p
EKT-0232,Hp,"Laptop HP 14"" Pentium Silver N5030 16 GB 1 TB SSD Windows 11",14686.0,16.0,16.0,SSD,No especificado,0,14.0,https://www.elektra.mx/laptop-hp-14-pentium-silver-n5030-16-gb-1-tb-ssd-windows-11-1302110129/p
EKT-0233,Lenovo,"Laptop Lenovo IdeaPad 1i 15.6"" Touch i5-1335U 16GB 256GB",16031.0,16.0,16.0,SSD,No especificado,0,15.6,https://www.elektra.mx/laptop-lenovo-ideapad-1i-156-touch-i5-1335u-16gb-256gb-1302110103/p
EKT-0234,Hp,Portátil HP 36 cm 32 GB 576 GB Intel Celeron Win11 Azul Real,14552.0,32.0,32.0,SSD,Celeron,0,,https://www.elektra.mx/portatil-hp-36-cm-32-gb-576-gb-intel-celeron-win11-azul-real-1302110100/p
EKT-0235,Hp,Portátil HP 14 Intel 32 GB RAM 1600 GB Rosa Dorado con Windows 11,14794.0,32.0,32.0,SSD,No especificado,0,,https://www.elektra.mx/portatil-hp-14-intel-32-gb-ram-1600-gb-rosa-dorado-con-windows-11-1302110093/p
EKT-0236,Lenovo,"Laptop Lenovo V15 Intel N150 16GB DDR5 512GB SSD 15.6"" FHD",14806.0,16.0,16.0,SSD,Intel N150,0,15.6,https://www.elektra.mx/laptop-lenovo-v15-intel-n150-16gb-ddr5-512gb-ssd-156-fhd-1302110085/p
EKT-0237,Lenovo,"Laptop Lenovo V15 15.6"" FHD Intel N150 32GB 1TB SSD Wi‑Fi 6",14806.0,32.0,32.0,SSD,Intel N150,0,15.6,https://www.elektra.mx/laptop-lenovo-v15-156-fhd-intel-n150-32gb-1tb-ssd-wifi-6-1302110075/p
EKT-0238,Hp,"Laptop HP 14"" Intel Celeron N4120 32GB RAM 1600GB SSD",15758.0,32.0,32.0,SSD,Celeron,0,14.0,https://www.elektra.mx/laptop-hp-14-intel-celeron-n4120-32gb-ram-1600gb-ssd-1302110062/p
EKT-0239,Hp,"Laptop HP 173"" Ryzen 5 7430U 16 GB 512 GB SSD Win11",16240.0,16.0,16.0,SSD,Ryzen 5,0,73.0,https://www.elektra.mx/laptop-hp-173-ryzen-5-7430u-16-gb-512-gb-ssd-win11-1302110052/p
EKT-0240,Hp,"Portátil HP 15 i5-1135G7 16 GB RAM 512 GB SSD 156"" Plata",15252.0,16.0,16.0,SSD,No especificado,0,56.0,https://www.elektra.mx/portatil-hp-15-i5-1135g7-16-gb-ram-512-gb-ssd-156-plata-1302110046/p
EKT-0241,Hp,"Portátil HP 2023 Ryzen 5 173"" pantalla táctil 16 GB 1 TB SSD",16947.0,16.0,16.0,SSD,Ryzen 5,0,73.0,https://www.elektra.mx/portatil-hp-2023-ryzen-5-173-pantalla-tactil-16-gb-1-tb-ssd-1302110041/p
EKT-0242,Nimo,"Portátil NIMO 15.6"" FHD Intel de 4 núcleos 128 GB SSD Windows 11",14622.0,128.0,128.0,SSD,No especificado,0,15.6,https://www.elektra.mx/portatil-nimo-156-fhd-intel-de-4-nucleos-128-gb-ssd-windows-11-1302110039/p
EKT-0243,Hp,"Portátil HP 156"" Ryzen 7 1 TB SSD 16 GB RAM Wi‑Fi 6",15675.0,16.0,1024.0,SSD,Ryzen 7,0,56.0,https://www.elektra.mx/portatil-hp-156-ryzen-7-1-tb-ssd-16-gb-ram-wifi-6-1302110022/p
EKT-0244,Asus,Portátil ASUS Vivobook 14 i5 120U 16 GB 512 GB SSD,16606.0,16.0,16.0,SSD,No especificado,0,,https://www.elektra.mx/portatil-asus-vivobook-14-i5-120u-16-gb-512-gb-ssd-1302110006/p
EKT-0245,Lenovo,"Laptop Lenovo IdeaPad 15.6"" FHD i5-1335U 8GB 128GB SSD",15746.0,8.0,8.0,SSD,No especificado,0,15.6,https://www.elektra.mx/laptop-lenovo-ideapad-156-fhd-i5-1335u-8gb-128gb-ssd-1302109997/p
EKT-0246,Hp,"Portátil HP 15.6"" i5-1135G7 16 GB RAM 512 GB SSD Plateado",16390.0,16.0,16.0,SSD,No especificado,0,15.6,https://www.elektra.mx/portatil-hp-156-i5-1135g7-16-gb-ram-512-gb-ssd-plateado-1302109992/p
EKT-0247,Hp,"Portátil HP 173"" Ryzen 5 7430U 16 GB 1 TB SSD Full HD",17081.0,16.0,16.0,SSD,Ryzen 5,0,73.0,https://www.elektra.mx/portatil-hp-173-ryzen-5-7430u-16-gb-1-tb-ssd-full-hd-1302109986/p
EKT-0248,Hp,"Portátil HP Pavilion 15.6"" N100 16 GB RAM 1 TB SSD Windows 11",15758.0,16.0,16.0,SSD,No especificado,0,15.6,https://www.elektra.mx/portatil-hp-pavilion-156-n100-16-gb-ram-1-tb-ssd-windows-11-1302109983/p
EKT-0249,Hp,"HP Portátil Empresarial de 173"" AI-Ready Full HD | Procesador AMD Ryzen 5 de 6 núcleos | 16 GB DDR4 RAM | SSD PCIe de 256 GB | Windows 11 + Copilot |",14794.0,16.0,16.0,SSD,Ryzen 5,0,73.0,https://www.elektra.mx/hp-portatil-empresarial-de-173-ai-ready-full-hd-procesador-amd-ryzen-5-de-6-nucleos-16-gb-ddr4-ram-ssd-pcie-de-256-gb-windows-11-copilot-1302109970/p
EKT-0250,Hp,"Portátil HP Ryzen 5 7430U 173"" Full HD 16 GB 512 GB SSD Windows 11",14794.0,16.0,16.0,SSD,Ryzen 5,0,73.0,https://www.elektra.mx/portatil-hp-ryzen-5-7430u-173-full-hd-16-gb-512-gb-ssd-windows-11-1302109962/p
EKT-0251,Hp,"Portátil HP 173"" táctil AMD Ryzen 5 8 GB RAM SSD de 512 GB",16711.0,8.0,8.0,SSD,Ryzen 5,0,73.0,https://www.elektra.mx/portatil-hp-173-tactil-amd-ryzen-5-8-gb-ram-ssd-de-512-gb-1302109960/p
EKT-0252,Hp,HP Laptop empresarial de 173 pulgadas FHD con Microsoft Office para la Web AMD Ryzen 5 7430U (supera al Core i7-1355U) 16 GB de RAM 112 TB de,15998.0,16.0,16.0,SSD,Ryzen 5,0,73.0,https://www.elektra.mx/hp-laptop-empresarial-de-173-pulgadas-fhd-con-microsoft-office-para-la-web-amd-ryzen-5-7430u-supera-al-core-i7-1355u-16-gb-de-ram-112-tb-de-1302109955/p
EKT-0253,Hp,"Laptop HP 17.3"" FHD IPS Ryzen 5 7430U 8GB 256GB",14228.0,8.0,8.0,SSD,Ryzen 5,0,17.3,https://www.elektra.mx/laptop-hp-173-fhd-ips-ryzen-5-7430u-8gb-256gb-1302109950/p
EKT-0254,Hp,"Portátil HP 173"" táctil AMD Ryzen 5 8 GB RAM SSD 512 GB Windows 11 Pro",16772.0,8.0,8.0,SSD,Ryzen 5,0,73.0,https://www.elektra.mx/portatil-hp-173-tactil-amd-ryzen-5-8-gb-ram-ssd-512-gb-windows-11-pro-1302109942/p
EKT-0255,Lenovo,"Portátil Lenovo ThinkBook 16"" FHD+ i5-13420H 16 GB 512 GB SSD",14806.0,16.0,16.0,SSD,No especificado,0,16.0,https://www.elektra.mx/portatil-lenovo-thinkbook-16-fhd-i5-13420h-16-gb-512-gb-ssd-1302109941/p
EKT-0256,Hp,"Portátil HP EliteBook 6 de 16"" Ryzen 5 32 GB 1 TB SSD Windows 11",16253.0,32.0,32.0,SSD,Ryzen 5,0,16.0,https://www.elektra.mx/portatil-hp-elitebook-6-de-16-ryzen-5-32-gb-1-tb-ssd-windows-11-1302109940/p
EKT-0257,Acer,"Laptop Acer Aspire 16 AI Copilot+ Pantalla Táctil 16"" 16GB",16867.0,16.0,16.0,SSD,No especificado,0,16.0,https://www.elektra.mx/laptop-acer-aspire-16-ai-copilot-pantalla-tactil-16-16gb-1302109933/p
EKT-0258,Hp,"Laptop HP de 173"" HD+ Intel i3-305 8 GB 512 GB SSD Windows 11",16229.0,8.0,8.0,SSD,No especificado,0,73.0,https://www.elektra.mx/laptop-hp-de-173-hd-intel-i3-305-8-gb-512-gb-ssd-windows-11-1302109932/p
EKT-0259,Hp,"Laptop HP 173"" FHD i5-1135G7 8GB 128GB SSD Win11",15999.0,8.0,8.0,SSD,No especificado,0,73.0,https://www.elektra.mx/laptop-hp-173-fhd-i5-1135g7-8gb-128gb-ssd-win11-1302109921/p
EKT-0260,Lenovo,"Laptop Lenovo IdeaPad 1i 15.6"" táctil i5 16 GB 512 GB SSD",16731.0,16.0,16.0,SSD,No especificado,0,15.6,https://www.elektra.mx/laptop-lenovo-ideapad-1i-156-tactil-i5-16-gb-512-gb-ssd-1302109914/p
EKT-0261,Lenovo,"Laptop Lenovo 2026 14"" HD 20GB RAM 256GB SSD WiFi 6",14770.0,20.0,20.0,SSD,No especificado,0,14.0,https://www.elektra.mx/laptop-lenovo-2026-14-hd-20gb-ram-256gb-ssd-wifi-6-1302109905/p
EKT-0262,Hp,"Laptop HP 17.3"" Ryzen 5 7430U 16GB 512GB SSD Win11",16010.0,16.0,16.0,SSD,Ryzen 5,0,17.3,https://www.elektra.mx/laptop-hp-173-ryzen-5-7430u-16gb-512gb-ssd-win11-1302109893/p
EKT-0263,Hp,"HP Portátil Empresarial de 173"" con IA Full HD Procesador AMD Ryzen 5 de 6 núcleos 16 GB DDR4 SSD PCIe de 256 GB Windows 11 + Copilot Wi‑Fi 6 HDMI",14794.0,16.0,16.0,SSD,Ryzen 5,0,73.0,https://www.elektra.mx/hp-portatil-empresarial-de-173-con-ia-full-hd-procesador-amd-ryzen-5-de-6-nucleos-16-gb-ddr4-ssd-pcie-de-256-gb-windows-11-copilot-wifi-6-hdmi-1302109892/p
EKT-0264,Hp,"Laptop HP 2026 15.6"" FHD Intel Core 7 8 GB 256 GB SSD",16493.0,8.0,8.0,SSD,Core 7,0,15.6,https://www.elektra.mx/laptop-hp-2026-156-fhd-intel-core-7-8-gb-256-gb-ssd-1302109876/p
EKT-0265,Hp,"Portátil HP 173"" i3‑N305 8 GB RAM 512 GB SSD Windows 11 Pro",15988.0,8.0,8.0,SSD,No especificado,0,73.0,https://www.elektra.mx/portatil-hp-173-i3n305-8-gb-ram-512-gb-ssd-windows-11-pro-1302109868/p
EKT-0266,Hp,"Laptop HP 14"" Intel Celeron 32GB RAM 1600GB Win 11",14552.0,32.0,32.0,SSD,Celeron,0,14.0,https://www.elektra.mx/laptop-hp-14-intel-celeron-32gb-ram-1600gb-win-11-1302109866/p
EKT-0267,Hp,"Portátil HP 17.3\"" Core i5 120U 16 GB RAM 256 GB SSD Wi‑Fi 6",15879.0,16.0,16.0,SSD,Core I5,0,,https://www.elektra.mx/portatil-hp-173-core-i5-120u-16-gb-ram-256-gb-ssd-wifi-6-1302109863/p
EKT-0268,Lenovo,"Notebook Lenovo IdeaPad 156"" FHD i5-1335U 8 GB 256 GB SSD",15746.0,8.0,8.0,SSD,No especificado,0,56.0,https://www.elektra.mx/notebook-lenovo-ideapad-156-fhd-i5-1335u-8-gb-256-gb-ssd-1302109858/p
EKT-0269,Hp,"Laptop HP 15.6"" con pantalla táctil Intel i3 8 GB 768 GB Win11",14686.0,8.0,8.0,SSD,No especificado,0,15.6,https://www.elektra.mx/laptop-hp-156-con-pantalla-tactil-intel-i3-8-gb-768-gb-win11-1302109855/p
EKT-0270,Hp,"Portátil HP Ryzen 7 7730U 156"" Full HD Pantalla Táctil 16 GB 512 GB",16523.0,16.0,16.0,SSD,Ryzen 7,0,56.0,https://www.elektra.mx/portatil-hp-ryzen-7-7730u-156-full-hd-pantalla-tactil-16-gb-512-gb-1302109852/p
EKT-0271,Hp,"Laptop HP 14"" Intel Celeron 32 GB RAM 1600 GB Windows 11",14552.0,32.0,32.0,SSD,Celeron,0,14.0,https://www.elektra.mx/laptop-hp-14-intel-celeron-32-gb-ram-1600-gb-windows-11-1302109804/p
EKT-0272,Hp,"Portátil HP Ryzen 7 156"" Full HD IPS táctil 16 GB 512 GB SSD",17073.0,16.0,16.0,SSD,Ryzen 7,0,56.0,https://www.elektra.mx/portatil-hp-ryzen-7-156-full-hd-ips-tactil-16-gb-512-gb-ssd-1302109793/p
EKT-0273,Hp,"Portátil HP 156"" i3 32 GB RAM 1 TB SSD Windows 11 Táctil",17073.0,32.0,32.0,SSD,No especificado,0,56.0,https://www.elektra.mx/portatil-hp-156-i3-32-gb-ram-1-tb-ssd-windows-11-tactil-1302109789/p
EKT-0274,Jumper,"Portátil Jumper 15.6"" 12 GB RAM 256 GB SSD con Office 365",8897.0,12.0,12.0,SSD,No especificado,0,15.6,https://www.elektra.mx/portatil-jumper-156-12-gb-ram-256-gb-ssd-con-office-365-1302108889/p
EKT-0275,Hp,"Portátil HP 14"" N150 4 GB RAM 128 GB SSD Win11 Lavanda",7339.0,4.0,4.0,SSD,No especificado,0,14.0,https://www.elektra.mx/portatil-hp-14-n150-4-gb-ram-128-gb-ssd-win11-lavanda-1302108825/p
EKT-0276,Hp,Portátil HP 14 Intel N150 16 GB RAM 128 GB UFS Azul Cielo,9352.0,16.0,16.0,SSD,Intel N150,0,,https://www.elektra.mx/portatil-hp-14-intel-n150-16-gb-ram-128-gb-ufs-azul-cielo-1302108815/p
EKT-0277,Hp,"Portátil HP 14"" Intel N150 16 GB RAM 128 GB UFS",9594.0,16.0,16.0,SSD,Intel N150,0,14.0,https://www.elektra.mx/portatil-hp-14-intel-n150-16-gb-ram-128-gb-ufs-1302108802/p
EKT-0278,Hp,Portátil HP 255 G10 con Ryzen 3 16 GB de RAM y SSD de 256 GB,12059.0,16.0,16.0,SSD,Ryzen 3,0,,https://www.elektra.mx/portatil-hp-255-g10-con-ryzen-3-16-gb-de-ram-y-ssd-de-256-gb-1302108797/p
EKT-0279,Hp,Portátil HP 36 cm AMD 256 GB SSD Windows 11 Azul,8385.0,256.0,256.0,SSD,No especificado,0,,https://www.elektra.mx/portatil-hp-36-cm-amd-256-gb-ssd-windows-11-azul-1302108608/p
EKT-0280,Lenovo,"Portátil Lenovo V15 G6 ITN 156"" FHD 8 GB 256 GB SSD",12178.0,8.0,8.0,SSD,No especificado,0,56.0,https://www.elektra.mx/portatil-lenovo-v15-g6-itn-156-fhd-8-gb-256-gb-ssd-1302108454/p
EKT-0281,Hp,"Portátil HP 156"" Full HD Intel i5-1135G7 16 GB RAM 512 GB SSD",16390.0,16.0,16.0,SSD,No especificado,0,56.0,https://www.elektra.mx/portatil-hp-156-full-hd-intel-i5-1135g7-16-gb-ram-512-gb-ssd-1302108347/p
EKT-0282,Asus,"Portátil ASUS Vivobook 14"" Full HD i5-1334U 16 GB RAM 512 GB SSD",15854.0,16.0,16.0,SSD,No especificado,0,14.0,https://www.elektra.mx/portatil-asus-vivobook-14-full-hd-i5-1334u-16-gb-ram-512-gb-ssd-1302108338/p
EKT-0283,Hp,"Notebook HP 156"" FHD Intel Celeron 16 GB 1 TB SSD Wi‑Fi 6",15517.0,16.0,16.0,SSD,Celeron,0,56.0,https://www.elektra.mx/notebook-hp-156-fhd-intel-celeron-16-gb-1-tb-ssd-wifi-6-1302108334/p
EKT-0284,Asus,"Laptop ASUS Vivobook 14"" FHD Intel Core i5 12 GB 512 GB SSD",15116.0,12.0,12.0,SSD,Core I5,0,14.0,https://www.elektra.mx/laptop-asus-vivobook-14-fhd-intel-core-i5-12-gb-512-gb-ssd-1302108326/p
EKT-0285,Hp,"Laptop HP Essential 156"" HD i5-1235U 8 GB 256 GB SSD",15263.0,8.0,8.0,SSD,No especificado,0,56.0,https://www.elektra.mx/laptop-hp-essential-156-hd-i5-1235u-8-gb-256-gb-ssd-1302108323/p
EKT-0286,Hp,"Portátil HP 15.6"" N200 8 GB RAM 128 GB SSD Wi‑Fi 6 Plateado",9972.0,8.0,8.0,SSD,No especificado,0,15.6,https://www.elektra.mx/portatil-hp-156-n200-8-gb-ram-128-gb-ssd-wifi-6-plateado-1302108168/p
EKT-0287,Hp,"Portátil HP Stream 14"" Celeron 4 GB 64 GB eMMC Dorado rosado",6308.0,4.0,4.0,SSD,Celeron,0,14.0,https://www.elektra.mx/portatil-hp-stream-14-celeron-4-gb-64-gb-emmc-dorado-rosado-1302108131/p
EKT-0288,Hp,"Portátil HP 156"" N200 16 GB RAM 128 GB SSD Wi‑Fi 6 Plateado",11177.0,16.0,16.0,SSD,No especificado,0,56.0,https://www.elektra.mx/portatil-hp-156-n200-16-gb-ram-128-gb-ssd-wifi-6-plateado-1302108119/p
EKT-0289,Hp,"Chromebook HP 14"" Pentium 4 GB RAM 64 GB eMMC Wi‑Fi 5",5727.0,4.0,4.0,SSD,No especificado,0,14.0,https://www.elektra.mx/chromebook-hp-14-pentium-4-gb-ram-64-gb-emmc-wifi-5-1302108118/p
EKT-0290,Asus,Laptop ASUS Vivobook 15 F1504VA 15.6” FHD Core i5-1334U 8GB RAM 512GB SSD Windows 11,11859.0,8.0,8.0,SSD,Core I5,0,15.6,https://www.elektra.mx/laptop-asus-vivobook-15-f1504va-156-fhd-core-i5-1334u-8gb-ram-512gb-ssd-windows-11-1302107728/p
EKT-0291,Asus,Laptop asus vivobook 15 d1502naq amd ryzen 5 24gb 512gb 15.6,16999.0,24.0,24.0,SSD,Ryzen 5,0,,https://www.elektra.mx/laptop-asus-vivobook-15-d1502naq-amd-ryzen-5-24gb-512gb-156-1302107455/p
EKT-0292,Asus,"Laptop asus vivobook 15 x1504va core i7 24gb 512gb 15.6""",20899.0,24.0,24.0,SSD,Core I7,0,15.6,https://www.elektra.mx/laptop-asus-vivobook-15-x1504va-core-i7-24gb-512gb-156-1302107452/p
EKT-0293,Asus,Laptop gamer asus tuf gaming f16 rtx 3050 core i5 24gb 512gb,26999.0,24.0,24.0,SSD,Core I5,1,,https://www.elektra.mx/laptop-gamer-asus-tuf-gaming-f16-rtx-3050-core-i5-24gb-512gb-1302107447/p
EKT-0294,Acer,Portátil Acer con Chrome OS y procesador Celeron,7309.0,,,SSD,Celeron,0,,https://www.elektra.mx/portatil-acer-con-chrome-os-y-procesador-celeron-1302107067/p
EKT-0295,Acer,"Chromebook Acer 15.6"" Celeron 2 GB RAM 16 GB SSD Gris",7141.0,2.0,2.0,SSD,Celeron,0,15.6,https://www.elektra.mx/chromebook-acer-156-celeron-2-gb-ram-16-gb-ssd-gris-1302105932/p
EKT-0296,Hp,"Portátil HP 156\"" Pentium 16 GB RAM 128 GB SSD Wi‑Fi 6 Rojo",11152.0,16.0,16.0,SSD,No especificado,0,,https://www.elektra.mx/portatil-hp-156-pentium-16-gb-ram-128-gb-ssd-wifi-6-rojo-1302105464/p
EKT-0297,Hp,"Portátil HP OmniBook 3 de 16"" 2K con Ryzen 5 y 256 GB – Plata",13682.0,256.0,256.0,SSD,Ryzen 5,0,16.0,https://www.elektra.mx/portatil-hp-omnibook-3-de-16-2k-con-ryzen-5-y-256-gb-plata-1302105245/p
EKT-0298,Hp,Portátil HP 356 cm 16 GB RAM 112 TB SSD Windows 11 Azul Celeste,9779.0,16.0,16.0,SSD,No especificado,0,,https://www.elektra.mx/portatil-hp-356-cm-16-gb-ram-112-tb-ssd-windows-11-azul-celeste-1302104983/p
EKT-0299,Hp,"Portátil HP Stream 14"" 16 GB RAM 112 TB Windows 11 Azul Cielo",9800.0,16.0,16.0,SSD,No especificado,0,14.0,https://www.elektra.mx/portatil-hp-stream-14-16-gb-ram-112-tb-windows-11-azul-cielo-1302104652/p
EKT-0300,Hp,Portátil HP 14 Intel N150 16 GB RAM 128 GB UFS,9594.0,16.0,16.0,SSD,Intel N150,0,,https://www.elektra.mx/portatil-hp-14-intel-n150-16-gb-ram-128-gb-ufs-1302104337/p
EKT-0301,Hp,"Portátil HP 156"" N200 16 GB RAM 128 GB SSD Wi‑Fi 6",11177.0,16.0,16.0,SSD,No especificado,0,56.0,https://www.elektra.mx/portatil-hp-156-n200-16-gb-ram-128-gb-ssd-wifi-6-1302095844/p
EKT-0302,Hp,"Laptop HP OmniBook X Flip 14"" 2K OLED AMD Ryzen AI 5 16GB RAM 512GB SSD Windows 11 Deep Espresso",17579.0,16.0,16.0,SSD,No especificado,0,14.0,https://www.elektra.mx/laptop-hp-omnibook-x-flip-14-2k-oled-amd-ryzen-ai-5-16gb-ram-512gb-ssd-windows-11-deep-espresso-1302095603/p
EKT-0303,Dell,"Portátil Dell de 156"" Full HD táctil con Ryzen 5 12 GB RAM y SSD de 256 GB",13423.0,12.0,12.0,SSD,Ryzen 5,0,56.0,https://www.elektra.mx/portatil-dell-de-156-full-hd-tactil-con-ryzen-5-12-gb-ram-y-ssd-de-256-gb-1302095521/p
EKT-0304,Hp,Portátil HP 356 cm 16 GB RAM 64 GB eMMC Oro Rosado,8114.0,16.0,16.0,SSD,No especificado,0,,https://www.elektra.mx/portatil-hp-356-cm-16-gb-ram-64-gb-emmc-oro-rosado-1302094661/p
EKT-0305,Hp,"Portátil HP 15.6"" N200 16 GB RAM 128 GB SSD Wi‑Fi 6",9972.0,16.0,16.0,SSD,No especificado,0,15.6,https://www.elektra.mx/portatil-hp-156-n200-16-gb-ram-128-gb-ssd-wifi-6-1302094550/p
EKT-0306,Hp,"Portátil HP 156"" N200 8 GB RAM 128 GB SSD Wi‑Fi 6 Windows 11",10333.0,8.0,8.0,SSD,No especificado,0,56.0,https://www.elektra.mx/portatil-hp-156-n200-8-gb-ram-128-gb-ssd-wifi-6-windows-11-1302094548/p
EKT-0307,Hp,"Portátil HP 156"" N200 8 GB RAM 128 GB SSD Wi‑Fi 6 Windows 11",9972.0,8.0,8.0,SSD,No especificado,0,56.0,https://www.elektra.mx/portatil-hp-156-n200-8-gb-ram-128-gb-ssd-wifi-6-windows-11-1302094540/p
EKT-0308,Lenovo,"Portátil Lenovo V15 15.6"" FHD Intel DDR5 16 GB 1 TB SSD",11188.0,16.0,16.0,SSD,No especificado,0,15.6,https://www.elektra.mx/portatil-lenovo-v15-156-fhd-intel-ddr5-16-gb-1-tb-ssd-1302094482/p
EKT-0309,Lenovo,"Portátil Lenovo IdeaPad 15.6"" 4 GB DDR5 112 TB SSD Windows 11",8939.0,4.0,4.0,SSD,No especificado,0,15.6,https://www.elektra.mx/portatil-lenovo-ideapad-156-4-gb-ddr5-112-tb-ssd-windows-11-1302094259/p
EKT-0310,Lenovo,"Portátil Lenovo IdeaPad 15.6"" 4 GB DDR5 288 GB SSD Windows 11 Pro",8698.0,4.0,4.0,SSD,No especificado,0,15.6,https://www.elektra.mx/portatil-lenovo-ideapad-156-4-gb-ddr5-288-gb-ssd-windows-11-pro-1302094118/p
EKT-0311,Lenovo,"Portátil Lenovo IdeaPad Slim 3i 156"" 8 GB RAM 128 GB SSD",9346.0,8.0,8.0,SSD,No especificado,0,56.0,https://www.elektra.mx/portatil-lenovo-ideapad-slim-3i-156-8-gb-ram-128-gb-ssd-1302094078/p
EKT-0312,Lenovo,"Portátil Lenovo IdeaPad Slim 3i 156"" 8 GB RAM 128 GB SSD",9295.0,8.0,8.0,SSD,No especificado,0,56.0,https://www.elektra.mx/portatil-lenovo-ideapad-slim-3i-156-8-gb-ram-128-gb-ssd-1302094030/p
EKT-0313,Hp,"Portátil HP 15.6"" i3-1115G4 12 GB RAM 256 GB SSD Win11",11467.0,12.0,12.0,SSD,No especificado,0,15.6,https://www.elektra.mx/portatil-hp-156-i3-1115g4-12-gb-ram-256-gb-ssd-win11-1302094009/p
EKT-0314,Lenovo,"Portátil Lenovo 156"" Full HD Intel N150 con Windows 11 Pro",11091.0,,,SSD,Intel N150,0,56.0,https://www.elektra.mx/portatil-lenovo-156-full-hd-intel-n150-con-windows-11-pro-1302093735/p
EKT-0315,Lenovo,"Portátil Lenovo IdeaPad Slim 3i 156"" 8 GB 128 GB SSD",11480.0,8.0,8.0,SSD,No especificado,0,56.0,https://www.elektra.mx/portatil-lenovo-ideapad-slim-3i-156-8-gb-128-gb-ssd-1302093703/p
EKT-0316,Hp,"Laptop HP OmniBook 3 17.3"" FHD AMD Ryzen 5 8GB RAM 512GB SSD Windows 11 Home Plata Glaciar",12419.0,8.0,8.0,SSD,Ryzen 5,0,17.3,https://www.elektra.mx/laptop-hp-omnibook-3-173-fhd-amd-ryzen-5-8gb-ram-512gb-ssd-windows-11-home-plata-glaciar-1302093593/p
EKT-0317,Lenovo,"Portátil Lenovo IdeaPad 3i 15.6"" 8 GB RAM 128 GB SSD Windows 11",10331.0,8.0,8.0,SSD,No especificado,0,15.6,https://www.elektra.mx/portatil-lenovo-ideapad-3i-156-8-gb-ram-128-gb-ssd-windows-11-1302092405/p
EKT-0318,Ninja,"Batería NinjaBatt MacBook Pro 15"" A1990 8436 Wh",2032.0,,,SSD,No especificado,0,15.0,https://www.elektra.mx/bateria-ninjabatt-macbook-pro-15-a1990-8436-wh-1302092372/p
EKT-0319,Lenovo,"Portátil Lenovo IdeaPad 15.6"" 8 GB RAM 128 GB SSD Windows 11",10331.0,8.0,8.0,SSD,No especificado,0,15.6,https://www.elektra.mx/portatil-lenovo-ideapad-156-8-gb-ram-128-gb-ssd-windows-11-1302092362/p
EKT-0320,Lenovo,"Chromebook Lenovo IdeaPad Slim 3 14"" 2K Touch Azul",8459.0,,,SSD,No especificado,0,14.0,https://www.elektra.mx/chromebook-lenovo-ideapad-slim-3-14-2k-touch-azul-1302092358/p
EKT-0321,Lenovo,"Chromebook Lenovo IdeaPad 14\"" 2K táctil Wi‑Fi 6E",11337.0,,,SSD,No especificado,0,,https://www.elektra.mx/chromebook-lenovo-ideapad-14-2k-tactil-wifi-6e-1302092331/p
EKT-0322,Lenovo,"Portátil Lenovo IdeaPad 156"" N100 4 GB 112 TB SSD + Estación de acoplamiento Windows 11",9012.0,4.0,4.0,SSD,No especificado,0,56.0,https://www.elektra.mx/portatil-lenovo-ideapad-156-n100-4-gb-112-tb-ssd-estacion-de-acoplamiento-windows-11-1302092311/p
EKT-0323,Lenovo,"Portátil Lenovo IdeaPad 3i 15.6"" 8 GB RAM 128 GB SSD Windows 11",11176.0,8.0,8.0,SSD,No especificado,0,15.6,https://www.elektra.mx/portatil-lenovo-ideapad-3i-156-8-gb-ram-128-gb-ssd-windows-11-1302092299/p
EKT-0324,Lenovo,"Portátil Lenovo IdeaPad 15.6"" 4 GB RAM 288 GB SSD Windows 11",8765.0,4.0,4.0,SSD,No especificado,0,15.6,https://www.elektra.mx/portatil-lenovo-ideapad-156-4-gb-ram-288-gb-ssd-windows-11-1302092291/p
EKT-0325,Lenovo,"Portátil Lenovo 15.6"" 8 GB RAM 512 GB SSD Wi‑Fi 6 Windows 11",12371.0,8.0,8.0,SSD,No especificado,0,15.6,https://www.elektra.mx/portatil-lenovo-156-8-gb-ram-512-gb-ssd-wifi-6-windows-11-1302092286/p
EKT-0326,Lenovo,"Portátil Lenovo IdeaPad 3i 156"" i3-N305 8 GB 128 GB SSD",11580.0,8.0,8.0,SSD,No especificado,0,56.0,https://www.elektra.mx/portatil-lenovo-ideapad-3i-156-i3-n305-8-gb-128-gb-ssd-1302092263/p
EKT-0327,Lenovo,"Portátil Lenovo V15 156"" Intel N100 8 GB 256 GB SSD",11176.0,8.0,8.0,SSD,Intel N100,0,56.0,https://www.elektra.mx/portatil-lenovo-v15-156-intel-n100-8-gb-256-gb-ssd-1302092258/p
EKT-0328,Lenovo,"Portátil Lenovo 2026 de 156"" 8 GB DDR5 256 GB SSD 500 GB HDD",11152.0,8.0,8.0,SSD,No especificado,0,56.0,https://www.elektra.mx/portatil-lenovo-2026-de-156-8-gb-ddr5-256-gb-ssd-500-gb-hdd-1302092257/p
EKT-0329,Lenovo,"Portátil Lenovo 15.6"" FHD 8 GB DDR5 256 GB SSD Copilot",11671.0,8.0,8.0,SSD,No especificado,0,15.6,https://www.elektra.mx/portatil-lenovo-156-fhd-8-gb-ddr5-256-gb-ssd-copilot-1302092250/p
EKT-0330,Lenovo,"Portátil Lenovo V15 156"" Intel N-Series 8 GB RAM 512 GB SSD",12393.0,8.0,8.0,SSD,No especificado,0,56.0,https://www.elektra.mx/portatil-lenovo-v15-156-intel-n-series-8-gb-ram-512-gb-ssd-1302092245/p
EKT-0331,Dell,Laptop dell 16 ryzen 7 250 32gb 512gb pantalla 16 touch fhd+,19899.0,32.0,32.0,SSD,Ryzen 7,0,,https://www.elektra.mx/laptop-dell-16-ryzen-7-250-32gb-512gb-pantalla-16-touch-fhd-1302091666/p
EKT-0332,Hp,Laptop ia pc hp 15 core ultra 5 225u 8gb 512gb pantalla 15.6,12999.0,8.0,8.0,SSD,No especificado,0,,https://www.elektra.mx/laptop-ia-pc-hp-15-core-ultra-5-225u-8gb-512gb-pantalla-156-1302091566/p
EKT-0333,Hp,"Laptop HP N150 14"" HD 4GB RAM 1.1TB Almacenamiento Windows 11",8270.0,4.0,4.0,SSD,No especificado,0,14.0,https://www.elektra.mx/laptop-hp-n150-14-hd-4gb-ram-11tb-almacenamiento-windows-11-1302090070/p
EKT-0334,Lenovo,"Chromebook Lenovo 11.6"" Intel 4 GB 64 GB Gris",7783.0,4.0,4.0,SSD,No especificado,0,11.6,https://www.elektra.mx/chromebook-lenovo-116-intel-4-gb-64-gb-gris-1302089830/p
EKT-0335,Lenovo,Laptop Lenovo IDEAPAD SLIM 3 15IAN8 15in intel i3-N305 8GB 128GB Windows 11 Home S,9199.0,8.0,8.0,SSD,No especificado,0,,https://www.elektra.mx/laptop-lenovo-ideapad-slim-3-15ian8-15in-intel-i3-n305-8gb-128gb-windows-11-home-s-1302085637/p
EKT-0336,Nimo,Portátil NIMO 39 cm FHD 4 GB RAM 128 GB SSD Wi‑Fi 6,9848.0,4.0,4.0,SSD,No especificado,0,,https://www.elektra.mx/portatil-nimo-39-cm-fhd-4-gb-ram-128-gb-ssd-wifi-6-1302084744/p
EKT-0337,Hp,"Laptop HP de 14"" Intel Celeron 8 GB de RAM 192 GB de almacenamiento",6933.0,8.0,8.0,SSD,Celeron,0,14.0,https://www.elektra.mx/laptop-hp-de-14-intel-celeron-8-gb-de-ram-192-gb-de-almacenamiento-1302083113/p
EKT-0338,Lenovo,"Portátil Lenovo 156\"" FHD Intel N150 8 GB 256 GB SSD Windows 11",11862.0,8.0,8.0,SSD,Intel N150,0,,https://www.elektra.mx/portatil-lenovo-156-fhd-intel-n150-8-gb-256-gb-ssd-windows-11-1302082863/p
EKT-0339,Lenovo,"Portátil Lenovo IdeaPad Slim 3i 156"" 8 GB 128 GB SSD",16879.0,8.0,8.0,SSD,No especificado,0,56.0,https://www.elektra.mx/portatil-lenovo-ideapad-slim-3i-156-8-gb-128-gb-ssd-1302082825/p
EKT-0340,Lenovo,"Portátil Lenovo IdeaPad Slim 3i 156"" 8 GB RAM 128 GB SSD",9970.0,8.0,8.0,SSD,No especificado,0,56.0,https://www.elektra.mx/portatil-lenovo-ideapad-slim-3i-156-8-gb-ram-128-gb-ssd-1302082812/p
EKT-0341,Hp,Portátil HP 356 cm AMD 4 GB RAM 128 GB SSD Win11 Azul,10331.0,4.0,4.0,SSD,No especificado,0,,https://www.elektra.mx/portatil-hp-356-cm-amd-4-gb-ram-128-gb-ssd-win11-azul-1302081887/p
EKT-0342,Lenovo,"Portátil Lenovo IdeaPad Slim 3i 156"" FHD 128 GB SSD Windows 11",8523.0,128.0,128.0,SSD,No especificado,0,56.0,https://www.elektra.mx/portatil-lenovo-ideapad-slim-3i-156-fhd-128-gb-ssd-windows-11-1302081816/p
EKT-0343,Lenovo,"Portátil Lenovo 156"" 8 GB DDR5 256 GB SSD Windows 11",9036.0,8.0,8.0,SSD,No especificado,0,56.0,https://www.elektra.mx/portatil-lenovo-156-8-gb-ddr5-256-gb-ssd-windows-11-1302081802/p
EKT-0344,Nimo,"Portátil NIMO 15.6"" i3-1215U 16 GB RAM 512 GB SSD",12140.0,16.0,16.0,SSD,No especificado,0,15.6,https://www.elektra.mx/portatil-nimo-156-i3-1215u-16-gb-ram-512-gb-ssd-1302081544/p
EKT-0345,Nimo,Portátil NIMO 39 cm i3-1215U 16 GB RAM 512 GB SSD Wi‑Fi 6,12234.0,16.0,16.0,SSD,No especificado,0,,https://www.elektra.mx/portatil-nimo-39-cm-i3-1215u-16-gb-ram-512-gb-ssd-wifi-6-1302080936/p
EKT-0346,Nimo,"Portátil NIMO 15.6"" FHD 8 GB RAM 256 GB SSD Wi‑Fi 6",8966.0,8.0,8.0,SSD,No especificado,0,15.6,https://www.elektra.mx/portatil-nimo-156-fhd-8-gb-ram-256-gb-ssd-wifi-6-1302080723/p
EKT-0347,Lenovo,Laptop Lenovo IdeaPad Slim 3 Intel Core i5-1334U 8GB RAM 512GB SSD Windows 11 Gris con Mochila y Mouse,12259.0,8.0,8.0,SSD,Core I5,0,,https://www.elektra.mx/laptop-lenovo-ideapad-slim-3-intel-core-i5-1334u-8gb-ram-512gb-ssd-windows-11-gris-con-mochila-y-mouse-1302078226/p
EKT-0348,Otra,"Oficina de negocios, mochila para laptop, resistente, transpirable, mochila de hombro",1999.0,,,SSD,No especificado,0,,https://www.elektra.mx/oficina-de-negocios-mochila-para-laptop-resistente-transpirable-mochila-de-hombro-1302076863/p
EKT-0349,Asus,"Laptop asus vivobook 15 ryzen 5 150 8gb 512gb pantalla 15.6""",11599.0,8.0,8.0,SSD,Ryzen 5,0,15.6,https://www.elektra.mx/laptop-asus-vivobook-15-ryzen-5-150-8gb-512gb-pantalla-156-1302075305/p
EKT-0350,Asus,"Laptop asus vivobook 16 core 9 270h 8gb 512gb pantalla 16""",25999.0,8.0,8.0,SSD,Core 9,0,16.0,https://www.elektra.mx/laptop-asus-vivobook-16-core-9-270h-8gb-512gb-pantalla-16-1302075279/p
EKT-0351,Asus,"Laptop asus vivobook 15 core 7 150u 8gb 512gb pantalla 15.6""",19899.0,8.0,8.0,SSD,Core 7,0,15.6,https://www.elektra.mx/laptop-asus-vivobook-15-core-7-150u-8gb-512gb-pantalla-156-1302075267/p
EKT-0352,Hp,"Laptop HP 240R G10 14"" HD Intel Core 3 8GB RAM 512GB SSD Windows 11 Home",8929.0,8.0,8.0,SSD,Core 3,0,14.0,https://www.elektra.mx/laptop-hp-240r-g10-14-hd-intel-core-3-8gb-ram-512gb-ssd-windows-11-home-1302074977/p
EKT-0353,Hp,Portátil HP 439 cm N100 4 GB RAM 128 GB UFS + MS365,11706.0,4.0,4.0,SSD,No especificado,0,,https://www.elektra.mx/portatil-hp-439-cm-n100-4-gb-ram-128-gb-ufs-ms365-1302073782/p
EKT-0354,Hp,"Portátil HP 173"" N100 4 GB RAM 128 GB UFS inalámbrico",11706.0,4.0,4.0,SSD,No especificado,0,73.0,https://www.elektra.mx/portatil-hp-173-n100-4-gb-ram-128-gb-ufs-inalambrico-1302073779/p
EKT-0355,Lenovo,"Chromebook Lenovo IdeaPad Slim 3 14"" 4 GB 64 GB Azul Cósmico",6827.0,4.0,4.0,SSD,No especificado,0,14.0,https://www.elektra.mx/chromebook-lenovo-ideapad-slim-3-14-4-gb-64-gb-azul-cosmico-1302073755/p
EKT-0356,Asus,"Portátil ASUS Vivobook 14 de 14"" con 8 GB RAM y 256 GB SSD Windows 11",13935.0,8.0,8.0,SSD,No especificado,0,14.0,https://www.elektra.mx/portatil-asus-vivobook-14-de-14-con-8-gb-ram-y-256-gb-ssd-windows-11-1302071242/p
EKT-0357,Hp,Portátil HP 439 cm N100 4 GB RAM 128 GB UFS + MS365,11729.0,4.0,4.0,SSD,No especificado,0,,https://www.elektra.mx/portatil-hp-439-cm-n100-4-gb-ram-128-gb-ufs-ms365-1302071076/p
EKT-0358,Asus,"Portátil ASUS Vivobook Go 14"" 4 GB RAM 256 GB SSD Windows 11",7507.0,4.0,4.0,SSD,No especificado,0,14.0,https://www.elektra.mx/portatil-asus-vivobook-go-14-4-gb-ram-256-gb-ssd-windows-11-1302070266/p
EKT-0359,Asus,Chromebook ASUS 36 cm Celeron 4 GB RAM 386 GB Plata,7021.0,4.0,4.0,SSD,Celeron,0,,https://www.elektra.mx/chromebook-asus-36-cm-celeron-4-gb-ram-386-gb-plata-1302069865/p
EKT-0360,Lenovo,"Portátil Lenovo 2026 Ryzen 3 8 GB 256 GB 156\"" FHD Windows 11 Pro",11952.0,8.0,8.0,SSD,Ryzen 3,0,,https://www.elektra.mx/portatil-lenovo-2026-ryzen-3-8-gb-256-gb-156-fhd-windows-11-pro-1302069690/p
EKT-0361,Hp,"Portátil HP Pavilion 156"" N100 8 GB RAM 256 GB SSD",11704.0,8.0,8.0,SSD,No especificado,0,56.0,https://www.elektra.mx/portatil-hp-pavilion-156-n100-8-gb-ram-256-gb-ssd-1302069637/p
EKT-0362,Hp,"Portátil HP Pavilion 156"" FHD 16 GB de RAM 512 GB SSD",7123.0,16.0,16.0,SSD,No especificado,0,56.0,https://www.elektra.mx/portatil-hp-pavilion-156-fhd-16-gb-de-ram-512-gb-ssd-1302069445/p
EKT-0363,Hp,Laptop hp 15-fd0183wm core i7 1355u 16gb 1tb pantalla 15.6,18999.0,16.0,16.0,SSD,Core I7,0,,https://www.elektra.mx/laptop-hp-15-fd0183wm-core-i7-1355u-16gb-1tb-pantalla-156-1302069245/p
EKT-0364,Hp,LAPTOP HP 15-FD0131WM COLOR PLATA 15in/Intel Core i3-N305/8GB/SSD/256GB/Windows 11,10099.0,8.0,8.0,SSD,Core I3,0,,https://www.elektra.mx/laptop-hp-15-fd0131wm-color-plata-15inintel-core-i3-n3058gbssd256gbwindows-11-1302067071/p
EKT-0365,Apple,"Apple MacBook Air 13"" Chip M1 8GB RAM 128GB SSD",8499.0,8.0,8.0,SSD,No especificado,0,13.0,https://www.elektra.mx/apple-macbook-air-13-chip-m1-8gb-ram-128gb-ssd-1302067009/p
EKT-0366,Lenovo,"Laptop Lenovo Slim 3i 15.6"" Intel Core i3-N305 8GB RAM 128GB UFS Windows 11 + Teclado y Mouse",8599.0,8.0,8.0,SSD,Core I3,0,15.6,https://www.elektra.mx/laptop-lenovo-slim-3i-156-intel-core-i3-n305-8gb-ram-128gb-ufs-windows-11-teclado-y-mouse-1302066910/p
EKT-0367,Lenovo,"Laptop Lenovo Slim 3i 15.6"" Intel Core i3-N305 8GB RAM 128GB UFS Windows 11 con Mochila y Mouse",8599.0,8.0,8.0,SSD,Core I3,0,15.6,https://www.elektra.mx/laptop-lenovo-slim-3i-156-intel-core-i3-n305-8gb-ram-128gb-ufs-windows-11-con-mochila-y-mouse-1302066909/p
EKT-0368,Hp,Portátil Hp Omnibook3 14-hu0050la Core I5 8gb Ram 512gb Ssd,11999.0,8.0,8.0,SSD,Core I5,0,,https://www.elektra.mx/portatil-hp-omnibook3-14-hu0050la-core-i5-8gb-ram-512gb-ssd-1302065140/p
EKT-0369,Hp,"HP Omnibook 3 (16-BY0205DX) 16"" 2K Ryzen 5 16GB 256GB SSD W11 Plata",12599.0,16.0,16.0,SSD,Ryzen 5,0,16.0,https://www.elektra.mx/hp-omnibook-3-16-by0205dx-16-2k-ryzen-5-16gb-256gb-ssd-w11-plata-1302064941/p
EKT-0370,Lenovo,Laptop Lenovo Idea Pad Slim 3 Core i5 RAM 8GB SSD 512GB,9999.0,8.0,8.0,SSD,Core I5,0,,https://www.elektra.mx/laptop-lenovo-idea-pad-slim-3-intel-i5-ram-8gb-ssd-512gb-1302064925/p
EKT-0371,Lenovo,Lenovo IdeaPad Slim 3 Touch AMD Ryzen 7 512GB SSD 16GB DDR5 Ram Windows 11 con Mouse,15259.0,512.0,512.0,SSD,Ryzen 7,0,,https://www.elektra.mx/lenovo-ideapad-slim-3-touch-amd-ryzen-7-512gb-ssd-16gb-ddr5-ram-windows-11-con-mouse-1302062620/p
EKT-0372,Acer,"Laptop Acer Aspire Lite 15.6"" FHD Intel Core 3 N350 8GB RAM 128GB SSD Windows 11 Home Light Silver",7949.0,8.0,8.0,SSD,Core 3,0,15.6,https://www.elektra.mx/laptop-acer-aspire-lite-156-fhd-intel-core-3-n350-8gb-ram-128gb-ssd-windows-11-home-light-silver-1302061352/p
EKT-0373,Apple,Apple MacBook Pro de 13 pulgadas con Touch Bar RENOVADO,15026.0,,,SSD,No especificado,0,13.0,https://www.elektra.mx/apple-macbook-pro-de-13-pulgadas-con-touch-bar-renovado-1302060914/p
EKT-0374,Lenovo,"Portátil Lenovo IdeaPad 1i 156"" i5 8 GB 256 GB SSD",11829.0,8.0,8.0,SSD,No especificado,0,56.0,https://www.elektra.mx/portatil-lenovo-ideapad-1i-156-i5-8-gb-256-gb-ssd-1302058954/p
EKT-0375,Acer,"Portátil Acer Aspire Go 15 de 156"" con Ryzen 5 y SSD de 512 GB",11294.0,512.0,512.0,SSD,Ryzen 5,0,56.0,https://www.elektra.mx/portatil-acer-aspire-go-15-de-156-con-ryzen-5-y-ssd-de-512-gb-1302058826/p
EKT-0376,Asus,"Chromebook ASUS de 105"" 8 GB 128 GB eMMC ChromeOS CM3001DM2A",7267.0,8.0,8.0,SSD,No especificado,0,5.0,https://www.elektra.mx/chromebook-asus-de-105-8-gb-128-gb-emmc-chromeos-cm3001dm2a-1302058823/p
EKT-0377,Hp,"Chromebook HP Fortis G1m 116"" 8 GB RAM 64 GB eMMC negro",9442.0,8.0,8.0,SSD,No especificado,0,16.0,https://www.elektra.mx/chromebook-hp-fortis-g1m-116-8-gb-ram-64-gb-emmc-negro-1302058720/p
EKT-0378,Acer,Laptop acer aspire go ryzen 7 7730u 16gb 512gb pantalla 15.6,15999.0,16.0,16.0,SSD,Ryzen 7,0,,https://www.elektra.mx/laptop-acer-aspire-go-ryzen-7-7730u-16gb-512gb-pantalla-156-1302057986/p
EKT-0379,Hp,"Laptop ia pc hp omnibook x core ultra 5 226v 16gb 512gb 14""",18999.0,16.0,16.0,SSD,No especificado,0,14.0,https://www.elektra.mx/laptop-ia-pc-hp-omnibook-x-core-ultra-5-226v-16gb-512gb-14-1302057949/p
EKT-0380,Hp,"Laptop ia pc hp omnibook 3 core ultra 7 255u 16gb 512gb 17.3""",19899.0,16.0,16.0,SSD,No especificado,0,17.3,https://www.elektra.mx/laptop-ia-pc-hp-omnibook-3-core-ultra-7-255u-16gb-512gb-173-1302057930/p
EKT-0381,Apple,"Apple MacBook Air 13.3"" Retina M1 8GB RAM 256GB SSD Plata (Reacondicionada) - MGN93LL/A",9399.0,8.0,8.0,SSD,No especificado,0,13.3,https://www.elektra.mx/apple-macbook-air-133-retina-m1-8gb-ram-256gb-ssd-plata-reacondicionada-mgn93lla-1302057803/p
EKT-0382,Hp,"Laptop ia pc hp 15 core ultra 7 255u 16gb 512gb 15.6"" touch",18399.0,16.0,16.0,SSD,No especificado,0,15.6,https://www.elektra.mx/laptop-ia-pc-hp-15-core-ultra-7-255u-16gb-512gb-156-touch-1302056485/p
EKT-0383,Lenovo,"Laptop lenovo ideapad slim 5i core i7 240h 16gb 1tb 16"" touch",19899.0,16.0,16.0,SSD,Core I7,0,16.0,https://www.elektra.mx/laptop-lenovo-ideapad-slim-5i-core-i7-240h-16gb-1tb-16-touch-1302056438/p
EKT-0384,Asus,"Laptop asus vivobook 15 core 7 150u 16gb 1tb pantalla 15.6""",18999.0,16.0,16.0,SSD,Core 7,0,15.6,https://www.elektra.mx/laptop-asus-vivobook-15-core-7-150u-16gb-1tb-pantalla-156-1302056391/p
EKT-0385,Lenovo,"Laptop lenovo ideapad slim 3 core i5 1335u 16gb 256gb 15.6""",12999.0,16.0,16.0,SSD,Core I5,0,15.6,https://www.elektra.mx/laptop-lenovo-ideapad-slim-3-core-i5-1335u-16gb-256gb-156-1302056154/p
EKT-0386,Hp,"Portátil HP Stream 14"" N150 4 GB RAM 112 TB Azul Cielo",8143.0,4.0,4.0,SSD,No especificado,0,14.0,https://www.elektra.mx/portatil-hp-stream-14-n150-4-gb-ram-112-tb-azul-cielo-1302055661/p
EKT-0387,Hp,HP OmniBook 5 Laptop AI 16-af1050la,24549.0,,,SSD,No especificado,0,,https://www.elektra.mx/hp-omnibook-5-laptop-ai-16-af1050la-1302055477/p
EKT-0388,Hp,Portátil HP 32 GB RAM 1 TB SSD +128 GB Intel Copilot IA,15001.0,32.0,32.0,SSD,No especificado,0,,https://www.elektra.mx/portatil-hp-32-gb-ram-1-tb-ssd-128-gb-intel-copilot-ia-1302054041/p
EKT-0389,Hp,"Portátil HP 173"" Touch N100 8 GB RAM 128 GB UFS",15253.0,8.0,8.0,SSD,No especificado,0,73.0,https://www.elektra.mx/portatil-hp-173-touch-n100-8-gb-ram-128-gb-ufs-1302053204/p
EKT-0390,Hp,"Portátil HP 156"" i3-N305 8 GB RAM 256 GB SSD Win11",8734.0,8.0,8.0,SSD,No especificado,0,56.0,https://www.elektra.mx/portatil-hp-156-i3-n305-8-gb-ram-256-gb-ssd-win11-1302053033/p
EKT-0391,Dell,Laptop Dell 15-DC15250 Touch Intel Core i5-1334u 512GB SSD 8GB RAM Black W11 con Mouse,12899.0,512.0,512.0,SSD,Core I5,0,,https://www.elektra.mx/laptop-dell-15-dc15250-touch-intel-core-i5-1334u-512gb-ssd-8gb-ram-black-w11-con-mouse-1302050641/p
EKT-0392,Dell,Laptop Dell 15-DC15250 Touch Intel Core i5-1334u 512GB SSD 8GB RAM Black W11 con Mouse y Teclado,13199.0,512.0,512.0,SSD,Core I5,0,,https://www.elektra.mx/laptop-dell-15-dc15250-touch-intel-core-i5-1334u-512gb-ssd-8gb-ram-black-w11-con-mouse-y-teclado-1302050620/p
EKT-0393,Hp,"Laptop hp 250r g10 core i5 120u 16gb 512gb pantalla 15.6""",16999.0,16.0,16.0,SSD,Core I5,0,15.6,https://www.elektra.mx/laptop-hp-250r-g10-core-i5-120u-16gb-512gb-pantalla-156-1302050573/p
EKT-0394,Acer,"Laptop ia pc acer swift go 16 ryzen ai 9 465 32gb 1tb 16""",28999.0,32.0,32.0,SSD,No especificado,0,16.0,https://www.elektra.mx/laptop-ia-pc-acer-swift-go-16-ryzen-ai-9-465-32gb-1tb-16-1302050567/p
EKT-0395,Dell,"Laptop dell 15 dc15255 ryzen 7 7730u 16gb 1tb pantalla 15.6""",19999.0,16.0,16.0,SSD,Ryzen 7,0,15.6,https://www.elektra.mx/laptop-dell-15-dc15255-ryzen-7-7730u-16gb-1tb-pantalla-156-1302050516/p
EKT-0396,Dell,"Laptop dell 16 dc16255 ryzen 7 250 16gb 512gb pantalla 16""",19999.0,16.0,16.0,SSD,Ryzen 7,0,16.0,https://www.elektra.mx/laptop-dell-16-dc16255-ryzen-7-250-16gb-512gb-pantalla-16-1302050443/p
EKT-0397,Acer,"Laptop ai pc acer aspire 14 core ultra 7 258v npu 40 tops 32gb 1tb 14""",23999.0,32.0,32.0,SSD,No especificado,0,14.0,https://www.elektra.mx/laptop-ai-pc-acer-aspire-14-core-ultra-7-258v-npu-40-tops-32gb-1tb-14-1302050297/p
EKT-0398,Lenovo,Portátil Lenovo IdeaPad Slim 3 394 cm Ryzen 5 8 GB 256 GB SSD,12180.0,8.0,8.0,SSD,Ryzen 5,0,,https://www.elektra.mx/portatil-lenovo-ideapad-slim-3-394-cm-ryzen-5-8-gb-256-gb-ssd-1302049430/p
EKT-0399,Lenovo,"Portátil Lenovo IdeaPad 3i 15.6"" i3 8 GB 288 GB Windows 11 Pro",12116.0,8.0,8.0,SSD,No especificado,0,15.6,https://www.elektra.mx/portatil-lenovo-ideapad-3i-156-i3-8-gb-288-gb-windows-11-pro-1302049252/p
EKT-0400,Lenovo,"Portátil Lenovo IdeaPad 15.6"" i3-N305 8 GB 1.12 TB Windows 11 Pro",12361.0,8.0,8.0,SSD,No especificado,0,15.6,https://www.elektra.mx/portatil-lenovo-ideapad-156-i3-n305-8-gb-112-tb-windows-11-pro-1302049225/p
EKT-0401,Hp,Portátil HP 15 de 156 pulgadas con pantalla táctil i5‑1334U 16 GB RAM y SSD de 512 GB,10571.0,16.0,16.0,SSD,No especificado,0,56.0,https://www.elektra.mx/portatil-hp-15-de-156-pulgadas-con-pantalla-tactil-i51334u-16-gb-ram-y-ssd-de-512-gb-1302046715/p
EKT-0402,Hp,"Laptop hp 250r g10 core i5 120u 24gb 512gb pantalla 15.6""",17499.0,24.0,24.0,SSD,Core I5,0,15.6,https://www.elektra.mx/laptop-hp-250r-g10-core-i5-120u-24gb-512gb-pantalla-156-1302042286/p
EKT-0403,Hp,"Laptop hp 245 g10 ryzen 7 7730u 24gb 512gb pantalla 14"" ips",21199.0,24.0,24.0,SSD,Ryzen 7,0,14.0,https://www.elektra.mx/laptop-hp-245-g10-ryzen-7-7730u-24gb-512gb-pantalla-14-ips-1302042284/p
EKT-0404,Apple,"Portátil Apple MacBook Pro 13"" 8 GB 512 GB SSD Plateado",10815.0,8.0,8.0,SSD,No especificado,0,13.0,https://www.elektra.mx/portatil-apple-macbook-pro-13-8-gb-512-gb-ssd-plateado-1302042144/p
EKT-0405,Lenovo,"Laptop Lenovo IdeaPad 5 14"" Táctil Ryzen AI 7 350 16GB RAM 1TB SSD",25999.0,16.0,16.0,SSD,No especificado,0,14.0,https://www.elektra.mx/laptop-lenovo-ideapad-5-14-tactil-ryzen-ai-7-350-16gb-ram-1tb-ssd-1302041152/p
EKT-0406,Lenovo,Laptop Lenovo IdeaPad Slim 3 Intel Core i5-13420H 16GB DDR5 1TB SSD,15999.0,16.0,16.0,SSD,Core I5,0,,https://www.elektra.mx/laptop-lenovo-ideapad-slim-3-intel-core-i5-13420h-16gb-ddr5-1tb-ssd-1302041146/p
EKT-0407,Lenovo,Laptop Lenovo IdeaPad Slim 3 Intel Core i5-13420H 16GB DDR5 1.5 TB SSD,18999.0,16.0,16.0,SSD,Core I5,0,,https://www.elektra.mx/laptop-lenovo-ideapad-slim-3-intel-core-i5-13420h-16gb-ddr5-15-tb-ssd-1302041142/p
EKT-0408,Lenovo,Laptop Lenovo IdeaPad Slim 3 Intel Core i5-13420H 8GB DDR5 512GB SSD,11499.0,8.0,8.0,SSD,Core I5,0,,https://www.elektra.mx/laptop-lenovo-ideapad-slim-3-intel-core-i5-13420h-8gb-ddr5-512gb-ssd-1302041139/p
EKT-0409,Lenovo,Laptop Lenovo IdeaPad Slim 3 Intel Core i5-13420H 24 DDR5 1.5 TB SSD,20999.0,,5120.0,SSD,Core I5,0,,https://www.elektra.mx/laptop-lenovo-ideapad-slim-3-intel-core-i5-13420h-24-ddr5-15-tb-ssd-1302041137/p
EKT-0410,Lenovo,"Laptop Lenovo IdeaPad 5 14"" Táctil Ryzen AI 7 350, 16GB RAM 512GB SSD",20999.0,16.0,16.0,SSD,No especificado,0,14.0,https://www.elektra.mx/laptop-lenovo-ideapad-5-14-tactil-ryzen-ai-7-350-16gb-ram-512gb-ssd-1302041129/p
EKT-0411,Asus,Laptop ASUS ExpertBook Ultra B91 Intel Core Ultra 7 32GB RAM 1TB SSD,51999.0,32.0,32.0,SSD,No especificado,0,,https://www.elektra.mx/laptop-asus-expertbook-ultra-b91-intel-core-ultra-7-32gb-ram-1tb-ssd-1302041115/p
EKT-0412,Lenovo,Laptop Lenovo IdeaPad Slim 3 Intel Core i5-13420H 16GB DDR5 512GB SSD,14399.0,16.0,16.0,SSD,Core I5,0,,https://www.elektra.mx/laptop-lenovo-ideapad-slim-3-intel-core-i5-13420h-16gb-ddr5-512gb-ssd-1302041111/p
EKT-0413,Lenovo,Laptop Lenovo IdeaPad Slim 3 Intel Core i5-13420H 24 DDR5 1 TB SSD,16999.0,,1024.0,SSD,Core I5,0,,https://www.elektra.mx/laptop-lenovo-ideapad-slim-3-intel-core-i5-13420h-24-ddr5-1-tb-ssd-1302041107/p
EKT-0414,Lenovo,Laptop Lenovo Idea Pad Slim 3 Intel i5 RAM 8GB SSD 512GB más mochila,11399.0,8.0,8.0,SSD,No especificado,0,,https://www.elektra.mx/laptop-lenovo-idea-pad-slim-3-intel-i5-ram-8gb-ssd-512gb-mas-mochila-1302041106/p
EKT-0415,Hp,"Laptop HP 245 G10 14"" HD, AMD Ryzen 3 7330U, 16GB RAM, 1TB SSD",11599.0,16.0,16.0,SSD,Ryzen 3,0,14.0,https://www.elektra.mx/laptop-hp-245-g10-14-hd-amd-ryzen-3-7330u-16gb-ram-1tb-ssd-1302041073/p
EKT-0416,Hp,"Laptop HP 255R G10 15.6"" FHD Ryzen 5 7535U 8GB 512GB SSD",9399.0,8.0,8.0,SSD,Ryzen 5,0,15.6,https://www.elektra.mx/laptop-hp-255r-g10-156-fhd-ryzen-5-7535u-8gb-512gb-ssd-1302041072/p
EKT-0417,Hp,Laptop Gamer HP Victus Ryzen 7 7445HS 8GB DDR5 512GB SSD RTX 3050,16999.0,8.0,8.0,SSD,Ryzen 7,1,,https://www.elektra.mx/laptop-gamer-hp-victus-ryzen-7-7445hs-8gb-ddr5-512gb-ssd-rtx-3050-1302041066/p
EKT-0418,Hp,"Laptop HP 245 G10 14"" HD Ryzen 3 7330U 8GB 512GB SSD",8599.0,8.0,8.0,SSD,Ryzen 3,0,14.0,https://www.elektra.mx/laptop-hp-245-g10-14-hd-ryzen-3-7330u-8gb-512gb-ssd-1302041056/p
EKT-0419,Hp,"Laptop HP 255R G10 15.6"" FHD Ryzen 5 7535U 16GB 1TB SSD",14199.0,16.0,16.0,SSD,Ryzen 5,0,15.6,https://www.elektra.mx/laptop-hp-255r-g10-156-fhd-ryzen-5-7535u-16gb-1tb-ssd-1302041053/p
EKT-0420,Hp,"Laptop HP 245 G10 14 "" HD, Ryzen 7 7730U, 16GB RAM, 512GB SSD.",13899.0,16.0,16.0,SSD,Ryzen 7,0,14.0,https://www.elektra.mx/laptop-hp-245-g10-14-hd-ryzen-7-7730u-16gb-ram-512gb-ssd-1302041048/p
EKT-0421,Hp,"Laptop HP 245 G10 14"" HD Ryzen 3 7330U 8GB RAM 512GB SSD",6999.0,8.0,8.0,SSD,Ryzen 3,0,14.0,https://www.elektra.mx/laptop-hp-245-g10-14-hd-ryzen-3-7330u-8gb-ram-512gb-ssd-1302041031/p
EKT-0422,Hp,Laptop Gamer HP Victus Ryzen 7 7445HS 8GB DDR5 512GB SSD RTX 3050 W11,18499.0,8.0,8.0,SSD,Ryzen 7,1,,https://www.elektra.mx/laptop-gamer-hp-victus-ryzen-7-7445hs-8gb-ddr5-512gb-ssd-rtx-3050-w11-1302041030/p
EKT-0423,Hp,Laptop Gamer HP Victus Ryzen 7 7445HS 24GB DDR5 1TB SSD RTX 3050 W11,24999.0,24.0,24.0,SSD,Ryzen 7,1,,https://www.elektra.mx/laptop-gamer-hp-victus-ryzen-7-7445hs-24gb-ddr5-1tb-ssd-rtx-3050-w11-1302041028/p
EKT-0424,Hp,Laptop Gamer HP Victus Ryzen 7 7445HS 32 DDR5 1TB SSD RTX 3050 W11,28599.0,,1024.0,SSD,Ryzen 7,1,,https://www.elektra.mx/laptop-gamer-hp-victus-ryzen-7-7445hs-32-ddr5-1tb-ssd-rtx-3050-w11-1302041020/p
EKT-0425,Hp,"Laptop HP 245 G10 14 "" HD, Ryzen 7 7730U, 16 RAM, 1TB SSD",15999.0,,1024.0,SSD,Ryzen 7,0,14.0,https://www.elektra.mx/laptop-hp-245-g10-14-hd-ryzen-7-7730u-16-ram-1tb-ssd-1302041017/p
EKT-0426,Hp,Laptop Gamer HP Victus Ryzen 7 7445HS 16GB DDR5 1TB SSD RTX 3050 W11,22999.0,16.0,16.0,SSD,Ryzen 7,1,,https://www.elektra.mx/laptop-gamer-hp-victus-ryzen-7-7445hs-16gb-ddr5-1tb-ssd-rtx-3050-w11-1302041015/p
EKT-0427,Hp,Laptop Gamer HP Victus Ryzen 7 7445HS 24GB DDR5 512 SSD RTX 3050 W11,22999.0,24.0,24.0,SSD,Ryzen 7,1,,https://www.elektra.mx/laptop-gamer-hp-victus-ryzen-7-7445hs-24gb-ddr5-512-ssd-rtx-3050-w11-1302041007/p
EKT-0428,Hp,"Laptop HP 245 G10 14"" HD, AMD Ryzen 3 7330U, 16GB RAM, 512GB SSD",9499.0,16.0,16.0,SSD,Ryzen 3,0,14.0,https://www.elektra.mx/laptop-hp-245-g10-14-hd-amd-ryzen-3-7330u-16gb-ram-512gb-ssd-1302041005/p
EKT-0429,Hp,"Laptop HP 255R G10 15.6"" FHD Ryzen 5 7535U 16GB 512GB SSD",11999.0,16.0,16.0,SSD,Ryzen 5,0,15.6,https://www.elektra.mx/laptop-hp-255r-g10-156-fhd-ryzen-5-7535u-16gb-512gb-ssd-1302040990/p
EKT-0430,Asus,Laptop Gamer ASUS TUF Gaming A15 Ryzen 7 7445HS 16GB 512GB RTX 3050,17999.0,16.0,16.0,SSD,Ryzen 7,1,,https://www.elektra.mx/laptop-gamer-asus-tuf-gaming-a15-ryzen-7-7445hs-16gb-512gb-rtx-3050-1302040985/p
EKT-0431,Apple,"Apple MacBook Air M1 13.3"" 8GB RAM 128GB SSD Gris Espacial (Reacondicionado)",8499.0,8.0,8.0,SSD,No especificado,0,13.3,https://www.elektra.mx/apple-macbook-air-m1-133-8gb-ram-128gb-ssd-gris-espacial-reacondicionado-1302040438/p
EKT-0432,Dell,"Laptop dell dc16251 core i7 150u 16gb 1tb pantalla 16"" touch",24999.0,16.0,16.0,SSD,Core I7,0,16.0,https://www.elektra.mx/laptop-dell-dc16251-core-i7-150u-16gb-1tb-pantalla-16-touch-1302038644/p
EKT-0433,Dell,Laptop dell pro 14 essential ryzen 5 8gb 512gb pantalla 14,11999.0,8.0,8.0,SSD,Ryzen 5,0,,https://www.elektra.mx/laptop-dell-pro-14-essential-ryzen-5-8gb-512gb-pantalla-14-1302038641/p
EKT-0434,Hp,"HP OmniBook 3 17.3"" FHD Laptop - Intel Core Ultra 7 - 16GB RAM - 512GB SSD - Win11 - Silver",15659.0,16.0,16.0,SSD,No especificado,0,17.3,https://www.elektra.mx/hp-omnibook-3-173-fhd-laptop-intel-core-ultra-7-16gb-ram-512gb-ssd-win11-silver-1302037649/p
EKT-0435,Dell,Dell Slim Desktop ECS1250 Intel UHD Grap,11499.0,,,SSD,No especificado,0,,https://www.elektra.mx/dell-slim-desktop-ecs1250-intel-uhd-grap-1302037648/p
EKT-0436,Hp,"HP 15.6"" Laptop AI Intel Core Ultra 5 225U - 8GB RAM - 256GB SSD - Win 11",10659.0,8.0,8.0,SSD,No especificado,0,15.6,https://www.elektra.mx/hp-156-laptop-ai-intel-core-ultra-5-225u-8gb-ram-256gb-ssd-win-11-1302037647/p
EKT-0437,Hp,"HP OmniBook 3 16"" Touch 2K AMD Ryzen 5-40 8 GB 256 GB Glacier Silver",9759.0,8.0,8.0,SSD,Ryzen 5,0,16.0,https://www.elektra.mx/hp-omnibook-3-16-touch-2k-amd-ryzen-5-40-8-gb-256-gb-glacier-silver-1302037646/p
EKT-0438,Hp,Laptop HP 15 FD2050 15.6 Pulgadas Touch Core Ultra 5 255U 8GB RAM 512GB SSD Windows 11,11359.0,8.0,8.0,SSD,No especificado,0,15.6,https://www.elektra.mx/laptop-hp-15-fd2050-156-pulgadas-touch-core-ultra-5-255u-8gb-ram-512gb-ssd-windows-11-1302037642/p
EKT-0439,Hp,"HP - OmniBook X Flip 2-in-1 - 14"" 2K OLED Touchscreen Laptop - Intel Core Ultra 7 (2026) - 16GB Memory - 1TB SSD - Copilot+ - Meteor Silver",23799.0,16.0,16.0,SSD,No especificado,0,14.0,https://www.elektra.mx/hp-omnibook-x-flip-2-in-1-14-2k-oled-touchscreen-laptop-intel-core-ultra-7-2026-16gb-memory-1tb-ssd-copilot-meteor-silver-1302037641/p
EKT-0440,Lenovo,"Lenovo IdeaPad Slim 3i 15.6"" FHD Laptop - Intel Core i3-N305 - 8GB RAM - 128GB UFS - WIN11- Grey",7259.0,8.0,8.0,SSD,Core I3,0,15.6,https://www.elektra.mx/lenovo-ideapad-slim-3i-156-fhd-laptop-intel-core-i3-n305-8gb-ram-128gb-ufs-win11-grey-1302037640/p
EKT-0441,Hp,Laptop HP 245 G10 AMD Ryzen3 8GB RAM 256GB,8999.0,8.0,8.0,SSD,Ryzen3,0,,https://www.elektra.mx/laptop-hp-245-g10-amd-ryzen3-8gb-ram-256gb-28012001/p
EKT-0442,Hp,"Notebook HP 17 Ryzen 3 5300U 4GB 256GB SSD 17.3"" HD+",10603.0,4.0,4.0,SSD,Ryzen 3,0,17.3,https://www.elektra.mx/notebook-hp-17-ryzen-3-5300u-4gb-256gb-ssd-173-hd-1302034853/p
EKT-0443,Apple,"Apple MacBook Air 13.3"" Core M1 8GB 256GB (Reacondicionado)",9799.0,8.0,8.0,SSD,No especificado,0,13.3,https://www.elektra.mx/apple-macbook-air-133-core-m1-8gb-256gb-reacondicionado-1302033640/p
EKT-0444,Hp,"Laptop hp 15 core i7 150u 16gb 1tb pantalla 15.6"" w11h plata",18999.0,16.0,16.0,SSD,Core I7,0,15.6,https://www.elektra.mx/laptop-hp-15-core-i7-150u-16gb-1tb-pantalla-156-w11h-plata-1302032953/p
EKT-0445,Apple,"Laptop apple macbook neo chip a18 pro 8gb 512gb pantalla 13""",21599.0,8.0,8.0,SSD,No especificado,0,13.0,https://www.elektra.mx/laptop-apple-macbook-neo-chip-a18-pro-8gb-512gb-pantalla-13-1302032898/p
EKT-0446,Hp,"Portátil HP 15.6"" con pantalla táctil Intel Core i3 16 GB RAM SSD de 256 GB",7767.0,16.0,16.0,SSD,Core I3,0,15.6,https://www.elektra.mx/portatil-hp-156-con-pantalla-tactil-intel-core-i3-16-gb-ram-ssd-de-256-gb-1302032428/p
EKT-0447,Lenovo,"Lenovo 14e Chromebook de 14"" pantalla táctil - Full HD - Intel N-Series N100 - 8 GB - 64 GB de memoria flash - Teclado en inglés - Gris tormenta -",11691.0,8.0,8.0,SSD,No especificado,0,14.0,https://www.elektra.mx/lenovo-14e-chromebook-de-14-pantalla-tactil-full-hd-intel-n-series-n100-8-gb-64-gb-de-memoria-flash-teclado-en-ingles-gris-tormenta-1302030969/p
EKT-0448,Hp,"Portátil HP 14"" Delgado y Ligero Intel 8 GB RAM 128 GB SSD Windows 11",10248.0,8.0,8.0,SSD,No especificado,0,14.0,https://www.elektra.mx/portatil-hp-14-delgado-y-ligero-intel-8-gb-ram-128-gb-ssd-windows-11-1302028630/p
EKT-0449,Lenovo,"Portátil Lenovo IdeaPad de 14"" con 36 GB de RAM 1 TB SSD y Windows 11",12570.0,36.0,36.0,SSD,No especificado,0,14.0,https://www.elektra.mx/portatil-lenovo-ideapad-de-14-con-36-gb-de-ram-1-tb-ssd-y-windows-11-1302028478/p
EKT-0450,Lenovo,"Portátil Lenovo 156"" 20 GB RAM 1 TB SSD Windows 11 Gris",12570.0,20.0,20.0,SSD,No especificado,0,56.0,https://www.elektra.mx/portatil-lenovo-156-20-gb-ram-1-tb-ssd-windows-11-gris-1302028467/p
EKT-0451,Asus,"ASUS TUF F16 16.0"" WUXGA 8GB RAM 512GB SSD INTEL 5 210H W11 HOME RTX4050 MECHA GRAY",22299.0,8.0,8.0,SSD,No especificado,1,16.0,https://www.elektra.mx/asus-tuf-f16-160-wuxga-8gb-ram-512gb-ssd-intel-5-210h-w11-home-rtx4050-mecha-gray-1302028225/p
EKT-0452,Asus,"ASUS GAMING A16 16.0""WUXGA 16GB RAM 512GB SSD RYZEN 7 170 W11 RTX4050 MECHA GRAY",22839.0,16.0,16.0,SSD,Ryzen 7,1,16.0,https://www.elektra.mx/asus-gaming-a16-160wuxga-16gb-ram-512gb-ssd-ryzen-7-170-w11-rtx4050-mecha-gray-1302028208/p
EKT-0453,Acer,"ACER PREDATOR HELIOS NEO 16"" OLED 32GB RAM 1TB SSD CORE ULTRA 9 275HX W11 HOME RTX 5070 OBSIDIANBLACK",48949.0,32.0,32.0,SSD,No especificado,1,16.0,https://www.elektra.mx/acer-predator-helios-neo-16-oled-32gb-ram-1tb-ssd-core-ultra-9-275hx-w11-home-rtx-5070-obsidianblack-1302028207/p
EKT-0454,Lenovo,"Laptop Lenovo IdeaPad Slim 3 Core i5-1335U 16GB RAM 256GB SSD W11 con Mouse, teclado",12799.0,16.0,16.0,SSD,Core I5,0,,https://www.elektra.mx/laptop-lenovo-ideapad-slim-3-core-i5-1335u-16gb-ram-256gb-ssd-w11-con-mouse-teclado-y-colores-1302026233/p
EKT-0455,Lenovo,Laptop Lenovo Ideapad Slim 3 Intel Core i5 16GB RAM 256GB SSD W11 con Mouse,12799.0,16.0,16.0,SSD,Core I5,0,,https://www.elektra.mx/laptop-lenovo-ideapad-slim-3-intel-core-i5-16gb-ram-256gb-ssd-w11-con-mouse-y-plumones-1302026211/p
EKT-0456,Lenovo,Laptop Lenovo Ideapad Slim 3 Intel Core i5 16GB RAM 256GB SSD W11 con Impresora Multifuncional HP y Mouse,14799.0,16.0,16.0,SSD,Core I5,0,,https://www.elektra.mx/laptop-lenovo-ideapad-slim-3-intel-core-i5-16gb-ram-256gb-ssd-w11-con-impresora-multifuncional-hp-y-mouse-1302026172/p
EKT-0457,Hp,"Laptop ia pc hp omnibook 5 ryzen ai 7 350 npu 16gb 1tb 16""",17499.0,16.0,16.0,SSD,No especificado,0,16.0,https://www.elektra.mx/laptop-ia-pc-hp-omnibook-5-ryzen-ai-7-350-npu-16gb-1tb-16-1302026029/p
EKT-0458,Hp,"HP Laptop 250 G10 15.6"" Full HD Intel Core i5 8GB RAM 512GB SSD Windows 11 Home",10939.0,8.0,8.0,SSD,Core I5,0,15.6,https://www.elektra.mx/hp-laptop-250-g10-156-full-hd-intel-core-i5-8gb-ram-512gb-ssd-windows-11-home-1302023255/p
EKT-0459,Hp,"Laptop hp 250r g10 core i5 120u 8gb ssd 512gb pantalla 15.6""",14499.0,8.0,8.0,SSD,Core I5,0,15.6,https://www.elektra.mx/laptop-hp-250r-g10-core-i5-120u-8gb-ssd-512gb-pantalla-156-1302019397/p
EKT-0460,Hp,"Laptop hp 240r g10 intel core i5 120u 8gb 512gb pantalla 14""",13999.0,8.0,8.0,SSD,Core I5,0,14.0,https://www.elektra.mx/laptop-hp-240r-g10-intel-core-i5-120u-8gb-512gb-pantalla-14-1302019382/p
EKT-0461,Asus,"Laptop asus vivobook 15 ryzen 5 8gb 512gb 15.6"" ips español",11599.0,8.0,8.0,SSD,Ryzen 5,0,15.6,https://www.elektra.mx/laptop-asus-vivobook-15-ryzen-5-8gb-512gb-156-ips-espanol-1302019362/p
EKT-0462,Hp,"Portátil HP 14"" i3 8 GB RAM 128 GB UFS con Windows 11 y Office 365",8862.0,8.0,8.0,SSD,No especificado,0,14.0,https://www.elektra.mx/portatil-hp-14-i3-8-gb-ram-128-gb-ufs-con-windows-11-y-office-365-1302014370/p
EKT-0463,Hp,"Portátil HP 14"" i3 4 GB RAM 128 GB UFS Windows 11 Office 365",7151.0,4.0,4.0,SSD,No especificado,0,14.0,https://www.elektra.mx/portatil-hp-14-i3-4-gb-ram-128-gb-ufs-windows-11-office-365-1302014319/p
EKT-0464,Hp,Portátil HP 14 Intel i3 4 GB RAM 128 GB UFS Windows 11,6947.0,4.0,4.0,SSD,No especificado,0,,https://www.elektra.mx/portatil-hp-14-intel-i3-4-gb-ram-128-gb-ufs-windows-11-1302014317/p
EKT-0465,Hp,Portátil HP 356 cm Intel N150 128 GB SSD Win11 Lavanda Miel,8728.0,128.0,128.0,SSD,Intel N150,0,,https://www.elektra.mx/portatil-hp-356-cm-intel-n150-128-gb-ssd-win11-lavanda-miel-1302012602/p
EKT-0466,Hp,"Portátil HP 14"" N150 4 GB RAM 128 GB SSD + Office 365",7741.0,4.0,4.0,SSD,No especificado,0,14.0,https://www.elektra.mx/portatil-hp-14-n150-4-gb-ram-128-gb-ssd-office-365-1302012594/p
EKT-0467,Hp,"Portátil HP Stream 14"" 16 GB RAM 116 TB Windows 11 S Morado",9911.0,16.0,16.0,SSD,No especificado,0,14.0,https://www.elektra.mx/portatil-hp-stream-14-16-gb-ram-116-tb-windows-11-s-morado-1302011134/p
EKT-0468,Acer,"Portátil Acer Aspire Lite 15.6"" 8 GB RAM 128 GB SSD Windows 11",9940.0,8.0,8.0,SSD,No especificado,0,15.6,https://www.elektra.mx/portatil-acer-aspire-lite-156-8-gb-ram-128-gb-ssd-windows-11-1302010867/p
EKT-0469,Hp,Portátil HP 36 cm Celeron 4 GB RAM 64 GB eMMC Win 11 Blanco,7639.0,4.0,4.0,SSD,Celeron,0,,https://www.elektra.mx/portatil-hp-36-cm-celeron-4-gb-ram-64-gb-emmc-win-11-blanco-1302010762/p
EKT-0470,Hp,"Portátil HP Pavilion 156"" 8 GB RAM 256 GB SSD Windows 11",11692.0,8.0,8.0,SSD,No especificado,0,56.0,https://www.elektra.mx/portatil-hp-pavilion-156-8-gb-ram-256-gb-ssd-windows-11-1302010746/p
EKT-0471,Hp,Portátil HP 356 cm Intel N150 4 GB RAM 128 GB UFS Windows 11,7151.0,4.0,4.0,SSD,Intel N150,0,,https://www.elektra.mx/portatil-hp-356-cm-intel-n150-4-gb-ram-128-gb-ufs-windows-11-1302009536/p
EKT-0472,Hp,Portátil HP 35 cm Intel N150 4 GB RAM 128 GB UFS Windows 11,7191.0,4.0,4.0,SSD,Intel N150,0,,https://www.elektra.mx/portatil-hp-35-cm-intel-n150-4-gb-ram-128-gb-ufs-windows-11-1302009352/p
EKT-0473,Hp,Portátil HP 35 cm Intel N150 4 GB RAM 128 GB UFS Windows 11,7151.0,4.0,4.0,SSD,Intel N150,0,,https://www.elektra.mx/portatil-hp-35-cm-intel-n150-4-gb-ram-128-gb-ufs-windows-11-1302009345/p
EKT-0474,Hp,"Portátil HP 14"" Intel 4 GB RAM 64 GB SSD Win11 Blanco Copo de Nieve",7741.0,4.0,4.0,SSD,No especificado,0,14.0,https://www.elektra.mx/portatil-hp-14-intel-4-gb-ram-64-gb-ssd-win11-blanco-copo-de-nieve-1302009336/p
EKT-0475,Hp,Portátil HP 35 cm Intel N150 8 GB RAM 128 GB UFS Windows 11,9107.0,8.0,8.0,SSD,Intel N150,0,,https://www.elektra.mx/portatil-hp-35-cm-intel-n150-8-gb-ram-128-gb-ufs-windows-11-1302009323/p
EKT-0476,Nido,Portátil NIMO 39 cm Intel Core i3 8 GB RAM 256 GB SSD,12529.0,8.0,8.0,SSD,Core I3,0,,https://www.elektra.mx/portatil-nimo-39-cm-intel-core-i3-8-gb-ram-256-gb-ssd-1302003137/p
EKT-0477,Hp,Portátil HP 36 cm Intel Core 4 GB RAM 64 GB SSD Win 11,7741.0,4.0,4.0,SSD,Core 4,0,,https://www.elektra.mx/portatil-hp-36-cm-intel-core-4-gb-ram-64-gb-ssd-win-11-1302002779/p
EKT-0478,Hp,"Portátil HP Stream 14"" N150 4 GB 112 TB Windows 11 Rosa",8881.0,4.0,4.0,SSD,No especificado,0,14.0,https://www.elektra.mx/portatil-hp-stream-14-n150-4-gb-112-tb-windows-11-rosa-1302002693/p
EKT-0479,Hp,"Portátil HP Stream 14"" N150 4 GB 112 TB Windows 11 Rosa Pálido",8143.0,4.0,4.0,SSD,No especificado,0,14.0,https://www.elektra.mx/portatil-hp-stream-14-n150-4-gb-112-tb-windows-11-rosa-palido-1302002678/p
EKT-0480,Hp,"Portátil HP 14"" Intel N150 4 GB RAM 128 GB UFS con Windows 11",7191.0,4.0,4.0,SSD,Intel N150,0,14.0,https://www.elektra.mx/portatil-hp-14-intel-n150-4-gb-ram-128-gb-ufs-con-windows-11-1302002667/p
EKT-0481,Hp,"Portátil HP Stream 14"" HD N150 4 GB 112 TB Wi‑Fi 6 Windows 11",8143.0,4.0,4.0,SSD,No especificado,0,14.0,https://www.elektra.mx/portatil-hp-stream-14-hd-n150-4-gb-112-tb-wifi-6-windows-11-1302002664/p
EKT-0482,Hp,"Portátil HP 14"" Intel Core 4 GB RAM 64 GB SSD Windows 11 Blanco",7216.0,4.0,4.0,SSD,Core 4,0,14.0,https://www.elektra.mx/portatil-hp-14-intel-core-4-gb-ram-64-gb-ssd-windows-11-blanco-1302002647/p
EKT-0483,Lenovo,"Chromebook Lenovo 14"" Touch 4 GB RAM 64 GB color Luna Gray",10966.0,4.0,4.0,SSD,No especificado,0,14.0,https://www.elektra.mx/chromebook-lenovo-14-touch-4-gb-ram-64-gb-color-luna-gray-1302002013/p
EKT-0484,Hp,"Portátil HP 14"" LED Intel N150 16 GB RAM 640 GB Windows 11",9775.0,16.0,16.0,SSD,Intel N150,0,14.0,https://www.elektra.mx/portatil-hp-14-led-intel-n150-16-gb-ram-640-gb-windows-11-1302000513/p
EKT-0485,Acer,Laptop Acer Aspire Lite 15 AL15-36P 15.6 FHD Intel Core 3 8GB RAM 128GB SSD Windows 11 color Silver,7999.0,8.0,8.0,SSD,Core 3,0,,https://www.elektra.mx/laptop-acer-aspire-lite-15-al15-36p-156-fhd-intel-core-3-8gb-ram-128gb-ssd-windows-11-color-silver-1301999284/p
EKT-0486,Msi,"Laptop msi modern 15 h core 9 270h 32gb 1tb pantalla 15.6""",23999.0,32.0,32.0,SSD,Core 9,0,15.6,https://www.elektra.mx/laptop-msi-modern-15-h-core-9-270h-32gb-1tb-pantalla-156-1301998620/p
EKT-0487,Hp,"Laptop hp 250 g10 core i3 n305 16gb 256gb 15.6"" + mochila",8899.0,16.0,16.0,SSD,Core I3,0,15.6,https://www.elektra.mx/laptop-hp-250-g10-core-i3-n305-16gb-256gb-156-mochila-1301998617/p
EKT-0488,Hp,"Laptop hp 250 g10 intel core i3 n305 16gb 512gb 15.6""",9499.0,16.0,16.0,SSD,Core I3,0,15.6,https://www.elektra.mx/laptop-hp-250-g10-intel-core-i3-n305-16gb-512gb-156-1301998613/p
EKT-0489,Hp,"Laptop hp 250 g10 core i3 n305 8gb 256gb 15.6"" tn + mouse",7999.0,8.0,8.0,SSD,Core I3,0,15.6,https://www.elektra.mx/laptop-hp-250-g10-core-i3-n305-8gb-256gb-156-tn-mouse-1301998610/p
EKT-0490,Asus,"Laptop Asus VivoBook Intel Core i9-13900h 1TB SSD 16GB RAM DDR5 16"" W11 con Mouse",18999.0,16.0,1024.0,SSD,Core I9,0,16.0,https://www.elektra.mx/laptop-asus-vivobook-intel-core-i9-13900h-1tb-ssd-16gb-ram-ddr5-16-w11-con-mouse-1301998546/p
EKT-0491,Lenovo,Laptop Lenovo IdeaPad Slim 3 Snapdragon X 8 Core 16GB RAM 512GB SSD Windows 11 con Impresora Multifuncional HP,14799.0,16.0,16.0,SSD,Core 1,0,,https://www.elektra.mx/laptop-lenovo-ideapad-slim-3-snapdragon-x-8-core-16gb-ram-512gb-ssd-windows-11-con-impresora-multifuncional-hp-1301998540/p
EKT-0492,Asus,Laptop Asus Vivobook F1504va Core I5-1334u 8GB Ram 512GB SSD con Impresora Multifuncional HP,13699.0,8.0,8.0,SSD,Core I5,0,,https://www.elektra.mx/laptop-asus-vivobook-f1504va-core-i5-1334u-8gb-ram-512gb-ssd-con-impresora-multifuncional-hp-1301998536/p
EKT-0493,Asus,Laptop Asus Vivobook F1504va Core I5-1334u 8GB Ram 512GB con Teclado y Mouse,14799.0,8.0,8.0,SSD,Core I5,0,,https://www.elektra.mx/laptop-asus-vivobook-f1504va-core-i5-1334u-8gb-ram-512gb-con-teclado-y-mouse-1301998531/p
EKT-0494,Dell,"Laptop Lenovo IdeaPad Slim 3 15.6"" FHD Intel Core i5-1335U 16GB RAM 256GB SSD Windows 11 Home Arctic Grey",12469.0,16.0,16.0,SSD,Core I5,0,15.6,https://www.elektra.mx/laptop-lenovo-ideapad-slim-3-156-fhd-intel-core-i5-1335u-16gb-ram-256gb-ssd-windows-11-home-arctic-grey-1301998078/p
EKT-0495,Dell,"Laptop Dell 15 DC15250 15.6"" FHD Intel Core i7-1355U 8GB RAM 512GB SSD Windows 11 Home Carbon Black",14649.0,8.0,8.0,SSD,Core I7,0,15.6,https://www.elektra.mx/laptop-dell-15-dc15250-156-fhd-intel-core-i7-1355u-8gb-ram-512gb-ssd-windows-11-home-carbon-black-1301998076/p
EKT-0496,Asus,"Laptop ASUS Vivobook 17.3"" FHD Intel Core i3 8GB 512GB",14818.0,8.0,8.0,SSD,Core I3,0,17.3,https://www.elektra.mx/laptop-asus-vivobook-173-fhd-intel-core-i3-8gb-512gb-1301996995/p
EKT-0497,Lenovo,Laptop Lenovo IdeaPad Slim 3 Intel Core i5 8GB RAM 512GB SSD 15.6 Delgada,11199.0,8.0,8.0,SSD,Core I5,0,,https://www.elektra.mx/laptop-lenovo-ideapad-slim-3-intel-core-i5-8gb-ram-512gb-ssd-156-delgada-1301993795/p
EKT-0498,Hp,Laptop HP 250 G10 Intel Core i3-N305 8GB RAM 512GB SSD 15.6 Ergonomica,8819.0,8.0,8.0,SSD,Core I3,0,,https://www.elektra.mx/laptop-hp-250-g10-intel-core-i3-n305-8gb-ram-512gb-ssd-156-ergonomica-1301993794/p
EKT-0499,Asus,Laptop Asus Vivobook AMD Ryzen 7 8GB RAM 512GB SSD 14 FHD Ultrafina,11259.0,8.0,8.0,SSD,Ryzen 7,0,,https://www.elektra.mx/laptop-asus-vivobook-amd-ryzen-7-8gb-ram-512gb-ssd-14-fhd-ultrafina-1301993789/p
EKT-0500,Lenovo,Laptop Lenovo V14 G4 ABP AMD Ryzen 7 16GB RAM 512GB SSD 14 Trabajo Profesional,15849.0,16.0,16.0,SSD,Ryzen 7,0,,https://www.elektra.mx/laptop-lenovo-v14-g4-abp-amd-ryzen-7-16gb-ram-512gb-ssd-14-trabajo-profesional-1301993784/p
EKT-0501,Lenovo,Laptop Gamer Lenovo LOQ 15IAX9 Intel Core i5 16GB RAM 1TB SSD 15.6 FHD,18449.0,16.0,16.0,SSD,Core I5,0,,https://www.elektra.mx/laptop-gamer-lenovo-loq-15iax9-intel-core-i5-16gb-ram-1tb-ssd-156-fhd-1301993783/p
EKT-0502,Hp,Laptop HP 240 G10 Intel Core i3 13a Gen 8GB RAM 512GB SSD 14 Pulgadas,8149.0,8.0,8.0,SSD,Core I3,0,14.0,https://www.elektra.mx/laptop-hp-240-g10-intel-core-i3-13a-gen-8gb-ram-512gb-ssd-14-pulgadas-1301993774/p
EKT-0503,Lenovo,Laptop Lenovo ThinkPad E14 AMD Ryzen 7 32GB RAM 1TB SSD 14 Negocios Premium,28059.0,32.0,32.0,SSD,Ryzen 7,0,,https://www.elektra.mx/laptop-lenovo-thinkpad-e14-amd-ryzen-7-32gb-ram-1tb-ssd-14-negocios-premium-1301993773/p
EKT-0504,Asus,Laptop Asus Vivobook Intel Core i5 8GB RAM 256GB SSD 15.6 Pantalla Tactil,16409.0,8.0,8.0,SSD,Core I5,0,,https://www.elektra.mx/laptop-asus-vivobook-intel-core-i5-8gb-ram-256gb-ssd-156-pantalla-tactil-1301993772/p
EKT-0505,Hp,Laptop HP 245 G10 Ryzen 3 8GB 256GB SSD Negro,8299.0,8.0,8.0,SSD,Ryzen 3,0,,https://www.elektra.mx/laptop-hp-245-g10-ryzen-3-8gb-256gb-ssd-negro-1301991073/p
EKT-0506,Lenovo,Laptop Lenovo V14 G4 Core i7 16GB 512GB SSD Negro,13599.0,16.0,16.0,SSD,Core I7,0,,https://www.elektra.mx/laptop-lenovo-v14-g4-core-i7-16gb-512gb-ssd-negro-1301991069/p
EKT-0507,Hp,Laptop HP 250 G10 Core i5 8GB 512GB SSD Plata,10999.0,8.0,8.0,SSD,Core I5,0,,https://www.elektra.mx/laptop-hp-250-g10-core-i5-8gb-512gb-ssd-plata-1301991068/p
EKT-0508,Dell,"Laptop Dell Latitude 5420 Reacondicionado 14"" FHD Tactil Intel Core i5 16GB RAM 256GB SSD Windows 11",6299.0,16.0,16.0,SSD,Core I5,0,14.0,https://www.elektra.mx/laptop-dell-latitude-5420-reacondicionado-14-fhd-tactil-intel-core-i5-16gb-ram-256gb-ssd-windows-11-1301990844/p
EKT-0509,Dell,Laptop Dell Pro 14 Plus Pb14250 Ultra 7 32gb Ram 512gb Ssd,27999.0,32.0,32.0,SSD,No especificado,0,,https://www.elektra.mx/laptop-dell-pro-14-plus-pb14250-ultra-7-32gb-ram-512gb-ssd-1301990830/p
EKT-0510,Hp,"Laptop HP Gaming Victus 15-fa2019la Intel Core i7 16 GB RAM NVIDIA GeForce RTX 3050 1 TB SSD 15.6"" FHD 144 Hz W11 Home",19999.0,16.0,16.0,SSD,Core I7,1,15.6,https://www.elektra.mx/laptop-hp-victus-15-i7-13620h-16gb-ram-1tb-ssd-rtx-3050-plateado-1301990827/p
EKT-0511,Microsoft,"Laptop Microsoft Surface 3 13,5"" táctil, Intel Core i5, 8 GB de RAM, SSD de 256 GB, negro, Reacondicionado",5299.0,8.0,8.0,SSD,Core I5,0,,https://www.elektra.mx/laptop-microsoft-surface-3-135-tactil-intel-core-i5-8-gb-de-ram-ssd-de-256-gb-negro-reacondicionado-1301989262/p
EKT-0512,Hp,"Laptop HP Ultrabook 14"" Intel N150 8 GB 128 GB SSD Win11",7988.0,8.0,8.0,SSD,Intel N150,0,14.0,https://www.elektra.mx/laptop-hp-ultrabook-14-intel-n150-8-gb-128-gb-ssd-win11-1301989242/p
EKT-0513,Acer,"Portátil Acer Chromebook 315 15.6"" FHD Intel Celeron 4 GB",8084.0,4.0,4.0,SSD,Celeron,0,15.6,https://www.elektra.mx/portatil-acer-chromebook-315-156-fhd-intel-celeron-4-gb-1301988419/p
EKT-0514,Lenovo,"Portátil Lenovo Chromebook m 15"" MediaTek 8 GB 128 GB Luna",12131.0,8.0,8.0,SSD,No especificado,0,15.0,https://www.elektra.mx/portatil-lenovo-chromebook-m-15-mediatek-8-gb-128-gb-luna-1301986630/p
EKT-0515,Lenovo,"Laptop Lenovo IdeaPad 15"" i7-13620H 16GB 512GB SSD",11939.0,16.0,16.0,SSD,No especificado,0,15.0,https://www.elektra.mx/laptop-lenovo-ideapad-15-i7-13620h-16gb-512gb-ssd-1301986534/p
EKT-0516,Hp,"Laptop HP 14-dq6101dx 14"" Intel N150 4GB RAM 128GB UFS Windows 11 Wi-Fi 6",7999.0,4.0,4.0,SSD,Intel N150,0,14.0,https://www.elektra.mx/laptop-hp-14-dq6101dx-14-intel-n150-4gb-ram-128gb-ufs-windows-11-wi-fi-6-1301986117/p
EKT-0517,Asus,"Laptop ASUS Vivobook 14"" FHD i3-1215U 8GB 128GB SSD",12055.0,8.0,8.0,SSD,No especificado,0,14.0,https://www.elektra.mx/laptop-asus-vivobook-14-fhd-i3-1215u-8gb-128gb-ssd-1301983739/p
EKT-0518,Hp,"HP Laptop 14"" HD Intel N150 4GB RAM 128GB UFS Natural Silver",5679.0,4.0,4.0,SSD,Intel N150,0,14.0,https://www.elektra.mx/hp-laptop-14-hd-intel-n150-4gb-ram-128gb-ufs-natural-silver-1301981313/p
EKT-0519,Hp,"Laptop HP Pavilion Plus 14"" 2.2K Intel Core i5-1240P 8GB RAM 512GB SSD Windows 11 Home 6L6C7LA",11589.0,8.0,8.0,SSD,Core I5,0,14.0,https://www.elektra.mx/laptop-hp-pavilion-plus-14-22k-intel-core-i5-1240p-8gb-ram-512gb-ssd-windows-11-home-6l6c7la-1301979376/p
EKT-0520,Hp,"HP OmniBook 3 16"" 2K Touchscreen Core Ultra 5 8GB RAM 512GB SSD Mica Silver",14729.0,8.0,8.0,SSD,No especificado,0,16.0,https://www.elektra.mx/hp-omnibook-3-16-2k-touchscreen-core-ultra-5-8gb-ram-512gb-ssd-mica-silver-1301979135/p
EKT-0521,Asus,"Notebook ASUS Chromebook Plus i3 14"" Pantalla Táctil 1.44 kg",13263.0,,,SSD,No especificado,0,14.0,https://www.elektra.mx/notebook-asus-chromebook-plus-i3-14-pantalla-tactil-144-kg-1301978489/p
EKT-0522,Hp,Laptop HP 14 Pulgadas Intel Celeron N4120 4GB RAM 64GB eMMC Windows 11 Home 2C3C3LA,9399.0,4.0,4.0,SSD,Celeron,0,14.0,https://www.elektra.mx/laptop-hp-14-pulgadas-intel-celeron-n4120-4gb-ram-64gb-emmc-windows-11-home-2c3c3la-1301977529/p
EKT-0523,Hp,"Laptop HP 250R G10 15.6"" Full HD Intel Core i5-1334U 8GB RAM 512GB SSD Windows 11 Home C78E0AT",11379.0,8.0,8.0,SSD,Core I5,0,15.6,https://www.elektra.mx/laptop-hp-250r-g10-156-full-hd-intel-core-i5-1334u-8gb-ram-512gb-ssd-windows-11-home-c78e0at-1301977527/p
EKT-0524,Hp,"Laptop HP 14-dq0532la 14"" Intel Celeron N4120 4GB RAM 128GB SSD Windows 11 Home",4935.0,4.0,4.0,SSD,Celeron,0,14.0,https://www.elektra.mx/laptop-hp-14-dq0532la-14-intel-celeron-n4120-4gb-ram-128gb-ssd-windows-11-home-1301977526/p
EKT-0525,Hp,"Laptop HP Pavilion Plus 14-ew0001la 14"" 2.2K Intel Core i5-1335U 16GB RAM 512GB SSD Windows 11",15199.0,16.0,16.0,SSD,Core I5,0,14.0,https://www.elektra.mx/laptop-hp-pavilion-plus-14-ew0001la-14-22k-intel-core-i5-1335u-16gb-ram-512gb-ssd-windows-11-1301977525/p
EKT-0526,Hp,Laptop HP de 15.6 pulgadas HD Pentium N200 1.8GHz Intel UHD Graphics 4GB RAM 128 SSD Windows 11 con Microsoft 365 por 1 año (Rojo Escarlata),7034.0,4.0,4.0,SSD,No especificado,0,15.6,https://www.elektra.mx/laptop-hp-de-156-pulgadas-hd-pentium-n200-18ghz-intel-uhd-graphics-4gb-ram-128-ssd-windows-11-con-microsoft-365-por-1-ano-rojo-escarlata-1301976155/p
EKT-0527,Lenovo,"Laptop Lenovo IdeaPad Slim 3 de 15,6 pulgadas FHD, procesador Ryzen 5, 8 GB de RAM, SSD de 512 GB, Windows 11, color azul abismo.",9499.0,8.0,8.0,SSD,Ryzen 5,0,,https://www.elektra.mx/laptop-lenovo-ideapad-slim-3-de-156-pulgadas-fhd-procesador-ryzen-5-8-gb-de-ram-ssd-de-512-gb-windows-11-color-azul-abismo-1301975684/p
EKT-0528,Lenovo,"Notebook Lenovo V15 Gen 5 15.6"" FHD i3 8GB 512GB W11 Pro",12991.0,8.0,8.0,SSD,No especificado,0,15.6,https://www.elektra.mx/notebook-lenovo-v15-gen-5-156-fhd-i3-8gb-512gb-w11-pro-1301975410/p
EKT-0529,Hp,"Laptop HP Intel N150 4GB RAM 128GB SSD 14"" Windows 11",7832.0,4.0,4.0,SSD,Intel N150,0,14.0,https://www.elektra.mx/laptop-hp-intel-n150-4gb-ram-128gb-ssd-14-windows-11-1301974534/p
EKT-0530,Hp,"Laptop HP Ultrabook 14"" Intel 4GB 256GB SSD Oro Rosa",8976.0,4.0,4.0,SSD,No especificado,0,14.0,https://www.elektra.mx/laptop-hp-ultrabook-14-intel-4gb-256gb-ssd-oro-rosa-1301974531/p
EKT-0531,Hp,"Laptop HP 14"" Intel Celeron 8GB RAM 64GB eMMC Oro Rosa",7896.0,8.0,8.0,SSD,Celeron,0,14.0,https://www.elektra.mx/laptop-hp-14-intel-celeron-8gb-ram-64gb-emmc-oro-rosa-1301974530/p
EKT-0532,Lenovo,"Notebook Lenovo Ideapad 3 15.6"" Touch i3 8GB 1.25TB Win11",15443.0,8.0,8.0,SSD,No especificado,0,15.6,https://www.elektra.mx/notebook-lenovo-ideapad-3-156-touch-i3-8gb-125tb-win11-1301974027/p
EKT-0533,Hp,"Laptop HP 14"" Intel N150 4GB RAM 640GB Windows 11",8001.0,4.0,4.0,SSD,Intel N150,0,14.0,https://www.elektra.mx/laptop-hp-14-intel-n150-4gb-ram-640gb-windows-11-1301973961/p
EKT-0534,Lenovo,Laptop Lenovo IdeaPad Slim 3 Snapdragon X 8 Core 16GB RAM  512GB SSD Windows 11 con Mouse,12899.0,16.0,16.0,SSD,Core 1,0,,https://www.elektra.mx/laptop-lenovo-ideapad-slim-3-snapdragon-x-8core-16gb-ram-512gb-ssd-1301973615/p
EKT-0535,Hp,"Laptop HP 14"" Intel N150 4GB RAM 640GB Windows 11",8247.0,4.0,4.0,SSD,Intel N150,0,14.0,https://www.elektra.mx/laptop-hp-14-intel-n150-4gb-ram-640gb-windows-11-1301973607/p
EKT-0536,Asus,"Notebook ASUS Chromebook Plus 14"" Pantalla Táctil 8GB 128GB",12529.0,8.0,8.0,SSD,No especificado,0,14.0,https://www.elektra.mx/notebook-asus-chromebook-plus-14-pantalla-tactil-8gb-128gb-1301973584/p
EKT-0537,Hp,"Portátil HP 14"" Intel N150 4GB RAM 640GB Win11 Home",8247.0,4.0,4.0,SSD,Intel N150,0,14.0,https://www.elektra.mx/portatil-hp-14-intel-n150-4gb-ram-640gb-win11-home-1301973573/p
EKT-0538,Hp,"HP Laptop 14"" HD AMD Athlon 4GB RAM 128GB SSD Azul Luna",5299.0,4.0,4.0,SSD,Athlon,0,14.0,https://www.elektra.mx/hp-laptop-14-hd-amd-athlon-4gb-ram-128gb-ssd-azul-luna-1301973004/p
EKT-0539,Hp,"Notebook HP 17.3"" HD+ Táctil Intel N100 4GB 128GB",11668.0,4.0,4.0,SSD,Intel N100,0,17.3,https://www.elektra.mx/notebook-hp-173-hd-tactil-intel-n100-4gb-128gb-1301972909/p
EKT-0540,Hp,"Laptop HP Ultrabook 14"" 4GB RAM Intel N150 128GB SSD Win11",7832.0,4.0,4.0,SSD,Intel N150,0,14.0,https://www.elektra.mx/laptop-hp-ultrabook-14-4gb-ram-intel-n150-128gb-ssd-win11-1301969720/p
EKT-0541,Hp,"Laptop HP 14"" Intel Celeron 16GB RAM 64GB eMMC",9031.0,16.0,16.0,SSD,Celeron,0,14.0,https://www.elektra.mx/laptop-hp-14-intel-celeron-16gb-ram-64gb-emmc-1301969718/p
EKT-0542,Asus,"Laptop ASUS Vivobook 14"" FHD Intel Core i5 8GB 512GB SSD",15883.0,8.0,8.0,SSD,Core I5,0,14.0,https://www.elektra.mx/laptop-asus-vivobook-14-fhd-intel-core-i5-8gb-512gb-ssd-1301969592/p
EKT-0543,Lenovo,"Lenovo IdeaPad Slim 15.6"" FHD Ryzen 5 8GB RAM 256GB SSD Abyss Blue",10219.0,8.0,8.0,SSD,Ryzen 5,0,15.6,https://www.elektra.mx/lenovo-ideapad-slim-156-fhd-ryzen-5-8gb-ram-256gb-ssd-abyss-blue-1301964101/p
EKT-0544,Dell,"Dell Alienware 15.3"" WUXGA Ryzen 5 16GB RAM 512GB SSD RTX 4050",24929.0,16.0,16.0,SSD,Ryzen 5,1,15.3,https://www.elektra.mx/dell-alienware-153-wuxga-ryzen-5-16gb-ram-512gb-ssd-rtx-4050-1301964097/p
EKT-0545,Hp,"HP Laptop 14"" HD Intel N150 4GB RAM 128GB UFS Lavanda Miel",5469.0,4.0,4.0,SSD,Intel N150,0,14.0,https://www.elektra.mx/hp-laptop-14-hd-intel-n150-4gb-ram-128gb-ufs-lavanda-miel-1301964092/p
EKT-0546,Hp,"Laptop HP 245 G10 AMD Ryzen 5 8GB RAM 512GB SSD 14"" Windows 11 Home",8619.0,8.0,8.0,SSD,Ryzen 5,0,14.0,https://www.elektra.mx/laptop-hp-245-g10-amd-ryzen-5-8gb-ram-512gb-ssd-14-windows-11-home-1301962687/p
EKT-0547,Acer,"Acer Chromebook 315 15.6"" FHD 4GB 352GB Intel N4500",9062.0,4.0,4.0,SSD,Intel N4500,0,15.6,https://www.elektra.mx/acer-chromebook-315-156-fhd-4gb-352gb-intel-n4500-1301961587/p
EKT-0548,Acer,"Acer Chromebook 315 15.6"" FHD 4GB RAM 1TB de almacenamiento",8359.0,4.0,4.0,SSD,No especificado,0,15.6,https://www.elektra.mx/acer-chromebook-315-156-fhd-4gb-ram-1tb-de-almacenamiento-1301961567/p
EKT-0549,Acer,"Notebook Acer Chromebook 315 15.6"" FHD Intel N4500 4GB 224GB",9001.0,4.0,4.0,SSD,Intel N4500,0,15.6,https://www.elektra.mx/notebook-acer-chromebook-315-156-fhd-intel-n4500-4gb-224gb-1301961437/p
EKT-0550,Asus,"Notebook ASUS Vivobook 14"" i3-1315U 8GB RAM 128GB SSD",10211.0,8.0,8.0,SSD,No especificado,0,14.0,https://www.elektra.mx/notebook-asus-vivobook-14-i3-1315u-8gb-ram-128gb-ssd-1301961187/p
EKT-0551,Lenovo,"Laptop Lenovo 2026 i5-1335U 156"" FHD táctil 16 GB 512 GB SSD",14818.0,16.0,16.0,SSD,No especificado,0,56.0,https://www.elektra.mx/laptop-lenovo-2026-i5-1335u-156-fhd-tactil-16-gb-512-gb-ssd-1301960622/p
EKT-0552,Lenovo,"Laptop Lenovo i5-1334U 15.6"" FHD táctil 16GB 512GB SSD",13600.0,16.0,16.0,SSD,No especificado,0,15.6,https://www.elektra.mx/laptop-lenovo-i5-1334u-156-fhd-tactil-16gb-512gb-ssd-1301960431/p
EKT-0553,Lenovo,"Laptop Lenovo IdeaPad 1i 15.6"" FHD táctil i5 16GB 512GB SSD",10211.0,16.0,16.0,SSD,No especificado,0,15.6,https://www.elektra.mx/laptop-lenovo-ideapad-1i-156-fhd-tactil-i5-16gb-512gb-ssd-1301959771/p
EKT-0554,Lenovo,"Laptop Lenovo V15 2026 Intel N150 16GB 256GB SSD 15.6""",13612.0,16.0,16.0,SSD,Intel N150,0,15.6,https://www.elektra.mx/laptop-lenovo-v15-2026-intel-n150-16gb-256gb-ssd-156-1301959480/p
EKT-0555,Lenovo,"Laptop Lenovo V15 15.6"" FHD Intel N150 16GB DDR5 256GB SSD",13599.0,16.0,16.0,SSD,Intel N150,0,15.6,https://www.elektra.mx/laptop-lenovo-v15-156-fhd-intel-n150-16gb-ddr5-256gb-ssd-1301959479/p
EKT-0556,Hp,"Laptop HP Pavilion 14"" 16GB RAM 512GB SSD Intel N150",8728.0,16.0,16.0,SSD,Intel N150,0,14.0,https://www.elektra.mx/laptop-hp-pavilion-14-16gb-ram-512gb-ssd-intel-n150-1301959059/p
EKT-0557,Hp,"Notebook HP Pavilion 173"" con pantalla táctil Intel i3 16 GB 512 GB",7767.0,16.0,16.0,SSD,No especificado,0,73.0,https://www.elektra.mx/notebook-hp-pavilion-173-con-pantalla-tactil-intel-i3-16-gb-512-gb-1301959058/p
EKT-0558,Hp,HP Chromebook 11MK G9 Edición Educación - Laptop con Pantalla HD de 11.6 Pulgadas MediaTek MT8183 Gráficos Integrados 4GB RAM LPDDR4X 32GB eMMC Wi-Fi,4948.0,4.0,4.0,SSD,No especificado,0,11.6,https://www.elektra.mx/hp-chromebook-11mk-g9-edicion-educacion-laptop-con-pantalla-hd-de-116-pulgadas-mediatek-mt8183-graficos-integrados-4gb-ram-lpddr4x-32gb-emmc-wi-fi-1301952164/p
EKT-0559,Hp,Ordenador portátil HP Business de 156 pulgadas Windows 11 Pro i3-1215U 16 GB de RAM SSD de 1 TB,14565.0,16.0,16.0,SSD,No especificado,0,56.0,https://www.elektra.mx/ordenador-portatil-hp-business-de-156-pulgadas-windows-11-pro-i3-1215u-16-gb-de-ram-ssd-de-1-tb-1301950984/p
EKT-0560,Hp,"Laptop HP 2025 New Student Business 14"" Intel N150 16GB RAM",9537.0,16.0,16.0,SSD,Intel N150,0,14.0,https://www.elektra.mx/laptop-hp-2025-new-student-business-14-intel-n150-16gb-ram-1301950242/p
EKT-0561,Laptop,LAPTOP DELL INSPIRON 15 DC15255 NEGRO 15in AMD RYZEN 7 7730U 16GB 512GB SSD Windows Home S,14999.0,16.0,16.0,SSD,Ryzen 7,0,,https://www.elektra.mx/laptop-dell-inspiron-15-dc15255-negro-15in-amd-ryzen-7-7730u-16gb-512gb-ssd-windows-home-s-1301949300/p
EKT-0562,Hp,LAPTOP HP 15-FC0146DX PLATA 15in AMD RYZEN 5 7520U 8GB 512GB SSD Windows 11,11899.0,8.0,8.0,SSD,Ryzen 5,0,,https://www.elektra.mx/laptop-hp-15-fc0146dx-plata-15in-amd-ryzen-5-7520u-8gb-512gb-ssd-windows-11-1301949293/p
EKT-0563,Hp,Laptop ai pc hp omnibook 3 snapdragon 16gb 512gb copilot+ pc,12999.0,16.0,16.0,SSD,No especificado,0,,https://www.elektra.mx/laptop-ai-pc-hp-omnibook-3-snapdragon-16gb-512gb-copilot-pc-1301949121/p
EKT-0564,Asus,"Laptop ASUS VivoBook 16"" Intel Core i9-13900H 16GB 1TB SSD Windows 11 color Silver",18599.0,16.0,16.0,SSD,Core I9,0,16.0,https://www.elektra.mx/laptop-asus-vivobook-16-intel-core-i9-13900h-16gb-1tb-ssd-windows-11-color-silver-1301948599/p
EKT-0565,Hp,"Laptop hp 15 core i7 1355u 16gb 512gb pantalla 15.6"" touch",15499.0,16.0,16.0,SSD,Core I7,0,15.6,https://www.elektra.mx/laptop-hp-15-core-i7-1355u-16gb-512gb-pantalla-156-touch-1301948051/p
EKT-0566,Hp,"Laptop HP 156"" FHD 2026 Intel N100 32 GB 1 TB SSD",11081.0,32.0,32.0,SSD,Intel N100,0,56.0,https://www.elektra.mx/laptop-hp-156-fhd-2026-intel-n100-32-gb-1-tb-ssd-1301946647/p
EKT-0567,Hp,"Notebook HP 156"" Intel 4 núcleos 8 GB 128 GB SSD Windows 11",11446.0,8.0,8.0,SSD,No especificado,0,56.0,https://www.elektra.mx/notebook-hp-156-intel-4-nucleos-8-gb-128-gb-ssd-windows-11-1301945796/p
EKT-0568,Hp,"Laptop HP Pavilion 156"" HD Intel N100 8 GB 512 GB SSD",11692.0,8.0,8.0,SSD,Intel N100,0,56.0,https://www.elektra.mx/laptop-hp-pavilion-156-hd-intel-n100-8-gb-512-gb-ssd-1301945752/p
EKT-0569,Lenovo,El Portátil Insignia Más Nuevo De Lenovo Chromebook De 14 Pulgadas Fhd 8 Núcleos 4 Gb/64 Gb,6451.0,4.0,4.0,SSD,No especificado,0,14.0,https://www.elektra.mx/el-portatil-insignia-mas-nuevo-de-lenovo-chromebook-de-14-pulgadas-fhd-8-nucleos-4-gb64-gb-1301945580/p
EKT-0570,Apple,Ordenador Portátil Apple Macbook Air Mjve2Ll/A Renovado De 13 Pulgadas (16 Ghz),6382.0,,,SSD,No especificado,0,13.0,https://www.elektra.mx/ordenador-portatil-apple-macbook-air-mjve2lla-renovado-de-13-pulgadas-16-ghz-1301945571/p
EKT-0571,Apple,Apple Macbook Air 2020 Renovado Con Chip Apple M1 (13 Pulgadas),15205.0,,,SSD,Apple M1,0,13.0,https://www.elektra.mx/apple-macbook-air-2020-renovado-con-chip-apple-m1-13-pulgadas-1301945542/p
EKT-0572,Lenovo,"Laptop lenovo v14 g4 core i7 13620h 16gb 512gb pantalla 14""",16999.0,16.0,16.0,SSD,Core I7,0,14.0,https://www.elektra.mx/laptop-lenovo-v14-g4-core-i7-13620h-16gb-512gb-pantalla-14-1301945208/p
EKT-0573,Msi,Laptop ai gamer msi rtx 5060 8gb ryzen 9 16gb 1tb,32999.0,8.0,8.0,SSD,Ryzen 9,1,,https://www.elektra.mx/laptop-ai-gamer-msi-rtx-5060-8gb-ryzen-9-16gb-1tb-1301945200/p
EKT-0574,Hp,"Laptop HP 14"" N150 4GB RAM 384GB Win11 Rosa Pálido",8001.0,4.0,4.0,SSD,No especificado,0,14.0,https://www.elektra.mx/laptop-hp-14-n150-4gb-ram-384gb-win11-rosa-palido-1301941379/p
EKT-0575,Hp,"Laptop HP 14"" Intel N150 4GB RAM 384GB Windows 11",8001.0,4.0,4.0,SSD,Intel N150,0,14.0,https://www.elektra.mx/laptop-hp-14-intel-n150-4gb-ram-384gb-windows-11-1301941377/p
EKT-0576,Hp,"Laptop HP 14"" Intel N150 16GB RAM 640GB Almacenamiento Win11",13059.0,16.0,16.0,SSD,Intel N150,0,14.0,https://www.elektra.mx/laptop-hp-14-intel-n150-16gb-ram-640gb-almacenamiento-win11-1301940829/p
EKT-0577,Hp,"Laptop HP 14"" Intel N150 4GB RAM 640GB Windows 11",10389.0,4.0,4.0,SSD,Intel N150,0,14.0,https://www.elektra.mx/laptop-hp-14-intel-n150-4gb-ram-640gb-windows-11-1301939812/p
EKT-0578,Hp,"Laptop HP Stream 14"" N150 4GB RAM 1.12TB Lavanda",8143.0,4.0,4.0,SSD,No especificado,0,14.0,https://www.elektra.mx/laptop-hp-stream-14-n150-4gb-ram-112tb-lavanda-1301939798/p
EKT-0579,Hp,"Laptop HP Stream 14"" Intel N150 4GB RAM 1.12TB Win11",8143.0,4.0,4.0,SSD,Intel N150,0,14.0,https://www.elektra.mx/laptop-hp-stream-14-intel-n150-4gb-ram-112tb-win11-1301939790/p
EKT-0580,Hp,"Laptop HP 156"" Intel N200 16GB RAM 128GB SSD Win11",11447.0,16.0,16.0,SSD,Intel N200,0,56.0,https://www.elektra.mx/laptop-hp-156-intel-n200-16gb-ram-128gb-ssd-win11-1301939761/p
EKT-0581,Hp,"Laptop HP 15.6"" Intel N200 8GB RAM 128GB SSD Win11",9224.0,8.0,8.0,SSD,Intel N200,0,15.6,https://www.elektra.mx/laptop-hp-156-intel-n200-8gb-ram-128gb-ssd-win11-1301939758/p
EKT-0582,Hp,Laptop HP Pavilion 14 Intel N150 16GB 128GB+256GB SD,10828.0,16.0,16.0,SSD,Intel N150,0,,https://www.elektra.mx/laptop-hp-pavilion-14-intel-n150-16gb-128gb256gb-sd-1301939648/p
EKT-0583,Hp,"Laptop HP 14"" Intel N150 4GB RAM 128GB Windows 11",7753.0,4.0,4.0,SSD,Intel N150,0,14.0,https://www.elektra.mx/laptop-hp-14-intel-n150-4gb-ram-128gb-windows-11-1301938574/p
EKT-0584,Hp,"Laptop HP 14"" Intel N150 8GB RAM 640GB Windows 11",8248.0,8.0,8.0,SSD,Intel N150,0,14.0,https://www.elektra.mx/laptop-hp-14-intel-n150-8gb-ram-640gb-windows-11-1301938572/p
EKT-0585,Hp,"Laptop HP 2026 Intel N150 16GB RAM 128GB SSD 14""",9260.0,16.0,16.0,SSD,Intel N150,0,14.0,https://www.elektra.mx/laptop-hp-2026-intel-n150-16gb-ram-128gb-ssd-14-1301938571/p
EKT-0586,Hp,"Laptop HP 14"" Intel N150 4GB RAM 128GB UFS Win11",7753.0,4.0,4.0,SSD,Intel N150,0,14.0,https://www.elektra.mx/laptop-hp-14-intel-n150-4gb-ram-128gb-ufs-win11-1301938570/p
EKT-0587,Hp,"Laptop HP Intel N150 4GB RAM 128GB SSD 14"" Rosa",9963.0,4.0,4.0,SSD,Intel N150,0,14.0,https://www.elektra.mx/laptop-hp-intel-n150-4gb-ram-128gb-ssd-14-rosa-1301938547/p
EKT-0588,Hp,"Laptop HP 2026 Intel N150 16GB RAM 128GB SSD 14""",7759.0,16.0,16.0,SSD,Intel N150,0,14.0,https://www.elektra.mx/laptop-hp-2026-intel-n150-16gb-ram-128gb-ssd-14-1301938542/p
EKT-0589,Hp,"Laptop HP 15.6"" Intel N100 16GB RAM 256GB SSD Wi-Fi 6",13079.0,16.0,16.0,SSD,Intel N100,0,15.6,https://www.elektra.mx/laptop-hp-156-intel-n100-16gb-ram-256gb-ssd-wi-fi-6-1301938537/p
EKT-0590,Lenovo,"Laptop Lenovo - IdeaPad Slim 3 15.6"" Full HD - AMD Ryzen 5 40 2025 - 8GB Memory- 256GB SSD - color azul",9499.0,8.0,8.0,SSD,Ryzen 5,0,15.6,https://www.elektra.mx/laptop-lenovo-ideapad-slim-3-156-full-hd-amd-ryzen-5-40-2025-8gb-memory-256gb-ssd-color-azul-1301938431/p
EKT-0591,Hp,"Laptop HP dq6012dx 14"" Intel N150 4GB 128GB Wi-Fi 6",7655.0,4.0,4.0,SSD,Intel N150,0,14.0,https://www.elektra.mx/laptop-hp-dq6012dx-14-intel-n150-4gb-128gb-wi-fi-6-1301937999/p
EKT-0592,Hp,"Laptop HP Ultrabook 14"" 4GB RAM Intel N150 128GB SSD Win11",9963.0,4.0,4.0,SSD,Intel N150,0,14.0,https://www.elektra.mx/laptop-hp-ultrabook-14-4gb-ram-intel-n150-128gb-ssd-win11-1301937956/p
EKT-0593,Lenovo,"Laptop Lenovo IdeaPad 14"" AMD A6-9220e 4GB 64GB Win10",5724.0,4.0,4.0,SSD,No especificado,0,14.0,https://www.elektra.mx/laptop-lenovo-ideapad-14-amd-a6-9220e-4gb-64gb-win10-1301937907/p
EKT-0594,Hp,"HP Stream Laptop de 14"" HD 1 año de Office 365 y Copilot Intel N150 16 GB de RAM 128 GB UFS ligero y delgado HUB 8 en 1 y mouse para estudiantes y",10323.0,16.0,16.0,SSD,Intel N150,0,14.0,https://www.elektra.mx/hp-stream-laptop-de-14-hd-1-ano-de-office-365-y-copilot-intel-n150-16-gb-de-ram-128-gb-ufs-ligero-y-delgado-hub-8-en-1-y-mouse-para-estudiantes-y-1301936909/p
EKT-0595,Hp,"Laptop HP 14"" N4120 16GB RAM 64GB eMMC Win 11 S",10174.0,16.0,16.0,SSD,No especificado,0,14.0,https://www.elektra.mx/laptop-hp-14-n4120-16gb-ram-64gb-emmc-win-11-s-1301935794/p
EKT-0596,Hp,"Laptop HP 14"" HD Intel N4120 8GB RAM 64GB eMMC Win11",7705.0,8.0,8.0,SSD,Intel N4120,0,14.0,https://www.elektra.mx/laptop-hp-14-hd-intel-n4120-8gb-ram-64gb-emmc-win11-1301935789/p
EKT-0597,Dell,"Laptop dell ldc15250 core i7 1355u 16gb 512gb pantalla 15.6""",17999.0,16.0,16.0,SSD,Core I7,0,15.6,https://www.elektra.mx/laptop-dell-ldc15250-core-i7-1355u-16gb-512gb-pantalla-156-1301935562/p
EKT-0598,Asus,Laptop asus 16 core i9 13900h 16gb 1tb pantalla 16 ips wuxga,21999.0,16.0,16.0,SSD,Core I9,0,,https://www.elektra.mx/laptop-asus-16-core-i9-13900h-16gb-1tb-pantalla-16-ips-wuxga-1301935525/p
EKT-0599,Hp,Laptop ai pc hp omnibook 3 ryzen 5 340 16gb 512gb copilot+,15699.0,16.0,16.0,SSD,Ryzen 5,0,,https://www.elektra.mx/laptop-ai-pc-hp-omnibook-3-ryzen-5-340-16gb-512gb-copilot-1301935496/p
EKT-0600,Hp,"Laptop HP 15-FD2050, Core Ultra 5, 512GB SSD 8GB, 15.6"", TOUCHSCREEN, WIN11",11499.0,512.0,512.0,SSD,No especificado,0,15.6,https://www.elektra.mx/laptop-hp-15-fd2050-core-ultra-5-512gb-ssd-8gb-156-touchscreen-win11-1301932546/p
EKT-0601,Lenovo,"Laptop Lenovo V15 2026 AMD Ryzen 3 16GB 256GB SSD 15.6""",13612.0,16.0,16.0,SSD,Ryzen 3,0,15.6,https://www.elektra.mx/laptop-lenovo-v15-2026-amd-ryzen-3-16gb-256gb-ssd-156-1301932130/p
EKT-0602,Hp,"Laptop HP 14"" N150 Intel 16GB 128GB UFS WiFi6 Azul Celeste",15644.0,16.0,16.0,SSD,No especificado,0,14.0,https://www.elektra.mx/laptop-hp-14-n150-intel-16gb-128gb-ufs-wifi6-azul-celeste-1301932116/p
EKT-0603,Hp,"Laptop HP 14"" Intel Celeron 4GB RAM 64GB SSD Oro Rosa",8413.0,4.0,4.0,SSD,Celeron,0,14.0,https://www.elektra.mx/laptop-hp-14-intel-celeron-4gb-ram-64gb-ssd-oro-rosa-1301931993/p
EKT-0604,Lenovo,"Laptop Lenovo IdeaPad Slim 3 Chromebook 14"" pantalla táctil",8371.0,,,SSD,No especificado,0,14.0,https://www.elektra.mx/laptop-lenovo-ideapad-slim-3-chromebook-14-pantalla-tactil-1301931885/p
EKT-0605,Hp,"Laptop HP 15.6"" AMD Athlon 16GB RAM 256GB SSD",11446.0,16.0,16.0,SSD,Athlon,0,15.6,https://www.elektra.mx/laptop-hp-156-amd-athlon-16gb-ram-256gb-ssd-1301931132/p
EKT-0606,Hp,"Laptop HP 14"" Intel Celeron N4120 16GB RAM 64GB eMMC",11478.0,16.0,16.0,SSD,Celeron,0,14.0,https://www.elektra.mx/laptop-hp-14-intel-celeron-n4120-16gb-ram-64gb-emmc-1301931025/p
EKT-0607,Hp,"Laptop HP 156"" AMD Athlon N3050 4GB RAM 128GB SSD",7753.0,4.0,4.0,SSD,Athlon,0,56.0,https://www.elektra.mx/laptop-hp-156-amd-athlon-n3050-4gb-ram-128gb-ssd-1301930936/p
EKT-0608,Hp,"Laptop HP 14"" Intel Celeron N4120 16GB RAM 128GB Rosa",12134.0,16.0,16.0,SSD,Celeron,0,14.0,https://www.elektra.mx/laptop-hp-14-intel-celeron-n4120-16gb-ram-128gb-rosa-1301930930/p
EKT-0609,Hp,"Laptop HP 14"" Intel Celeron N4500 16GB 576GB Windows 11",11679.0,16.0,16.0,SSD,Celeron,0,14.0,https://www.elektra.mx/laptop-hp-14-intel-celeron-n4500-16gb-576gb-windows-11-1301930814/p
EKT-0610,Hp,"Laptop HP Ultrabook Intel 16GB RAM 128GB SSD 14"" HD",9222.0,16.0,16.0,SSD,No especificado,0,14.0,https://www.elektra.mx/laptop-hp-ultrabook-intel-16gb-ram-128gb-ssd-14-hd-1301930360/p
EKT-0611,Hp,"Laptop HP Ultrabook Intel 14"" 4GB RAM 64GB SSD Oro Rosa",8976.0,4.0,4.0,SSD,No especificado,0,14.0,https://www.elektra.mx/laptop-hp-ultrabook-intel-14-4gb-ram-64gb-ssd-oro-rosa-1301930359/p
EKT-0612,Hp,"Laptop HP 14"" Essential Intel N150 16GB 128GB SSD",7735.0,16.0,16.0,SSD,Intel N150,0,14.0,https://www.elektra.mx/laptop-hp-14-essential-intel-n150-16gb-128gb-ssd-1301930348/p
EKT-0613,Hp,"Laptop HP Ultrabook 14"" Intel N150 16GB 128GB SSD",8482.0,16.0,16.0,SSD,Intel N150,0,14.0,https://www.elektra.mx/laptop-hp-ultrabook-14-intel-n150-16gb-128gb-ssd-1301930345/p
EKT-0614,Hp,"Laptop HP Ultrabook Intel 14"" 16GB RAM 128GB SSD",9963.0,16.0,16.0,SSD,No especificado,0,14.0,https://www.elektra.mx/laptop-hp-ultrabook-intel-14-16gb-ram-128gb-ssd-1301930324/p
EKT-0615,Hp,"Laptop HP Nueva Chromebook 14"" 8GB RAM 128GB ChromeOS Flex",10223.0,8.0,8.0,SSD,No especificado,0,14.0,https://www.elektra.mx/laptop-hp-nueva-chromebook-14-8gb-ram-128gb-chromeos-flex-1301929315/p
EKT-0616,Hp,"Laptop HP Chromebook 14"" Intel Celeron 8GB 64GB Rosa",10149.0,8.0,8.0,SSD,Celeron,0,14.0,https://www.elektra.mx/laptop-hp-chromebook-14-intel-celeron-8gb-64gb-rosa-1301929288/p
EKT-0617,Hp,"Laptop HP Chromebook 14"" Intel Celeron 8GB 128GB Rosa",10248.0,8.0,8.0,SSD,Celeron,0,14.0,https://www.elektra.mx/laptop-hp-chromebook-14-intel-celeron-8gb-128gb-rosa-1301929281/p
EKT-0618,Lenovo,"Laptop Lenovo IdeaPad 1 15.6"" HD Intel Celeron 4GB 128GB",5727.0,4.0,4.0,SSD,Celeron,0,15.6,https://www.elektra.mx/laptop-lenovo-ideapad-1-156-hd-intel-celeron-4gb-128gb-1301928799/p
EKT-0619,Hp,Laptop hp 15 core i7 16gb 512gb ssd pantalla 15.6 fhd touch,17999.0,16.0,16.0,SSD,Core I7,0,,https://www.elektra.mx/laptop-hp-15-core-i7-16gb-512gb-ssd-pantalla-156-fhd-touch-1301927930/p
EKT-0620,Hp,Ordenador portátil HP Stream 14 HD BrightView Intel Celeron N4120 de 16 GB de RAM,9891.0,16.0,16.0,SSD,Celeron,0,,https://www.elektra.mx/ordenador-portatil-hp-stream-14-hd-brightview-intel-celeron-n4120-de-16-gb-de-ram-1301927013/p
EKT-0621,Hp,Ordenador portátil HP Stream 14 HD BrightView Intel Celeron N4120 de 16 GB,9891.0,16.0,16.0,SSD,Celeron,0,,https://www.elektra.mx/ordenador-portatil-hp-stream-14-hd-brightview-intel-celeron-n4120-de-16-gb-1301927003/p
EKT-0622,Hp,Ordenador portátil HP Stream 14 HD BrightView Intel Celeron N4120 de 16 GB de RAM,9891.0,16.0,16.0,SSD,Celeron,0,,https://www.elektra.mx/ordenador-portatil-hp-stream-14-hd-brightview-intel-celeron-n4120-de-16-gb-de-ram-1301927001/p
EKT-0623,Acer,"Acer Aspire Go 15 Laptop 15.6"" Full HD Ryzen 7 7730U 16GB RAM 512GB SSD Plata",13179.0,16.0,16.0,SSD,Ryzen 7,0,15.6,https://www.elektra.mx/acer-aspire-go-15-laptop-156-full-hd-ryzen-7-7730u-16gb-ram-512gb-ssd-plata-1301925646/p
EKT-0624,Hp,"Laptop HP 14"" Intel Celeron 8 GB 628 GB Win11 Pro blanco",8402.0,8.0,8.0,SSD,Celeron,0,14.0,https://www.elektra.mx/laptop-hp-14-intel-celeron-8-gb-628-gb-win11-pro-blanco-1301920109/p
EKT-0625,Hp,"Laptop HP de 14"" Intel Celeron 16 GB 628 GB Windows 11 Pro",9632.0,16.0,16.0,SSD,Celeron,0,14.0,https://www.elektra.mx/laptop-hp-de-14-intel-celeron-16-gb-628-gb-windows-11-pro-1301920108/p
EKT-0626,Hp,"Laptop HP 14"" Intel Celeron 8 GB 628 GB Windows 11 Pro color oro rosa",8648.0,8.0,8.0,SSD,Celeron,0,14.0,https://www.elektra.mx/laptop-hp-14-intel-celeron-8-gb-628-gb-windows-11-pro-color-oro-rosa-1301920107/p
EKT-0627,Lenovo,"Notebook Lenovo V15 AMD Ryzen 3 16GB 1TB 156"" FHD Win11",15819.0,16.0,16.0,SSD,Ryzen 3,0,56.0,https://www.elektra.mx/notebook-lenovo-v15-amd-ryzen-3-16gb-1tb-156-fhd-win11-1301920032/p
EKT-0628,Lenovo,"Laptop Lenovo V15 15.6"" FHD Intel N5100 16GB 512GB SSD",12680.0,16.0,16.0,SSD,Intel N5100,0,15.6,https://www.elektra.mx/laptop-lenovo-v15-156-fhd-intel-n5100-16gb-512gb-ssd-1301919991/p
EKT-0629,Lenovo,Laptop Lenovo ThinkBook 16 G6 Intel i5-13420 16GB 512GB SSD,9863.0,16.0,16.0,SSD,No especificado,0,,https://www.elektra.mx/laptop-lenovo-thinkbook-16-g6-intel-i5-13420-16gb-512gb-ssd-1301918331/p
EKT-0630,Hp,"Laptop HP de 156"" HD Intel i3 4 GB RAM 1 TB HDD Windows 10",9701.0,4.0,4.0,SSD,No especificado,0,56.0,https://www.elektra.mx/laptop-hp-de-156-hd-intel-i3-4-gb-ram-1-tb-hdd-windows-10-1301916533/p
EKT-0631,Hp,Laptop HP 14 Ryzen 3 8 GB de RAM 256 GB SSD 14-dk0736ms,8852.0,8.0,8.0,SSD,Ryzen 3,0,,https://www.elektra.mx/laptop-hp-14-ryzen-3-8-gb-de-ram-256-gb-ssd-14-dk0736ms-1301916390/p
EKT-0632,Hp,"Notebook HP 14"" Intel N150 4 GB 640 GB Windows 11 Rose Gold",8247.0,4.0,4.0,SSD,Intel N150,0,14.0,https://www.elektra.mx/notebook-hp-14-intel-n150-4-gb-640-gb-windows-11-rose-gold-1301915892/p
EKT-0633,Hp,"Laptop HP de 14"" Rose Gold con procesador Intel 16 GB de RAM y SSD de 256 GB",10331.0,16.0,16.0,SSD,No especificado,0,14.0,https://www.elektra.mx/laptop-hp-de-14-rose-gold-con-procesador-intel-16-gb-de-ram-y-ssd-de-256-gb-1301915851/p
EKT-0634,Hp,"Laptop HP Ultrabook 14"" Intel N150 16 GB RAM 256 GB SSD",9222.0,16.0,16.0,SSD,Intel N150,0,14.0,https://www.elektra.mx/laptop-hp-ultrabook-14-intel-n150-16-gb-ram-256-gb-ssd-1301915724/p
EKT-0635,Hp,"Laptop HP de 14"" Rose Gold Intel N150 16 GB de RAM 128 GB SSD",12593.0,16.0,16.0,SSD,Intel N150,0,14.0,https://www.elektra.mx/laptop-hp-de-14-rose-gold-intel-n150-16-gb-de-ram-128-gb-ssd-1301915661/p
EKT-0636,Hp,"Laptop HP 14"" Intel N150 16 GB RAM 128 GB SSD Windows 11",8235.0,16.0,16.0,SSD,Intel N150,0,14.0,https://www.elektra.mx/laptop-hp-14-intel-n150-16-gb-ram-128-gb-ssd-windows-11-1301915608/p
EKT-0637,Hp,"Laptop HP Ultrabook N150 16 GB de RAM 128 GB SSD 14""",8976.0,16.0,16.0,SSD,No especificado,0,14.0,https://www.elektra.mx/laptop-hp-ultrabook-n150-16-gb-de-ram-128-gb-ssd-14-1301915597/p
EKT-0638,Hp,"HP Laptop 14"" HD 4GB RAM 128GB UFS Intel N150 Windows 11 Microsoft 365 Sky Blue",5459.0,4.0,4.0,SSD,Intel N150,0,14.0,https://www.elektra.mx/hp-laptop-14-hd-4gb-ram-128gb-ufs-intel-n150-windows-11-microsoft-365-sky-blue-1301914190/p
EKT-0639,Hp,"HP Laptop 14"" HD 4GB RAM 128GB UFS Intel N150 Windows 11 Microsoft 365 Verde Sauce",5309.0,4.0,4.0,SSD,Intel N150,0,14.0,https://www.elektra.mx/hp-laptop-14-hd-4gb-ram-128gb-ufs-intel-n150-windows-11-microsoft-365-verde-sauce-1301914187/p
EKT-0640,Lenovo,"Laptop Lenovo IdeaPad 3i Chromebook 15.6"" FHD 4GB 64GB",8195.0,4.0,4.0,SSD,No especificado,0,15.6,https://www.elektra.mx/laptop-lenovo-ideapad-3i-chromebook-156-fhd-4gb-64gb-1301913881/p
EKT-0641,Hp,"Laptop HP Ultrabook de 14"" con 16 GB de RAM 64 GB SSD y Windows 11",8906.0,16.0,16.0,SSD,No especificado,0,14.0,https://www.elektra.mx/laptop-hp-ultrabook-de-14-con-16-gb-de-ram-64-gb-ssd-y-windows-11-1301913731/p
EKT-0642,Dell,Laptop ai pc dell plus core ultra 7 16gb 1tb copilot+ pc,24499.0,16.0,16.0,SSD,No especificado,0,,https://www.elektra.mx/laptop-ai-pc-dell-plus-core-ultra-7-16gb-1tb-copilot-pc-1301912658/p
EKT-0643,Hp,"Laptop HP 2026 i3 de 8 núcleos 32 GB de RAM 512 GB SSD pantalla de 173""",13587.0,32.0,32.0,SSD,No especificado,0,73.0,https://www.elektra.mx/laptop-hp-2026-i3-de-8-nucleos-32-gb-de-ram-512-gb-ssd-pantalla-de-173-1301912620/p
EKT-0644,Lenovo,"Lenovo Yoga Slim 7X Snapdragon X Elite 1TB SSD 16GB 14.5"" Azul",18849.0,16.0,1024.0,SSD,No especificado,0,14.5,https://www.elektra.mx/lenovo-yoga-slim-7x-snapdragon-x-elite-1tb-ssd-16gb-145-azul-1301911055/p
EKT-0645,Hp,"Laptop HP Essential 15.6"" Intel N100 16GB 512GB SSD FHD",15150.0,16.0,16.0,SSD,Intel N100,0,15.6,https://www.elektra.mx/laptop-hp-essential-156-intel-n100-16gb-512gb-ssd-fhd-1301910860/p
EKT-0646,Hp,"Laptop HP 15.6"" AMD Ryzen 3 7320U 8 GB 256 GB SSD",14422.0,8.0,8.0,SSD,Ryzen 3,0,15.6,https://www.elektra.mx/laptop-hp-156-amd-ryzen-3-7320u-8-gb-256-gb-ssd-1301909757/p
EKT-0647,Asus,Ordenador portátil ASUS Vivobook 16 F1605VA-DS52 16 pulgadas Intel i5 8 GB/512 GB,16126.0,8.0,8.0,SSD,No especificado,0,16.0,https://www.elektra.mx/ordenador-portatil-asus-vivobook-16-f1605va-ds52-16-pulgadas-intel-i5-8-gb512-gb-1301909378/p
EKT-0648,Lenovo,Laptop ai pc lenovo ideapad slim 3 snapdragon x 16gb 512gb,13999.0,16.0,16.0,SSD,No especificado,0,,https://www.elektra.mx/laptop-ai-pc-lenovo-ideapad-slim-3-snapdragon-x-16gb-512gb-1301906117/p
EKT-0649,Hp,Laptop ai pc hp omnibook x flip core ultra 7 256v 16gb 1tb,25999.0,16.0,16.0,SSD,No especificado,0,,https://www.elektra.mx/laptop-ai-pc-hp-omnibook-x-flip-core-ultra-7-256v-16gb-1tb-1301905481/p
EKT-0650,Asus,Laptop ai pc asus vivobook 16 snapdragon x 16gb 1tb copilot+,14999.0,16.0,16.0,SSD,No especificado,0,,https://www.elektra.mx/laptop-ai-pc-asus-vivobook-16-snapdragon-x-16gb-1tb-copilot-1301905399/p
EKT-0651,Asus,Laptop ai pc asus vivobook snapdragon x 16gb 512gb copilot+,12999.0,16.0,16.0,SSD,No especificado,0,,https://www.elektra.mx/laptop-ai-pc-asus-vivobook-snapdragon-x-16gb-512gb-copilot-1301905391/p
EKT-0652,Apple,Reacondicionado Ordenador portátil Apple MacBook Pro con Retina de 13 pulgadas Intel Core i5 16 GB de RAM 256 GB SSD plateado (renovado),6276.0,16.0,16.0,SSD,Core I5,0,13.0,https://www.elektra.mx/reacondicionado-ordenador-portatil-apple-macbook-pro-con-retina-de-13-pulgadas-intel-core-i5-16-gb-de-ram-256-gb-ssd-plateado-renovado-1301903642/p
EKT-0653,Apple,Reacondicionado Ordenador portátil Apple MacBook Pro Retina con pantalla MPXQ2LL/A de 13 pulgadas,7616.0,,,SSD,No especificado,0,13.0,https://www.elektra.mx/reacondicionado-ordenador-portatil-apple-macbook-pro-retina-con-pantalla-mpxq2lla-de-13-pulgadas-1301903446/p
EKT-0654,Dell,Reacondicionado Ordenador portátil Dell Latitude 7490 Intel Core i5-8350U SSD de 8 GB y 128 GB,5494.0,8.0,8.0,SSD,Core I5,0,,https://www.elektra.mx/reacondicionado-ordenador-portatil-dell-latitude-7490-intel-core-i5-8350u-ssd-de-8-gb-y-128-gb-1301898968/p
EKT-0655,Hp,"Laptop HP N150 de 14"" con 8 GB de RAM 256 GB Wi‑Fi 6 y Windows 11",7579.0,8.0,8.0,SSD,No especificado,0,14.0,https://www.elektra.mx/laptop-hp-n150-de-14-con-8-gb-de-ram-256-gb-wifi-6-y-windows-11-1301884783/p
EKT-0656,Dell,Laptop DELL Latitude 5310 Reacondicionado | Intel Core i5-10310U (vPro) | 16GB RAM | 256GB SSD | 13.3″ Full HD | Teclado Retroiluminado | Win 11 Pro,5499.0,16.0,16.0,SSD,Core I5,0,,https://www.elektra.mx/laptop-dell-latitude-5310-reacondicionado-intel-core-i5-10310u-vpro-16gb-ram-256gb-ssd-133-full-hd-teclado-retroiluminado-win-11-pro-1301884420/p
EKT-0657,Dell,"Laptop Dell Latitude 5420, 14"" FHD, Core i5 8GB 256GB SSD, Win10 Pro, Reacondicionado",5299.0,8.0,8.0,SSD,Core I5,0,14.0,https://www.elektra.mx/laptop-dell-latitude-5420-14-fhd-core-i5-8gb-256gb-ssd-win10-pro-reacondicionado-1301884403/p
EKT-0658,Asus,"Laptop ASUS 14"" FHD Intel Celeron N4500 4GB RAM 1TB",7958.0,4.0,4.0,SSD,Celeron,0,14.0,https://www.elektra.mx/laptop-asus-14-fhd-intel-celeron-n4500-4gb-ram-1tb-1301883568/p
EKT-0659,Asus,ASUS Vivobook 16 Laptop Intel Core i9 16GB RAM 1TB SSD Windows 11,21179.0,16.0,16.0,SSD,Core I9,0,,https://www.elektra.mx/asus-vivobook-16-laptop-intel-core-i9-16gb-ram-1tb-ssd-windows-11-1301882704/p
EKT-0660,Hp,Laptop HP 14 Pulgadas Intel N150 4GB RAM 128GB UFS Windows 11 Home,5309.0,4.0,4.0,SSD,Intel N150,0,14.0,https://www.elektra.mx/laptop-hp-14-pulgadas-intel-n150-4gb-ram-128gb-ufs-windows-11-home-1301882639/p
EKT-0661,Asus,Chromebook Asus Plus CX14 Core i3 8GB RAM 128GB SSD Gris,13499.0,8.0,8.0,SSD,Core I3,0,,https://www.elektra.mx/chromebook-asus-plus-cx14-core-i3-8gb-ram-128gb-ssd-gris-28011920/p
EKT-0662,Asus,Laptop Asus Vivobook 16 Core Ultra 5 16GB RAM 1TB SSD Cool Silver,25999.0,16.0,16.0,SSD,No especificado,0,,https://www.elektra.mx/laptop-asus-vivobook-16-core-ultra-5-16gb-ram-1tb-ssd-cool-silver-28011899/p
EKT-0663,Asus,Laptop Asus Zebook 14 Ultra 5 16GB RAM 512GB SSD Cool Silver,26999.0,16.0,16.0,SSD,No especificado,0,,https://www.elektra.mx/laptop-asus-zebook-14-ultra-5-16gb-ram-512gb-ssd-cool-silver-28011900/p
EKT-0664,Asus,Laptop Asus Zebook 14 Ryzen AI 5 32GB RAM 512GB SSD,32999.0,32.0,32.0,SSD,No especificado,0,,https://www.elektra.mx/laptop-asus-zebook-14-ryzen-ai-5-32gb-ram-512gb-ssd-28011898/p
EKT-0665,Asus,Laptop Asus Vivobook 14 Core i7 16GB RAM 512GB SSD Quiet Blue,22499.0,16.0,16.0,SSD,Core I7,0,,https://www.elektra.mx/laptop-asus-vivobook-14-core-i7-16gb-ram-512gb-ssd-quiet-blue-28011901/p
EKT-0666,Asus,Laptop Asus Vivobook 14 X1 16GB RAM 512GB SSD Gold,13999.0,16.0,16.0,SSD,No especificado,0,,https://www.elektra.mx/laptop-asus-vivobook-14-x1-16gb-ram-512gb-ssd-gold-28011891/p
EKT-0667,Belkin,Mini PC Beelink S12 PRO Intel N100 16GB 512GB SSD WiFi 6,8377.0,16.0,16.0,SSD,Intel N100,0,,https://www.elektra.mx/mini-pc-beelink-s12-pro-intel-n100-16gb-512gb-ssd-wifi-6-1301881954/p
EKT-0668,Hp,"Laptop HP Stream 14"" Intel N150 4 GB de RAM 112 TB Wi‑Fi 6",12567.0,4.0,4.0,SSD,Intel N150,0,14.0,https://www.elektra.mx/laptop-hp-stream-14-intel-n150-4-gb-de-ram-112-tb-wifi-6-1301880819/p
EKT-0669,Hp,"Laptop HP Stream 14"" Intel N150 4 GB de RAM 112 TB de almacenamiento",12567.0,4.0,4.0,SSD,Intel N150,0,14.0,https://www.elektra.mx/laptop-hp-stream-14-intel-n150-4-gb-de-ram-112-tb-de-almacenamiento-1301880816/p
EKT-0670,Hp,"Laptop HP Stream 14"" Intel N150 4GB RAM 1.12 TB Rosa",12567.0,4.0,4.0,SSD,Intel N150,0,14.0,https://www.elektra.mx/laptop-hp-stream-14-intel-n150-4gb-ram-112-tb-rosa-1301880811/p
EKT-0671,Hp,"Laptop HP Stream 14"" HD Intel N150 4 GB 112 TB Wi‑Fi 6",12567.0,4.0,4.0,SSD,Intel N150,0,14.0,https://www.elektra.mx/laptop-hp-stream-14-hd-intel-n150-4-gb-112-tb-wifi-6-1301880799/p
EKT-0672,Hp,"Laptop HP Stream 14"" Intel N150 4 GB de RAM 112 TB de almacenamiento",12567.0,4.0,4.0,SSD,Intel N150,0,14.0,https://www.elektra.mx/laptop-hp-stream-14-intel-n150-4-gb-de-ram-112-tb-de-almacenamiento-1301880789/p
EKT-0673,Asus,"Laptop ASUS 14"" FHD Intel Celeron N4500 4GB 1TB Win11",7956.0,4.0,4.0,SSD,Celeron,0,14.0,https://www.elektra.mx/laptop-asus-14-fhd-intel-celeron-n4500-4gb-1tb-win11-1301880551/p
EKT-0674,Asus,"Laptop ASUS VivoBook i3-1315U 8GB 128GB 14"" FHD Win11",11830.0,8.0,8.0,SSD,No especificado,0,14.0,https://www.elektra.mx/laptop-asus-vivobook-i3-1315u-8gb-128gb-14-fhd-win11-1301880531/p
EKT-0675,Ist computers,"Notebook Lenovo IdeaPad 1i 15.6"" HD 8GB 384GB SSD+eMMC",11458.0,8.0,8.0,SSD,No especificado,0,15.6,https://www.elektra.mx/notebook-lenovo-ideapad-1i-156-hd-8gb-384gb-ssdemmc-1301880228/p
EKT-0676,Hp,"Laptop HP 156"" táctil Ryzen 5 8 GB 15 TB SSD Wi‑Fi 6",17109.0,8.0,8.0,SSD,Ryzen 5,0,56.0,https://www.elektra.mx/laptop-hp-156-tactil-ryzen-5-8-gb-15-tb-ssd-wifi-6-1301880011/p
EKT-0677,Lenovo,"Laptop Lenovo IdeaPad Slim 3 de 15.6"" FHD Intel N150 8 GB",8728.0,8.0,8.0,SSD,Intel N150,0,15.6,https://www.elektra.mx/laptop-lenovo-ideapad-slim-3-de-156-fhd-intel-n150-8-gb-1301879519/p
EKT-0678,Lenovo,"Laptop Lenovo 14"" HD 20 GB RAM 256 GB SSD 500 GB HDD",15976.0,20.0,20.0,SSD,No especificado,0,14.0,https://www.elektra.mx/laptop-lenovo-14-hd-20-gb-ram-256-gb-ssd-500-gb-hdd-1301879391/p
EKT-0679,Hp,"Laptop HP 17t-cn300 de 17.3"" FHD Intel i5-1334U 8 GB 256 GB",13452.0,8.0,8.0,SSD,No especificado,0,17.3,https://www.elektra.mx/laptop-hp-17t-cn300-de-173-fhd-intel-i5-1334u-8-gb-256-gb-1301879384/p
EKT-0680,Lenovo,"Laptop Lenovo V15 AMD Ryzen 3 7320U 15.6"" FHD 16 GB 512 GB",16010.0,16.0,16.0,SSD,Ryzen 3,0,15.6,https://www.elektra.mx/laptop-lenovo-v15-amd-ryzen-3-7320u-156-fhd-16-gb-512-gb-1301879378/p
EKT-0681,Hp,"Laptop HP Sleek 14"" HD 16 GB de RAM 128 GB SSD Windows 11",12557.0,16.0,16.0,SSD,No especificado,0,14.0,https://www.elektra.mx/laptop-hp-sleek-14-hd-16-gb-de-ram-128-gb-ssd-windows-11-1301879347/p
EKT-0682,Hp,"Laptop HP Essential 156"" HD Intel Quad-Core 16 GB RAM",12680.0,16.0,16.0,SSD,Core 1,0,56.0,https://www.elektra.mx/laptop-hp-essential-156-hd-intel-quad-core-16-gb-ram-1301879345/p
EKT-0683,Hp,"Laptop HP 14"" Intel N150 Quad-Core 16 GB 384 GB WiFi 6",12446.0,16.0,16.0,SSD,Intel N150,0,14.0,https://www.elektra.mx/laptop-hp-14-intel-n150-quad-core-16-gb-384-gb-wifi-6-1301879340/p
EKT-0684,Hp,"Laptop HP de 14"" Intel N150 16 GB de RAM 256 GB de almacenamiento Windows 11",9198.0,16.0,16.0,SSD,Intel N150,0,14.0,https://www.elektra.mx/laptop-hp-de-14-intel-n150-16-gb-de-ram-256-gb-de-almacenamiento-windows-11-1301879337/p
EKT-0685,Hp,"Laptop HP 14"" 16 GB de RAM 256 GB Intel N150 Windows 11",9198.0,16.0,16.0,SSD,Intel N150,0,14.0,https://www.elektra.mx/laptop-hp-14-16-gb-de-ram-256-gb-intel-n150-windows-11-1301879335/p
EKT-0686,Hp,"Laptop HP de 14"" N150 Quad-Core 16 GB de RAM 192 GB SSD WiFi 6",11478.0,16.0,16.0,SSD,Core 1,0,14.0,https://www.elektra.mx/laptop-hp-de-14-n150-quad-core-16-gb-de-ram-192-gb-ssd-wifi-6-1301879317/p
EKT-0687,Hp,"Laptop HP 14"" Intel N150 16 GB RAM 128 GB UFS Wi‑Fi 6",10994.0,16.0,16.0,SSD,Intel N150,0,14.0,https://www.elektra.mx/laptop-hp-14-intel-n150-16-gb-ram-128-gb-ufs-wifi-6-1301879314/p
EKT-0688,Hp,"Laptop HP 14"" Intel N150 16 GB RAM 384 GB Win11 Pro",11160.0,16.0,16.0,SSD,Intel N150,0,14.0,https://www.elektra.mx/laptop-hp-14-intel-n150-16-gb-ram-384-gb-win11-pro-1301879304/p
EKT-0689,Hp,"Laptop HP 14"" 16 GB de RAM 128 GB Intel N150 Windows 11",8704.0,16.0,16.0,SSD,Intel N150,0,14.0,https://www.elektra.mx/laptop-hp-14-16-gb-de-ram-128-gb-intel-n150-windows-11-1301879289/p
EKT-0690,Hp,"Laptop HP 14"" Intel N150 8 GB RAM 128 GB UFS Wi‑Fi 6",9058.0,8.0,8.0,SSD,Intel N150,0,14.0,https://www.elektra.mx/laptop-hp-14-intel-n150-8-gb-ram-128-gb-ufs-wifi-6-1301879284/p
EKT-0691,Hp,"Laptop HP Slim 14"" Intel Celeron 16 GB RAM 128 GB SSD Rosa",10136.0,16.0,16.0,SSD,Celeron,0,14.0,https://www.elektra.mx/laptop-hp-slim-14-intel-celeron-16-gb-ram-128-gb-ssd-rosa-1301879283/p
EKT-0692,Hp,"Laptop HP 14"" N150 8 GB de RAM 256 GB Windows 11",9496.0,8.0,8.0,SSD,No especificado,0,14.0,https://www.elektra.mx/laptop-hp-14-n150-8-gb-de-ram-256-gb-windows-11-1301879280/p
EKT-0693,Apple,MacBook Neo Apple 8GB RAM 256GB SSD Rosa,14999.0,8.0,8.0,SSD,No especificado,0,,https://www.elektra.mx/macbook-neo-apple-8gb-ram-256gb-ssd-rosa-28011929/p
EKT-0694,Apple,MacBook Neo Apple 8GB RAM 256GB SSD Silver,14999.0,8.0,8.0,SSD,No especificado,0,,https://www.elektra.mx/macbook-neo-apple-8gb-ram-256gb-ssd-silver-28011918/p
EKT-0695,Asus,"Laptop ASUS VivoBook 14"" FHD 16GB 512GB Intel i3-1215U",15041.0,16.0,16.0,SSD,No especificado,0,14.0,https://www.elektra.mx/laptop-asus-vivobook-14-fhd-16gb-512gb-intel-i3-1215u-1301876924/p
EKT-0696,Dell,Dell Touchscreen (Intel Core i5-1334U) (8/512GB SSD)(Windows 11) (15.6 pulgadas 2K) Negro Nuevo,12199.0,512.0,512.0,SSD,Core I5,0,15.6,https://www.elektra.mx/dell-touchscreen-intel-core-i5-1334u-8512gb-ssdwindows-11-156-pulgadas-2k-negro-nuevo-1301876757/p
EKT-0697,Kinro,"Laptop KINOBUC 15.6"" FHD 32 GB RAM 512 GB SSD Pentium",7737.0,32.0,32.0,SSD,No especificado,0,15.6,https://www.elektra.mx/laptop-kinobuc-156-fhd-32-gb-ram-512-gb-ssd-pentium-1301876075/p
EKT-0698,Asus,"Laptop ASUS Vivobook 14"" FHD i5-1334U 8 GB 256 GB SSD",12608.0,8.0,8.0,SSD,No especificado,0,14.0,https://www.elektra.mx/laptop-asus-vivobook-14-fhd-i5-1334u-8-gb-256-gb-ssd-1301876069/p
EKT-0699,Asus,"Laptop ASUS Vivobook Go 15 15.6"" FHD Intel N150 4GB 128GB",8253.0,4.0,4.0,SSD,Intel N150,0,15.6,https://www.elektra.mx/laptop-asus-vivobook-go-15-156-fhd-intel-n150-4gb-128gb-1301876068/p
EKT-0700,Asus,"Laptop ASUS Vivobook Go 15.6"" FHD Intel i3-N305 8 GB 128 GB",10678.0,8.0,8.0,SSD,No especificado,0,15.6,https://www.elektra.mx/laptop-asus-vivobook-go-156-fhd-intel-i3-n305-8-gb-128-gb-1301875858/p
EKT-0701,Asus,Laptop ASUS Vivobook Go 14 E410 4GB 128GB eMMC FHD,6096.0,4.0,4.0,SSD,No especificado,0,,https://www.elektra.mx/laptop-asus-vivobook-go-14-e410-4gb-128gb-emmc-fhd-1301873019/p
EKT-0702,Hp,"Hp Probook 440 G11, Intel Core Ultra 7, Ram 8gb y  512 gb Ssd, color plateado",15599.0,8.0,8.0,SSD,No especificado,0,,https://www.elektra.mx/hp-probook-440-g11-intel-core-ultra-7-ram-8gb-y-512-gb-ssd-color-plateado-1301872938/p
EKT-0703,Asus,"Laptop ASUS 14"" FHD Intel Celeron N4500 4GB 64GB Win11",6366.0,4.0,4.0,SSD,Celeron,0,14.0,https://www.elektra.mx/laptop-asus-14-fhd-intel-celeron-n4500-4gb-64gb-win11-1301872861/p
EKT-0704,Hp,"Laptop HP 255R: Procesador AMD Ryzen 5 7520U, RAM 16GB LPDDR5, SSD de 512GB, Pantalla de 15.6"" LED, Video Radeon Graphics, S.O. Windows 11 Home.",10699.0,16.0,16.0,SSD,Ryzen 5,0,15.6,https://www.elektra.mx/laptop-hp-255r-procesador-amd-ryzen-5-7520u-ram-16gb-lpddr5-ssd-de-512gb-pantalla-de-156-led-video-radeon-graphics-so-windows-11-home-1301872697/p
EKT-0705,Asus,"Laptop ASUS Vivobook Go 14"" FHD Intel Celeron 4GB 640GB",8071.0,4.0,4.0,SSD,Celeron,0,14.0,https://www.elektra.mx/laptop-asus-vivobook-go-14-fhd-intel-celeron-4gb-640gb-1301872495/p
EKT-0706,Asus,Laptop ASUS Vivobook Go 14 E410 Intel Celeron 4GB 640GB,8071.0,4.0,4.0,SSD,Celeron,0,,https://www.elektra.mx/laptop-asus-vivobook-go-14-e410-intel-celeron-4gb-640gb-1301872477/p
EKT-0707,Asus,"Laptop ASUS Vivobook Go 14"" FHD Intel Celeron 4GB 640GB",8071.0,4.0,4.0,SSD,Celeron,0,14.0,https://www.elektra.mx/laptop-asus-vivobook-go-14-fhd-intel-celeron-4gb-640gb-1301872431/p
EKT-0708,Asus,"Laptop ASUS Vivobook Go 15.6"" FHD Intel N6000 4 GB 128 GB SSD",6976.0,4.0,4.0,SSD,Intel N6000,0,15.6,https://www.elektra.mx/laptop-asus-vivobook-go-156-fhd-intel-n6000-4-gb-128-gb-ssd-1301872333/p
EKT-0709,Asus,"Laptop ASUS L410MA 14"" FHD Intel N4020 4 GB 64 GB Win11",7469.0,4.0,4.0,SSD,Intel N4020,0,14.0,https://www.elektra.mx/laptop-asus-l410ma-14-fhd-intel-n4020-4-gb-64-gb-win11-1301872310/p
EKT-0710,Lenovo,"Notebook Lenovo V15 Intel N150 156"" FHD 16 GB 512 GB SSD",14806.0,16.0,16.0,SSD,Intel N150,0,56.0,https://www.elektra.mx/notebook-lenovo-v15-intel-n150-156-fhd-16-gb-512-gb-ssd-1301872283/p
EKT-0711,Hp,"Laptop HP 14"" 16 GB RAM 128 GB SSD Intel N150 Windows 11",8211.0,16.0,16.0,SSD,Intel N150,0,14.0,https://www.elektra.mx/laptop-hp-14-16-gb-ram-128-gb-ssd-intel-n150-windows-11-1301872192/p
EKT-0712,Hp,"Laptop HP 14"" Intel N150 Quad-Core 4GB 192GB WiFi 6",7804.0,4.0,4.0,SSD,Intel N150,0,14.0,https://www.elektra.mx/laptop-hp-14-intel-n150-quad-core-4gb-192gb-wifi-6-1301872154/p
EKT-0713,Hp,"Laptop HP de 14"" Intel Pentium 16 GB 128 GB SSD Windows 11",10186.0,16.0,16.0,SSD,No especificado,0,14.0,https://www.elektra.mx/laptop-hp-de-14-intel-pentium-16-gb-128-gb-ssd-windows-11-1301872152/p
EKT-0714,Lenovo,"Laptop Lenovo V15 156"" FHD Intel N150 16 GB 512 GB SSD",14806.0,16.0,16.0,SSD,Intel N150,0,56.0,https://www.elektra.mx/laptop-lenovo-v15-156-fhd-intel-n150-16-gb-512-gb-ssd-1301872142/p
EKT-0715,Hp,"Notebook HP 14"" táctil Intel N150 4GB 128GB SSD con Microsoft 365",7717.0,4.0,4.0,SSD,Intel N150,0,14.0,https://www.elektra.mx/notebook-hp-14-tactil-intel-n150-4gb-128gb-ssd-con-microsoft-365-1301872047/p
EKT-0716,Asus,"Laptop ASUS Vivobook 14"" FHD Intel i3-1315U 8GB 512GB SSD",14750.0,8.0,8.0,SSD,No especificado,0,14.0,https://www.elektra.mx/laptop-asus-vivobook-14-fhd-intel-i3-1315u-8gb-512gb-ssd-1301871961/p
EKT-0717,Hp,"Laptop HP 14"" 16 GB de RAM 256 GB Intel N150 Windows 11",9692.0,16.0,16.0,SSD,Intel N150,0,14.0,https://www.elektra.mx/laptop-hp-14-16-gb-de-ram-256-gb-intel-n150-windows-11-1301871897/p
EKT-0718,Apple,Reacondicionado Ordenador portátil Apple MacBook Pro de finales de 2019 15.4 pulgadas Intel i9 32 GB 512 GB,17283.0,32.0,32.0,SSD,No especificado,0,15.4,https://www.elektra.mx/reacondicionado-ordenador-portatil-apple-macbook-pro-de-finales-de-2019-154-pulgadas-intel-i9-32-gb-512-gb-1301871890/p
EKT-0719,Dell,"Laptop Dell Inspiron 15.6"" FHD táctil i5 8 GB 768 GB Win11",14615.0,8.0,8.0,SSD,No especificado,0,15.6,https://www.elektra.mx/laptop-dell-inspiron-156-fhd-tactil-i5-8-gb-768-gb-win11-1301871878/p
EKT-0720,Asus,"Laptop ASUS Vivobook 14"" FHD Intel Core i5 12GB 256GB SSD",15116.0,12.0,12.0,SSD,Core I5,0,14.0,https://www.elektra.mx/laptop-asus-vivobook-14-fhd-intel-core-i5-12gb-256gb-ssd-1301871785/p
EKT-0721,Asus,"Laptop ASUS Vivobook 156"" FHD Intel Quad-Core 4 GB RAM",5185.0,4.0,4.0,SSD,Core 4,0,56.0,https://www.elektra.mx/laptop-asus-vivobook-156-fhd-intel-quad-core-4-gb-ram-1301871783/p
EKT-0722,Hp,"Laptop HP 14"" N150 16GB RAM 128GB SSD Windows 11 Verde",10211.0,16.0,16.0,SSD,No especificado,0,14.0,https://www.elektra.mx/laptop-hp-14-n150-16gb-ram-128gb-ssd-windows-11-verde-1301871777/p
EKT-0723,Hp,Laptop HP 15 AMD Ryzen 7 8 GB de RAM 256 GB SSD HD Windows 10,10520.0,8.0,8.0,SSD,Ryzen 7,0,,https://www.elektra.mx/laptop-hp-15-amd-ryzen-7-8-gb-de-ram-256-gb-ssd-hd-windows-10-1301871773/p
EKT-0724,Lenovo,Reacondicionado Ordenador portátil Lenovo ThinkPad E15 Gen 3 AMD Ryzen 5-5500U de 16 GB de RAM,11927.0,16.0,16.0,SSD,Ryzen 5,0,,https://www.elektra.mx/reacondicionado-ordenador-portatil-lenovo-thinkpad-e15-gen-3-amd-ryzen-5-5500u-de-16-gb-de-ram-1301871689/p
EKT-0725,Hp,"Laptop HP 14"" Intel N150 16 GB RAM 256 GB rosa Win11",11231.0,16.0,16.0,SSD,Intel N150,0,14.0,https://www.elektra.mx/laptop-hp-14-intel-n150-16-gb-ram-256-gb-rosa-win11-1301871596/p
EKT-0726,Hp,Laptop HP 14 Intel Celeron N4500 8 GB 256 GB eMMC Win11,9580.0,8.0,8.0,SSD,Celeron,0,,https://www.elektra.mx/laptop-hp-14-intel-celeron-n4500-8-gb-256-gb-emmc-win11-1301871570/p
EKT-0727,Hp,"Laptop HP 156"" con pantalla táctil i3-1215U 8 GB 256 GB SSD",13067.0,8.0,8.0,SSD,No especificado,0,56.0,https://www.elektra.mx/laptop-hp-156-con-pantalla-tactil-i3-1215u-8-gb-256-gb-ssd-1301871538/p
EKT-0728,Hp,"Laptop HP 156"" FHD Intel i3 13.ª gen. 8 GB 128 GB SSD",10211.0,8.0,8.0,SSD,No especificado,0,56.0,https://www.elektra.mx/laptop-hp-156-fhd-intel-i3-13-gen-8-gb-128-gb-ssd-1301871530/p
EKT-0729,Hp,"Laptop HP 156"" N200 16 GB RAM 128 GB SSD Win11",11093.0,16.0,16.0,SSD,No especificado,0,56.0,https://www.elektra.mx/laptop-hp-156-n200-16-gb-ram-128-gb-ssd-win11-1301871528/p
EKT-0730,Hp,"Laptop HP 14"" Intel N150 8 GB de RAM 256 GB SSD Windows 11",9496.0,8.0,8.0,SSD,Intel N150,0,14.0,https://www.elektra.mx/laptop-hp-14-intel-n150-8-gb-de-ram-256-gb-ssd-windows-11-1301871518/p
EKT-0731,Hp,"Laptop HP 15.6"" FHD Ryzen 5 8 GB 256 GB SSD Radeon",12607.0,8.0,8.0,SSD,Ryzen 5,0,15.6,https://www.elektra.mx/laptop-hp-156-fhd-ryzen-5-8-gb-256-gb-ssd-radeon-1301871392/p
EKT-0732,Hp,"Laptop HP Stream 14"" HD Intel N150 4 GB RAM 112 TB",12567.0,4.0,4.0,SSD,Intel N150,0,14.0,https://www.elektra.mx/laptop-hp-stream-14-hd-intel-n150-4-gb-ram-112-tb-1301871384/p
EKT-0733,Asus,"Laptop expertbook ultra b9 ai pc core ultra 7 32gb 1tb 14""",54999.0,32.0,32.0,SSD,No especificado,0,14.0,https://www.elektra.mx/laptop-expertbook-ultra-b9-ai-pc-core-ultra-7-32gb-1tb-14-1301871372/p
EKT-0734,Asus,"Laptop ASUS VivoBook 14"" FHD i3-1215U 4GB 128GB SSD",10186.0,4.0,4.0,SSD,No especificado,0,14.0,https://www.elektra.mx/laptop-asus-vivobook-14-fhd-i3-1215u-4gb-128gb-ssd-1301870785/p
EKT-0735,Lenovo,"Laptop Lenovo V14 G4 AMN: Procesador AMD Ryzen 5 7520U, Memoria 16GB LPDDR5, SSD de 512GB, Pantalla de 14"" LED, Video Radeon 610M, Windows 11 Home.",11539.0,16.0,16.0,SSD,Ryzen 5,0,14.0,https://www.elektra.mx/laptop-lenovo-v14-g4-amn-procesador-amd-ryzen-5-7520u-memoria-16gb-lpddr5-ssd-de-512gb-pantalla-de-14-led-video-radeon-610m-windows-11-home-1301870723/p
EKT-0736,Dell,Laptop Dell Inspiron LDC15250 Core i5 8GB 512GB SSD Negra,11499.0,8.0,8.0,SSD,Core I5,0,,https://www.elektra.mx/laptop-dell-inspiron-ldc15250-core-i5-8gb-512gb-ssd-negra-1301870711/p
EKT-0737,Asus,"Notebook ASUS L410 14"" FHD Intel Celeron 4GB 128GB",5741.0,4.0,4.0,SSD,Celeron,0,14.0,https://www.elektra.mx/notebook-asus-l410-14-fhd-intel-celeron-4gb-128gb-1301870616/p
EKT-0738,Hp,"Laptop HP 15.6"" 15-dy2792wm Intel i3 8 GB 256 GB SSD",8041.0,8.0,8.0,SSD,No especificado,0,15.6,https://www.elektra.mx/laptop-hp-156-15-dy2792wm-intel-i3-8-gb-256-gb-ssd-1301870599/p
EKT-0739,Asus,"Laptop ASUS Chromebook de 14"" con pantalla táctil Intel Celeron 8 GB de RAM",7458.0,8.0,8.0,SSD,Celeron,0,14.0,https://www.elektra.mx/laptop-asus-chromebook-de-14-con-pantalla-tactil-intel-celeron-8-gb-de-ram-1301870583/p
EKT-0740,Asus,"Laptop ASUS Vivobook 14"" FHD Intel i3-1315U 8GB 128GB SSD",13079.0,8.0,8.0,SSD,No especificado,0,14.0,https://www.elektra.mx/laptop-asus-vivobook-14-fhd-intel-i3-1315u-8gb-128gb-ssd-1301870579/p
EKT-0741,Hp,"Laptop HP 14"" HD Intel N150 8 GB RAM 128 GB SSD Verde",8976.0,8.0,8.0,SSD,Intel N150,0,14.0,https://www.elektra.mx/laptop-hp-14-hd-intel-n150-8-gb-ram-128-gb-ssd-verde-1301870378/p
EKT-0742,Asus,"Laptop ASUS CX1400CNA 14"" FHD Intel Celeron 64 GB 4 GB RAM",6232.0,64.0,64.0,SSD,Celeron,0,14.0,https://www.elektra.mx/laptop-asus-cx1400cna-14-fhd-intel-celeron-64-gb-4-gb-ram-1301870367/p
EKT-0743,Asus,"Laptop ASUS Vivobook Go 14"" FHD Intel Pentium N6000 4GB 64GB",5765.0,4.0,4.0,SSD,No especificado,0,14.0,https://www.elektra.mx/laptop-asus-vivobook-go-14-fhd-intel-pentium-n6000-4gb-64gb-1301870301/p
EKT-0744,Ist computers,"Laptop HP 14"" Intel Celeron N4500 4 GB 192 GB",7000.0,4.0,4.0,SSD,Celeron,0,14.0,https://www.elektra.mx/laptop-hp-14-intel-celeron-n4500-4-gb-192-gb-1301870070/p
EKT-0745,Asus,"Laptop ASUS C423NA 14"" HD Intel N3350 4 GB 64 GB Chrome OS",5370.0,4.0,4.0,SSD,Intel N3350,0,14.0,https://www.elektra.mx/laptop-asus-c423na-14-hd-intel-n3350-4-gb-64-gb-chrome-os-1301869995/p
EKT-0746,Asus,"Laptop ASUS C425TA 14"" FHD táctil Intel Core m3 4 GB 128 GB",6926.0,4.0,4.0,SSD,No especificado,0,14.0,https://www.elektra.mx/laptop-asus-c425ta-14-fhd-tactil-intel-core-m3-4-gb-128-gb-1301869940/p
EKT-0747,Hp,"Laptop HP 156"" Intel Pentium 8 GB 384 GB Windows 11",10428.0,8.0,8.0,SSD,No especificado,0,56.0,https://www.elektra.mx/laptop-hp-156-intel-pentium-8-gb-384-gb-windows-11-1301869927/p
EKT-0748,Asus,"Laptop ASUS Chromebook CX14 14"" FHD 4GB 192GB Chrome OS",6309.0,4.0,4.0,SSD,No especificado,0,14.0,https://www.elektra.mx/laptop-asus-chromebook-cx14-14-fhd-4gb-192gb-chrome-os-1301869926/p
EKT-0749,Asus,"Netbook ASUS BR1102C 116"" HD Intel Celeron N100 4 GB de RAM",4777.0,4.0,4.0,SSD,Celeron,0,16.0,https://www.elektra.mx/netbook-asus-br1102c-116-hd-intel-celeron-n100-4-gb-de-ram-1301869917/p
EKT-0750,Hp,"Laptop HP Stream 14"" N150 16 GB de RAM 288 GB de almacenamiento Windows 11",9400.0,16.0,16.0,SSD,No especificado,0,14.0,https://www.elektra.mx/laptop-hp-stream-14-n150-16-gb-de-ram-288-gb-de-almacenamiento-windows-11-1301869873/p
EKT-0751,Ist computers,Laptop HP 15 con pantalla táctil i5 8 GB 512 GB SSD,13503.0,8.0,8.0,SSD,No especificado,0,,https://www.elektra.mx/laptop-hp-15-con-pantalla-tactil-i5-8-gb-512-gb-ssd-1301869788/p
EKT-0752,Asus,"Laptop ASUS Vivobook Go 15.6"" Ryzen 3 8GB 128GB SSD",10705.0,8.0,8.0,SSD,Ryzen 3,0,15.6,https://www.elektra.mx/laptop-asus-vivobook-go-156-ryzen-3-8gb-128gb-ssd-1301869734/p
EKT-0753,Dell,"Laptop Dell Precision 5530 156"" FHD i7 16GB 512GB SSD",9418.0,16.0,16.0,SSD,No especificado,0,56.0,https://www.elektra.mx/laptop-dell-precision-5530-156-fhd-i7-16gb-512gb-ssd-1301869150/p
EKT-0754,Hp,"Laptop HP 14"" Intel Celeron 8 GB RAM 1600 GB Windows 11",10694.0,8.0,8.0,SSD,Celeron,0,14.0,https://www.elektra.mx/laptop-hp-14-intel-celeron-8-gb-ram-1600-gb-windows-11-1301869127/p
EKT-0755,Hp,"Laptop HP 14"" Intel Celeron 16 GB RAM 1600 GB Windows 11",10779.0,16.0,16.0,SSD,Celeron,0,14.0,https://www.elektra.mx/laptop-hp-14-intel-celeron-16-gb-ram-1600-gb-windows-11-1301869124/p
EKT-0756,Dell,"Laptop Dell Inspiron 15.6"" Touch Negro",10899.0,,,SSD,No especificado,0,15.6,https://www.elektra.mx/laptop-dell-inspiron-156-touch-negro-1301866979/p
EKT-0757,Hp,"HP LAPTOP 255 G10 (AL2R3AT) 15.5"" RYZEN 5 8GB 512GB SSD W11 GRIS",9599.0,8.0,8.0,SSD,Ryzen 5,0,15.5,https://www.elektra.mx/hp-laptop-255-g10-al2r3at-155-ryzen-5-8gb-512gb-ssd-w11-gris-1301866968/p
EKT-0758,Dell,"Laptop Dell Latitude 7430 reacondicionado 14"" i7-1265U 32 GB de RAM 512 GB SSD",12310.0,32.0,32.0,SSD,No especificado,0,14.0,https://www.elektra.mx/laptop-dell-latitude-7430-reacondicionado-14-i7-1265u-32-gb-de-ram-512-gb-ssd-1301866919/p
EKT-0759,Hp,"Laptop HP ultradelgada de 14"" Intel N150 16 GB 384 GB Windows 11",9922.0,16.0,16.0,SSD,Intel N150,0,14.0,https://www.elektra.mx/laptop-hp-ultradelgada-de-14-intel-n150-16-gb-384-gb-windows-11-1301866600/p
EKT-0760,Lenovo,"Laptop Lenovo B0GMQVRCVW 156"" IPS táctil Chrome OS",9227.0,,,SSD,No especificado,0,56.0,https://www.elektra.mx/laptop-lenovo-b0gmqvrcvw-156-ips-tactil-chrome-os-1301866133/p
EKT-0761,Hp,"Laptop HP 156"" FHD táctil Intel i3 8 GB 512 GB SSD Win11",10729.0,8.0,8.0,SSD,No especificado,0,56.0,https://www.elektra.mx/laptop-hp-156-fhd-tactil-intel-i3-8-gb-512-gb-ssd-win11-1301866023/p
EKT-0762,Lenovo,"Laptop Lenovo Chromebook 14M8911 14"" WUXGA 8 GB 64 GB",12779.0,8.0,8.0,SSD,No especificado,0,14.0,https://www.elektra.mx/laptop-lenovo-chromebook-14m8911-14-wuxga-8-gb-64-gb-1301865845/p
EKT-0763,Hp,"Laptop HP Intel N150 de 14"" con 16 GB de RAM y 128 GB SSD color oro rosa",9224.0,16.0,16.0,SSD,Intel N150,0,14.0,https://www.elektra.mx/laptop-hp-intel-n150-de-14-con-16-gb-de-ram-y-128-gb-ssd-color-oro-rosa-1301865815/p
EKT-0764,Hp,"Laptop HP Stream 14"" Intel N150 8GB 128GB Rosa",8582.0,8.0,8.0,SSD,Intel N150,0,14.0,https://www.elektra.mx/laptop-hp-stream-14-intel-n150-8gb-128gb-rosa-1301865808/p
EKT-0765,Hp,"Laptop HP N150 Intel 14"" LED 8 GB RAM 256 GB Windows 11",9483.0,8.0,8.0,SSD,No especificado,0,14.0,https://www.elektra.mx/laptop-hp-n150-intel-14-led-8-gb-ram-256-gb-windows-11-1301865747/p
EKT-0766,Nido,"Laptop NIMO N156 i5-12450H 15.6"" FHD 8GB 256GB SSD",14622.0,8.0,8.0,SSD,No especificado,0,15.6,https://www.elektra.mx/laptop-nimo-n156-i5-12450h-156-fhd-8gb-256gb-ssd-1301865667/p
EKT-0767,Hp,"Laptop HP Stream 14"" HD Intel N150 4 GB RAM 288 GB SSD",8908.0,4.0,4.0,SSD,Intel N150,0,14.0,https://www.elektra.mx/laptop-hp-stream-14-hd-intel-n150-4-gb-ram-288-gb-ssd-1301865636/p
EKT-0768,Hp,"Notebook HP Stream 14"" HD Intel N150 4GB 288GB Win11",9012.0,4.0,4.0,SSD,Intel N150,0,14.0,https://www.elektra.mx/notebook-hp-stream-14-hd-intel-n150-4gb-288gb-win11-1301865634/p
EKT-0769,Hp,"Laptop HP 156"" HD Intel N200 16 GB RAM 128 GB Wi‑Fi 6",11447.0,16.0,16.0,SSD,Intel N200,0,56.0,https://www.elektra.mx/laptop-hp-156-hd-intel-n200-16-gb-ram-128-gb-wifi-6-1301865539/p
EKT-0770,Hp,"Notebook HP 156"" táctil Intel i3 6 núcleos 8 GB 256 GB SSD Win11",12232.0,8.0,8.0,SSD,No especificado,0,56.0,https://www.elektra.mx/notebook-hp-156-tactil-intel-i3-6-nucleos-8-gb-256-gb-ssd-win11-1301864795/p
EKT-0771,Asus,"Laptop ASUS CX1400CNA Chromebook de 14"" FHD Intel Celeron",6766.0,,,SSD,Celeron,0,14.0,https://www.elektra.mx/laptop-asus-cx1400cna-chromebook-de-14-fhd-intel-celeron-1301864765/p
EKT-0772,Hp,"Laptop HP 14"" Intel N150 4 GB RAM 128 GB SSD Win11",8764.0,4.0,4.0,SSD,Intel N150,0,14.0,https://www.elektra.mx/laptop-hp-14-intel-n150-4-gb-ram-128-gb-ssd-win11-1301864728/p
EKT-0773,Asus,"Laptop ASUS 14"" FHD Intel Celeron N4500 4GB 64GB Win11",5843.0,4.0,4.0,SSD,Celeron,0,14.0,https://www.elektra.mx/laptop-asus-14-fhd-intel-celeron-n4500-4gb-64gb-win11-1301864659/p
EKT-0774,Hp,"Laptop HP 156"" N200 Quad-Core 8 GB 128 GB Wi‑Fi 6",10212.0,8.0,8.0,SSD,Core 8,0,56.0,https://www.elektra.mx/laptop-hp-156-n200-quad-core-8-gb-128-gb-wifi-6-1301864510/p
EKT-0775,Hp,"Laptop HP 14"" Intel Celeron 4GB RAM 1600GB Windows 11",10453.0,4.0,4.0,SSD,Celeron,0,14.0,https://www.elektra.mx/laptop-hp-14-intel-celeron-4gb-ram-1600gb-windows-11-1301864485/p
EKT-0776,Hp,"Laptop HP N150 de 14"" HD 16 GB de RAM 128 GB SSD rosa Windows 11",10212.0,16.0,16.0,SSD,No especificado,0,14.0,https://www.elektra.mx/laptop-hp-n150-de-14-hd-16-gb-de-ram-128-gb-ssd-rosa-windows-11-1301864470/p
EKT-0777,Hp,"Laptop HP 14"" Intel N150 8GB RAM 128GB Windows 11",8729.0,8.0,8.0,SSD,Intel N150,0,14.0,https://www.elektra.mx/laptop-hp-14-intel-n150-8gb-ram-128gb-windows-11-1301864224/p
EKT-0778,Hp,"Laptop HP 14"" HD Intel N150 16 GB RAM 112 TB de almacenamiento",10137.0,16.0,16.0,SSD,Intel N150,0,14.0,https://www.elektra.mx/laptop-hp-14-hd-intel-n150-16-gb-ram-112-tb-de-almacenamiento-1301864220/p
EKT-0779,Hp,"Laptop HP de 14"" HD Intel N150 16 GB de RAM 112 TB de almacenamiento",10137.0,16.0,16.0,SSD,Intel N150,0,14.0,https://www.elektra.mx/laptop-hp-de-14-hd-intel-n150-16-gb-de-ram-112-tb-de-almacenamiento-1301864168/p
EKT-0780,Asus,"Laptop ASUS Vivobook 14"" FHD Intel i3-1315U 16GB 512GB SSD",15976.0,16.0,16.0,SSD,No especificado,0,14.0,https://www.elektra.mx/laptop-asus-vivobook-14-fhd-intel-i3-1315u-16gb-512gb-ssd-1301864160/p
EKT-0781,Hp,"Laptop HP Stream 14"" Intel N150 4 GB RAM 288 GB de almacenamiento",8908.0,4.0,4.0,SSD,Intel N150,0,14.0,https://www.elektra.mx/laptop-hp-stream-14-intel-n150-4-gb-ram-288-gb-de-almacenamiento-1301864140/p
EKT-0782,Hp,"Laptop HP Stream 14"" Intel N150 4GB RAM 288GB Rosa",8908.0,4.0,4.0,SSD,Intel N150,0,14.0,https://www.elektra.mx/laptop-hp-stream-14-intel-n150-4gb-ram-288gb-rosa-1301864119/p
EKT-0783,Hp,"Laptop HP 14"" HD Intel N150 16 GB RAM 112 TB de almacenamiento",9645.0,16.0,16.0,SSD,Intel N150,0,14.0,https://www.elektra.mx/laptop-hp-14-hd-intel-n150-16-gb-ram-112-tb-de-almacenamiento-1301864068/p
EKT-0784,Hp,"Laptop HP 14"" HD Intel N150 16 GB RAM 112 TB Wi‑Fi 6",10629.0,16.0,16.0,SSD,Intel N150,0,14.0,https://www.elektra.mx/laptop-hp-14-hd-intel-n150-16-gb-ram-112-tb-wifi-6-1301864039/p
EKT-0785,Hp,"Laptop HP 14"" N150 16 GB RAM 128 GB Windows 11",10212.0,16.0,16.0,SSD,No especificado,0,14.0,https://www.elektra.mx/laptop-hp-14-n150-16-gb-ram-128-gb-windows-11-1301864026/p
EKT-0786,Hp,"Laptop HP N150 14"" LED 16 GB RAM 256 GB de almacenamiento Rose Gold",9718.0,16.0,16.0,SSD,No especificado,0,14.0,https://www.elektra.mx/laptop-hp-n150-14-led-16-gb-ram-256-gb-de-almacenamiento-rose-gold-1301864024/p
EKT-0787,Hp,"Laptop HP de 14"" Intel N150 16 GB de RAM 256 GB Windows 11",10212.0,16.0,16.0,SSD,Intel N150,0,14.0,https://www.elektra.mx/laptop-hp-de-14-intel-n150-16-gb-de-ram-256-gb-windows-11-1301864022/p
EKT-0788,Hp,"Notebook HP 14"" HD Intel N150 16 GB de RAM 112 TB de almacenamiento",9645.0,16.0,16.0,SSD,Intel N150,0,14.0,https://www.elektra.mx/notebook-hp-14-hd-intel-n150-16-gb-de-ram-112-tb-de-almacenamiento-1301864018/p
EKT-0789,Hp,"Laptop HP 14"" Intel N150 8 GB de RAM 128 GB Windows 11",8236.0,8.0,8.0,SSD,Intel N150,0,14.0,https://www.elektra.mx/laptop-hp-14-intel-n150-8-gb-de-ram-128-gb-windows-11-1301864017/p
EKT-0790,Hp,"Laptop HP N150 14"" LED 8 GB RAM 256 GB de almacenamiento rosa dorado",8729.0,8.0,8.0,SSD,No especificado,0,14.0,https://www.elektra.mx/laptop-hp-n150-14-led-8-gb-ram-256-gb-de-almacenamiento-rosa-dorado-1301864016/p
EKT-0791,Hp,"Laptop HP N150 Intel 14"" HD 8 GB de RAM 128 GB SSD Win11",8236.0,8.0,8.0,SSD,No especificado,0,14.0,https://www.elektra.mx/laptop-hp-n150-intel-14-hd-8-gb-de-ram-128-gb-ssd-win11-1301863895/p
EKT-0792,Apple,Apple MacBook Neo 13” A18 Pro (8/256GB SSD) Azul Indigo,15499.0,256.0,256.0,SSD,No especificado,0,13.0,https://www.elektra.mx/apple-macbook-neo-13-a18-pro-8256gb-ssd-azul-indigo-1301863270/p
EKT-0793,Apple,Apple MacBook Neo 13” A18 Pro (8/256GB SSD) Amarillo Citrico,15499.0,256.0,256.0,SSD,No especificado,0,13.0,https://www.elektra.mx/apple-macbook-neo-13-a18-pro-8256gb-ssd-amarillo-citrico-1301863269/p
EKT-0794,Apple,Apple MacBook Neo 13” A18 Pro (8/256GB SSD) Rosa Rubor,15499.0,256.0,256.0,SSD,No especificado,0,13.0,https://www.elektra.mx/apple-macbook-neo-13-a18-pro-8256gb-ssd-rosa-rubor-1301863260/p
EKT-0795,Hp,"Notebook HP 14"" N150 4 GB 628 GB Windows 11 Pro azul cielo",6951.0,4.0,4.0,SSD,No especificado,0,14.0,https://www.elektra.mx/notebook-hp-14-n150-4-gb-628-gb-windows-11-pro-azul-cielo-1301862632/p
EKT-0796,Lenovo,"Portátil Lenovo IdeaPad 1i de 14"" 20 GB de RAM 512 GB SSD Intel",10959.0,20.0,20.0,SSD,No especificado,0,14.0,https://www.elektra.mx/portatil-lenovo-ideapad-1i-de-14-20-gb-de-ram-512-gb-ssd-intel-1301862618/p
EKT-0797,Hp,"Laptop HP AMD Athlon 14"" 8 GB RAM 128 GB SSD Windows 11",9754.0,8.0,8.0,SSD,Athlon,0,14.0,https://www.elektra.mx/laptop-hp-amd-athlon-14-8-gb-ram-128-gb-ssd-windows-11-1301862611/p
EKT-0798,Hp,"Laptop HP Intel N4500 8GB RAM 128GB SSD 14"" Chrome Flex",10149.0,8.0,8.0,SSD,Intel N4500,0,14.0,https://www.elektra.mx/laptop-hp-intel-n4500-8gb-ram-128gb-ssd-14-chrome-flex-1301862600/p
EKT-0799,Acer,"Laptop Acer Aspire 3 Intel Core i3 16 GB 256 GB SSD 156""",14533.0,16.0,16.0,SSD,Core I3,0,56.0,https://www.elektra.mx/laptop-acer-aspire-3-intel-core-i3-16-gb-256-gb-ssd-156-1301862563/p
EKT-0800,Hp,"Laptop HP Essential 14"" HD Intel Celeron 8 GB 128 GB",7824.0,8.0,8.0,SSD,Celeron,0,14.0,https://www.elektra.mx/laptop-hp-essential-14-hd-intel-celeron-8-gb-128-gb-1301862556/p
EKT-0801,Hp,"Notebook HP 14"" Intel N4500 16 GB RAM 628 GB Windows 11 Pro Rose Gold",9632.0,16.0,16.0,SSD,Intel N4500,0,14.0,https://www.elektra.mx/notebook-hp-14-intel-n4500-16-gb-ram-628-gb-windows-11-pro-rose-gold-1301862555/p
EKT-0802,Lenovo,"Notebook Lenovo IdeaPad 1 15.6"" FHD Ryzen 3 8GB 256GB SSD",11704.0,8.0,8.0,SSD,Ryzen 3,0,15.6,https://www.elektra.mx/notebook-lenovo-ideapad-1-156-fhd-ryzen-3-8gb-256gb-ssd-1301861401/p
EKT-0803,Asus,"Laptop ASUS L510 15.6"" FHD Intel Pentium 4 GB 128 GB",6128.0,4.0,4.0,SSD,No especificado,0,15.6,https://www.elektra.mx/laptop-asus-l510-156-fhd-intel-pentium-4-gb-128-gb-1301861345/p
EKT-0804,Hp,"Laptop HP 14"" Intel N150 8 GB RAM 256 GB SSD Win11",9198.0,8.0,8.0,SSD,Intel N150,0,14.0,https://www.elektra.mx/laptop-hp-14-intel-n150-8-gb-ram-256-gb-ssd-win11-1301861317/p
EKT-0805,Asus,"Notebook ASUS L510MA 156"" FHD Intel Celeron 4 GB 64 GB",5902.0,4.0,4.0,SSD,Celeron,0,56.0,https://www.elektra.mx/notebook-asus-l510ma-156-fhd-intel-celeron-4-gb-64-gb-1301861302/p
EKT-0806,Hp,"Laptop HP 14"" Intel N150 8 GB de RAM 128 GB SSD Windows 11",8500.0,8.0,8.0,SSD,Intel N150,0,14.0,https://www.elektra.mx/laptop-hp-14-intel-n150-8-gb-de-ram-128-gb-ssd-windows-11-1301861174/p
EKT-0807,Hp,"Notebook HP Elite c640 14"" FHD Intel i5 8 GB 416 GB Chrome OS",11366.0,8.0,8.0,SSD,No especificado,0,14.0,https://www.elektra.mx/notebook-hp-elite-c640-14-fhd-intel-i5-8-gb-416-gb-chrome-os-1301861151/p
EKT-0808,Hp,"Laptop HP 2025 de 14"" Intel N150 16 GB de RAM 384 GB Wi‑Fi 6",10127.0,16.0,16.0,SSD,Intel N150,0,14.0,https://www.elektra.mx/laptop-hp-2025-de-14-intel-n150-16-gb-de-ram-384-gb-wifi-6-1301861028/p
EKT-0809,Hp,"Laptop HP 15.6"" Intel N200 8 GB de RAM 128 GB SSD Windows 11",12656.0,8.0,8.0,SSD,Intel N200,0,15.6,https://www.elektra.mx/laptop-hp-156-intel-n200-8-gb-de-ram-128-gb-ssd-windows-11-1301860978/p
EKT-0810,Hp,"Laptop HP de 14"" Intel N150 16 GB de RAM 256 GB de almacenamiento Windows 11",9692.0,16.0,16.0,SSD,Intel N150,0,14.0,https://www.elektra.mx/laptop-hp-de-14-intel-n150-16-gb-de-ram-256-gb-de-almacenamiento-windows-11-1301860975/p
EKT-0811,Asus,"ASUS Chromebook 14"" FHD táctil con lápiz i5 8 GB 128 GB SSD",12814.0,8.0,8.0,SSD,No especificado,0,14.0,https://www.elektra.mx/asus-chromebook-14-fhd-tactil-con-lapiz-i5-8-gb-128-gb-ssd-1301860893/p
EKT-0812,Hp,"Notebook HP Pavilion 156"" Intel N100 8 GB 256 GB SSD Win11",10717.0,8.0,8.0,SSD,Intel N100,0,56.0,https://www.elektra.mx/notebook-hp-pavilion-156-intel-n100-8-gb-256-gb-ssd-win11-1301860740/p
EKT-0813,Asus,"Laptop ASUS Vivobook Go 14"" Intel Celeron 4GB 128GB SSD",7507.0,4.0,4.0,SSD,Celeron,0,14.0,https://www.elektra.mx/laptop-asus-vivobook-go-14-intel-celeron-4gb-128gb-ssd-1301860718/p
EKT-0814,Asus,"Laptop ASUS Vivobook 14"" FHD i5-1334U 12 GB 256 GB SSD",14904.0,12.0,12.0,SSD,No especificado,0,14.0,https://www.elektra.mx/laptop-asus-vivobook-14-fhd-i5-1334u-12-gb-256-gb-ssd-1301860702/p
EKT-0815,Asus,"Laptop ASUS Vivobook Go 15 15.6"" FHD Intel N150 8GB 128GB",8347.0,8.0,8.0,SSD,Intel N150,0,15.6,https://www.elektra.mx/laptop-asus-vivobook-go-15-156-fhd-intel-n150-8gb-128gb-1301860668/p
EKT-0816,Hp,"Notebook HP 14"" 2026 Intel N150 4 GB de RAM 628 GB SSD Win11",6951.0,4.0,4.0,SSD,Intel N150,0,14.0,https://www.elektra.mx/notebook-hp-14-2026-intel-n150-4-gb-de-ram-628-gb-ssd-win11-1301860647/p
EKT-0817,Hp,"Laptop HP 14"" N150 4 GB de RAM SSD de 628 GB Windows 11 Pro color lavanda",6951.0,4.0,4.0,SSD,No especificado,0,14.0,https://www.elektra.mx/laptop-hp-14-n150-4-gb-de-ram-ssd-de-628-gb-windows-11-pro-color-lavanda-1301860643/p
EKT-0818,Hp,"Laptop HP 14"" Rose Gold Intel N150 4 GB de RAM 628 GB SSD",6951.0,4.0,4.0,SSD,Intel N150,0,14.0,https://www.elektra.mx/laptop-hp-14-rose-gold-intel-n150-4-gb-de-ram-628-gb-ssd-1301860632/p
EKT-0819,Hp,"Laptop HP 14"" 4 núcleos Intel N150 4 GB DDR5 628 GB Windows 11 Pro",7663.0,4.0,4.0,SSD,Intel N150,0,14.0,https://www.elektra.mx/laptop-hp-14-4-nucleos-intel-n150-4-gb-ddr5-628-gb-windows-11-pro-1301860617/p
EKT-0820,Hp,"Laptop HP 14"" Intel N4500 16 GB RAM 628 GB Win11 Pro",9632.0,16.0,16.0,SSD,Intel N4500,0,14.0,https://www.elektra.mx/laptop-hp-14-intel-n4500-16-gb-ram-628-gb-win11-pro-1301860615/p
EKT-0821,Hp,"Laptop HP 14"" Intel N150 4 GB DDR5 628 GB Windows 11 Pro",7663.0,4.0,4.0,SSD,Intel N150,0,14.0,https://www.elektra.mx/laptop-hp-14-intel-n150-4-gb-ddr5-628-gb-windows-11-pro-1301860609/p
EKT-0822,Hp,"Laptop HP 14"" Ultrabook Intel N4500 8GB 628GB Win11 Pro",8648.0,8.0,8.0,SSD,Intel N4500,0,14.0,https://www.elektra.mx/laptop-hp-14-ultrabook-intel-n4500-8gb-628gb-win11-pro-1301860608/p
EKT-0823,Hp,"Laptop HP 14"" N150 4GB DDR5 628GB Win11 Pro Verde",7663.0,4.0,4.0,SSD,No especificado,0,14.0,https://www.elektra.mx/laptop-hp-14-n150-4gb-ddr5-628gb-win11-pro-verde-1301860607/p
EKT-0824,Hp,"Notebook HP 14"" Intel N150 4 GB DDR5 628 GB Win11 Pro azul cielo",7663.0,4.0,4.0,SSD,Intel N150,0,14.0,https://www.elektra.mx/notebook-hp-14-intel-n150-4-gb-ddr5-628-gb-win11-pro-azul-cielo-1301860606/p
EKT-0825,Hp,"Laptop HP 14"" Intel N150 4GB DDR5 628GB Win11 Pro",7663.0,4.0,4.0,SSD,Intel N150,0,14.0,https://www.elektra.mx/laptop-hp-14-intel-n150-4gb-ddr5-628gb-win11-pro-1301860604/p
EKT-0826,Hp,"Laptop HP 14"" Intel N150 32 GB RAM 640 GB de almacenamiento",12252.0,32.0,32.0,SSD,Intel N150,0,14.0,https://www.elektra.mx/laptop-hp-14-intel-n150-32-gb-ram-640-gb-de-almacenamiento-1301860505/p
EKT-0827,Asus,"Laptop ASUS Vivobook Go 14"" FHD Intel Celeron 4GB 288GB",8459.0,4.0,4.0,SSD,Celeron,0,14.0,https://www.elektra.mx/laptop-asus-vivobook-go-14-fhd-intel-celeron-4gb-288gb-1301860446/p
EKT-0828,Lenovo,"Laptop Lenovo 13s G2 13.3"", Core i5-11a 8GB 256GB SSD, Reacondicionado",7499.0,8.0,8.0,SSD,Core I5,0,13.3,https://www.elektra.mx/laptop-lenovo-13s-g2-133-core-i5-11a-8gb-256gb-ssd-reacondicionado-1301860027/p
EKT-0829,Asus,"Laptop ASUS Vivobook Go 14"" FHD Intel Celeron 4 GB RAM",6909.0,4.0,4.0,SSD,Celeron,0,14.0,https://www.elektra.mx/laptop-asus-vivobook-go-14-fhd-intel-celeron-4-gb-ram-1301860009/p
EKT-0830,Hp,"Notebook HP 14"" Intel N4020 8 GB RAM 128 GB SSD Windows 11",8235.0,8.0,8.0,SSD,Intel N4020,0,14.0,https://www.elektra.mx/notebook-hp-14-intel-n4020-8-gb-ram-128-gb-ssd-windows-11-1301859810/p
EKT-0831,Hp,"Laptop HP 2025 14"" Intel N150 16 GB de RAM 384 GB Wi‑Fi 6",9690.0,16.0,16.0,SSD,Intel N150,0,14.0,https://www.elektra.mx/laptop-hp-2025-14-intel-n150-16-gb-de-ram-384-gb-wifi-6-1301859791/p
EKT-0832,Hp,"Laptop HP Elite C640 G3 14"" FHD i5 8GB 416GB Chrome OS",10642.0,8.0,8.0,SSD,No especificado,0,14.0,https://www.elektra.mx/laptop-hp-elite-c640-g3-14-fhd-i5-8gb-416gb-chrome-os-1301859765/p
EKT-0833,Acer,"Laptop Acer Chromebook 15.6"" FHD 4 GB de RAM y 192 GB de almacenamiento",6354.0,4.0,4.0,SSD,No especificado,0,15.6,https://www.elektra.mx/laptop-acer-chromebook-156-fhd-4-gb-de-ram-y-192-gb-de-almacenamiento-1301859761/p
EKT-0834,Hp,"Notebook HP i3-1215U 156"" FHD 16 GB 512 GB SSD Wi‑Fi 6",13634.0,16.0,16.0,SSD,No especificado,0,56.0,https://www.elektra.mx/notebook-hp-i3-1215u-156-fhd-16-gb-512-gb-ssd-wifi-6-1301859296/p
EKT-0835,Hp,"Laptop HP 156"" Intel N200 4 GB RAM 128 GB SSD Windows 11",12569.0,4.0,4.0,SSD,Intel N200,0,56.0,https://www.elektra.mx/laptop-hp-156-intel-n200-4-gb-ram-128-gb-ssd-windows-11-1301859146/p
EKT-0836,Asus,"Laptop ASUS Vivobook Go 14"" FHD Intel Celeron 4 GB de RAM",7978.0,4.0,4.0,SSD,Celeron,0,14.0,https://www.elektra.mx/laptop-asus-vivobook-go-14-fhd-intel-celeron-4-gb-de-ram-1301859139/p
EKT-0837,Hp,"Laptop HP 14"" Intel N150 16 GB RAM 128 GB SSD WiFi 6",10047.0,16.0,16.0,SSD,Intel N150,0,14.0,https://www.elektra.mx/laptop-hp-14-intel-n150-16-gb-ram-128-gb-ssd-wifi-6-1301858766/p
EKT-0838,Hp,"Laptop HP Stream 14"" Intel N150 8 GB 288 GB Wi‑Fi 6",8737.0,8.0,8.0,SSD,Intel N150,0,14.0,https://www.elektra.mx/laptop-hp-stream-14-intel-n150-8-gb-288-gb-wifi-6-1301858403/p
EKT-0839,Hp,"Laptop HP Stream 14"" N150 8 GB de RAM 288 GB Wi‑Fi 6 Windows 11",8986.0,8.0,8.0,SSD,No especificado,0,14.0,https://www.elektra.mx/laptop-hp-stream-14-n150-8-gb-de-ram-288-gb-wifi-6-windows-11-1301858382/p
EKT-0840,Lenovo,"Laptop Lenovo IdeaPad i5-1335U 15.6"" FHD táctil 8GB 256GB",13567.0,8.0,8.0,SSD,No especificado,0,15.6,https://www.elektra.mx/laptop-lenovo-ideapad-i5-1335u-156-fhd-tactil-8gb-256gb-1301858042/p
EKT-0841,Hp,"Laptop HP 14"" Intel Quad-Core 4GB 628GB Win11 Pro",7663.0,4.0,4.0,SSD,Core 4,0,14.0,https://www.elektra.mx/laptop-hp-14-intel-quad-core-4gb-628gb-win11-pro-1301857899/p
EKT-0842,Hp,"Laptop HP 14"" Rose Gold Intel Quad-Core 4GB 628GB Win11",7663.0,4.0,4.0,SSD,Core 4,0,14.0,https://www.elektra.mx/laptop-hp-14-rose-gold-intel-quad-core-4gb-628gb-win11-1301857871/p
EKT-0843,Hp,"Laptop HP 14"" Intel N150 16GB RAM 256GB Windows 11",9692.0,16.0,16.0,SSD,Intel N150,0,14.0,https://www.elektra.mx/laptop-hp-14-intel-n150-16gb-ram-256gb-windows-11-1301857680/p
EKT-0844,Hp,"Laptop HP 156"" Intel N200 8 GB 128 GB Wi‑Fi 6 Plateado",10212.0,8.0,8.0,SSD,Intel N200,0,56.0,https://www.elektra.mx/laptop-hp-156-intel-n200-8-gb-128-gb-wifi-6-plateado-1301856094/p
EKT-0845,Hp,"Laptop HP de 156"" N200 16 GB de RAM 128 GB SSD Wi‑Fi 6 Windows 11",11447.0,16.0,16.0,SSD,No especificado,0,56.0,https://www.elektra.mx/laptop-hp-de-156-n200-16-gb-de-ram-128-gb-ssd-wifi-6-windows-11-1301856089/p
EKT-0846,Hp,"Laptop HP 15.6"" FHD Ryzen 5 8 GB 512 GB Windows 11 Pro",12320.0,8.0,8.0,SSD,Ryzen 5,0,15.6,https://www.elektra.mx/laptop-hp-156-fhd-ryzen-5-8-gb-512-gb-windows-11-pro-1301856083/p
EKT-0847,Hp,"Laptop HP 156"" Intel N200 8 GB RAM 128 GB Wi‑Fi 6",10212.0,8.0,8.0,SSD,Intel N200,0,56.0,https://www.elektra.mx/laptop-hp-156-intel-n200-8-gb-ram-128-gb-wifi-6-1301856081/p
EKT-0848,Hp,"Laptop HP 14"" ultradelgada Intel N150 8 GB 128 GB SSD",8466.0,8.0,8.0,SSD,Intel N150,0,14.0,https://www.elektra.mx/laptop-hp-14-ultradelgada-intel-n150-8-gb-128-gb-ssd-1301856058/p
EKT-0849,Lenovo,"Laptop Lenovo V15 15.6"" FHD Intel N150 16GB DDR5 256GB SSD",13600.0,16.0,16.0,SSD,Intel N150,0,15.6,https://www.elektra.mx/laptop-lenovo-v15-156-fhd-intel-n150-16gb-ddr5-256gb-ssd-1301855513/p
EKT-0850,Lenovo,"Laptop Lenovo V15 15.6"" FHD Intel N150 8GB DDR5 512GB SSD",12693.0,8.0,8.0,SSD,Intel N150,0,15.6,https://www.elektra.mx/laptop-lenovo-v15-156-fhd-intel-n150-8gb-ddr5-512gb-ssd-1301855507/p
EKT-0851,Lenovo,"Laptop Lenovo Ideapad 1 156"" FHD Ryzen 5 8GB 256GB SSD",13675.0,8.0,8.0,SSD,Ryzen 5,0,56.0,https://www.elektra.mx/laptop-lenovo-ideapad-1-156-fhd-ryzen-5-8gb-256gb-ssd-1301855506/p
EKT-0852,Apple,"MacBook Pro 14, M3 Pro 512GB 18GB SPACE BLACK Reacondicionado",27990.0,512.0,512.0,SSD,No especificado,0,,https://www.elektra.mx/macbook-pro-14-m3-pro-512gb-18gb-space-black-reacondicionado-1301855296/p
EKT-0853,Lenovo,"Laptop Lenovo V15 AMD Ryzen 3 7320U 15.6"" FHD 16 GB 256 GB",14745.0,16.0,16.0,SSD,Ryzen 3,0,15.6,https://www.elektra.mx/laptop-lenovo-v15-amd-ryzen-3-7320u-156-fhd-16-gb-256-gb-1301854941/p
EKT-0854,Lenovo,"Notebook Lenovo IdeaPad 1 Intel N4200 4 GB 128 GB 14"" Gris",8976.0,4.0,4.0,SSD,Intel N4200,0,14.0,https://www.elektra.mx/notebook-lenovo-ideapad-1-intel-n4200-4-gb-128-gb-14-gris-1301854939/p
EKT-0855,Lenovo,"Laptop Lenovo IdeaPad 1 Intel N4200 8 GB 256 GB SSD 14""",10210.0,8.0,8.0,SSD,Intel N4200,0,14.0,https://www.elektra.mx/laptop-lenovo-ideapad-1-intel-n4200-8-gb-256-gb-ssd-14-1301854931/p
EKT-0856,Lenovo,"Notebook Lenovo V15 156"" FHD Intel N150 8 GB DDR5 256 GB SSD",11458.0,8.0,8.0,SSD,Intel N150,0,56.0,https://www.elektra.mx/notebook-lenovo-v15-156-fhd-intel-n150-8-gb-ddr5-256-gb-ssd-1301854921/p
EKT-0857,Hp,"Laptop HP 14"" FHD Ryzen 3-3250 4GB 128GB SSD Win11",5899.0,4.0,4.0,SSD,Ryzen 3,0,14.0,https://www.elektra.mx/laptop-hp-14-fhd-ryzen-3-3250-4gb-128gb-ssd-win11-1301854911/p
EKT-0858,Hp,"Notebook HP 14"" HD Intel Celeron N4120 8 GB 128 GB eMMC",7059.0,8.0,8.0,SSD,Celeron,0,14.0,https://www.elektra.mx/notebook-hp-14-hd-intel-celeron-n4120-8-gb-128-gb-emmc-1301854910/p
EKT-0859,Lenovo,"Laptop Lenovo Chromebook 3 11.6"" HD AMD A6 4GB 32GB",5244.0,4.0,4.0,SSD,No especificado,0,11.6,https://www.elektra.mx/laptop-lenovo-chromebook-3-116-hd-amd-a6-4gb-32gb-1301854905/p
EKT-0860,Hp,"Laptop HP 156"" HD Intel N200 16 GB RAM 128 GB Win11",11447.0,16.0,16.0,SSD,Intel N200,0,56.0,https://www.elektra.mx/laptop-hp-156-hd-intel-n200-16-gb-ram-128-gb-win11-1301854904/p
EKT-0861,Hp,"Laptop HP Chromebook 14"" Intel N200 4 GB 640 GB ChromeOS",9307.0,4.0,4.0,SSD,Intel N200,0,14.0,https://www.elektra.mx/laptop-hp-chromebook-14-intel-n200-4-gb-640-gb-chromeos-1301854140/p
EKT-0862,Hp,"Laptop HP 14"" N150 4GB 128GB eMMC Wi‑Fi 6 Azul",7065.0,4.0,4.0,SSD,No especificado,0,14.0,https://www.elektra.mx/laptop-hp-14-n150-4gb-128gb-emmc-wifi-6-azul-1301853994/p
EKT-0863,Hp,"Laptop HP de 15.6"" FHD i5-1235U 8 GB 256 GB SSD Iris Xe",12637.0,8.0,8.0,SSD,No especificado,0,15.6,https://www.elektra.mx/laptop-hp-de-156-fhd-i5-1235u-8-gb-256-gb-ssd-iris-xe-1301853962/p
EKT-0864,Hp,"Laptop HP 14"" N150 16 GB RAM 128 GB SSD Win11 S Rosa pálido",10047.0,16.0,16.0,SSD,No especificado,0,14.0,https://www.elektra.mx/laptop-hp-14-n150-16-gb-ram-128-gb-ssd-win11-s-rosa-palido-1301853932/p
EKT-0865,Hp,"Laptop HP Chromebook Plus 14"" táctil i3 8GB 256GB Chrome OS",12926.0,8.0,8.0,SSD,No especificado,0,14.0,https://www.elektra.mx/laptop-hp-chromebook-plus-14-tactil-i3-8gb-256gb-chrome-os-1301853893/p
EKT-0866,Hp,"Laptop HP 14"" Intel N150 16 GB RAM 128 GB SSD Rose Gold",10168.0,16.0,16.0,SSD,Intel N150,0,14.0,https://www.elektra.mx/laptop-hp-14-intel-n150-16-gb-ram-128-gb-ssd-rose-gold-1301853888/p
EKT-0867,Hp,"Laptop HP 14"" 2025 Intel N150 8 GB RAM 128 GB SSD Win11",8544.0,8.0,8.0,SSD,Intel N150,0,14.0,https://www.elektra.mx/laptop-hp-14-2025-intel-n150-8-gb-ram-128-gb-ssd-win11-1301853879/p
EKT-0868,Hp,"Laptop HP 14"" Intel N150 Quad-Core 8GB RAM 128GB UFS",8741.0,8.0,8.0,SSD,Intel N150,0,14.0,https://www.elektra.mx/laptop-hp-14-intel-n150-quad-core-8gb-ram-128gb-ufs-1301853842/p
EKT-0869,Hp,"Laptop HP 14"" Intel N150 Quad-Core 4GB RAM 192GB Win11",7752.0,4.0,4.0,SSD,Intel N150,0,14.0,https://www.elektra.mx/laptop-hp-14-intel-n150-quad-core-4gb-ram-192gb-win11-1301853831/p
EKT-0870,Hp,"Laptop HP 14"" Intel N150 Quad-Core 4GB 128GB Wi‑Fi 6",7730.0,4.0,4.0,SSD,Intel N150,0,14.0,https://www.elektra.mx/laptop-hp-14-intel-n150-quad-core-4gb-128gb-wifi-6-1301853649/p
EKT-0871,Hp,"Laptop HP de 14"" HD Intel N150 4 GB 128 GB Windows 11",7741.0,4.0,4.0,SSD,Intel N150,0,14.0,https://www.elektra.mx/laptop-hp-de-14-hd-intel-n150-4-gb-128-gb-windows-11-1301853515/p
EKT-0872,Hp,"Laptop HP Stream 14"" Intel N150 4 GB de RAM 112 TB Windows 11",7925.0,4.0,4.0,SSD,Intel N150,0,14.0,https://www.elektra.mx/laptop-hp-stream-14-intel-n150-4-gb-de-ram-112-tb-windows-11-1301853488/p
EKT-0873,Lenovo,"Laptop Lenovo IdeaPad Slim 3 Chromebook de 14"" FHD 4 GB 224 GB",7408.0,4.0,4.0,SSD,No especificado,0,14.0,https://www.elektra.mx/laptop-lenovo-ideapad-slim-3-chromebook-de-14-fhd-4-gb-224-gb-1301853486/p
EKT-0874,Hp,Laptop HP 14 Elite 8 GB RAM 112 TB de almacenamiento Windows 11 con IA,7947.0,8.0,8.0,SSD,No especificado,0,,https://www.elektra.mx/laptop-hp-14-elite-8-gb-ram-112-tb-de-almacenamiento-windows-11-con-ia-1301853479/p
EKT-0875,Hp,"Laptop HP 14"" HD 4 GB de RAM 128 GB UFS Intel N150 Win11",8976.0,4.0,4.0,SSD,Intel N150,0,14.0,https://www.elektra.mx/laptop-hp-14-hd-4-gb-de-ram-128-gb-ufs-intel-n150-win11-1301853450/p
EKT-0876,Hp,"Laptop HP Stream 14"" Intel N150 4GB 112 TB Windows 11 S",7925.0,4.0,4.0,SSD,Intel N150,0,14.0,https://www.elektra.mx/laptop-hp-stream-14-intel-n150-4gb-112-tb-windows-11-s-1301853449/p
EKT-0877,Hp,"Laptop HP Stream 14"" HD Intel N150 4 GB 112 TB Wi‑Fi 6",7925.0,4.0,4.0,SSD,Intel N150,0,14.0,https://www.elektra.mx/laptop-hp-stream-14-hd-intel-n150-4-gb-112-tb-wifi-6-1301853444/p
EKT-0878,Hp,"Laptop HP 14"" Intel N150 8 GB RAM 128 GB UFS Wi‑Fi 6",8574.0,8.0,8.0,SSD,Intel N150,0,14.0,https://www.elektra.mx/laptop-hp-14-intel-n150-8-gb-ram-128-gb-ufs-wifi-6-1301853413/p
EKT-0879,Hp,"Notebook HP 14"" Intel N150 4GB 128GB Wi‑Fi 6 Rose Gold",7507.0,4.0,4.0,SSD,Intel N150,0,14.0,https://www.elektra.mx/notebook-hp-14-intel-n150-4gb-128gb-wifi-6-rose-gold-1301853412/p
EKT-0880,Hp,"Laptop HP de 14"" Intel N150 4 GB de RAM 192 GB Windows 11 Pro",7605.0,4.0,4.0,SSD,Intel N150,0,14.0,https://www.elektra.mx/laptop-hp-de-14-intel-n150-4-gb-de-ram-192-gb-windows-11-pro-1301853387/p
EKT-0881,Hp,"Laptop HP Flagship 14"" HD Intel N150 4GB 1.12TB Wi‑Fi",8908.0,4.0,4.0,SSD,Intel N150,0,14.0,https://www.elektra.mx/laptop-hp-flagship-14-hd-intel-n150-4gb-112tb-wifi-1301853385/p
EKT-0882,Hp,"Laptop HP 14"" Intel N150 Quad-Core 4GB RAM 128GB UFS",7148.0,4.0,4.0,SSD,Intel N150,0,14.0,https://www.elektra.mx/laptop-hp-14-intel-n150-quad-core-4gb-ram-128gb-ufs-1301853347/p
EKT-0883,Hp,"Laptop HP de 14"" HD Intel Celeron 16 GB de RAM 128 GB SSD",10211.0,16.0,16.0,SSD,Celeron,0,14.0,https://www.elektra.mx/laptop-hp-de-14-hd-intel-celeron-16-gb-de-ram-128-gb-ssd-1301853329/p
EKT-0884,Hp,"Laptop HP 156"" FHD i5-1135G7 8 GB 256 GB SSD Win11 Pro",15910.0,8.0,8.0,SSD,No especificado,0,56.0,https://www.elektra.mx/laptop-hp-156-fhd-i5-1135g7-8-gb-256-gb-ssd-win11-pro-1301853289/p
EKT-0885,Lenovo,"Laptop Lenovo V15 Intel N150 16GB DDR5 256GB SSD 156"" FHD",13600.0,16.0,16.0,SSD,Intel N150,0,56.0,https://www.elektra.mx/laptop-lenovo-v15-intel-n150-16gb-ddr5-256gb-ssd-156-fhd-1301853287/p
EKT-0886,Hp,Laptop HP 14 Elite Intel Multi-Core 4 GB RAM 112 TB,7442.0,4.0,4.0,SSD,Core 4,0,,https://www.elektra.mx/laptop-hp-14-elite-intel-multi-core-4-gb-ram-112-tb-1301853273/p
EKT-0887,Hp,"Notebook HP 14"" HD Intel Celeron N4120 4GB 256GB Win11",6272.0,4.0,4.0,SSD,Celeron,0,14.0,https://www.elektra.mx/notebook-hp-14-hd-intel-celeron-n4120-4gb-256gb-win11-1301853270/p
EKT-0888,Lenovo,"Laptop Lenovo V15 Intel N150 8GB DDR5 256GB SSD 156"" FHD",11458.0,8.0,8.0,SSD,Intel N150,0,56.0,https://www.elektra.mx/laptop-lenovo-v15-intel-n150-8gb-ddr5-256gb-ssd-156-fhd-1301853258/p
EKT-0889,Hp,"Laptop HP 17.3"" Ryzen 5 7430U 8GB 256GB SSD FHD",14806.0,8.0,8.0,SSD,Ryzen 5,0,17.3,https://www.elektra.mx/laptop-hp-173-ryzen-5-7430u-8gb-256gb-ssd-fhd-1301853236/p
EKT-0890,Lenovo,"Laptop Lenovo V15 Intel N150 8GB DDR5 512GB SSD 156"" FHD",12693.0,8.0,8.0,SSD,Intel N150,0,56.0,https://www.elektra.mx/laptop-lenovo-v15-intel-n150-8gb-ddr5-512gb-ssd-156-fhd-1301853226/p
EKT-0891,Hp,"Laptop HP Stream 14"" Intel Celeron N4120 4 GB 1 TB",7158.0,4.0,4.0,SSD,Celeron,0,14.0,https://www.elektra.mx/laptop-hp-stream-14-intel-celeron-n4120-4-gb-1-tb-1301853221/p
EKT-0892,Hp,"Laptop HP 14"" ultradelgada Intel N150 16 GB 128 GB SSD",9965.0,16.0,16.0,SSD,Intel N150,0,14.0,https://www.elektra.mx/laptop-hp-14-ultradelgada-intel-n150-16-gb-128-gb-ssd-1301853211/p
EKT-0893,Hp,"Laptop HP de 14"" 16 GB de RAM 512 GB SSD Intel Pentium Win11",9222.0,16.0,16.0,SSD,No especificado,0,14.0,https://www.elektra.mx/laptop-hp-de-14-16-gb-de-ram-512-gb-ssd-intel-pentium-win11-1301852837/p
EKT-0894,Hp,Laptop HP 14 Intel Celeron 8 GB RAM 192 GB Windows 11 Rose Gold,8474.0,8.0,8.0,SSD,Celeron,0,,https://www.elektra.mx/laptop-hp-14-intel-celeron-8-gb-ram-192-gb-windows-11-rose-gold-1301852834/p
EKT-0895,Hp,"Laptop HP de 14"" FHD Pentium Silver N5000 4 GB de RAM 224 GB",7407.0,4.0,4.0,SSD,No especificado,0,14.0,https://www.elektra.mx/laptop-hp-de-14-fhd-pentium-silver-n5000-4-gb-de-ram-224-gb-1301852824/p
EKT-0896,Hp,"Laptop HP Chromebook 15.6"" N200 8 GB DDR5 128 GB Chrome OS",10071.0,8.0,8.0,SSD,No especificado,0,15.6,https://www.elektra.mx/laptop-hp-chromebook-156-n200-8-gb-ddr5-128-gb-chrome-os-1301852822/p
EKT-0897,Hp,"HP Laptop 14"" HD 16 GB de RAM 128 GB UFS Intel N150 Windows 11",10211.0,16.0,16.0,SSD,Intel N150,0,14.0,https://www.elektra.mx/hp-laptop-14-hd-16-gb-de-ram-128-gb-ufs-intel-n150-windows-11-1301852821/p
EKT-0898,Hp,Laptop HP 14 Intel N150 4 GB RAM 128 GB Win11 Office 365,6280.0,4.0,4.0,SSD,Intel N150,0,,https://www.elektra.mx/laptop-hp-14-intel-n150-4-gb-ram-128-gb-win11-office-365-1301852809/p
EKT-0899,Hp,"Laptop HP 14"" Intel N150 4 GB de RAM 128 GB Flash Rosa",7458.0,4.0,4.0,SSD,Intel N150,0,14.0,https://www.elektra.mx/laptop-hp-14-intel-n150-4-gb-de-ram-128-gb-flash-rosa-1301852806/p
EKT-0900,Hp,"Laptop HP N150 14"" HD 4 GB RAM 128 GB UFS Windows 11",8976.0,4.0,4.0,SSD,No especificado,0,14.0,https://www.elektra.mx/laptop-hp-n150-14-hd-4-gb-ram-128-gb-ufs-windows-11-1301852802/p
EKT-0901,Hp,"Laptop HP Stream 14"" Intel N150 16 GB de RAM 112 TB SSD",10137.0,16.0,16.0,SSD,Intel N150,0,14.0,https://www.elektra.mx/laptop-hp-stream-14-intel-n150-16-gb-de-ram-112-tb-ssd-1301852791/p
EKT-0902,Hp,"Notebook HP Ultrabook 14"" Intel N4500 8GB 64GB SSD Win11",10248.0,8.0,8.0,SSD,Intel N4500,0,14.0,https://www.elektra.mx/notebook-hp-ultrabook-14-intel-n4500-8gb-64gb-ssd-win11-1301852785/p
EKT-0903,Hp,"Laptop HP 14"" Intel de 4 núcleos 16 GB de RAM 64 GB eMMC Windows 11",7988.0,16.0,16.0,SSD,No especificado,0,14.0,https://www.elektra.mx/laptop-hp-14-intel-de-4-nucleos-16-gb-de-ram-64-gb-emmc-windows-11-1301852784/p
EKT-0904,Hp,"Laptop HP 15.6"" con pantalla táctil i3-1215U 8 GB 256 GB SSD",15910.0,8.0,8.0,SSD,No especificado,0,15.6,https://www.elektra.mx/laptop-hp-156-con-pantalla-tactil-i3-1215u-8-gb-256-gb-ssd-1301852777/p
EKT-0905,Hp,"Laptop HP 14"" Intel Quad-Core 4GB RAM 128GB de almacenamiento",6038.0,4.0,4.0,SSD,Core 4,0,14.0,https://www.elektra.mx/laptop-hp-14-intel-quad-core-4gb-ram-128gb-de-almacenamiento-1301852760/p
EKT-0906,Hp,"Laptop HP Stream 14"" HD N150 4 GB de RAM y 112 TB de almacenamiento",8881.0,4.0,4.0,SSD,No especificado,0,14.0,https://www.elektra.mx/laptop-hp-stream-14-hd-n150-4-gb-de-ram-y-112-tb-de-almacenamiento-1301852757/p
EKT-0907,Lenovo,"Laptop Lenovo V15 2026 Intel N150 15.6"" FHD 8GB 256GB SSD",11458.0,8.0,8.0,SSD,Intel N150,0,15.6,https://www.elektra.mx/laptop-lenovo-v15-2026-intel-n150-156-fhd-8gb-256gb-ssd-1301852748/p
EKT-0908,Hp,"Laptop HP Chromebook de 156"" Intel N200 8 GB 128 GB",10032.0,8.0,8.0,SSD,Intel N200,0,56.0,https://www.elektra.mx/laptop-hp-chromebook-de-156-intel-n200-8-gb-128-gb-1301852733/p
EKT-0909,Hp,"Laptop HP 14"" HD 16 GB RAM 128 GB UFS Intel N150 Win11",10196.0,16.0,16.0,SSD,Intel N150,0,14.0,https://www.elektra.mx/laptop-hp-14-hd-16-gb-ram-128-gb-ufs-intel-n150-win11-1301852731/p
EKT-0910,Hp,"Laptop HP 14"" HD 16 GB RAM 128 GB UFS Intel N150 Win11",10211.0,16.0,16.0,SSD,Intel N150,0,14.0,https://www.elektra.mx/laptop-hp-14-hd-16-gb-ram-128-gb-ufs-intel-n150-win11-1301852698/p
EKT-0911,Lenovo,"Notebook Lenovo V15 AMD Ryzen 3 16GB 256GB SSD 156"" FHD",13600.0,16.0,16.0,SSD,Ryzen 3,0,56.0,https://www.elektra.mx/notebook-lenovo-v15-amd-ryzen-3-16gb-256gb-ssd-156-fhd-1301852692/p
EKT-0912,Hp,"Laptop HP 14"" Ultrabook Intel N4500 8 GB 628 GB Win11 Pro",8648.0,8.0,8.0,SSD,Intel N4500,0,14.0,https://www.elektra.mx/laptop-hp-14-ultrabook-intel-n4500-8-gb-628-gb-win11-pro-1301852023/p
EKT-0913,Lenovo,"Laptop Lenovo V15 Ryzen 3 7320U 15.6"" FHD 16GB 1TB SSD",14804.0,16.0,16.0,SSD,Ryzen 3,0,15.6,https://www.elektra.mx/laptop-lenovo-v15-ryzen-3-7320u-156-fhd-16gb-1tb-ssd-1301851907/p
EKT-0914,Lenovo,Laptop Lenovo 14 G4 Intel i7-13620H 8GB 256GB FHD,13587.0,8.0,8.0,SSD,No especificado,0,,https://www.elektra.mx/laptop-lenovo-14-g4-intel-i7-13620h-8gb-256gb-fhd-1301851887/p
EKT-0915,Hp,Laptop HP 14 Ryzen 5 5500U 8 GB RAM 256 GB SSD FHD,11170.0,8.0,8.0,SSD,Ryzen 5,0,,https://www.elektra.mx/laptop-hp-14-ryzen-5-5500u-8-gb-ram-256-gb-ssd-fhd-1301851872/p
EKT-0916,Hp,"Laptop HP de 14"" Intel N150 4 GB de RAM 128 GB SSD rosa",7469.0,4.0,4.0,SSD,Intel N150,0,14.0,https://www.elektra.mx/laptop-hp-de-14-intel-n150-4-gb-de-ram-128-gb-ssd-rosa-1301851771/p
EKT-0917,Hp,"Laptop HP 156"" Intel N200 8 GB 128 GB Wi‑Fi 6 Windows 11",8508.0,8.0,8.0,SSD,Intel N200,0,56.0,https://www.elektra.mx/laptop-hp-156-intel-n200-8-gb-128-gb-wifi-6-windows-11-1301851767/p
EKT-0918,Lenovo,"Laptop Lenovo Ideapad 15.6"" HD Intel Celeron 20 GB RAM",10162.0,20.0,20.0,SSD,Celeron,0,15.6,https://www.elektra.mx/laptop-lenovo-ideapad-156-hd-intel-celeron-20-gb-ram-1301851766/p
EKT-0919,Lenovo,"Notebook Lenovo V15 Ryzen 3 16 GB DDR5 512 GB SSD 156"" FHD",14806.0,16.0,16.0,SSD,Ryzen 3,0,56.0,https://www.elektra.mx/notebook-lenovo-v15-ryzen-3-16-gb-ddr5-512-gb-ssd-156-fhd-1301851764/p
EKT-0920,Hp,"Laptop HP de 14"" Intel N150 4 GB de RAM 128 GB SSD Windows 11",7469.0,4.0,4.0,SSD,Intel N150,0,14.0,https://www.elektra.mx/laptop-hp-de-14-intel-n150-4-gb-de-ram-128-gb-ssd-windows-11-1301851754/p
EKT-0921,Hp,"Laptop HP de 14"" Intel N150 4 GB de RAM 128 GB SSD Windows 11",7469.0,4.0,4.0,SSD,Intel N150,0,14.0,https://www.elektra.mx/laptop-hp-de-14-intel-n150-4-gb-de-ram-128-gb-ssd-windows-11-1301851753/p
EKT-0922,Hp,"Laptop HP 14"" Elite Intel 4 núcleos 4 GB 112 TB Win11",7442.0,4.0,4.0,SSD,No especificado,0,14.0,https://www.elektra.mx/laptop-hp-14-elite-intel-4-nucleos-4-gb-112-tb-win11-1301851744/p
EKT-0923,Hp,Laptop HP 14 Elite 4 GB de RAM 112 TB Win11 Office 365,6682.0,4.0,4.0,SSD,No especificado,0,,https://www.elektra.mx/laptop-hp-14-elite-4-gb-de-ram-112-tb-win11-office-365-1301851741/p
EKT-0924,Hp,"Laptop HP 14"" N150 8GB RAM 128GB SSD Windows 11",8211.0,8.0,8.0,SSD,No especificado,0,14.0,https://www.elektra.mx/laptop-hp-14-n150-8gb-ram-128gb-ssd-windows-11-1301851739/p
EKT-0925,Lenovo,Laptop Lenovo Ideapad 2026 Ultrabook 8 GB de RAM 128 GB SSD,9469.0,8.0,8.0,SSD,No especificado,0,,https://www.elektra.mx/laptop-lenovo-ideapad-2026-ultrabook-8-gb-de-ram-128-gb-ssd-1301851732/p
EKT-0926,Hp,"Laptop HP 15.6"" Intel 4 núcleos 4 GB RAM 256 GB SSD Windows 11",10457.0,4.0,4.0,SSD,No especificado,0,15.6,https://www.elektra.mx/laptop-hp-156-intel-4-nucleos-4-gb-ram-256-gb-ssd-windows-11-1301851731/p
EKT-0927,Hp,"Laptop HP 14"" Intel N150 8GB RAM 256GB Almacenamiento Rose Gold",9198.0,8.0,8.0,SSD,Intel N150,0,14.0,https://www.elektra.mx/laptop-hp-14-intel-n150-8gb-ram-256gb-almacenamiento-rose-gold-1301851730/p
EKT-0928,Hp,"Laptop HP Flagship de 14"" HD Intel N150 4 GB de RAM 112 TB",8171.0,4.0,4.0,SSD,Intel N150,0,14.0,https://www.elektra.mx/laptop-hp-flagship-de-14-hd-intel-n150-4-gb-de-ram-112-tb-1301851728/p
EKT-0929,Hp,"Laptop HP 14"" HD Intel Celeron 8GB RAM 256GB Win11",7701.0,8.0,8.0,SSD,Celeron,0,14.0,https://www.elektra.mx/laptop-hp-14-hd-intel-celeron-8gb-ram-256gb-win11-1301851724/p
EKT-0930,Hp,"Laptop HP Pavilion 156"" FHD Intel i3-N305 8 GB 512 GB SSD",11446.0,8.0,8.0,SSD,No especificado,0,56.0,https://www.elektra.mx/laptop-hp-pavilion-156-fhd-intel-i3-n305-8-gb-512-gb-ssd-1301851704/p
EKT-0931,Hp,Laptop HP 14 Elite Intel Celeron 4 GB 112 TB Win11 con IA,6455.0,4.0,4.0,SSD,Celeron,0,,https://www.elektra.mx/laptop-hp-14-elite-intel-celeron-4-gb-112-tb-win11-con-ia-1301851703/p
EKT-0932,Hp,"Laptop HP 14"" Intel Celeron N4120 16 GB RAM 1600 GB Win11",11174.0,16.0,16.0,SSD,Celeron,0,14.0,https://www.elektra.mx/laptop-hp-14-intel-celeron-n4120-16-gb-ram-1600-gb-win11-1301851702/p
EKT-0933,Hp,Laptop HP 14 Elite 4 GB RAM 112 TB Win11 Office 365,7442.0,4.0,4.0,SSD,No especificado,0,,https://www.elektra.mx/laptop-hp-14-elite-4-gb-ram-112-tb-win11-office-365-1301851700/p
EKT-0934,Hp,"Laptop HP Stream 14"" HD Intel N150 4 GB 112 TB Wi‑Fi 6",8143.0,4.0,4.0,SSD,Intel N150,0,14.0,https://www.elektra.mx/laptop-hp-stream-14-hd-intel-n150-4-gb-112-tb-wifi-6-1301851692/p
EKT-0935,Hp,"Laptop HP 14"" Intel N150 4GB RAM 256GB WiFi 6 Win11",8228.0,4.0,4.0,SSD,Intel N150,0,14.0,https://www.elektra.mx/laptop-hp-14-intel-n150-4gb-ram-256gb-wifi-6-win11-1301851691/p
EKT-0936,Hp,"Laptop HP 14"" Intel N150 16 GB de RAM 128 GB SSD Windows 11",10112.0,16.0,16.0,SSD,Intel N150,0,14.0,https://www.elektra.mx/laptop-hp-14-intel-n150-16-gb-de-ram-128-gb-ssd-windows-11-1301851688/p
EKT-0937,Hp,"Laptop HP 14"" Intel N150 4 GB RAM 128 GB SSD Win 11 S",7577.0,4.0,4.0,SSD,Intel N150,0,14.0,https://www.elektra.mx/laptop-hp-14-intel-n150-4-gb-ram-128-gb-ssd-win-11-s-1301851679/p
EKT-0938,Hp,"Laptop HP Chromebook 156"" táctil i5 8 GB 128 GB SSD",14831.0,8.0,8.0,SSD,No especificado,0,56.0,https://www.elektra.mx/laptop-hp-chromebook-156-tactil-i5-8-gb-128-gb-ssd-1301851673/p
EKT-0939,Hp,"Laptop HP 14"" Intel N150 4 GB RAM 256 GB Wi‑Fi 6 Windows 11",7169.0,4.0,4.0,SSD,Intel N150,0,14.0,https://www.elektra.mx/laptop-hp-14-intel-n150-4-gb-ram-256-gb-wifi-6-windows-11-1301851669/p
EKT-0940,Hp,"Laptop HP Ultrabook Intel N150 8 GB de RAM 128 GB SSD 14""",8082.0,8.0,8.0,SSD,Intel N150,0,14.0,https://www.elektra.mx/laptop-hp-ultrabook-intel-n150-8-gb-de-ram-128-gb-ssd-14-1301851668/p
EKT-0941,Hp,"Laptop HP 14"" Intel 4 núcleos 8 GB RAM 64 GB SSD Windows 11",8976.0,8.0,8.0,SSD,No especificado,0,14.0,https://www.elektra.mx/laptop-hp-14-intel-4-nucleos-8-gb-ram-64-gb-ssd-windows-11-1301851667/p
EKT-0942,Hp,"Laptop HP 14"" Intel Celeron N4120 16 GB RAM 1600 GB Win11",11174.0,16.0,16.0,SSD,Celeron,0,14.0,https://www.elektra.mx/laptop-hp-14-intel-celeron-n4120-16-gb-ram-1600-gb-win11-1301851666/p
EKT-0943,Hp,"Laptop HP Stream 14"" HD Intel N150 4GB 1.12TB Rosa",8881.0,4.0,4.0,SSD,Intel N150,0,14.0,https://www.elektra.mx/laptop-hp-stream-14-hd-intel-n150-4gb-112tb-rosa-1301851643/p
EKT-0944,Hp,"Laptop HP Chromebook 14"" Intel Celeron 4GB 224GB Chrome OS",6697.0,4.0,4.0,SSD,Celeron,0,14.0,https://www.elektra.mx/laptop-hp-chromebook-14-intel-celeron-4gb-224gb-chrome-os-1301851612/p
EKT-0945,Hp,"Notebook HP Ultrabook 14"" Intel N150 8GB 1.3TB SSD Win11",9469.0,8.0,8.0,SSD,Intel N150,0,14.0,https://www.elektra.mx/notebook-hp-ultrabook-14-intel-n150-8gb-13tb-ssd-win11-1301851599/p
EKT-0946,Hp,"Laptop HP 14"" Intel Celeron N4120 8 GB 1600 GB Win11",9963.0,8.0,8.0,SSD,Celeron,0,14.0,https://www.elektra.mx/laptop-hp-14-intel-celeron-n4120-8-gb-1600-gb-win11-1301851577/p
EKT-0947,Hp,"Laptop HP 156"" FHD Intel i3 13.ª gen. 8 GB 768 GB SSD",10081.0,8.0,8.0,SSD,No especificado,0,56.0,https://www.elektra.mx/laptop-hp-156-fhd-intel-i3-13-gen-8-gb-768-gb-ssd-1301851576/p
EKT-0948,Hp,"Laptop HP Stream 14"" N150 8 GB de RAM 116 TB de almacenamiento Wi‑Fi 6",9127.0,8.0,8.0,SSD,No especificado,0,14.0,https://www.elektra.mx/laptop-hp-stream-14-n150-8-gb-de-ram-116-tb-de-almacenamiento-wifi-6-1301851572/p
EKT-0949,Lenovo,Notebook Lenovo IdeaPad Intel Celeron 12 GB 640 GB SSD,10248.0,12.0,12.0,SSD,Celeron,0,,https://www.elektra.mx/notebook-lenovo-ideapad-intel-celeron-12-gb-640-gb-ssd-1301851565/p
EKT-0950,Lenovo,"Notebook Lenovo V15 Ryzen 3 16GB 512GB SSD 156"" FHD",15805.0,16.0,16.0,SSD,Ryzen 3,0,56.0,https://www.elektra.mx/notebook-lenovo-v15-ryzen-3-16gb-512gb-ssd-156-fhd-1301851528/p
EKT-0951,Hp,Laptop HP 14 Ultrabook Intel de 4 núcleos 16 GB de RAM 1600 GB,11692.0,16.0,16.0,SSD,No especificado,0,,https://www.elektra.mx/laptop-hp-14-ultrabook-intel-de-4-nucleos-16-gb-de-ram-1600-gb-1301851522/p
EKT-0952,Lenovo,"Laptop Lenovo 14"" 8GB RAM 128GB Intel Dual Core WiFi 6",9717.0,8.0,8.0,SSD,No especificado,0,14.0,https://www.elektra.mx/laptop-lenovo-14-8gb-ram-128gb-intel-dual-core-wifi-6-1301851511/p
EKT-0953,Hp,"Laptop HP Stream 14"" N150 8 GB de RAM 116 TB Wi‑Fi 6 Gold",8389.0,8.0,8.0,SSD,No especificado,0,14.0,https://www.elektra.mx/laptop-hp-stream-14-n150-8-gb-de-ram-116-tb-wifi-6-gold-1301851510/p
EKT-0954,Hp,"Laptop HP 14"" Intel N150 4 GB RAM 256 GB WiFi 6 Win11",8228.0,4.0,4.0,SSD,Intel N150,0,14.0,https://www.elektra.mx/laptop-hp-14-intel-n150-4-gb-ram-256-gb-wifi-6-win11-1301851509/p
EKT-0955,Hp,"Laptop HP Stream 14"" Intel N150 4 GB de RAM 112 TB color plata",7925.0,4.0,4.0,SSD,Intel N150,0,14.0,https://www.elektra.mx/laptop-hp-stream-14-intel-n150-4-gb-de-ram-112-tb-color-plata-1301851507/p
EKT-0956,Hp,"Laptop HP Stream 14"" HD Intel N150 4 GB 112 TB Windows 11",7925.0,4.0,4.0,SSD,Intel N150,0,14.0,https://www.elektra.mx/laptop-hp-stream-14-hd-intel-n150-4-gb-112-tb-windows-11-1301851506/p
EKT-0957,Lenovo,"Laptop Lenovo V15 AMD Ryzen 3 7320U 15.6"" FHD 16GB 512GB",14806.0,16.0,16.0,SSD,Ryzen 3,0,15.6,https://www.elektra.mx/laptop-lenovo-v15-amd-ryzen-3-7320u-156-fhd-16gb-512gb-1301851504/p
EKT-0958,Hp,"Laptop HP Ultrabook 14"" Intel N150 8 GB 11 TB SSD Win11",8976.0,8.0,8.0,SSD,Intel N150,0,14.0,https://www.elektra.mx/laptop-hp-ultrabook-14-intel-n150-8-gb-11-tb-ssd-win11-1301851493/p
EKT-0959,Hp,"Laptop HP Stream 14"" Intel N150 8 GB 128 GB Wi‑Fi 6",8470.0,8.0,8.0,SSD,Intel N150,0,14.0,https://www.elektra.mx/laptop-hp-stream-14-intel-n150-8-gb-128-gb-wifi-6-1301851492/p
EKT-0960,Hp,"Laptop HP Stream 14"" Intel N150 4 GB RAM 112 TB de almacenamiento",9400.0,4.0,4.0,SSD,Intel N150,0,14.0,https://www.elektra.mx/laptop-hp-stream-14-intel-n150-4-gb-ram-112-tb-de-almacenamiento-1301851490/p
EKT-0961,Hp,"Laptop HP Stream 14"" Intel N150 8 GB RAM 116 TB Wi‑Fi 6",9127.0,8.0,8.0,SSD,Intel N150,0,14.0,https://www.elektra.mx/laptop-hp-stream-14-intel-n150-8-gb-ram-116-tb-wifi-6-1301851483/p
EKT-0962,Lenovo,"Laptop Lenovo Chromebook 14"" FHD táctil 4 GB 192 GB",7467.0,4.0,4.0,SSD,No especificado,0,14.0,https://www.elektra.mx/laptop-lenovo-chromebook-14-fhd-tactil-4-gb-192-gb-1301851480/p
EKT-0963,Hp,"Laptop HP Stream 14"" Intel N150 8 GB RAM 116 TB de almacenamiento",9127.0,8.0,8.0,SSD,Intel N150,0,14.0,https://www.elektra.mx/laptop-hp-stream-14-intel-n150-8-gb-ram-116-tb-de-almacenamiento-1301851479/p
EKT-0964,Hp,"Laptop HP Stream 14"" HD Intel N150 4GB RAM 1.12 TB",7898.0,4.0,4.0,SSD,Intel N150,0,14.0,https://www.elektra.mx/laptop-hp-stream-14-hd-intel-n150-4gb-ram-112-tb-1301851474/p
EKT-0965,Samsung,"Laptop Samsung Galaxy Chromebook Go 14"" Intel Celeron 4 GB",8989.0,4.0,4.0,SSD,Celeron,0,14.0,https://www.elektra.mx/laptop-samsung-galaxy-chromebook-go-14-intel-celeron-4-gb-1301851473/p
EKT-0966,Hp,"Laptop HP Stream 14"" Intel N150 4 GB RAM 256 GB de almacenamiento",8171.0,4.0,4.0,SSD,Intel N150,0,14.0,https://www.elektra.mx/laptop-hp-stream-14-intel-n150-4-gb-ram-256-gb-de-almacenamiento-1301851472/p
EKT-0967,Hp,"Laptop HP Chromebook 14"" Intel Celeron 4 GB 64 GB Wi‑Fi 6",6863.0,4.0,4.0,SSD,Celeron,0,14.0,https://www.elektra.mx/laptop-hp-chromebook-14-intel-celeron-4-gb-64-gb-wifi-6-1301851468/p
EKT-0968,Hp,"Laptop HP 14"" Intel N150 16 GB RAM 128 GB UFS + 500 GB HDD",9222.0,16.0,16.0,SSD,Intel N150,0,14.0,https://www.elektra.mx/laptop-hp-14-intel-n150-16-gb-ram-128-gb-ufs-500-gb-hdd-1301851404/p
EKT-0969,Hp,"Laptop HP 14"" Rose Gold Intel 8 GB de RAM 192 GB SSD con Windows 11",8897.0,8.0,8.0,SSD,No especificado,0,14.0,https://www.elektra.mx/laptop-hp-14-rose-gold-intel-8-gb-de-ram-192-gb-ssd-con-windows-11-1301851399/p
EKT-0970,Hp,"Laptop HP 14"" Intel N150 16 GB RAM 640 GB de almacenamiento",9974.0,16.0,16.0,SSD,Intel N150,0,14.0,https://www.elektra.mx/laptop-hp-14-intel-n150-16-gb-ram-640-gb-de-almacenamiento-1301851379/p
EKT-0971,Hp,"Laptop HP 14"" Elite 16GB RAM 1.12TB Win11 Oro Rosa",10406.0,16.0,16.0,SSD,No especificado,0,14.0,https://www.elektra.mx/laptop-hp-14-elite-16gb-ram-112tb-win11-oro-rosa-1301851376/p
EKT-0972,Hp,"Laptop HP 14"" 2026 Intel N150 8 GB 128 GB UFS + HDD externo de 500 GB",8728.0,8.0,8.0,SSD,Intel N150,0,14.0,https://www.elektra.mx/laptop-hp-14-2026-intel-n150-8-gb-128-gb-ufs-hdd-externo-de-500-gb-1301851367/p
EKT-0973,Hp,"Laptop HP 15.6"" FHD i3-1315U 16GB 256GB Win11 Pro",12828.0,16.0,16.0,SSD,No especificado,0,15.6,https://www.elektra.mx/laptop-hp-156-fhd-i3-1315u-16gb-256gb-win11-pro-1301851364/p
EKT-0974,Hp,"Laptop HP 156"" FHD i3-1215U 8 GB 256 GB SSD con hub USB",11429.0,8.0,8.0,SSD,No especificado,0,56.0,https://www.elektra.mx/laptop-hp-156-fhd-i3-1215u-8-gb-256-gb-ssd-con-hub-usb-1301851357/p
EKT-0975,Hp,"Laptop HP 14"" Elite 16 GB RAM 112 TB Win11 AI Copilot",9911.0,16.0,16.0,SSD,No especificado,0,14.0,https://www.elektra.mx/laptop-hp-14-elite-16-gb-ram-112-tb-win11-ai-copilot-1301851348/p
EKT-0976,Hp,"Laptop HP dq6012dx 14"" Intel N150 4GB 128GB Wi‑Fi 6",7065.0,4.0,4.0,SSD,Intel N150,0,14.0,https://www.elektra.mx/laptop-hp-dq6012dx-14-intel-n150-4gb-128gb-wifi-6-1301851340/p
EKT-0977,Lenovo,"Laptop Lenovo IdeaPad 15.6"" FHD Intel i5-1335U 8GB 128GB SSD",11903.0,8.0,8.0,SSD,No especificado,0,15.6,https://www.elektra.mx/laptop-lenovo-ideapad-156-fhd-intel-i5-1335u-8gb-128gb-ssd-1301851323/p
EKT-0978,Hp,"Laptop HP 14"" Intel N4500 8 GB RAM 628 GB Windows 11 Pro Rosa",8402.0,8.0,8.0,SSD,Intel N4500,0,14.0,https://www.elektra.mx/laptop-hp-14-intel-n4500-8-gb-ram-628-gb-windows-11-pro-rosa-1301851320/p
EKT-0979,Hp,"Laptop HP Stream 14"" HD Intel N150 4 GB 112 TB Wi‑Fi 6",8143.0,4.0,4.0,SSD,Intel N150,0,14.0,https://www.elektra.mx/laptop-hp-stream-14-hd-intel-n150-4-gb-112-tb-wifi-6-1301851307/p
EKT-0980,Hp,"Laptop HP N150 14"" HD 8 GB 128 GB UFS Intel de 4 núcleos Windows 11",8976.0,8.0,8.0,SSD,No especificado,0,14.0,https://www.elektra.mx/laptop-hp-n150-14-hd-8-gb-128-gb-ufs-intel-de-4-nucleos-windows-11-1301851296/p
EKT-0981,Hp,"Laptop HP 173"" Ryzen 5 8 GB 256 GB SSD Wi‑Fi 6 FHD",13579.0,8.0,8.0,SSD,Ryzen 5,0,73.0,https://www.elektra.mx/laptop-hp-173-ryzen-5-8-gb-256-gb-ssd-wifi-6-fhd-1301851282/p
EKT-0982,Hp,"Laptop HP Ultrabook 14"" Intel Core 4 GB 64 GB SSD Win11",6480.0,4.0,4.0,SSD,Core 4,0,14.0,https://www.elektra.mx/laptop-hp-ultrabook-14-intel-core-4-gb-64-gb-ssd-win11-1301851243/p
EKT-0983,Hp,"Laptop HP 156"" FHD táctil Ryzen 5 8 GB 256 GB SSD",11839.0,8.0,8.0,SSD,Ryzen 5,0,56.0,https://www.elektra.mx/laptop-hp-156-fhd-tactil-ryzen-5-8-gb-256-gb-ssd-1301850654/p
EKT-0984,Hp,"Laptop HP Ultrabook 14"" Intel 8GB RAM 64GB SSD Win11",7654.0,8.0,8.0,SSD,No especificado,0,14.0,https://www.elektra.mx/laptop-hp-ultrabook-14-intel-8gb-ram-64gb-ssd-win11-1301850639/p
EKT-0985,Hp,Laptop HP 14 Elite 8 GB de RAM 112 TB Windows 11 rosa dorado,8801.0,8.0,8.0,SSD,No especificado,0,,https://www.elektra.mx/laptop-hp-14-elite-8-gb-de-ram-112-tb-windows-11-rosa-dorado-1301850637/p
EKT-0986,Hp,"Laptop HP 2025 Intel N150 16 GB de RAM 256 GB 14"" LED",11075.0,16.0,16.0,SSD,Intel N150,0,14.0,https://www.elektra.mx/laptop-hp-2025-intel-n150-16-gb-de-ram-256-gb-14-led-1301850632/p
EKT-0987,Hp,"Laptop HP 156"" Intel i3-1125G4 8 GB de RAM 128 GB SSD",9354.0,8.0,8.0,SSD,No especificado,0,56.0,https://www.elektra.mx/laptop-hp-156-intel-i3-1125g4-8-gb-de-ram-128-gb-ssd-1301850629/p
EKT-0988,Hp,"Laptop HP Ultrabook 14"" HD 4 GB RAM 128 GB SSD Rose Gold",7741.0,4.0,4.0,SSD,No especificado,0,14.0,https://www.elektra.mx/laptop-hp-ultrabook-14-hd-4-gb-ram-128-gb-ssd-rose-gold-1301850626/p
EKT-0989,Hp,"Laptop HP N150 Intel 16 GB de RAM 256 GB 14"" LED Windows 11",10186.0,16.0,16.0,SSD,No especificado,0,14.0,https://www.elektra.mx/laptop-hp-n150-intel-16-gb-de-ram-256-gb-14-led-windows-11-1301850489/p
EKT-0990,Hp,"Notebook HP Ultrabook 14"" Intel 8 GB de RAM 192 GB SSD Rosa",8976.0,8.0,8.0,SSD,No especificado,0,14.0,https://www.elektra.mx/notebook-hp-ultrabook-14-intel-8-gb-de-ram-192-gb-ssd-rosa-1301850446/p
EKT-0991,Lenovo,"Laptop Lenovo IdeaPad 3i Chromebook 15.6"" táctil 8 GB 256 GB",10199.0,8.0,8.0,SSD,No especificado,0,15.6,https://www.elektra.mx/laptop-lenovo-ideapad-3i-chromebook-156-tactil-8-gb-256-gb-1301850436/p
EKT-0992,Hp,"Laptop HP Stream 14"" HD Intel N150 4 GB 112 TB Windows 11",7898.0,4.0,4.0,SSD,Intel N150,0,14.0,https://www.elektra.mx/laptop-hp-stream-14-hd-intel-n150-4-gb-112-tb-windows-11-1301850127/p
EKT-0993,Hp,"Laptop HP 14"" con pantalla táctil Intel N4020 16 GB de RAM 192 GB",10717.0,16.0,16.0,SSD,Intel N4020,0,14.0,https://www.elektra.mx/laptop-hp-14-con-pantalla-tactil-intel-n4020-16-gb-de-ram-192-gb-1301850126/p
EKT-0994,Hp,"Laptop HP 14"" Intel N150 4 GB DDR5 628 GB Win11 Pro",7934.0,4.0,4.0,SSD,Intel N150,0,14.0,https://www.elektra.mx/laptop-hp-14-intel-n150-4-gb-ddr5-628-gb-win11-pro-1301850119/p
EKT-0995,Hp,"Laptop HP N150 de 14"" HD 8 GB de RAM 128 GB SSD Windows 11 y Office",7988.0,8.0,8.0,SSD,No especificado,0,14.0,https://www.elektra.mx/laptop-hp-n150-de-14-hd-8-gb-de-ram-128-gb-ssd-windows-11-y-office-1301850117/p
EKT-0996,Hp,"Laptop HP 14"" Intel N4500 8 GB 628 GB Windows 11 Pro Oro Rosa",8648.0,8.0,8.0,SSD,Intel N4500,0,14.0,https://www.elektra.mx/laptop-hp-14-intel-n4500-8-gb-628-gb-windows-11-pro-oro-rosa-1301850111/p
EKT-0997,Hp,"Laptop HP Stream 14"" Intel N150 4 GB RAM 112 TB Windows 11",8171.0,4.0,4.0,SSD,Intel N150,0,14.0,https://www.elektra.mx/laptop-hp-stream-14-intel-n150-4-gb-ram-112-tb-windows-11-1301850108/p
EKT-0998,Lenovo,"Laptop Lenovo V15 2026 AMD Ryzen 3 16 GB 512 GB SSD 156""",16729.0,16.0,16.0,SSD,Ryzen 3,0,56.0,https://www.elektra.mx/laptop-lenovo-v15-2026-amd-ryzen-3-16-gb-512-gb-ssd-156-1301850097/p
EKT-0999,Hp,"Laptop HP Stream 14"" HD Intel N150 4 GB 256 GB rosa",8908.0,4.0,4.0,SSD,Intel N150,0,14.0,https://www.elektra.mx/laptop-hp-stream-14-hd-intel-n150-4-gb-256-gb-rosa-1301850092/p
