Nombre,Precio_MXN,RAM_GB,Almacenamiento_GB,Tipo_Almacenamiento,Procesador,GPU_Dedicada,Pantalla_Pulgadas,Procesador_Modelo,Numero_Nucleos,Generacion_CPU,marca_procesador,Pantalla_Rescatada,Categoria_Pantalla,Es_Reacondicionado,Es_Gaming,Es_Workstation,Es_Linea_Premium,Es_Touch,Es_OLED,Es_Apple,GPU_Tier_Detallado,CPU_Tier_Detallado,Log2_RAM,Log2_Almacenamiento,RAM_x_CPU,RAM_x_GPU,Gaming_x_GPU,Marca_Alienware,Marca_Apple,Marca_Asus,Marca_Dell,Marca_Gateway,Marca_Gigabyte,Marca_Honor,Marca_Hp,Marca_Huawei,Marca_Hyundai,Marca_Ist computers,Marca_Kinro,Marca_Lanix,Marca_Laptop,Marca_Lenovo,Marca_Lg,Marca_Lm,Marca_Machcreator,Marca_Microsoft,Marca_Msi,Marca_Nido,Marca_Nimo,Marca_Otra,Marca_Panasonic,Marca_Samsung,Precio_Justo_Modelo,Diferencia_MXN
Laptop Acer Aspire Lite 15.6 Pulgadas FHD Core i5 13th 16GB RAM 512GB SSD,17495.0,16.0,512.0,SSD,Core I5,0,15.6,Intel Core i5,No especificado,No especificado,Intel,15.6,Estandar,0,0,0,0,0,0,0,0,4,4.0,9.0,64.0,0.0,0,False,False,False,False,False,False,False,False,False,False,False,False,False,False,False,False,False,False,False,False,False,False,False,False,False,17612.699983021626,-117.6999830216264
"Laptop HP 255 G10 de 15,6 Pulgadas Windows 11 Home Amd Ryzen 3 8Gb RAM 512Gb Ssd",8495.0,8.0,512.0,SSD,Ryzen 3,0,15.6,AMD Ryzen 3,No especificado,No especificado,AMD,15.6,Estandar,0,0,0,0,0,0,0,0,3,3.0,9.0,24.0,0.0,0,False,False,False,False,False,False,False,True,False,False,False,False,False,False,False,False,False,False,False,False,False,False,False,False,False,12944.669713710266,-4449.669713710266
"Laptop Gaming Lenovo LOQ 15ARP9 15.6"" FHD AMD Ryzen 5 IA 8GB RAM 512GB SSD Nvidia Geforce RTX 3050 6 GB",21845.0,8.0,512.0,SSD,Ryzen 5,1,15.6,AMD Ryzen 5,No especificado,No especificado,AMD,15.6,Estandar,0,1,0,0,0,0,0,2,4,3.0,9.0,32.0,16.0,2,False,False,False,False,False,False,False,False,False,False,False,False,False,False,True,False,False,False,False,False,False,False,False,False,False,21038.932028049632,806.0679719503678
"Laptop Lenovo Ideapad Slim 3 15IAN8 15.6"" FHD Intel Core i3 8GB RAM 512GB SSD",9995.0,8.0,512.0,SSD,Core I3,0,15.6,Intel Core i3,No especificado,No especificado,Intel,15.6,Estandar,0,0,0,0,0,0,0,0,3,3.0,9.0,24.0,0.0,0,False,False,False,False,False,False,False,False,False,False,False,False,False,False,True,False,False,False,False,False,False,False,False,False,False,12934.03593672531,-2939.0359367253095
Laptop Asus VivoBook Go 14 Pulgadas FHD Intel Core i3-N305 RAM 8GB 128GB SSD Negro,7995.0,8.0,128.0,SSD,Core I3,0,14.0,Intel Core i3-N305,8,Alder Lake-N,Intel,14.0,Estandar,0,0,0,0,0,0,0,0,3,3.0,7.0,24.0,0.0,0,False,False,True,False,False,False,False,False,False,False,False,False,False,False,False,False,False,False,False,False,False,False,False,False,False,9955.989983158446,-1960.9899831584462
Laptop LM Dual Táctil 360° 16GB 1TB Intel Core N95 LM-140D,15995.0,16.0,1024.0,SSD,No especificado,0,,No especificado,No especificado,No especificado,Intel,,Estandar,0,0,0,0,1,0,0,0,2,4.0,10.0,32.0,0.0,0,False,False,False,False,False,False,False,False,False,False,False,False,False,False,False,False,True,False,False,False,False,False,False,False,False,17590.982900259565,-1595.9829002595652
Laptop HP Celeron N4120 4GB 128GB 14-dq0531la,6495.0,4.0,128.0,SSD,Celeron,0,,No especificado,No especificado,No especificado,Intel,14.0,Estandar,0,0,0,0,0,0,0,0,1,2.0,7.0,4.0,0.0,0,False,False,False,False,False,False,False,True,False,False,False,False,False,False,False,False,False,False,False,False,False,False,False,False,False,7495.881336415224,-1000.8813364152238
"Laptop Lenovo Ideapad 1 15IGL7 15.6"" FHD Intel Celeron 8GB RAM 256 GB SSD",8395.0,8.0,256.0,SSD,Celeron,0,15.6,No especificado,No especificado,No especificado,Intel,15.6,Estandar,0,0,0,0,0,0,0,0,1,3.0,8.0,8.0,0.0,0,False,False,False,False,False,False,False,False,False,False,False,False,False,False,True,False,False,False,False,False,False,False,False,False,False,10870.071066284643,-2475.071066284643
"Laptop Lenovo Ideapad Slim 3 15IAH8 15.6"" FHD Intel Core i5 8GB RAM 512GB SSD",13645.0,8.0,512.0,SSD,Core I5,0,15.6,Intel Core i5,No especificado,No especificado,Intel,15.6,Estandar,0,0,0,0,0,0,0,0,4,3.0,9.0,32.0,0.0,0,False,False,False,False,False,False,False,False,False,False,False,False,False,False,True,False,False,False,False,False,False,False,False,False,False,13321.441696988275,323.558303011725
Laptop HP 15-fc0265la Ryzen 5-7520U - 8GB  -512GB Tarjeta AMD Radeon,17995.0,8.0,512.0,SSD,Ryzen 5,0,,AMD Ryzen 5 7520U,4,Serie 7000 (Zen 2),AMD,,Estandar,0,0,0,0,0,0,0,1,4,3.0,9.0,32.0,8.0,0,False,False,False,False,False,False,False,True,False,False,False,False,False,False,False,False,False,False,False,False,False,False,False,False,False,17129.436917968633,865.5630820313672
Laptop HP 245 G10 14” Ryzen 5 7520U 8GB 512GB Windows 11,14995.0,8.0,512.0,SSD,Ryzen 5,0,14.0,AMD Ryzen 5 7520U,4,Serie 7000 (Zen 2),AMD,14.0,Estandar,0,0,0,0,0,0,0,0,4,3.0,9.0,32.0,0.0,0,False,False,False,False,False,False,False,True,False,False,False,False,False,False,False,False,False,False,False,False,False,False,False,False,False,13053.852103794592,1941.147896205408
Laptop HP 14-em0033la Athlon Silver 7120U 4GB 128GB Tarjeta AMD Radeon,5995.0,4.0,128.0,SSD,Athlon,0,,No especificado,No especificado,No especificado,AMD,14.0,Estandar,0,0,0,0,0,0,0,1,1,2.0,7.0,4.0,4.0,0,False,False,False,False,False,False,False,True,False,False,False,False,False,False,False,False,False,False,False,False,False,False,False,False,False,8145.936950365377,-2150.936950365377
Laptop Acer Aspire Lite 15 Al15-41P-R03U 15.6 Pulgadas 1920X1080 Full Hd Amd Ryzen 7 5700U 16Gb 512Gb Ssd Windows 11 Home,16995.0,16.0,512.0,SSD,Ryzen 7,0,15.6,AMD Ryzen 7 5700U,8,Serie 5000 (Zen 2),AMD,15.6,Estandar,0,0,0,0,0,0,0,0,5,4.0,9.0,80.0,0.0,0,False,False,False,False,False,False,False,False,False,False,False,False,False,False,False,False,False,False,False,False,False,False,False,False,False,18205.007791130327,-1210.007791130327
Laptop Lanix Intel Celeron N4020 RAM 4GB Memoria Interna 128 GB Xbook Go + Backpack,2922.06,4.0,128.0,SSD,Celeron,0,,No especificado,No especificado,No especificado,Intel,,Estandar,0,0,0,0,0,0,0,0,1,2.0,7.0,4.0,0.0,0,False,False,False,False,False,False,False,False,False,False,False,False,True,False,False,False,False,False,False,False,False,False,False,False,False,6773.471712713876,-3851.4117127138757
"Laptop Lenovo Ideapad Slim 3 15ABR8 15.6"" FHD AMD Ryzen 7 16GB RAM 1TB SSD",21495.0,16.0,1024.0,SSD,Ryzen 7,0,15.6,No especificado,No especificado,No especificado,AMD,15.6,Estandar,0,0,0,0,0,0,0,0,5,4.0,10.0,80.0,0.0,0,False,False,False,False,False,False,False,False,False,False,False,False,False,False,True,False,False,False,False,False,False,False,False,False,False,24331.93323237788,-2836.93323237788
Laptop Acer Aspire 3 Ryzen 5 7520U 14 Pulgadas FHD 8GB de RAM 256GB Pcle NVMe SSD Plata,9995.0,8.0,256.0,SSD,Ryzen 5,0,14.0,AMD Ryzen 5 7520U,4,Serie 7000 (Zen 2),AMD,14.0,Estandar,0,0,0,0,0,0,0,0,4,3.0,8.0,32.0,0.0,0,False,False,False,False,False,False,False,False,False,False,False,False,False,False,False,False,False,False,False,False,False,False,False,False,False,12897.214122788779,-2902.2141227887787
Laptop Acer Aspire Lite 14 Pulgadas Intel N100 8GB RAM 256GB SSD AL14-31P-C0S2 Plata,7595.0,8.0,256.0,SSD,Intel N100,0,14.0,Intel Processor N100,4,Alder Lake-N,Intel,14.0,Estandar,0,0,0,0,0,0,0,0,1,3.0,8.0,8.0,0.0,0,False,False,False,False,False,False,False,False,False,False,False,False,False,False,False,False,False,False,False,False,False,False,False,False,False,8868.136960590868,-1273.1369605908676
"Laptop Lenovo Ideapad Slim 3 15IAN8 15.6"" FHD Intel Core i3 8GB RAM 256GB SSD",11995.0,8.0,256.0,SSD,Core I3,0,15.6,Intel Core i3,No especificado,No especificado,Intel,15.6,Estandar,0,0,0,0,0,0,0,0,3,3.0,8.0,24.0,0.0,0,False,False,False,False,False,False,False,False,False,False,False,False,False,False,True,False,False,False,False,False,False,False,False,False,False,11333.345473977844,661.6545260221556
"Laptop Lenovo Ideapad 1 15AMN7 15.6"" FHD AMD Athlon Silver 8GB RAM 256GB SSD",10495.0,8.0,256.0,SSD,Athlon,0,15.6,No especificado,No especificado,No especificado,AMD,15.6,Estandar,0,0,0,0,0,0,0,0,1,3.0,8.0,8.0,0.0,0,False,False,False,False,False,False,False,False,False,False,False,False,False,False,True,False,False,False,False,False,False,False,False,False,False,10870.071066284643,-375.07106628464317
"Laptop Lenovo Ideapad 1 15AMN7 15.6"" FHD Touch AMD Ryzen 3 8GB RAM 256GB SSD",12995.0,8.0,256.0,SSD,Ryzen 3,0,15.6,AMD Ryzen 3,No especificado,No especificado,AMD,15.6,Estandar,0,0,0,0,1,0,0,0,3,3.0,8.0,24.0,0.0,0,False,False,False,False,False,False,False,False,False,False,False,False,False,False,True,False,False,False,False,False,False,False,False,False,False,14128.870579387632,-1133.8705793876325
Laptop HP 15-fc0287la RYZEN 7/8GB /512GB,18495.0,8.0,512.0,SSD,Ryzen 7,0,,No especificado,No especificado,No especificado,AMD,,Estandar,0,0,0,0,0,0,0,0,5,3.0,9.0,40.0,0.0,0,False,False,False,False,False,False,False,True,False,False,False,False,False,False,False,False,False,False,False,False,False,False,False,False,False,14265.7377771829,4229.2622228171
Laptop HP 15-fc0240la Ryzen 3 7320U - 8GB  -512GB Tarjeta AMD Radeon,16995.0,8.0,512.0,SSD,Ryzen 3,0,,AMD Ryzen 3 7320U,4,Serie 7000 (Zen 2),AMD,,Estandar,0,0,0,0,0,0,0,1,3,3.0,9.0,24.0,8.0,0,False,False,False,False,False,False,False,True,False,False,False,False,False,False,False,False,False,False,False,False,False,False,False,False,False,16162.565283344791,832.4347166552088
Laptop Hyundai 14” Intel Core i5 16GB 1TB SSD Windows 11,8495.0,16.0,1024.0,SSD,Core I5,0,14.0,Intel Core i5,No especificado,No especificado,Intel,14.0,Estandar,0,0,0,0,0,0,0,0,4,4.0,10.0,64.0,0.0,0,False,False,False,False,False,False,False,False,False,True,False,False,False,False,False,False,False,False,False,False,False,False,False,False,False,19293.744745102693,-10798.744745102693
Laptop Hyundai 14” Intel N4020 8GB 256GB Windows 11 Home,7995.0,8.0,256.0,SSD,Intel N4020,0,14.0,No especificado,No especificado,No especificado,Intel,14.0,Estandar,0,0,0,0,0,0,0,0,2,3.0,8.0,16.0,0.0,0,False,False,False,False,False,False,False,False,False,True,False,False,False,False,False,False,False,False,False,False,False,False,False,False,False,9770.201986460197,-1775.201986460197
"Laptop Lenovo Ideapad Slim 3 15AMN8 15.6"" FHD AMD Ryzen 5 8 GB RAM 512 GB SSD + Maletín",14495.0,8.0,512.0,SSD,Ryzen 5,0,15.6,AMD Ryzen 5,No especificado,No especificado,AMD,15.6,Estandar,0,0,0,0,0,0,0,0,4,3.0,9.0,32.0,0.0,0,False,False,False,False,False,False,False,False,False,False,False,False,False,False,True,False,False,False,False,False,False,False,False,False,False,13321.441696988275,1173.558303011725
Apple Macbook Air Reacondicionada AP2020 M1 128GB,9995.0,128.0,128.0,SSD,No especificado,0,,Apple M1,8,Apple Silicon (1ª Gen),Apple,,Estandar,0,0,0,0,0,0,1,0,4,7.0,7.0,512.0,0.0,0,False,True,False,False,False,False,False,False,False,False,False,False,False,False,False,False,False,False,False,False,False,False,False,False,False,9457.019904310728,537.9800956892723
Laptop HP 14 Pulgadas RAM 4GB 128GB SSD Intel Celeron N4120 2.6Ghz 0B04319 Plata.,6995.0,4.0,128.0,SSD,Celeron,0,14.0,No especificado,No especificado,No especificado,Intel,14.0,Estandar,0,0,0,0,0,0,0,0,1,2.0,7.0,4.0,0.0,0,False,False,False,False,False,False,False,True,False,False,False,False,False,False,False,False,False,False,False,False,False,False,False,False,False,7495.881336415224,-500.8813364152238
Laptop Acer Aspire Lite 15.6 Pulgadas FHD Celeron N4500 8GB 256GB SSD,8395.0,8.0,256.0,SSD,Celeron,0,15.6,No especificado,No especificado,No especificado,Intel,15.6,Estandar,0,0,0,0,0,0,0,0,1,3.0,8.0,8.0,0.0,0,False,False,False,False,False,False,False,False,False,False,False,False,False,False,False,False,False,False,False,False,False,False,False,False,False,8868.136960590868,-473.1369605908676
"Laptop Lenovo Ideapad Slim 3 15ABR8 15.6"" FHD AMD Ryzen 7 16GB RAM 1TB SSD",19999.0,16.0,1024.0,SSD,Ryzen 7,0,15.6,No especificado,No especificado,No especificado,AMD,15.6,Estandar,0,0,0,0,0,0,0,0,5,4.0,10.0,80.0,0.0,0,False,False,False,False,False,False,False,False,False,False,False,False,False,False,True,False,False,False,False,False,False,False,False,False,False,24331.93323237788,-4332.93323237788
"Laptop Hp Celeron N4500 8GB RAM 256GB SSD 14"" Natural Silver",6999.0,8.0,256.0,SSD,Celeron,0,14.0,No especificado,No especificado,No especificado,Intel,14.0,Estandar,0,0,0,0,0,0,0,0,1,3.0,8.0,8.0,0.0,0,False,False,False,False,False,False,False,True,False,False,False,False,False,False,False,False,False,False,False,False,False,False,False,False,False,9316.651061180744,-2317.6510611807444
Laptop Asus Vivobook Go 15 AMD Ryzen5 8GB RAM 512GB SSD Mixed Black,9699.0,8.0,512.0,SSD,Ryzen5,0,,AMD Ryzen 5,No especificado,No especificado,AMD,,Estandar,0,0,0,0,0,0,0,0,2,3.0,9.0,16.0,0.0,0,False,False,True,False,False,False,False,False,False,False,False,False,False,False,False,False,False,False,False,False,False,False,False,False,False,12620.248352573672,-2921.2483525736716
Laptop HP 15-FC0372LA AMD Ryzen 7 16GB RAM 512GB Plateada,14999.0,16.0,512.0,SSD,Ryzen 7,0,,No especificado,No especificado,No especificado,AMD,,Estandar,0,0,0,0,0,0,0,0,5,4.0,9.0,80.0,0.0,0,False,False,False,False,False,False,False,True,False,False,False,False,False,False,False,False,False,False,False,False,False,False,False,False,False,19185.422668678584,-4186.422668678584
Laptop HP 15-fc0265la AMD Ryzen5 8GB RAM 512GB SSD Plata,9999.0,8.0,512.0,SSD,Ryzen5,0,,AMD Ryzen 5,No especificado,No especificado,AMD,,Estandar,0,0,0,0,0,0,0,0,2,3.0,9.0,16.0,0.0,0,False,False,False,False,False,False,False,True,False,False,False,False,False,False,False,False,False,False,False,False,False,False,False,False,False,12333.815203088721,-2334.8152030887213
Laptop HP 14-dq6015dx 14'' HD Intel N150 Intel Graphics 4GB RAM 128GB UFS Color Oro Rosa Pálido,5239.0,4.0,128.0,SSD,Intel N150,0,,No especificado,No especificado,No especificado,Intel,14.0,Estandar,0,0,0,0,0,0,0,1,1,2.0,7.0,4.0,4.0,0,False,False,False,False,False,False,False,True,False,False,False,False,False,False,False,False,False,False,False,False,False,False,False,False,False,8145.936950365377,-2906.936950365377
"Laptop Lenovo Ideapad Slim 3 15IRU8 15.6"" FHD Intel Core i3 8GB RAM 512GB SSD",13499.0,8.0,512.0,SSD,Core I3,0,15.6,Intel Core i3,No especificado,No especificado,Intel,15.6,Estandar,0,0,0,0,0,0,0,0,3,3.0,9.0,24.0,0.0,0,False,False,False,False,False,False,False,False,False,False,False,False,False,False,True,False,False,False,False,False,False,False,False,False,False,12934.03593672531,564.9640632746905
Laptop HP 14-hc0250la Intel IA U5 8GB RAM 512GB SSD Natural Silver,12499.0,8.0,512.0,SSD,No especificado,0,,No especificado,No especificado,No especificado,Intel,14.0,Estandar,0,0,0,0,0,0,0,0,1,3.0,9.0,8.0,0.0,0,False,False,False,False,False,False,False,True,False,False,False,False,False,False,False,False,False,False,False,False,False,False,False,False,False,11198.945613497466,1300.0543865025338
Chromebook Asus CX1405CTA Intel N50 8GB RAM 128GB SSD Gris,4999.0,8.0,128.0,SSD,Intel N50,0,,No especificado,No especificado,No especificado,Intel,,Estandar,0,0,0,0,0,0,0,0,1,3.0,7.0,8.0,0.0,0,False,False,True,False,False,False,False,False,False,False,False,False,False,False,False,False,False,False,False,False,False,False,False,False,False,8500.821461356829,-3501.821461356829
Laptop Lenovo IdeaPad Slim AMD Ryzen5 8GB RAM 512GB SSD Gris,14499.0,8.0,512.0,SSD,Ryzen5,0,,AMD Ryzen 5,No especificado,No especificado,AMD,,Estandar,0,0,0,0,0,0,0,0,2,3.0,9.0,16.0,0.0,0,False,False,False,False,False,False,False,False,False,False,False,False,False,False,True,False,False,False,False,False,False,False,False,False,False,13487.571448696825,1011.4285513031755
"Laptop Lenovo Ideapad Slim 3 15IRH10 15.3"" WUXGA Intel Core i5 8GB RAM 512GB SSD",14999.0,8.0,512.0,SSD,Core I5,0,15.3,Intel Core i5,No especificado,No especificado,Intel,15.3,Estandar,0,0,0,0,0,0,0,0,4,3.0,9.0,32.0,0.0,0,False,False,False,False,False,False,False,False,False,False,False,False,False,False,True,False,False,False,False,False,False,False,False,False,False,13321.441696988275,1677.558303011725
Laptop HP 14-DQ0532LA Intel Celeron N4120 4GB RAM 128 GB SSD Plateada,6499.0,4.0,128.0,SSD,Celeron,0,,No especificado,No especificado,No especificado,Intel,14.0,Estandar,0,0,0,0,0,0,0,0,1,2.0,7.0,4.0,0.0,0,False,False,False,False,False,False,False,True,False,False,False,False,False,False,False,False,False,False,False,False,False,False,False,False,False,7495.881336415224,-996.8813364152238
Laptop Lenovo Ideapad V15 G4 AMD Ryzen3 16GB RAM 512GB SSD Gris,12999.0,16.0,512.0,SSD,Ryzen3,0,,AMD Ryzen 3,No especificado,No especificado,AMD,,Estandar,0,0,0,0,0,0,0,0,2,4.0,9.0,32.0,0.0,0,False,False,False,False,False,False,False,False,False,False,False,False,False,False,True,False,False,False,False,False,False,False,False,False,False,25233.682061344956,-12234.682061344956
Laptop Asus Vivobook Go 15 AMD Ryzen5 16GB RAM 512GB Cool Silver,12999.0,16.0,512.0,SSD,Ryzen5,0,,AMD Ryzen 5,No especificado,No especificado,AMD,,Estandar,0,0,0,0,0,0,0,0,1,4.0,9.0,16.0,0.0,0,False,False,True,False,False,False,False,False,False,False,False,False,False,False,False,False,False,False,False,False,False,False,False,False,False,12956.442106005037,42.5578939949628
Laptop Asus Vivobook Go 14 AMD Ryzen3 8GB RAM 512GB SSD Negra,7999.0,8.0,512.0,SSD,Ryzen3,0,,AMD Ryzen 3,No especificado,No especificado,AMD,14.0,Estandar,0,0,0,0,0,0,0,0,2,3.0,9.0,16.0,0.0,0,False,False,True,False,False,False,False,False,False,False,False,False,False,False,False,False,False,False,False,False,False,False,False,False,False,12620.248352573672,-4621.248352573672
"Apple MacBook Air M1 - 13.3"" - 8GB RAM 256GB SSD - Retina macOS - Gris Espacial - Reacondicionado",9499.0,8.0,256.0,SSD,No especificado,0,13.3,Apple M1,8,Apple Silicon (1ª Gen),Apple,13.3,Ultraportatil,1,0,0,0,0,0,1,0,4,3.0,8.0,32.0,0.0,0,False,True,False,False,False,False,False,False,False,False,False,False,False,False,False,False,False,False,False,False,False,False,False,False,False,9960.134718422549,-461.13471842254876
"Laptop Notebook HP 14-stream Intel N150 4gb Ram, 128gb Ssd Pale Rose",4999.0,4.0,128.0,SSD,Intel N150,0,,No especificado,No especificado,No especificado,Intel,14.0,Estandar,0,0,0,0,0,0,0,0,1,2.0,7.0,4.0,0.0,0,False,False,False,False,False,False,False,True,False,False,False,False,False,False,False,False,False,False,False,False,False,False,False,False,False,7495.881336415224,-2496.881336415224
"Apple MacBook Air 13"" | Reacondicionado | (Chip M1) | 8GB RAM | 256GB SSD | Pantalla Retina | gris espacial",9499.0,8.0,256.0,SSD,No especificado,0,13.0,Apple M1,8,Apple Silicon (1ª Gen),Apple,13.0,Ultraportatil,1,0,0,0,0,0,1,0,4,3.0,8.0,32.0,0.0,0,False,True,False,False,False,False,False,False,False,False,False,False,False,False,False,False,False,False,False,False,False,False,False,False,False,9960.134718422549,-461.13471842254876
"Laptop Dell AMD Ryzen 5 8GB RAM 512GB SSD 15.6"" Plata",9999.0,8.0,512.0,SSD,Ryzen 5,0,15.6,AMD Ryzen 5,No especificado,No especificado,AMD,15.6,Estandar,0,0,0,0,0,0,0,0,4,3.0,9.0,32.0,0.0,0,False,False,False,True,False,False,False,False,False,False,False,False,False,False,False,False,False,False,False,False,False,False,False,False,False,13233.523072965878,-3234.523072965878
"Laptop Lenovo Ideapad Slim 3 15ABR8 15.6"" FHD AMD Ryzen 5 8GB RAM 512GB SSD",14499.0,8.0,512.0,SSD,Ryzen 5,0,15.6,AMD Ryzen 5,No especificado,No especificado,AMD,15.6,Estandar,0,0,0,0,0,0,0,0,4,3.0,9.0,32.0,0.0,0,False,False,False,False,False,False,False,False,False,False,False,False,False,False,True,False,False,False,False,False,False,False,False,False,False,13321.441696988275,1177.558303011725
"Laptop Lenovo Gamer LOQ 15ARP9 AMD Ryzen 5 8GB RAM 512GB SSD 15.6"" Gris Luna",17999.0,8.0,512.0,SSD,Ryzen 5,0,15.6,AMD Ryzen 5,No especificado,No especificado,AMD,15.6,Estandar,0,1,0,0,0,0,0,0,4,3.0,9.0,32.0,0.0,0,False,False,False,False,False,False,False,False,False,False,False,False,False,False,True,False,False,False,False,False,False,False,False,False,False,20070.912912078085,-2071.9129120780854
"Apple MacBook Air M1 8GB RAM 128GB SSD 13.3"" Retina macOS Gris Espacial Reacondicionado",9299.0,8.0,128.0,SSD,No especificado,0,13.3,Apple M1,8,Apple Silicon (1ª Gen),Apple,13.3,Ultraportatil,1,0,0,0,0,0,1,0,4,3.0,7.0,32.0,0.0,0,False,True,False,False,False,False,False,False,False,False,False,False,False,False,False,False,False,False,False,False,False,False,False,False,False,9305.667360856876,-6.6673608568762575
"Laptop Lenovo Ideapad Slim 3 15.6"" Intel N100 Fhd 4 Gb Ram 128 Gb",5759.0,4.0,128.0,SSD,Intel N100,0,15.6,Intel Processor N100,4,Alder Lake-N,Intel,15.6,Estandar,0,0,0,0,0,0,0,0,1,2.0,7.0,4.0,0.0,0,False,False,False,False,False,False,False,False,False,False,False,False,False,False,True,False,False,False,False,False,False,False,False,False,False,6011.029216679209,-252.02921667920873
"Laptop Lenovo Ideapad Slim 3 15AMN8 15.6"" FHD AMD Ryzen 3 8GB RAM 512GB SSD",11999.0,8.0,512.0,SSD,Ryzen 3,0,15.6,AMD Ryzen 3,No especificado,No especificado,AMD,15.6,Estandar,0,0,0,0,0,0,0,0,3,3.0,9.0,24.0,0.0,0,False,False,False,False,False,False,False,False,False,False,False,False,False,False,True,False,False,False,False,False,False,False,False,False,False,12934.03593672531,-935.0359367253095
Laptop Gamer HP Victus Ryzen 7 7445HS 16GB DDR5 512GB SSD RTX 3050 W11,20999.0,16.0,512.0,SSD,Ryzen 7,1,,No especificado,No especificado,No especificado,AMD,,Estandar,0,1,0,0,0,0,0,2,5,4.0,9.0,80.0,32.0,2,False,False,False,False,False,False,False,True,False,False,False,False,False,False,False,False,False,False,False,False,False,False,False,False,False,28180.001565312003,-7181.001565312003
"Portátil Lenovo IdeaPad Ryzen 3 156"" 8 GB RAM 256 GB SSD",10041.0,8.0,256.0,SSD,Ryzen 3,0,,AMD Ryzen 3,No especificado,No especificado,AMD,,Estandar,0,0,0,0,0,0,0,0,3,3.0,8.0,24.0,0.0,0,False,False,False,False,False,False,False,False,False,False,False,False,False,False,True,False,False,False,False,False,False,False,False,False,False,11333.345473977844,-1292.3454739778444
"Portátil ASUS VivoBook 14"" i3 8 GB RAM 256 GB SSD Gris Pizarra",10453.0,8.0,256.0,SSD,No especificado,0,14.0,No especificado,No especificado,No especificado,Intel,14.0,Estandar,0,0,0,0,0,0,0,0,3,3.0,8.0,24.0,0.0,0,False,False,True,False,False,False,False,False,False,False,False,False,False,False,False,False,False,False,False,False,False,False,False,False,False,10102.575406379137,350.42459362086265
"Panasonic Toughbook CF-54 MK2 14"" Portátil Intel Core i5-6300U de 6ª generación a 240 GHz Notebook empresarial 16 GB SSD 512 GB Intel HD Graphics 520",14938.0,16.0,512.0,SSD,Core I5,0,14.0,Intel Core i5,No especificado,No especificado,Intel,14.0,Estandar,0,0,0,0,0,0,0,1,4,4.0,9.0,64.0,16.0,0,False,False,False,False,False,False,False,False,False,False,False,False,False,False,False,False,False,False,False,False,False,False,False,True,False,14636.08394626572,301.91605373427956
Portátil ASUS Vivobook Go 15 Ryzen 5 8 GB RAM SSD 256 GB,14615.0,8.0,256.0,SSD,Ryzen 5,0,,AMD Ryzen 5,No especificado,No especificado,AMD,,Estandar,0,0,0,0,0,0,0,0,2,3.0,8.0,16.0,0.0,0,False,False,True,False,False,False,False,False,False,False,False,False,False,False,False,False,False,False,False,False,False,False,False,False,False,9872.632344338454,4742.367655661546
"Portátil HP 156"" FHD táctil Intel Core Ultra 5 16 GB 512 GB",14422.0,16.0,512.0,SSD,No especificado,0,,No especificado,No especificado,No especificado,Intel,16.0,Grande,0,0,0,0,1,0,0,0,4,4.0,9.0,64.0,0.0,0,False,False,False,False,False,False,False,True,False,False,False,False,False,False,False,False,False,False,False,False,False,False,False,False,False,18955.797086511262,-4533.797086511262
"Laptop HP 156"" con pantalla táctil Intel i3 16 GB 15 TB SSD",19186.0,16.0,1536.0,SSD,No especificado,0,,No especificado,No especificado,No especificado,Intel,16.0,Grande,0,0,0,0,1,0,0,0,3,4.0,10.584962500721156,48.0,0.0,0,False,False,False,False,False,False,False,True,False,False,False,False,False,False,False,False,False,False,False,False,False,False,False,False,False,18068.602621366565,1117.3973786334354
Laptopasus zenbook 14 ryzen ai 7 445 16gb 1tb copilot+ pc,28999.0,16.0,1024.0,SSD,No especificado,0,,No especificado,No especificado,No especificado,AMD,14.0,Estandar,0,0,0,1,0,0,0,0,5,4.0,10.0,80.0,0.0,0,False,False,True,False,False,False,False,False,False,False,False,False,False,False,False,False,False,False,False,False,False,False,False,False,False,26945.784278018018,2053.215721981982
"Laptop asus vivobook 16 x1605 core i9 270h 24gb 512gb 16""",25899.0,24.0,512.0,SSD,Core I9,0,16.0,No especificado,No especificado,No especificado,Intel,16.0,Grande,0,0,0,0,0,0,0,0,6,4.584962500721156,9.0,144.0,0.0,0,False,False,True,False,False,False,False,False,False,False,False,False,False,False,False,False,False,False,False,False,False,False,False,False,False,25622.345355171055,276.6546448289446
"Portátil ASUS Vivobook Go 15 15.6"" AMD Silver 4 GB 128 GB SSD",11531.0,4.0,128.0,SSD,No especificado,0,15.6,No especificado,No especificado,No especificado,AMD,15.6,Estandar,0,0,0,0,0,0,0,0,1,2.0,7.0,4.0,0.0,0,False,False,True,False,False,False,False,False,False,False,False,False,False,False,False,False,False,False,False,False,False,False,False,False,False,7429.608076262098,4101.391923737902
"Notebook Lenovo IdeaPad 156"" FHD táctil i5-1335U 16 GB 512 GB",16840.0,16.0,512.0,SSD,No especificado,0,,Intel Core i5-1335U,10,13ª Gen (Raptor Lake),Intel,16.0,Grande,0,0,0,0,1,0,0,0,4,4.0,9.0,64.0,0.0,0,False,False,False,False,False,False,False,False,False,False,False,False,False,False,True,False,False,False,False,False,False,False,False,False,False,16603.079366951108,236.92063304889234
Ordenador portátil Dell Inspiron serie 3000 de 156 pulgadas FHD Touch i5 16 GB y 1 TB,16731.0,16.0,1024.0,SSD,No especificado,0,15.6,No especificado,No especificado,No especificado,Intel,15.6,Estandar,0,0,0,0,1,0,0,0,4,4.0,10.0,64.0,0.0,0,False,False,False,True,False,False,False,False,False,False,False,False,False,False,False,False,False,False,False,False,False,False,False,False,False,18400.162149524145,-1669.1621495241452
"Portátil HP 156"" i3 8 GB RAM 512 GB SSD Windows 11 Pro",14565.0,8.0,512.0,SSD,No especificado,0,,No especificado,No especificado,No especificado,Intel,,Estandar,0,0,0,0,0,0,0,0,3,3.0,9.0,24.0,0.0,0,False,False,False,False,False,False,False,True,False,False,False,False,False,False,False,False,False,False,False,False,False,False,False,False,False,12944.669713710266,1620.3302862897344
"Laptop Acer Aspire 14"" WUXGA Intel Ultra 5 16 GB 512 GB",14461.0,16.0,512.0,SSD,No especificado,0,14.0,No especificado,No especificado,No especificado,Intel,14.0,Estandar,0,0,0,0,0,0,0,0,4,4.0,9.0,64.0,0.0,0,False,False,False,False,False,False,False,False,False,False,False,False,False,False,False,False,False,False,False,False,False,False,False,False,False,17612.699983021626,-3151.6999830216264
"Laptop ASUS Vivobook 14"" i7-1355U 16GB 512GB SSD Win10",15653.0,16.0,512.0,SSD,No especificado,0,14.0,Intel Core i7-1355U,10,13ª Gen (Raptor Lake),Intel,14.0,Estandar,0,0,0,0,0,0,0,0,5,4.0,9.0,80.0,0.0,0,False,False,True,False,False,False,False,False,False,False,False,False,False,False,False,False,False,False,False,False,False,False,False,False,False,21159.522933262335,-5506.522933262335
"Portátil HP 156"" i3 16 GB RAM 1 TB SSD Wi‑Fi 6 Plata",16045.0,16.0,1024.0,SSD,No especificado,0,,No especificado,No especificado,No especificado,Intel,16.0,Grande,0,0,0,0,0,0,0,0,3,4.0,10.0,48.0,0.0,0,False,False,False,False,False,False,False,True,False,False,False,False,False,False,False,False,False,False,False,False,False,False,False,False,False,17240.747269985008,-1195.7472699850077
"Laptop Lenovo IdeaPad 1 i5-1335U 24GB RAM 1TB SSD 15.6""",16510.0,24.0,1024.0,SSD,No especificado,0,15.6,Intel Core i5-1335U,10,13ª Gen (Raptor Lake),Intel,15.6,Estandar,0,0,0,0,0,0,0,0,4,4.584962500721156,10.0,96.0,0.0,0,False,False,False,False,False,False,False,False,False,False,False,False,False,False,True,False,False,False,False,False,False,False,False,False,False,22589.60502148782,-6079.60502148782
"Portátil HP 173"" Ryzen 7 8 GB RAM 1 TB SSD Wi‑Fi 6",14481.0,8.0,1024.0,SSD,Ryzen 7,0,,No especificado,No especificado,No especificado,AMD,,Estandar,0,0,0,0,0,0,0,0,2,3.0,10.0,16.0,0.0,0,False,False,False,False,False,False,False,True,False,False,False,False,False,False,False,False,False,False,False,False,False,False,False,False,False,9426.118294494328,5054.881705505672
"Portátil ASUS Vivobook Go 156"" Ryzen 5 8 GB 512 GB SSD",12232.0,8.0,512.0,SSD,Ryzen 5,0,,AMD Ryzen 5,No especificado,No especificado,AMD,,Estandar,0,0,0,0,0,0,0,0,2,3.0,9.0,16.0,0.0,0,False,False,True,False,False,False,False,False,False,False,False,False,False,False,False,False,False,False,False,False,False,False,False,False,False,12620.248352573672,-388.2483525736716
"Laptop ASUS Vivobook 14"" FHD Intel Core i5 16GB 1TB SSD",16055.0,16.0,1024.0,SSD,Core I5,0,14.0,Intel Core i5,No especificado,No especificado,Intel,14.0,Estandar,0,0,0,0,0,0,0,0,4,4.0,10.0,64.0,0.0,0,False,False,True,False,False,False,False,False,False,False,False,False,False,False,False,False,False,False,False,False,False,False,False,False,False,19085.25112921458,-3030.251129214579
"Portátil HP 17"" Ryzen 5 16 GB RAM 512 GB SSD Windows 11",15817.0,16.0,512.0,SSD,Ryzen 5,0,17.0,AMD Ryzen 5,No especificado,No especificado,AMD,17.0,Grande,0,0,0,0,0,0,0,0,4,4.0,9.0,64.0,0.0,0,False,False,False,False,False,False,False,True,False,False,False,False,False,False,False,False,False,False,False,False,False,False,False,False,False,17364.92034604292,-1547.9203460429198
"Portátil HP 15.6"" AMD Athlon 4 GB RAM 128 GB SSD Windows 10",8829.0,4.0,128.0,SSD,Athlon,0,15.6,No especificado,No especificado,No especificado,AMD,15.6,Estandar,0,0,0,0,0,0,0,0,1,2.0,7.0,4.0,0.0,0,False,False,False,False,False,False,False,True,False,False,False,False,False,False,False,False,False,False,False,False,False,False,False,False,False,7495.881336415224,1333.1186635847762
"Portátil HP 17"" i3-N305 16 GB RAM 512 GB SSD Windows 11",9239.0,16.0,512.0,SSD,No especificado,0,17.0,Intel Core i3-N305,8,Alder Lake-N,Intel,17.0,Grande,0,0,0,0,0,0,0,0,3,4.0,9.0,48.0,0.0,0,False,False,False,False,False,False,False,True,False,False,False,False,False,False,False,False,False,False,False,False,False,False,False,False,False,16074.740055814691,-6835.740055814691
"Portátil HP 156"" Touch AMD Ryzen 5 16 GB 512 GB SSD",14473.0,16.0,512.0,SSD,Ryzen 5,0,,AMD Ryzen 5,No especificado,No especificado,AMD,16.0,Grande,0,0,0,0,1,0,0,0,2,4.0,9.0,32.0,0.0,0,False,False,False,False,False,False,False,True,False,False,False,False,False,False,False,False,False,False,False,False,False,False,False,False,False,16196.860704442119,-1723.8607044421187
"Laptop HP 173"" FHD IPS Intel Core i5 16GB 512GB SSD",15223.0,16.0,512.0,SSD,Core I5,0,,Intel Core i5,No especificado,No especificado,Intel,,Estandar,0,0,0,0,0,0,0,0,4,4.0,9.0,64.0,0.0,0,False,False,False,False,False,False,False,True,False,False,False,False,False,False,False,False,False,False,False,False,False,False,False,False,False,17364.92034604292,-2141.92034604292
"Laptop LG Gram Book 156"" i5 16 GB RAM 512 GB SSD FHD",16842.0,16.0,512.0,SSD,No especificado,0,,No especificado,No especificado,No especificado,Intel,16.0,Grande,0,0,0,1,0,0,0,0,4,4.0,9.0,64.0,0.0,0,False,False,False,False,False,False,False,False,False,False,False,False,False,False,False,True,False,False,False,False,False,False,False,False,False,21537.132335799135,-4695.132335799135
"Portátil HP 2025 Premium 173"" HD+ i3-305 16 GB 256 GB SSD",14604.0,16.0,256.0,SSD,No especificado,0,,No especificado,No especificado,No especificado,Intel,16.0,Grande,0,0,0,0,0,0,0,0,3,4.0,8.0,48.0,0.0,0,False,False,False,False,False,False,False,True,False,False,False,False,False,False,False,False,False,False,False,False,False,False,False,False,False,12998.102094439462,1605.8979055605378
"Portátil HP 156"" con pantalla táctil Intel i3 16 GB RAM SSD de 512 GB",16471.0,16.0,512.0,SSD,No especificado,0,,No especificado,No especificado,No especificado,Intel,16.0,Grande,0,0,0,0,1,0,0,0,3,4.0,9.0,48.0,0.0,0,False,False,False,False,False,False,False,True,False,False,False,False,False,False,False,False,False,False,False,False,False,False,False,False,False,16546.009333883067,-75.00933388306657
"Portátil HP 173"" i3-N305 8 GB RAM 512 GB SSD Windows 11",15795.0,8.0,512.0,SSD,No especificado,0,,Intel Core i3-N305,8,Alder Lake-N,Intel,,Estandar,0,0,0,0,0,0,0,0,3,3.0,9.0,24.0,0.0,0,False,False,False,False,False,False,False,True,False,False,False,False,False,False,False,False,False,False,False,False,False,False,False,False,False,12944.669713710266,2850.3302862897344
Portátil HP 43 cm i3‑N305 8 GB RAM 512 GB SSD Windows 11 Pro,15795.0,8.0,512.0,SSD,No especificado,0,,Intel Core i3-N305,8,Alder Lake-N,Intel,,Estandar,0,0,0,0,0,0,0,0,3,3.0,9.0,24.0,0.0,0,False,False,False,False,False,False,False,True,False,False,False,False,False,False,False,False,False,False,False,False,False,False,False,False,False,12944.669713710266,2850.3302862897344
"Portátil HP 173"" i3‑N305 8 GB RAM 512 GB SSD Windows 11 Plateado",15795.0,8.0,512.0,SSD,No especificado,0,,Intel Core i3-N305,8,Alder Lake-N,Intel,,Estandar,0,0,0,0,0,0,0,0,3,3.0,9.0,24.0,0.0,0,False,False,False,False,False,False,False,True,False,False,False,False,False,False,False,False,False,False,False,False,False,False,False,False,False,12944.669713710266,2850.3302862897344
"Portátil HP 173"" i3-N305 8 GB RAM 512 GB SSD Plateado",15795.0,8.0,512.0,SSD,No especificado,0,,Intel Core i3-N305,8,Alder Lake-N,Intel,,Estandar,0,0,0,0,0,0,0,0,3,3.0,9.0,24.0,0.0,0,False,False,False,False,False,False,False,True,False,False,False,False,False,False,False,False,False,False,False,False,False,False,False,False,False,12944.669713710266,2850.3302862897344
"Laptop HP 2025 Premium 17.3"" HD+ i3-N305 16 GB 512 GB SSD",14985.0,16.0,512.0,SSD,No especificado,0,17.3,Intel Core i3-N305,8,Alder Lake-N,Intel,17.3,Grande,0,0,0,0,0,0,0,0,3,4.0,9.0,48.0,0.0,0,False,False,False,False,False,False,False,True,False,False,False,False,False,False,False,False,False,False,False,False,False,False,False,False,False,16074.740055814691,-1089.740055814691
"Portátil HP 156"" pantalla táctil i3 16 GB 1 TB+128 GB SSD",16178.0,16.0,1024.0,SSD,No especificado,0,,No especificado,No especificado,No especificado,Intel,16.0,Grande,0,0,0,0,1,0,0,0,3,4.0,10.0,48.0,0.0,0,False,False,False,False,False,False,False,True,False,False,False,False,False,False,False,False,False,False,False,False,False,False,False,False,False,18160.23058632084,-1982.2305863208385
"Laptop Apple MacBook Neo 13"" A18 Pro 8GB 256GB Citrus",16733.0,8.0,256.0,SSD,No especificado,0,13.0,No especificado,No especificado,No especificado,Apple,13.0,Ultraportatil,0,0,0,0,0,0,1,0,2,3.0,8.0,16.0,0.0,0,False,True,False,False,False,False,False,False,False,False,False,False,False,False,False,False,False,False,False,False,False,False,False,False,False,15901.901947055245,831.0980529447552
"Portátil HP 15.6"" Ryzen 5 16 GB RAM 672 GB SSD Windows 11 Pro",15718.0,16.0,672.0,SSD,Ryzen 5,0,15.6,AMD Ryzen 5,No especificado,No especificado,AMD,15.6,Estandar,0,0,0,0,0,0,0,0,4,4.0,9.39231742277876,64.0,0.0,0,False,False,False,False,False,False,False,True,False,False,False,False,False,False,False,False,False,False,False,False,False,False,False,False,False,17790.32291505813,-2072.3229150581283
Laptop Acer Swift Go 16 OLED Intel Core Ultra 5 8 GB 512 GB,14546.0,8.0,512.0,SSD,No especificado,0,,No especificado,No especificado,No especificado,Intel,16.0,Grande,0,0,0,1,0,1,0,0,4,3.0,9.0,32.0,0.0,0,False,False,False,False,False,False,False,False,False,False,False,False,False,False,False,False,False,False,False,False,False,False,False,False,False,13867.715942689085,678.2840573109152
"Portátil Lenovo Ideapad 3i 15.6"" i5-1135G7 12 GB RAM 1 TB SSD",16272.0,12.0,1024.0,SSD,No especificado,0,15.6,Intel Core i5-1135G7,4,11ª Gen (Tiger Lake),Intel,15.6,Estandar,0,0,0,0,0,0,0,0,4,3.584962500721156,10.0,48.0,0.0,0,False,False,False,False,False,False,False,False,False,False,False,False,False,False,True,False,False,False,False,False,False,False,False,False,False,16710.09681242808,-438.09681242808074
"Portátil HP 156"" i3-1115G4 16 GB RAM 1 TB SSD Windows 11 Azul Pino",13854.0,16.0,1024.0,SSD,No especificado,0,,Intel Core i3-1115G4,2,11ª Gen (Tiger Lake),Intel,16.0,Grande,0,0,0,0,0,0,0,0,3,4.0,10.0,48.0,0.0,0,False,False,False,False,False,False,False,True,False,False,False,False,False,False,False,False,False,False,False,False,False,False,False,False,False,17240.747269985008,-3386.7472699850077
"Portátil ASUS Vivobook 14"" FHD Intel i5 24 GB 1 TB Windows 11 Pro",16889.0,24.0,1024.0,SSD,No especificado,0,14.0,No especificado,No especificado,No especificado,Intel,14.0,Estandar,0,0,0,0,0,0,0,0,4,4.584962500721156,10.0,96.0,0.0,0,False,False,True,False,False,False,False,False,False,False,False,False,False,False,False,False,False,False,False,False,False,False,False,False,False,20586.795201065852,-3697.795201065852
"HP OmniBook 3 portátil 16"" 2K AI Snapdragon X X1-26-100 16 GB LPDDR5X 15 TB de almacenamiento (512 GB SSD + 1 TB estación de acoplamiento) GPU",16903.0,16.0,1536.0,SSD,No especificado,0,16.0,No especificado,No especificado,No especificado,Otros,16.0,Grande,0,0,0,1,0,0,0,0,2,4.0,10.584962500721156,32.0,0.0,0,False,False,False,False,False,False,False,True,False,False,False,False,False,False,False,False,False,False,False,False,False,False,False,False,False,22092.179226167937,-5189.179226167937
"Portátil HP 15 i5-1135G7 15.6"" 12 GB RAM 1 TB SSD Plata",15629.0,12.0,1024.0,SSD,No especificado,0,15.6,Intel Core i5-1135G7,4,11ª Gen (Tiger Lake),Intel,15.6,Estandar,0,0,0,0,0,0,0,0,4,3.584962500721156,10.0,48.0,0.0,0,False,False,False,False,False,False,False,True,False,False,False,False,False,False,False,False,False,False,False,False,False,False,False,False,False,16060.388921019732,-431.38892101973215
"Portátil ASUS VivoBook 14\"" 16 GB RAM 1 TB SSD i3-1215U Windows 11",15530.0,16.0,1024.0,SSD,No especificado,0,,Intel Core i3-1215U,6,12ª Gen (Alder Lake),Intel,14.0,Estandar,0,0,0,0,0,0,0,0,3,4.0,10.0,48.0,0.0,0,False,False,True,False,False,False,False,False,False,False,False,False,False,False,False,False,False,False,False,False,False,False,False,False,False,16601.74194665239,-1071.7419466523897
"Portátil Lenovo Ryzen 3 15.6"" FHD 16 GB 512 GB SSD Windows 11 Pro",15819.0,16.0,512.0,SSD,Ryzen 3,0,15.6,AMD Ryzen 3,No especificado,No especificado,AMD,15.6,Estandar,0,0,0,0,0,0,0,0,3,4.0,9.0,48.0,0.0,0,False,False,False,False,False,False,False,False,False,False,False,False,False,False,True,False,False,False,False,False,False,False,False,False,False,15494.599485700684,324.40051429931555
"Laptop HP 173"" FHD Ryzen 5 7430U 16 GB 512 GB SSD",14494.0,16.0,512.0,SSD,Ryzen 5,0,,AMD Ryzen 5,No especificado,No especificado,AMD,16.0,Grande,0,0,0,0,0,0,0,0,4,4.0,9.0,64.0,0.0,0,False,False,False,False,False,False,False,True,False,False,False,False,False,False,False,False,False,False,False,False,False,False,False,False,False,17364.92034604292,-2870.92034604292
Portátil Acer Aspire 3 AMD Ryzen 7 32 GB 1 TB SSD 156 pulgadas,15092.0,32.0,1024.0,SSD,Ryzen 7,0,15.6,No especificado,No especificado,No especificado,AMD,15.6,Estandar,0,0,0,0,0,0,0,0,2,5.0,10.0,64.0,0.0,0,False,False,False,False,False,False,False,False,False,False,False,False,False,False,False,False,False,False,False,False,False,False,False,False,False,18354.704412552583,-3262.7044125525827
"Portátil Lenovo Ideapad 3 de 14"" Ryzen 7 12 GB RAM 512 GB SSD",16280.0,12.0,512.0,SSD,Ryzen 7,0,14.0,No especificado,No especificado,No especificado,AMD,14.0,Estandar,0,0,0,0,0,0,0,0,2,3.584962500721156,9.0,24.0,0.0,0,False,False,False,False,False,False,False,False,False,False,False,False,False,False,True,False,False,False,False,False,False,False,False,False,False,15697.165940102981,582.834059897019
"Portátil Lenovo IdeaPad i5-13420H 16\"" 8 GB 512 GB SSD",16248.0,8.0,512.0,SSD,No especificado,0,,Intel Core i5-13420H,8,13ª Gen (Raptor Lake),Intel,16.0,Grande,0,0,0,0,0,0,0,0,4,3.0,9.0,32.0,0.0,0,False,False,False,False,False,False,False,False,False,False,False,False,False,False,True,False,False,False,False,False,False,False,False,False,False,13321.441696988275,2926.558303011725
"Portátil HP 15.6"" Ryzen 5 16 GB RAM 256 GB SSD Windows 11",14605.0,16.0,256.0,SSD,Ryzen 5,0,15.6,AMD Ryzen 5,No especificado,No especificado,AMD,15.6,Estandar,0,0,0,0,0,0,0,0,2,4.0,8.0,32.0,0.0,0,False,False,False,False,False,False,False,True,False,False,False,False,False,False,False,False,False,False,False,False,False,False,False,False,False,11007.431562638685,3597.568437361315
"Portátil Lenovo IdeaPad 156"" i5 16 GB 512 GB SSD Táctil",10565.0,16.0,512.0,SSD,No especificado,0,,No especificado,No especificado,No especificado,Intel,16.0,Grande,0,0,0,0,1,0,0,0,4,4.0,9.0,64.0,0.0,0,False,False,False,False,False,False,False,False,False,False,False,False,False,False,True,False,False,False,False,False,False,False,False,False,False,16603.079366951108,-6038.079366951108
"Portátil Lenovo IdeaPad 156"" i5 24 GB 1 TB SSD táctil",11756.0,24.0,1024.0,SSD,No especificado,0,,No especificado,No especificado,No especificado,Intel,,Estandar,0,0,0,0,1,0,0,0,4,4.584962500721156,10.0,96.0,0.0,0,False,False,False,False,False,False,False,False,False,False,False,False,False,False,True,False,False,False,False,False,False,False,False,False,False,18851.29861474561,-7095.29861474561
"Portátil HP 173"" Intel i3 16 GB RAM 1 TB SSD Wi‑Fi 6 Plata",17528.0,16.0,1024.0,SSD,No especificado,0,,No especificado,No especificado,No especificado,Intel,16.0,Grande,0,0,0,0,0,0,0,0,3,4.0,10.0,48.0,0.0,0,False,False,False,False,False,False,False,True,False,False,False,False,False,False,False,False,False,False,False,False,False,False,False,False,False,17240.747269985008,287.25273001499227
"Portátil HP 173"" Ryzen 5 16 GB 512 GB SSD Wi‑Fi 6",16770.0,16.0,512.0,SSD,Ryzen 5,0,,AMD Ryzen 5,No especificado,No especificado,AMD,16.0,Grande,0,0,0,0,0,0,0,0,2,4.0,9.0,32.0,0.0,0,False,False,False,False,False,False,False,True,False,False,False,False,False,False,False,False,False,False,False,False,False,False,False,False,False,15651.602820815204,1118.3971791847962
"Laptop HP 156"" Intel N100 16GB RAM 1TB SSD Wi-Fi 6",16517.0,16.0,1024.0,SSD,Intel N100,0,,Intel Processor N100,4,Alder Lake-N,Intel,,Estandar,0,0,0,0,0,0,0,0,1,4.0,10.0,16.0,0.0,0,False,False,False,False,False,False,False,True,False,False,False,False,False,False,False,False,False,False,False,False,False,False,False,False,False,16185.324277747306,331.67572225269396
"Portátil HP 173"" Core i5-120U 16 GB 512 GB SSD Wi‑Fi 6",17528.0,16.0,512.0,SSD,Core I5,0,,Intel Core i5,No especificado,No especificado,Intel,16.0,Grande,0,0,0,0,0,0,0,0,4,4.0,9.0,64.0,0.0,0,False,False,False,False,False,False,False,True,False,False,False,False,False,False,False,False,False,False,False,False,False,False,False,False,False,17364.92034604292,163.07965395708015
"Laptop Acer Aspire 3 Ryzen 7 16 GB 512 GB SSD 156"" FHD",15759.0,16.0,512.0,SSD,Ryzen 7,0,,No especificado,No especificado,No especificado,AMD,16.0,Grande,0,0,0,0,0,0,0,0,5,4.0,9.0,80.0,0.0,0,False,False,False,False,False,False,False,False,False,False,False,False,False,False,False,False,False,False,False,False,False,False,False,False,False,18205.007791130327,-2446.007791130327
"Laptop HP 17.3"" Touch Ryzen 5 16GB 1TB SSD Win11",16892.0,16.0,1024.0,SSD,Ryzen 5,0,17.3,AMD Ryzen 5,No especificado,No especificado,AMD,17.3,Grande,0,0,0,0,1,0,0,0,4,4.0,10.0,64.0,0.0,0,False,False,False,False,False,False,False,True,False,False,False,False,False,False,False,False,False,False,False,False,False,False,False,False,False,19613.198923811113,-2721.1989238111128
"Laptop HP 15.6"" Intel N100 32GB RAM 2TB SSD Win 11 Pro",16517.0,32.0,2048.0,SSD,Intel N100,0,15.6,Intel Processor N100,4,Alder Lake-N,Intel,15.6,Estandar,0,0,0,0,0,0,0,0,1,5.0,11.0,32.0,0.0,0,False,False,False,False,False,False,False,True,False,False,False,False,False,False,False,False,False,False,False,False,False,False,False,False,False,14161.532251546558,2355.4677484534423
"Laptop NIMO N15A Ryzen 7 Pro 6850U 15.6"" 32GB 1TB SSD",16077.0,32.0,1024.0,SSD,Ryzen 7,0,15.6,No especificado,No especificado,No especificado,AMD,15.6,Estandar,0,0,0,0,0,0,0,0,5,5.0,10.0,160.0,0.0,0,False,False,False,False,False,False,False,False,False,False,False,False,False,False,False,False,False,False,False,False,False,True,False,False,False,26133.04708716325,-10056.04708716325
"Laptop HP de 173"" Ryzen 5 16 GB de RAM 512 GB SSD Windows 11",16012.0,16.0,512.0,SSD,Ryzen 5,0,,AMD Ryzen 5,No especificado,No especificado,AMD,16.0,Grande,0,0,0,0,0,0,0,0,4,4.0,9.0,64.0,0.0,0,False,False,False,False,False,False,False,True,False,False,False,False,False,False,False,False,False,False,False,False,False,False,False,False,False,17364.92034604292,-1352.9203460429198
"Laptop Lenovo IdeaPad 1i 15.6"" Touch i5-1335U 8GB 512GB",16251.0,8.0,512.0,SSD,No especificado,0,15.6,Intel Core i5-1335U,10,13ª Gen (Raptor Lake),Intel,15.6,Estandar,0,0,0,0,1,0,0,0,4,3.0,9.0,32.0,0.0,0,False,False,False,False,False,False,False,False,False,False,False,False,False,False,True,False,False,False,False,False,False,False,False,False,False,13747.316993678918,2503.683006321082
"Portátil HP 2025 173"" táctil Ryzen 5 16 GB 1 TB SSD",16879.0,16.0,1024.0,SSD,Ryzen 5,0,,AMD Ryzen 5,No especificado,No especificado,AMD,16.0,Grande,0,0,0,0,1,0,0,0,2,4.0,10.0,32.0,0.0,0,False,False,False,False,False,False,False,True,False,False,False,False,False,False,False,False,False,False,False,False,False,False,False,False,False,17115.82998958687,-236.8299895868695
"Portátil HP 15.6"" i5-1135G7 8 GB RAM 512 GB SSD Windows 11 Pro",14659.0,8.0,512.0,SSD,No especificado,0,15.6,Intel Core i5-1135G7,4,11ª Gen (Tiger Lake),Intel,15.6,Estandar,0,0,0,0,0,0,0,0,4,3.0,9.0,32.0,0.0,0,False,False,False,False,False,False,False,True,False,False,False,False,False,False,False,False,False,False,False,False,False,False,False,False,False,13053.852103794592,1605.147896205408
"Portátil ASUS Vivobook 14"" FHD Intel Core i5 8 GB 12 TB",14947.0,8.0,1228.0,SSD,Core I5,0,14.0,Intel Core i5,No especificado,No especificado,Intel,14.0,Estandar,0,0,0,0,0,0,0,0,4,3.0,10.262094845370179,32.0,0.0,0,False,False,True,False,False,False,False,False,False,False,False,False,False,False,False,False,False,False,False,False,False,False,False,False,False,16611.510104793375,-1664.510104793375
"Portátil HP 156"" Intel Ultra 5 8 GB 15 TB SSD Windows 11",17166.0,8.0,1536.0,SSD,No especificado,0,,No especificado,No especificado,No especificado,Intel,,Estandar,0,0,0,0,0,0,0,0,4,3.0,10.584962500721156,32.0,0.0,0,False,False,False,False,False,False,False,True,False,False,False,False,False,False,False,False,False,False,False,False,False,False,False,False,False,20020.5063201832,-2854.5063201832018
"Laptop HP 17.3"" Ryzen 3 8GB 512GB SSD Wi-Fi 6 Win11",15507.0,8.0,512.0,SSD,Ryzen 3,0,17.3,AMD Ryzen 3,No especificado,No especificado,AMD,17.3,Grande,0,0,0,0,0,0,0,0,3,3.0,9.0,24.0,0.0,0,False,False,False,False,False,False,False,True,False,False,False,False,False,False,False,False,False,False,False,False,False,False,False,False,False,12944.669713710266,2562.3302862897344
"Laptop HP 17"" Ryzen 5 7430U 8 GB de RAM 256 GB SSD",14945.0,8.0,256.0,SSD,Ryzen 5,0,17.0,AMD Ryzen 5,No especificado,No especificado,AMD,17.0,Grande,0,0,0,0,0,0,0,0,4,3.0,8.0,32.0,0.0,0,False,False,False,False,False,False,False,True,False,False,False,False,False,False,False,False,False,False,False,False,False,False,False,False,False,13088.007397006842,1856.9926029931576
Laptop Lenovo IdeaPad Intel Celeron 128 GB Wi‑Fi 6 Windows 11,15546.0,128.0,128.0,SSD,Celeron,0,,No especificado,No especificado,No especificado,Intel,,Estandar,0,0,0,0,0,0,0,0,1,7.0,7.0,128.0,0.0,0,False,False,False,False,False,False,False,False,False,False,False,False,False,False,True,False,False,False,False,False,False,False,False,False,False,10786.509396542393,4759.490603457607
"Portátil HP 173"" Ryzen 5 7430U 16 GB 512 GB SSD Windows 11",15409.0,16.0,512.0,SSD,Ryzen 5,0,,AMD Ryzen 5,No especificado,No especificado,AMD,16.0,Grande,0,0,0,0,0,0,0,0,4,4.0,9.0,64.0,0.0,0,False,False,False,False,False,False,False,True,False,False,False,False,False,False,False,False,False,False,False,False,False,False,False,False,False,17364.92034604292,-1955.9203460429198
"Portátil Lenovo IdeaPad 1i 156"" Táctil Intel i5 8 GB 416 GB",16505.0,8.0,416.0,SSD,No especificado,0,,No especificado,No especificado,No especificado,Intel,,Estandar,0,0,0,0,1,0,0,0,4,3.0,8.700439718141093,32.0,0.0,0,False,False,False,False,False,False,False,False,False,False,False,False,False,False,True,False,False,False,False,False,False,False,False,False,False,15723.052702688254,781.9472973117463
"Portátil ASUS Vivobook Go 15 – 156"" Ryzen 5 8 GB RAM 512 GB SSD",15520.0,8.0,512.0,SSD,Ryzen 5,0,,AMD Ryzen 5,No especificado,No especificado,AMD,,Estandar,0,0,0,0,0,0,0,0,2,3.0,9.0,16.0,0.0,0,False,False,True,False,False,False,False,False,False,False,False,False,False,False,False,False,False,False,False,False,False,False,False,False,False,12620.248352573672,2899.7516474263284
"Portátil HP 17.3"" Ryzen 7 8 GB RAM 256 GB SSD Wi‑Fi 6",16628.0,8.0,256.0,SSD,Ryzen 7,0,17.3,No especificado,No especificado,No especificado,AMD,17.3,Grande,0,0,0,0,0,0,0,0,2,3.0,8.0,16.0,0.0,0,False,False,False,False,False,False,False,True,False,False,False,False,False,False,False,False,False,False,False,False,False,False,False,False,False,10414.948819963322,6213.0511800366785
"Portátil Acer Aspire 15.6"" Ryzen 7 32 GB RAM 1 TB SSD",15429.0,32.0,1024.0,SSD,Ryzen 7,0,15.6,No especificado,No especificado,No especificado,AMD,15.6,Estandar,0,0,0,0,0,0,0,0,5,5.0,10.0,160.0,0.0,0,False,False,False,False,False,False,False,False,False,False,False,False,False,False,False,False,False,False,False,False,False,False,False,False,False,26133.04708716325,-10704.04708716325
"Laptop HP 156"" FHD Ryzen 5-5500U 16 GB 512 GB SSD",17247.0,16.0,512.0,SSD,Ryzen 5,0,,AMD Ryzen 5 5500U,6,Serie 5000 (Zen 2),AMD,16.0,Grande,0,0,0,0,0,0,0,0,4,4.0,9.0,64.0,0.0,0,False,False,False,False,False,False,False,True,False,False,False,False,False,False,False,False,False,False,False,False,False,False,False,False,False,17364.92034604292,-117.92034604291985
"Portátil HP 156"" Ryzen 7 24 GB RAM 512 GB SSD Windows 11",17694.0,24.0,512.0,SSD,Ryzen 7,0,,No especificado,No especificado,No especificado,AMD,,Estandar,0,0,0,0,0,0,0,0,2,4.584962500721156,9.0,48.0,0.0,0,False,False,False,False,False,False,False,True,False,False,False,False,False,False,False,False,False,False,False,False,False,False,False,False,False,15815.540261318956,1878.4597386810437
"Portátil ASUS Vivobook 156"" Ryzen 5 16 GB RAM 512 GB SSD",17036.0,16.0,512.0,SSD,Ryzen 5,0,,AMD Ryzen 5,No especificado,No especificado,AMD,16.0,Grande,0,0,0,0,0,0,0,0,4,4.0,9.0,64.0,0.0,0,False,False,True,False,False,False,False,False,False,False,False,False,False,False,False,False,False,False,False,False,False,False,False,False,False,19870.13918781208,-2834.139187812081
"Portátil Dell Pro 15 156"" Full HD 120 Hz Intel Core i3 8 GB 512 GB SSD",15393.0,8.0,512.0,SSD,Core I3,0,,Intel Core i3,No especificado,No especificado,Intel,,Estandar,0,0,0,0,0,0,0,0,3,3.0,9.0,24.0,0.0,0,False,False,False,True,False,False,False,False,False,False,False,False,False,False,False,False,False,False,False,False,False,False,False,False,False,13190.433760059015,2202.566239940985
"Portátil HP 173"" Ryzen 5 16 GB RAM 512 GB SSD Wi‑Fi 6 Negro",16205.0,16.0,512.0,SSD,Ryzen 5,0,,AMD Ryzen 5,No especificado,No especificado,AMD,16.0,Grande,0,0,0,0,0,0,0,0,4,4.0,9.0,64.0,0.0,0,False,False,False,False,False,False,False,True,False,False,False,False,False,False,False,False,False,False,False,False,False,False,False,False,False,17364.92034604292,-1159.9203460429198
"Notebook Lenovo IdeaPad 156"" táctil i3 16 GB 15 TB SSD Win11",16880.0,16.0,1536.0,SSD,No especificado,0,,No especificado,No especificado,No especificado,Intel,16.0,Grande,0,0,0,0,1,0,0,0,3,4.0,10.584962500721156,48.0,0.0,0,False,False,False,False,False,False,False,False,False,False,False,False,False,False,True,False,False,False,False,False,False,False,False,False,False,16753.505362245432,126.49463775456752
"Laptop Apple MacBook Neo 13"" A18 Pro 8GB 256GB SSD",20406.0,8.0,256.0,SSD,No especificado,0,13.0,No especificado,No especificado,No especificado,Apple,13.0,Ultraportatil,0,0,0,0,0,0,1,0,2,3.0,8.0,16.0,0.0,0,False,True,False,False,False,False,False,False,False,False,False,False,False,False,False,False,False,False,False,False,False,False,False,False,False,15901.901947055245,4504.098052944755
Portátil HP 14 Intel 32 GB RAM 1600 GB Azul Índigo Windows 11,16517.0,32.0,1600.0,SSD,No especificado,0,,No especificado,No especificado,No especificado,Intel,14.0,Estandar,0,0,0,0,0,0,0,0,2,5.0,10.643856189774725,64.0,0.0,0,False,False,False,False,False,False,False,True,False,False,False,False,False,False,False,False,False,False,False,False,False,False,False,False,False,18814.34165838294,-2297.3416583829385
"Laptop HP 14"" Ultrabook Intel de 4 núcleos 32 GB de RAM 1600 GB",16517.0,32.0,1600.0,SSD,No especificado,0,14.0,No especificado,No especificado,No especificado,Intel,14.0,Estandar,0,0,0,0,0,0,0,0,2,5.0,10.643856189774725,64.0,0.0,0,False,False,False,False,False,False,False,True,False,False,False,False,False,False,False,False,False,False,False,False,False,False,False,False,False,18814.34165838294,-2297.3416583829385
"Portátil Lenovo Ryzen 3 15.6"" 16 GB RAM 512 GB SSD Wi‑Fi 6",15518.0,16.0,512.0,SSD,Ryzen 3,0,15.6,AMD Ryzen 3,No especificado,No especificado,AMD,15.6,Estandar,0,0,0,0,0,0,0,0,3,4.0,9.0,48.0,0.0,0,False,False,False,False,False,False,False,False,False,False,False,False,False,False,True,False,False,False,False,False,False,False,False,False,False,15494.599485700684,23.400514299315546
"Portátil HP Pavilion 15.6"" Táctil Intel i3 16 GB 116 TB SSD",15555.0,16.0,1188.0,SSD,No especificado,0,15.6,No especificado,No especificado,No especificado,Intel,15.6,Estandar,0,0,0,0,1,0,0,0,3,4.0,10.214319120800766,48.0,0.0,0,False,False,False,False,False,False,False,True,False,False,False,False,False,False,False,False,False,False,False,False,False,False,False,False,False,17326.982597246446,-1771.982597246446
"Portátil HP 15.6"" Intel de 4 núcleos 16 GB RAM 1 TB SSD Windows 11",16770.0,16.0,1024.0,SSD,No especificado,0,15.6,No especificado,No especificado,No especificado,Intel,15.6,Estandar,0,0,0,0,0,0,0,0,2,4.0,10.0,32.0,0.0,0,False,False,False,False,False,False,False,True,False,False,False,False,False,False,False,False,False,False,False,False,False,False,False,False,False,15620.28369503301,1149.7163049669907
"Laptop HP 156"" táctil i3 16 GB RAM 512 GB + 128 GB SSD",15242.0,16.0,512.0,SSD,No especificado,0,,No especificado,No especificado,No especificado,Intel,16.0,Grande,0,0,0,0,1,0,0,0,3,4.0,9.0,48.0,0.0,0,False,False,False,False,False,False,False,True,False,False,False,False,False,False,False,False,False,False,False,False,False,False,False,False,False,16546.009333883067,-1304.0093338830666
"Portátil ASUS Vivobook 16"" 16 GB RAM 1 TB SSD Snapdragon",15852.0,16.0,1024.0,SSD,No especificado,0,16.0,No especificado,No especificado,No especificado,Otros,16.0,Grande,0,0,0,0,0,0,0,0,2,4.0,10.0,32.0,0.0,0,False,False,True,False,False,False,False,False,False,False,False,False,False,False,False,False,False,False,False,False,False,False,False,False,False,16191.227755065882,-339.22775506588187
"Laptop Lenovo IdeaPad 3 156"" con pantalla táctil i5 20 GB de RAM 1 TB",16844.0,20.0,1024.0,SSD,No especificado,0,,No especificado,No especificado,No especificado,Intel,,Estandar,0,0,0,0,1,0,0,0,4,4.321928094887363,10.0,80.0,0.0,0,False,False,False,False,False,False,False,False,False,False,False,False,False,False,True,False,False,False,False,False,False,False,False,False,False,18386.041206345184,-1542.041206345184
"Laptop HP 173"" i3-N305 8 GB 256 GB SSD Windows 11 Pro",16758.0,8.0,256.0,SSD,No especificado,0,,Intel Core i3-N305,8,Alder Lake-N,Intel,,Estandar,0,0,0,0,0,0,0,0,3,3.0,8.0,24.0,0.0,0,False,False,False,False,False,False,False,True,False,False,False,False,False,False,False,False,False,False,False,False,False,False,False,False,False,10454.363186473598,6303.636813526402
"Laptop HP Pavilion 15.6"" Touch i5-1235U 8GB 672GB SSD",16677.0,8.0,672.0,SSD,No especificado,0,15.6,Intel Core i5-1235U,10,12ª Gen (Alder Lake),Intel,15.6,Estandar,0,0,0,0,1,0,0,0,4,3.0,9.39231742277876,32.0,0.0,0,False,False,False,False,False,False,False,True,False,False,False,False,False,False,False,False,False,False,False,False,False,False,False,False,False,14184.246935172978,2492.753064827022
Laptop Lenovo ThinkPad E16 Gen 1 16GB 512GB SSD i5-1335U,15507.0,16.0,512.0,SSD,No especificado,0,,Intel Core i5-1335U,10,13ª Gen (Raptor Lake),Intel,,Estandar,0,0,0,0,0,0,0,0,4,4.0,9.0,64.0,0.0,0,False,False,False,False,False,False,False,False,False,False,False,False,False,False,True,False,False,False,False,False,False,False,False,False,False,18805.246120438092,-3298.2461204380925
"Laptop HP 15.6"" Intel N100 16GB RAM 1TB SSD Wi-Fi 6",17276.0,16.0,1024.0,SSD,Intel N100,0,15.6,Intel Processor N100,4,Alder Lake-N,Intel,15.6,Estandar,0,0,0,0,0,0,0,0,1,4.0,10.0,16.0,0.0,0,False,False,False,False,False,False,False,True,False,False,False,False,False,False,False,False,False,False,False,False,False,False,False,False,False,16185.324277747306,1090.675722252694
"Laptop Lenovo V15 AMD Ryzen 3 16GB RAM 1TB SSD 156"" FHD",16782.0,16.0,1024.0,SSD,Ryzen 3,0,,AMD Ryzen 3,No especificado,No especificado,AMD,,Estandar,0,0,0,0,0,0,0,0,3,4.0,10.0,48.0,0.0,0,False,False,False,False,False,False,False,False,False,False,False,False,False,False,True,False,False,False,False,False,False,False,False,False,False,16370.696935614911,411.3030643850889
"Laptop HP 17.3"" FHD Ryzen 5 7430U 8GB 512GB Win11",15924.0,8.0,512.0,SSD,Ryzen 5,0,17.3,AMD Ryzen 5,No especificado,No especificado,AMD,17.3,Grande,0,0,0,0,0,0,0,0,4,3.0,9.0,32.0,0.0,0,False,False,False,False,False,False,False,True,False,False,False,False,False,False,False,False,False,False,False,False,False,False,False,False,False,13053.852103794592,2870.147896205408
"Portátil HP AMD 14"" 4 GB RAM 512 GB SSD Windows 11",10634.0,4.0,512.0,SSD,No especificado,0,14.0,No especificado,No especificado,No especificado,AMD,14.0,Estandar,0,0,0,0,0,0,0,0,2,2.0,9.0,8.0,0.0,0,False,False,False,False,False,False,False,True,False,False,False,False,False,False,False,False,False,False,False,False,False,False,False,False,False,9941.455025333498,692.5449746665017
"Laptop HP 255 G10 Ryzen 5 7530U 32 GB RAM 1 TB SSD 156"" FHD",7650.0,32.0,1024.0,SSD,Ryzen 5,0,,AMD Ryzen 5,No especificado,No especificado,AMD,,Estandar,0,0,0,0,0,0,0,0,4,5.0,10.0,128.0,0.0,0,False,False,False,False,False,False,False,True,False,False,False,False,False,False,False,False,False,False,False,False,False,False,False,False,False,23109.239698028472,-15459.239698028472
"Chromebook Acer Gateway 314 Celeron N4500 14"" 128 GB",6239.0,128.0,128.0,SSD,Celeron,0,14.0,No especificado,No especificado,No especificado,Intel,14.0,Estandar,0,0,0,0,0,0,0,0,1,7.0,7.0,128.0,0.0,0,False,False,False,False,False,False,False,False,False,False,False,False,False,False,False,False,False,False,False,False,False,False,False,False,False,7577.5057282955295,-1338.5057282955295
"Portátil HP 15.6"" 16 GB RAM 512 GB SSD AMD Windows 11 Dorado Pálido",11659.0,16.0,512.0,SSD,No especificado,0,15.6,No especificado,No especificado,No especificado,AMD,15.6,Estandar,0,0,0,0,0,0,0,0,2,4.0,9.0,32.0,0.0,0,False,False,False,False,False,False,False,True,False,False,False,False,False,False,False,False,False,False,False,False,False,False,False,False,False,15651.602820815204,-3992.602820815204
"Portátil HP de 14"" Celeron N4120 8 GB RAM 192 GB SSD Windows 11",8295.0,8.0,192.0,SSD,Celeron,0,14.0,No especificado,No especificado,No especificado,Intel,14.0,Estandar,0,0,0,0,0,0,0,0,1,3.0,7.584962500721156,8.0,0.0,0,False,False,False,False,False,False,False,True,False,False,False,False,False,False,False,False,False,False,False,False,False,False,False,False,False,8646.04585839258,-351.04585839257925
"Portátil HP 14"" Intel 16 GB RAM 11 TB SSD Win11 Azul Celeste",9729.0,16.0,1126.0,SSD,No especificado,0,14.0,No especificado,No especificado,No especificado,Intel,14.0,Estandar,0,0,0,0,0,0,0,0,2,4.0,10.13699111208023,32.0,0.0,0,False,False,False,False,False,False,False,True,False,False,False,False,False,False,False,False,False,False,False,False,False,False,False,False,False,13554.438497035673,-3825.438497035673
Portátil HP 14 pulgadas Pentium 4 GB RAM 64 GB eMMC Plata,5051.0,4.0,64.0,SSD,No especificado,0,14.0,No especificado,No especificado,No especificado,Intel,14.0,Estandar,0,0,0,0,0,0,0,0,1,2.0,6.0,4.0,0.0,0,False,False,False,False,False,False,False,True,False,False,False,False,False,False,False,False,False,False,False,False,False,False,False,False,False,6761.548569844263,-1710.5485698442626
"Portátil HP 156"" i3-1115G4 12 GB RAM 256 GB SSD Windows 11",10166.0,12.0,256.0,SSD,No especificado,0,,Intel Core i3-1115G4,2,11ª Gen (Tiger Lake),Intel,,Estandar,0,0,0,0,0,0,0,0,3,3.584962500721156,8.0,36.0,0.0,0,False,False,False,False,False,False,False,True,False,False,False,False,False,False,False,False,False,False,False,False,False,False,False,False,False,11420.237384945312,-1254.2373849453124
"Portátil HP 15.6"" 16 GB RAM 512 GB SSD AMD Plateado",11417.0,16.0,512.0,SSD,No especificado,0,15.6,No especificado,No especificado,No especificado,AMD,15.6,Estandar,0,0,0,0,0,0,0,0,2,4.0,9.0,32.0,0.0,0,False,False,False,False,False,False,False,True,False,False,False,False,False,False,False,False,False,False,False,False,False,False,False,False,False,15651.602820815204,-4234.602820815204
Portátil HP 35.6 cm Intel N150 128 GB SSD Plateado,7224.0,128.0,128.0,SSD,Intel N150,0,,No especificado,No especificado,No especificado,Intel,,Estandar,0,0,0,0,0,0,0,0,1,7.0,7.0,128.0,0.0,0,False,False,False,False,False,False,False,True,False,False,False,False,False,False,False,False,False,False,False,False,False,False,False,False,False,6972.807782439977,251.19221756002298
"Chromebook HP de 14"" Celeron N4120 4 GB RAM 64 GB eMMC",5847.0,4.0,64.0,SSD,Celeron,0,14.0,No especificado,No especificado,No especificado,Intel,14.0,Estandar,0,0,0,0,0,0,0,0,1,2.0,6.0,4.0,0.0,0,False,False,False,False,False,False,False,True,False,False,False,False,False,False,False,False,False,False,False,False,False,False,False,False,False,6761.548569844263,-914.5485698442626
"Chromebook HP 14"" Celeron 4 GB RAM 64 GB eMMC Wi‑Fi",7113.0,4.0,64.0,SSD,Celeron,0,14.0,No especificado,No especificado,No especificado,Intel,14.0,Estandar,0,0,0,0,0,0,0,0,1,2.0,6.0,4.0,0.0,0,False,False,False,False,False,False,False,True,False,False,False,False,False,False,False,False,False,False,False,False,False,False,False,False,False,6761.548569844263,351.4514301557374
"Portátil HP 14"" Intel N4120 4 GB RAM 64 GB SSD Azul Real",7558.0,4.0,64.0,SSD,Intel N4120,0,14.0,No especificado,No especificado,No especificado,Intel,14.0,Estandar,0,0,0,0,0,0,0,0,2,2.0,6.0,8.0,0.0,0,False,False,False,False,False,False,False,True,False,False,False,False,False,False,False,False,False,False,False,False,False,False,False,False,False,5751.168461768231,1806.8315382317687
"Laptop HP 156"" Táctil i3-1315U 16GB 512GB SSD",16431.0,16.0,512.0,SSD,No especificado,0,,Intel Core i3-1315U,6,13ª Gen (Raptor Lake),Intel,,Estandar,0,0,0,0,1,0,0,0,3,4.0,9.0,48.0,0.0,0,False,False,False,False,False,False,False,True,False,False,False,False,False,False,False,False,False,False,False,False,False,False,False,False,False,16546.009333883067,-115.00933388306657
Ordenador portátil HP táctil FHD de 156 pulgadas AMD Ryzen 7 16 GB 512 GB SSD,14597.0,16.0,512.0,SSD,Ryzen 7,0,15.6,No especificado,No especificado,No especificado,AMD,15.6,Estandar,0,0,0,0,1,0,0,0,5,4.0,9.0,80.0,0.0,0,False,False,False,False,False,False,False,True,False,False,False,False,False,False,False,False,False,False,False,False,False,False,False,False,False,19033.090776113222,-4436.090776113222
"Portátil HP Intel i3 32 GB RAM 1 TB SSD 156"" FHD",17048.0,32.0,1024.0,SSD,No especificado,0,,No especificado,No especificado,No especificado,Intel,,Estandar,0,0,0,0,0,0,0,0,3,5.0,10.0,96.0,0.0,0,False,False,False,False,False,False,False,True,False,False,False,False,False,False,False,False,False,False,False,False,False,False,False,False,False,19819.446992255394,-2771.4469922553944
"Portátil Lenovo V15 Gen 5 156"" i3 12 GB RAM 1 TB SSD",16524.0,12.0,1024.0,SSD,No especificado,0,,No especificado,No especificado,No especificado,Intel,,Estandar,0,0,0,0,0,0,0,0,3,3.584962500721156,10.0,36.0,0.0,0,False,False,False,False,False,False,False,False,False,False,False,False,False,False,True,False,False,False,False,False,False,False,False,False,False,17241.52678639274,-717.5267863927402
"Portátil HP 173"" FHD Ryzen 5 7430U 16 GB 1 TB SSD Windows 11",16253.0,16.0,1024.0,SSD,Ryzen 5,0,,AMD Ryzen 5,No especificado,No especificado,AMD,16.0,Grande,0,0,0,0,0,0,0,0,4,4.0,10.0,64.0,0.0,0,False,False,False,False,False,False,False,True,False,False,False,False,False,False,False,False,False,False,False,False,False,False,False,False,False,21253.870278577335,-5000.870278577335
"Portátil HP Ryzen 5 173"" FHD 16 GB RAM 1 TB SSD Windows 11",16010.0,16.0,1024.0,SSD,Ryzen 5,0,,AMD Ryzen 5,No especificado,No especificado,AMD,16.0,Grande,0,0,0,0,0,0,0,0,2,4.0,10.0,32.0,0.0,0,False,False,False,False,False,False,False,True,False,False,False,False,False,False,False,False,False,False,False,False,False,False,False,False,False,15620.28369503301,389.7163049669907
Portátil HP 439 cm i3‑N305 8 GB RAM 512 GB SSD con Windows 11,15988.0,8.0,512.0,SSD,No especificado,0,,Intel Core i3-N305,8,Alder Lake-N,Intel,,Estandar,0,0,0,0,0,0,0,0,3,3.0,9.0,24.0,0.0,0,False,False,False,False,False,False,False,True,False,False,False,False,False,False,False,False,False,False,False,False,False,False,False,False,False,12944.669713710266,3043.3302862897344
"Portátil HP OmniBook 3 de 16"" 2K Ryzen 5 8 GB RAM 1 TB SSD",17025.0,8.0,1024.0,SSD,Ryzen 5,0,16.0,AMD Ryzen 5,No especificado,No especificado,AMD,16.0,Grande,0,0,0,1,0,0,0,0,4,3.0,10.0,32.0,0.0,0,False,False,False,False,False,False,False,True,False,False,False,False,False,False,False,False,False,False,False,False,False,False,False,False,False,16153.31962819289,871.6803718071096
"Portátil HP 173"" Ryzen 3 16 GB RAM 512 GB SSD Wi‑Fi 6",16482.0,16.0,512.0,SSD,Ryzen 3,0,,AMD Ryzen 3,No especificado,No especificado,AMD,16.0,Grande,0,0,0,0,0,0,0,0,3,4.0,9.0,48.0,0.0,0,False,False,False,False,False,False,False,True,False,False,False,False,False,False,False,False,False,False,False,False,False,False,False,False,False,16074.740055814691,407.259944185309
"HP Laptop 15.6"" FHD táctil Intel Core Ultra 5 16 GB 15 TB",17048.0,16.0,1536.0,SSD,No especificado,0,15.6,No especificado,No especificado,No especificado,Intel,15.6,Estandar,0,0,0,0,1,0,0,0,4,4.0,10.584962500721156,64.0,0.0,0,False,False,False,False,False,False,False,True,False,False,False,False,False,False,False,False,False,False,False,False,False,False,False,False,False,21889.804901285053,-4841.804901285053
"Laptop HP 14"" Pentium Silver N5030 16 GB 1 TB SSD Windows 11",14686.0,16.0,1024.0,SSD,No especificado,0,14.0,No especificado,No especificado,No especificado,Intel,14.0,Estandar,0,0,0,0,0,0,0,0,1,4.0,10.0,16.0,0.0,0,False,False,False,False,False,False,False,True,False,False,False,False,False,False,False,False,False,False,False,False,False,False,False,False,False,16185.324277747306,-1499.324277747306
"Laptop Lenovo IdeaPad 1i 15.6"" Touch i5-1335U 16GB 256GB",16031.0,16.0,256.0,SSD,No especificado,0,15.6,Intel Core i5-1335U,10,13ª Gen (Raptor Lake),Intel,15.6,Estandar,0,0,0,0,1,0,0,0,4,4.0,8.0,64.0,0.0,0,False,False,False,False,False,False,False,False,False,False,False,False,False,False,True,False,False,False,False,False,False,False,False,False,False,15604.642781254139,426.35721874586125
Portátil HP 36 cm 32 GB 576 GB Intel Celeron Win11 Azul Real,14552.0,32.0,576.0,SSD,Celeron,0,,No especificado,No especificado,No especificado,Intel,,Estandar,0,0,0,0,0,0,0,0,1,5.0,9.169925001442312,32.0,0.0,0,False,False,False,False,False,False,False,True,False,False,False,False,False,False,False,False,False,False,False,False,False,False,False,False,False,12487.241910636516,2064.758089363484
Portátil HP 14 Intel 32 GB RAM 1600 GB Rosa Dorado con Windows 11,14794.0,32.0,1600.0,SSD,No especificado,0,,No especificado,No especificado,No especificado,Intel,14.0,Estandar,0,0,0,0,0,0,0,0,2,5.0,10.643856189774725,64.0,0.0,0,False,False,False,False,False,False,False,True,False,False,False,False,False,False,False,False,False,False,False,False,False,False,False,False,False,18814.34165838294,-4020.3416583829385
"Laptop Lenovo V15 Intel N150 16GB DDR5 512GB SSD 15.6"" FHD",14806.0,16.0,512.0,SSD,Intel N150,0,15.6,No especificado,No especificado,No especificado,Intel,15.6,Estandar,0,0,0,0,0,0,0,0,1,4.0,9.0,16.0,0.0,0,False,False,False,False,False,False,False,False,False,False,False,False,False,False,True,False,False,False,False,False,False,False,False,False,False,17127.628860843837,-2321.628860843837
"Laptop Lenovo V15 15.6"" FHD Intel N150 32GB 1TB SSD Wi‑Fi 6",14806.0,32.0,1024.0,SSD,Intel N150,0,15.6,No especificado,No especificado,No especificado,Intel,15.6,Estandar,0,0,0,0,0,0,0,0,1,5.0,10.0,32.0,0.0,0,False,False,False,False,False,False,False,False,False,False,False,False,False,False,True,False,False,False,False,False,False,False,False,False,False,17938.676786004253,-3132.676786004253
"Laptop HP 14"" Intel Celeron N4120 32GB RAM 1600GB SSD",15758.0,32.0,1600.0,SSD,Celeron,0,14.0,No especificado,No especificado,No especificado,Intel,14.0,Estandar,0,0,0,0,0,0,0,0,1,5.0,10.643856189774725,32.0,0.0,0,False,False,False,False,False,False,False,True,False,False,False,False,False,False,False,False,False,False,False,False,False,False,False,False,False,14039.369751546556,1718.6302484534444
"Laptop HP 173"" Ryzen 5 7430U 16 GB 512 GB SSD Win11",16240.0,16.0,512.0,SSD,Ryzen 5,0,,AMD Ryzen 5,No especificado,No especificado,AMD,16.0,Grande,0,0,0,0,0,0,0,0,4,4.0,9.0,64.0,0.0,0,False,False,False,False,False,False,False,True,False,False,False,False,False,False,False,False,False,False,False,False,False,False,False,False,False,17364.92034604292,-1124.9203460429198
"Portátil HP 15 i5-1135G7 16 GB RAM 512 GB SSD 156"" Plata",15252.0,16.0,512.0,SSD,No especificado,0,,Intel Core i5-1135G7,4,11ª Gen (Tiger Lake),Intel,16.0,Grande,0,0,0,0,0,0,0,0,4,4.0,9.0,64.0,0.0,0,False,False,False,False,False,False,False,True,False,False,False,False,False,False,False,False,False,False,False,False,False,False,False,False,False,17364.92034604292,-2112.92034604292
"Portátil HP 2023 Ryzen 5 173"" pantalla táctil 16 GB 1 TB SSD",16947.0,16.0,1024.0,SSD,Ryzen 5,0,,AMD Ryzen 5,No especificado,No especificado,AMD,16.0,Grande,0,0,0,0,1,0,0,0,2,4.0,10.0,32.0,0.0,0,False,False,False,False,False,False,False,True,False,False,False,False,False,False,False,False,False,False,False,False,False,False,False,False,False,17115.82998958687,-168.8299895868695
"Portátil HP 156"" Ryzen 7 1 TB SSD 16 GB RAM Wi‑Fi 6",15675.0,16.0,1024.0,SSD,Ryzen 7,0,,No especificado,No especificado,No especificado,AMD,16.0,Grande,0,0,0,0,0,0,0,0,2,4.0,10.0,32.0,0.0,0,False,False,False,False,False,False,False,True,False,False,False,False,False,False,False,False,False,False,False,False,False,False,False,False,False,15620.28369503301,54.71630496699072
"Laptop Lenovo IdeaPad 15.6"" FHD i5-1335U 8GB 128GB SSD",15746.0,8.0,128.0,SSD,No especificado,0,15.6,Intel Core i5-1335U,10,13ª Gen (Raptor Lake),Intel,15.6,Estandar,0,0,0,0,0,0,0,0,4,3.0,7.0,32.0,0.0,0,False,False,False,False,False,False,False,False,False,False,False,False,False,False,True,False,False,False,False,False,False,False,False,False,False,12464.9566839586,3281.0433160413995
"Portátil HP 15.6"" i5-1135G7 16 GB RAM 512 GB SSD Plateado",16390.0,16.0,512.0,SSD,No especificado,0,15.6,Intel Core i5-1135G7,4,11ª Gen (Tiger Lake),Intel,15.6,Estandar,0,0,0,0,0,0,0,0,4,4.0,9.0,64.0,0.0,0,False,False,False,False,False,False,False,True,False,False,False,False,False,False,False,False,False,False,False,False,False,False,False,False,False,17364.92034604292,-974.9203460429198
"Portátil HP 173"" Ryzen 5 7430U 16 GB 1 TB SSD Full HD",17081.0,16.0,1024.0,SSD,Ryzen 5,0,,AMD Ryzen 5,No especificado,No especificado,AMD,16.0,Grande,0,0,0,0,0,0,0,0,4,4.0,10.0,64.0,0.0,0,False,False,False,False,False,False,False,True,False,False,False,False,False,False,False,False,False,False,False,False,False,False,False,False,False,21253.870278577335,-4172.870278577335
"Portátil HP Pavilion 15.6"" N100 16 GB RAM 1 TB SSD Windows 11",15758.0,16.0,1024.0,SSD,No especificado,0,15.6,Intel Processor N100,4,Alder Lake-N,Intel,15.6,Estandar,0,0,0,0,0,0,0,0,1,4.0,10.0,16.0,0.0,0,False,False,False,False,False,False,False,True,False,False,False,False,False,False,False,False,False,False,False,False,False,False,False,False,False,16185.324277747306,-427.32427774730604
"HP Portátil Empresarial de 173"" AI-Ready Full HD | Procesador AMD Ryzen 5 de 6 núcleos | 16 GB DDR4 RAM | SSD PCIe de 256 GB | Windows 11 + Copilot |",14794.0,16.0,256.0,SSD,Ryzen 5,0,,AMD Ryzen 5,No especificado,No especificado,AMD,16.0,Grande,0,0,0,0,0,0,0,0,4,4.0,8.0,64.0,0.0,0,False,False,False,False,False,False,False,True,False,False,False,False,False,False,False,False,False,False,False,False,False,False,False,False,False,15155.325498866327,-361.3254988663266
"Portátil HP Ryzen 5 7430U 173"" Full HD 16 GB 512 GB SSD Windows 11",14794.0,16.0,512.0,SSD,Ryzen 5,0,,AMD Ryzen 5,No especificado,No especificado,AMD,16.0,Grande,0,0,0,0,0,0,0,0,4,4.0,9.0,64.0,0.0,0,False,False,False,False,False,False,False,True,False,False,False,False,False,False,False,False,False,False,False,False,False,False,False,False,False,17364.92034604292,-2570.92034604292
"Portátil HP 173"" táctil AMD Ryzen 5 8 GB RAM SSD de 512 GB",16711.0,8.0,512.0,SSD,Ryzen 5,0,,AMD Ryzen 5,No especificado,No especificado,AMD,,Estandar,0,0,0,0,1,0,0,0,2,3.0,9.0,16.0,0.0,0,False,False,False,False,False,False,False,True,False,False,False,False,False,False,False,False,False,False,False,False,False,False,False,False,False,14909.779149528775,1801.2208504712253
HP Laptop empresarial de 173 pulgadas FHD con Microsoft Office para la Web AMD Ryzen 5 7430U (supera al Core i7-1355U) 16 GB de RAM 112 TB de,15998.0,16.0,1152.0,SSD,Ryzen 5,0,17.3,Intel Core i7-1355U,10,13ª Gen (Raptor Lake),Intel,17.3,Grande,0,0,0,0,0,0,0,0,5,4.0,10.169925001442312,80.0,0.0,0,False,False,False,False,False,False,False,True,False,False,False,False,False,False,False,False,False,False,False,False,False,False,False,False,False,23404.166257137167,-7406.166257137167
"Laptop HP 17.3"" FHD IPS Ryzen 5 7430U 8GB 256GB",14228.0,8.0,256.0,SSD,Ryzen 5,0,17.3,AMD Ryzen 5,No especificado,No especificado,AMD,17.3,Grande,0,0,0,0,0,0,0,0,4,3.0,8.0,32.0,0.0,0,False,False,False,False,False,False,False,True,False,False,False,False,False,False,False,False,False,False,False,False,False,False,False,False,False,13088.007397006842,1139.9926029931576
"Portátil HP 173"" táctil AMD Ryzen 5 8 GB RAM SSD 512 GB Windows 11 Pro",16772.0,8.0,512.0,SSD,Ryzen 5,0,,AMD Ryzen 5,No especificado,No especificado,AMD,,Estandar,0,0,0,0,1,0,0,0,2,3.0,9.0,16.0,0.0,0,False,False,False,False,False,False,False,True,False,False,False,False,False,False,False,False,False,False,False,False,False,False,False,False,False,14909.779149528775,1862.2208504712253
"Portátil Lenovo ThinkBook 16"" FHD+ i5-13420H 16 GB 512 GB SSD",14806.0,16.0,512.0,SSD,No especificado,0,16.0,Intel Core i5-13420H,8,13ª Gen (Raptor Lake),Intel,16.0,Grande,0,0,0,0,0,0,0,0,4,4.0,9.0,64.0,0.0,0,False,False,False,False,False,False,False,False,False,False,False,False,False,False,True,False,False,False,False,False,False,False,False,False,False,18805.246120438092,-3999.2461204380925
"Portátil HP EliteBook 6 de 16"" Ryzen 5 32 GB 1 TB SSD Windows 11",16253.0,32.0,1024.0,SSD,Ryzen 5,0,16.0,AMD Ryzen 5,No especificado,No especificado,AMD,16.0,Grande,0,0,1,0,0,0,0,0,2,5.0,10.0,64.0,0.0,0,False,False,False,False,False,False,False,True,False,False,False,False,False,False,False,False,False,False,False,False,False,False,False,False,False,17995.55540109426,-1742.5554010942615
"Laptop HP de 173"" HD+ Intel i3-305 8 GB 512 GB SSD Windows 11",16229.0,8.0,512.0,SSD,No especificado,0,,No especificado,No especificado,No especificado,Intel,,Estandar,0,0,0,0,0,0,0,0,3,3.0,9.0,24.0,0.0,0,False,False,False,False,False,False,False,True,False,False,False,False,False,False,False,False,False,False,False,False,False,False,False,False,False,12944.669713710266,3284.3302862897344
"Laptop HP 173"" FHD i5-1135G7 8GB 128GB SSD Win11",15999.0,8.0,128.0,SSD,No especificado,0,,Intel Core i5-1135G7,4,11ª Gen (Tiger Lake),Intel,,Estandar,0,0,0,0,0,0,0,0,4,3.0,7.0,32.0,0.0,0,False,False,False,False,False,False,False,True,False,False,False,False,False,False,False,False,False,False,False,False,False,False,False,False,False,9237.899943231756,6761.100056768244
"Laptop Lenovo IdeaPad 1i 15.6"" táctil i5 16 GB 512 GB SSD",16731.0,16.0,512.0,SSD,No especificado,0,15.6,No especificado,No especificado,No especificado,Intel,15.6,Estandar,0,0,0,0,1,0,0,0,4,4.0,9.0,64.0,0.0,0,False,False,False,False,False,False,False,False,False,False,False,False,False,False,True,False,False,False,False,False,False,False,False,False,False,16603.079366951108,127.92063304889234
"Laptop HP 17.3"" Ryzen 5 7430U 16GB 512GB SSD Win11",16010.0,16.0,512.0,SSD,Ryzen 5,0,17.3,AMD Ryzen 5,No especificado,No especificado,AMD,17.3,Grande,0,0,0,0,0,0,0,0,4,4.0,9.0,64.0,0.0,0,False,False,False,False,False,False,False,True,False,False,False,False,False,False,False,False,False,False,False,False,False,False,False,False,False,17364.92034604292,-1354.9203460429198
"HP Portátil Empresarial de 173"" con IA Full HD Procesador AMD Ryzen 5 de 6 núcleos 16 GB DDR4 SSD PCIe de 256 GB Windows 11 + Copilot Wi‑Fi 6 HDMI",14794.0,16.0,256.0,SSD,Ryzen 5,0,,AMD Ryzen 5,No especificado,No especificado,AMD,16.0,Grande,0,0,0,0,0,0,0,0,4,4.0,8.0,64.0,0.0,0,False,False,False,False,False,False,False,True,False,False,False,False,False,False,False,False,False,False,False,False,False,False,False,False,False,15155.325498866327,-361.3254988663266
"Laptop HP 2026 15.6"" FHD Intel Core 7 8 GB 256 GB SSD",16493.0,8.0,256.0,SSD,Core 7,0,15.6,No especificado,No especificado,No especificado,Intel,15.6,Estandar,0,0,0,0,0,0,0,0,2,3.0,8.0,16.0,0.0,0,False,False,False,False,False,False,False,True,False,False,False,False,False,False,False,False,False,False,False,False,False,False,False,False,False,10414.948819963322,6078.0511800366785
"Portátil HP 173"" i3‑N305 8 GB RAM 512 GB SSD Windows 11 Pro",15988.0,8.0,512.0,SSD,No especificado,0,,Intel Core i3-N305,8,Alder Lake-N,Intel,,Estandar,0,0,0,0,0,0,0,0,3,3.0,9.0,24.0,0.0,0,False,False,False,False,False,False,False,True,False,False,False,False,False,False,False,False,False,False,False,False,False,False,False,False,False,12944.669713710266,3043.3302862897344
"Laptop HP 14"" Intel Celeron 32GB RAM 1600GB Win 11",14552.0,32.0,1600.0,SSD,Celeron,0,14.0,No especificado,No especificado,No especificado,Intel,14.0,Estandar,0,0,0,0,0,0,0,0,1,5.0,10.643856189774725,32.0,0.0,0,False,False,False,False,False,False,False,True,False,False,False,False,False,False,False,False,False,False,False,False,False,False,False,False,False,14039.369751546556,512.6302484534444
"Portátil HP 17.3\"" Core i5 120U 16 GB RAM 256 GB SSD Wi‑Fi 6",15879.0,16.0,256.0,SSD,Core I5,0,17.3,Intel Core i5,No especificado,No especificado,Intel,17.3,Grande,0,0,0,0,0,0,0,0,4,4.0,8.0,64.0,0.0,0,False,False,False,False,False,False,False,True,False,False,False,False,False,False,False,False,False,False,False,False,False,False,False,False,False,15155.325498866327,723.6745011336734
"Notebook Lenovo IdeaPad 156"" FHD i5-1335U 8 GB 256 GB SSD",15746.0,8.0,256.0,SSD,No especificado,0,,Intel Core i5-1335U,10,13ª Gen (Raptor Lake),Intel,,Estandar,0,0,0,0,0,0,0,0,4,3.0,8.0,32.0,0.0,0,False,False,False,False,False,False,False,False,False,False,False,False,False,False,True,False,False,False,False,False,False,False,False,False,False,13015.447442431576,2730.552557568424
"Laptop HP 15.6"" con pantalla táctil Intel i3 8 GB 768 GB Win11",14686.0,8.0,768.0,SSD,No especificado,0,15.6,No especificado,No especificado,No especificado,Intel,15.6,Estandar,0,0,0,0,1,0,0,0,3,3.0,9.584962500721156,24.0,0.0,0,False,False,False,False,False,False,False,True,False,False,False,False,False,False,False,False,False,False,False,False,False,False,False,False,False,13536.917901126642,1149.0820988733576
"Portátil HP Ryzen 7 7730U 156"" Full HD Pantalla Táctil 16 GB 512 GB",16523.0,16.0,512.0,SSD,Ryzen 7,0,,AMD Ryzen 7 7730U,8,Serie 7000 (Zen 3),AMD,16.0,Grande,0,0,0,0,1,0,0,0,5,4.0,9.0,80.0,0.0,0,False,False,False,False,False,False,False,True,False,False,False,False,False,False,False,False,False,False,False,False,False,False,False,False,False,19033.090776113222,-2510.090776113222
"Laptop HP 14"" Intel Celeron 32 GB RAM 1600 GB Windows 11",14552.0,32.0,1600.0,SSD,Celeron,0,14.0,No especificado,No especificado,No especificado,Intel,14.0,Estandar,0,0,0,0,0,0,0,0,1,5.0,10.643856189774725,32.0,0.0,0,False,False,False,False,False,False,False,True,False,False,False,False,False,False,False,False,False,False,False,False,False,False,False,False,False,14039.369751546556,512.6302484534444
"Portátil HP Ryzen 7 156"" Full HD IPS táctil 16 GB 512 GB SSD",17073.0,16.0,512.0,SSD,Ryzen 7,0,,No especificado,No especificado,No especificado,AMD,16.0,Grande,0,0,0,0,1,0,0,0,5,4.0,9.0,80.0,0.0,0,False,False,False,False,False,False,False,True,False,False,False,False,False,False,False,False,False,False,False,False,False,False,False,False,False,19033.090776113222,-1960.090776113222
"Portátil HP 156"" i3 32 GB RAM 1 TB SSD Windows 11 Táctil",17073.0,32.0,1024.0,SSD,No especificado,0,,No especificado,No especificado,No especificado,Intel,,Estandar,0,0,0,0,1,0,0,0,3,5.0,10.0,96.0,0.0,0,False,False,False,False,False,False,False,True,False,False,False,False,False,False,False,False,False,False,False,False,False,False,False,False,False,18676.784129890482,-1603.7841298904823
Portátil HP 14 Intel N150 16 GB RAM 128 GB UFS Azul Cielo,9352.0,16.0,128.0,SSD,Intel N150,0,,No especificado,No especificado,No especificado,Intel,14.0,Estandar,0,0,0,0,0,0,0,0,1,4.0,7.0,16.0,0.0,0,False,False,False,False,False,False,False,True,False,False,False,False,False,False,False,False,False,False,False,False,False,False,False,False,False,10160.519054818593,-808.5190548185928
"Portátil HP 14"" Intel N150 16 GB RAM 128 GB UFS",9594.0,16.0,128.0,SSD,Intel N150,0,14.0,No especificado,No especificado,No especificado,Intel,14.0,Estandar,0,0,0,0,0,0,0,0,1,4.0,7.0,16.0,0.0,0,False,False,False,False,False,False,False,True,False,False,False,False,False,False,False,False,False,False,False,False,False,False,False,False,False,10160.519054818593,-566.5190548185928
Portátil HP 255 G10 con Ryzen 3 16 GB de RAM y SSD de 256 GB,12059.0,16.0,256.0,SSD,Ryzen 3,0,,AMD Ryzen 3,No especificado,No especificado,AMD,16.0,Grande,0,0,0,0,0,0,0,0,3,4.0,8.0,48.0,0.0,0,False,False,False,False,False,False,False,True,False,False,False,False,False,False,False,False,False,False,False,False,False,False,False,False,False,12998.102094439462,-939.1020944394622
"Portátil HP 156"" Full HD Intel i5-1135G7 16 GB RAM 512 GB SSD",16390.0,16.0,512.0,SSD,No especificado,0,,Intel Core i5-1135G7,4,11ª Gen (Tiger Lake),Intel,16.0,Grande,0,0,0,0,0,0,0,0,4,4.0,9.0,64.0,0.0,0,False,False,False,False,False,False,False,True,False,False,False,False,False,False,False,False,False,False,False,False,False,False,False,False,False,17364.92034604292,-974.9203460429198
"Notebook HP 156"" FHD Intel Celeron 16 GB 1 TB SSD Wi‑Fi 6",15517.0,16.0,1024.0,SSD,Celeron,0,,No especificado,No especificado,No especificado,Intel,16.0,Grande,0,0,0,0,0,0,0,0,1,4.0,10.0,16.0,0.0,0,False,False,False,False,False,False,False,True,False,False,False,False,False,False,False,False,False,False,False,False,False,False,False,False,False,16185.324277747306,-668.324277747306
"Laptop ASUS Vivobook 14"" FHD Intel Core i5 12 GB 512 GB SSD",15116.0,12.0,512.0,SSD,Core I5,0,14.0,Intel Core i5,No especificado,No especificado,Intel,14.0,Estandar,0,0,0,0,0,0,0,0,4,3.584962500721156,9.0,48.0,0.0,0,False,False,True,False,False,False,False,False,False,False,False,False,False,False,False,False,False,False,False,False,False,False,False,False,False,17123.50921046616,-2007.5092104661599
"Laptop HP Essential 156"" HD i5-1235U 8 GB 256 GB SSD",15263.0,8.0,256.0,SSD,No especificado,0,,Intel Core i5-1235U,10,12ª Gen (Alder Lake),Intel,,Estandar,0,0,0,0,0,0,0,0,4,3.0,8.0,32.0,0.0,0,False,False,False,False,False,False,False,True,False,False,False,False,False,False,False,False,False,False,False,False,False,False,False,False,False,13088.007397006842,2174.9926029931576
"Portátil HP 15.6"" N200 8 GB RAM 128 GB SSD Wi‑Fi 6 Plateado",9972.0,8.0,128.0,SSD,No especificado,0,15.6,Intel Processor N200,4,Alder Lake-N,Intel,15.6,Estandar,0,0,0,0,0,0,0,0,1,3.0,7.0,8.0,0.0,0,False,False,False,False,False,False,False,True,False,False,False,False,False,False,False,False,False,False,False,False,False,False,False,False,False,8705.603752867748,1266.396247132252
"Portátil HP Stream 14"" Celeron 4 GB 64 GB eMMC Dorado rosado",6308.0,4.0,64.0,SSD,Celeron,0,14.0,No especificado,No especificado,No especificado,Intel,14.0,Estandar,0,0,0,0,0,0,0,0,1,2.0,6.0,4.0,0.0,0,False,False,False,False,False,False,False,True,False,False,False,False,False,False,False,False,False,False,False,False,False,False,False,False,False,6761.548569844263,-453.5485698442626
"Portátil HP 156"" N200 16 GB RAM 128 GB SSD Wi‑Fi 6 Plateado",11177.0,16.0,128.0,SSD,No especificado,0,,Intel Processor N200,4,Alder Lake-N,Intel,16.0,Grande,0,0,0,0,0,0,0,0,1,4.0,7.0,16.0,0.0,0,False,False,False,False,False,False,False,True,False,False,False,False,False,False,False,False,False,False,False,False,False,False,False,False,False,10160.519054818593,1016.4809451814072
"Chromebook HP 14"" Pentium 4 GB RAM 64 GB eMMC Wi‑Fi 5",5727.0,4.0,64.0,SSD,No especificado,0,14.0,No especificado,No especificado,No especificado,Intel,14.0,Estandar,0,0,0,0,0,0,0,0,1,2.0,6.0,4.0,0.0,0,False,False,False,False,False,False,False,True,False,False,False,False,False,False,False,False,False,False,False,False,False,False,False,False,False,6761.548569844263,-1034.5485698442626
Laptop ASUS Vivobook 15 F1504VA 15.6” FHD Core i5-1334U 8GB RAM 512GB SSD Windows 11,11859.0,8.0,512.0,SSD,Core I5,0,15.6,Intel Core i5,No especificado,No especificado,Intel,15.6,Estandar,0,0,0,0,0,0,0,0,4,3.0,9.0,32.0,0.0,0,False,False,True,False,False,False,False,False,False,False,False,False,False,False,False,False,False,False,False,False,False,False,False,False,False,15332.590178109807,-3473.5901781098073
Laptop asus vivobook 15 d1502naq amd ryzen 5 24gb 512gb 15.6,16999.0,24.0,512.0,SSD,Ryzen 5,0,15.6,AMD Ryzen 5,No especificado,No especificado,AMD,15.6,Estandar,0,0,0,0,0,0,0,0,4,4.584962500721156,9.0,96.0,0.0,0,False,False,True,False,False,False,False,False,False,False,False,False,False,False,False,False,False,False,False,False,False,False,False,False,False,20295.195347985176,-3296.1953479851763
"Laptop asus vivobook 15 x1504va core i7 24gb 512gb 15.6""",20899.0,24.0,512.0,SSD,Core I7,0,15.6,Intel Core i7,No especificado,No especificado,Intel,15.6,Estandar,0,0,0,0,0,0,0,0,5,4.584962500721156,9.0,120.0,0.0,0,False,False,True,False,False,False,False,False,False,False,False,False,False,False,False,False,False,False,False,False,False,False,False,False,False,22275.6055707326,-1376.6055707326013
Laptop gamer asus tuf gaming f16 rtx 3050 core i5 24gb 512gb,26999.0,24.0,512.0,SSD,Core I5,1,,Intel Core i5,No especificado,No especificado,Intel,,Estandar,0,1,0,0,0,0,0,2,4,4.584962500721156,9.0,96.0,48.0,2,False,False,True,False,False,False,False,False,False,False,False,False,False,False,False,False,False,False,False,False,False,False,False,False,False,25477.097924838294,1521.9020751617063
"Portátil HP 156\"" Pentium 16 GB RAM 128 GB SSD Wi‑Fi 6 Rojo",11152.0,16.0,128.0,SSD,No especificado,0,,No especificado,No especificado,No especificado,Intel,16.0,Grande,0,0,0,0,0,0,0,0,1,4.0,7.0,16.0,0.0,0,False,False,False,False,False,False,False,True,False,False,False,False,False,False,False,False,False,False,False,False,False,False,False,False,False,10160.519054818593,991.4809451814072
Portátil HP 14 Intel N150 16 GB RAM 128 GB UFS,9594.0,16.0,128.0,SSD,Intel N150,0,,No especificado,No especificado,No especificado,Intel,14.0,Estandar,0,0,0,0,0,0,0,0,1,4.0,7.0,16.0,0.0,0,False,False,False,False,False,False,False,True,False,False,False,False,False,False,False,False,False,False,False,False,False,False,False,False,False,10160.519054818593,-566.5190548185928
"Portátil HP 156"" N200 16 GB RAM 128 GB SSD Wi‑Fi 6",11177.0,16.0,128.0,SSD,No especificado,0,,Intel Processor N200,4,Alder Lake-N,Intel,16.0,Grande,0,0,0,0,0,0,0,0,1,4.0,7.0,16.0,0.0,0,False,False,False,False,False,False,False,True,False,False,False,False,False,False,False,False,False,False,False,False,False,False,False,False,False,10160.519054818593,1016.4809451814072
"Laptop HP OmniBook X Flip 14"" 2K OLED AMD Ryzen AI 5 16GB RAM 512GB SSD Windows 11 Deep Espresso",17579.0,16.0,512.0,SSD,No especificado,0,14.0,No especificado,No especificado,No especificado,AMD,14.0,Estandar,0,0,0,1,0,1,0,0,4,4.0,9.0,64.0,0.0,0,False,False,False,False,False,False,False,True,False,False,False,False,False,False,False,False,False,False,False,False,False,False,False,False,False,23166.600233491514,-5587.600233491514
"Portátil Dell de 156"" Full HD táctil con Ryzen 5 12 GB RAM y SSD de 256 GB",13423.0,12.0,256.0,SSD,Ryzen 5,0,,AMD Ryzen 5,No especificado,No especificado,AMD,,Estandar,0,0,0,0,1,0,0,0,2,3.584962500721156,8.0,24.0,0.0,0,False,False,False,True,False,False,False,False,False,False,False,False,False,False,False,False,False,False,False,False,False,False,False,False,False,12572.896235075346,850.1037649246537
"Portátil HP 15.6"" N200 16 GB RAM 128 GB SSD Wi‑Fi 6",9972.0,16.0,128.0,SSD,No especificado,0,15.6,Intel Processor N200,4,Alder Lake-N,Intel,15.6,Estandar,0,0,0,0,0,0,0,0,1,4.0,7.0,16.0,0.0,0,False,False,False,False,False,False,False,True,False,False,False,False,False,False,False,False,False,False,False,False,False,False,False,False,False,10160.519054818593,-188.51905481859285
"Portátil HP 156"" N200 8 GB RAM 128 GB SSD Wi‑Fi 6 Windows 11",10333.0,8.0,128.0,SSD,No especificado,0,,Intel Processor N200,4,Alder Lake-N,Intel,,Estandar,0,0,0,0,0,0,0,0,1,3.0,7.0,8.0,0.0,0,False,False,False,False,False,False,False,True,False,False,False,False,False,False,False,False,False,False,False,False,False,False,False,False,False,8705.603752867748,1627.396247132252
"Portátil HP 156"" N200 8 GB RAM 128 GB SSD Wi‑Fi 6 Windows 11",9972.0,8.0,128.0,SSD,No especificado,0,,Intel Processor N200,4,Alder Lake-N,Intel,,Estandar,0,0,0,0,0,0,0,0,1,3.0,7.0,8.0,0.0,0,False,False,False,False,False,False,False,True,False,False,False,False,False,False,False,False,False,False,False,False,False,False,False,False,False,8705.603752867748,1266.396247132252
"Portátil Lenovo V15 15.6"" FHD Intel DDR5 16 GB 1 TB SSD",11188.0,16.0,1024.0,SSD,No especificado,0,15.6,No especificado,No especificado,No especificado,Intel,15.6,Estandar,0,0,0,0,0,0,0,0,2,4.0,10.0,32.0,0.0,0,False,False,False,False,False,False,False,False,False,False,False,False,False,False,True,False,False,False,False,False,False,False,False,False,False,22668.024241026862,-11480.024241026862
"Portátil HP 15.6"" i3-1115G4 12 GB RAM 256 GB SSD Win11",11467.0,12.0,256.0,SSD,No especificado,0,15.6,Intel Core i3-1115G4,2,11ª Gen (Tiger Lake),Intel,15.6,Estandar,0,0,0,0,0,0,0,0,3,3.584962500721156,8.0,36.0,0.0,0,False,False,False,False,False,False,False,True,False,False,False,False,False,False,False,False,False,False,False,False,False,False,False,False,False,11420.237384945312,46.76261505468756
"Laptop HP OmniBook 3 17.3"" FHD AMD Ryzen 5 8GB RAM 512GB SSD Windows 11 Home Plata Glaciar",12419.0,8.0,512.0,SSD,Ryzen 5,0,17.3,AMD Ryzen 5,No especificado,No especificado,AMD,17.3,Grande,0,0,0,1,0,0,0,0,4,3.0,9.0,32.0,0.0,0,False,False,False,False,False,False,False,True,False,False,False,False,False,False,False,False,False,False,False,False,False,False,False,False,False,13637.202041172915,-1218.2020411729154
"Portátil Lenovo IdeaPad 156"" N100 4 GB 112 TB SSD + Estación de acoplamiento Windows 11",9012.0,4.0,1152.0,SSD,No especificado,0,,Intel Processor N100,4,Alder Lake-N,Intel,,Estandar,0,0,0,0,0,0,0,0,1,2.0,10.169925001442312,4.0,0.0,0,False,False,False,False,False,False,False,False,False,False,False,False,False,False,True,False,False,False,False,False,False,False,False,False,False,9792.66013420677,-780.6601342067697
"Portátil Lenovo IdeaPad 3i 156"" i3-N305 8 GB 128 GB SSD",11580.0,8.0,128.0,SSD,No especificado,0,,Intel Core i3-N305,8,Alder Lake-N,Intel,,Estandar,0,0,0,0,0,0,0,0,3,3.0,7.0,24.0,0.0,0,False,False,False,False,False,False,False,False,False,False,False,False,False,False,True,False,False,False,False,False,False,False,False,False,False,9836.821171618301,1743.1788283816986
"Portátil Lenovo V15 156"" Intel N100 8 GB 256 GB SSD",11176.0,8.0,256.0,SSD,Intel N100,0,,Intel Processor N100,4,Alder Lake-N,Intel,,Estandar,0,0,0,0,0,0,0,0,1,3.0,8.0,8.0,0.0,0,False,False,False,False,False,False,False,False,False,False,False,False,False,False,True,False,False,False,False,False,False,False,False,False,False,10870.071066284643,305.92893371535683
"Portátil Lenovo V15 156"" Intel N-Series 8 GB RAM 512 GB SSD",12393.0,8.0,512.0,SSD,No especificado,0,,No especificado,No especificado,No especificado,Intel,,Estandar,0,0,0,0,0,0,0,0,2,3.0,9.0,16.0,0.0,0,False,False,False,False,False,False,False,False,False,False,False,False,False,False,True,False,False,False,False,False,False,False,False,False,False,13487.571448696825,-1094.5714486968245
Laptop dell 16 ryzen 7 250 32gb 512gb pantalla 16 touch fhd+,19899.0,32.0,512.0,SSD,Ryzen 7,0,,No especificado,No especificado,No especificado,AMD,16.0,Grande,0,0,0,0,1,0,0,0,5,5.0,9.0,160.0,0.0,0,False,False,False,True,False,False,False,False,False,False,False,False,False,False,False,False,False,False,False,False,False,False,False,False,False,20596.48519362486,-697.4851936248597
"Chromebook Lenovo 11.6"" Intel 4 GB 64 GB Gris",7783.0,4.0,64.0,SSD,No especificado,0,11.6,No especificado,No especificado,No especificado,Intel,11.6,Ultraportatil,0,0,0,0,0,0,0,0,1,2.0,6.0,4.0,0.0,0,False,False,False,False,False,False,False,False,False,False,False,False,False,False,True,False,False,False,False,False,False,False,False,False,False,6406.032426770056,1376.9675732299438
Laptop Lenovo IDEAPAD SLIM 3 15IAN8 15in intel i3-N305 8GB 128GB Windows 11 Home S,9199.0,8.0,128.0,SSD,No especificado,0,15.0,Intel Core i3-N305,8,Alder Lake-N,Intel,15.0,Estandar,0,0,0,0,0,0,0,0,3,3.0,7.0,24.0,0.0,0,False,False,False,False,False,False,False,False,False,False,False,False,False,False,True,False,False,False,False,False,False,False,False,False,False,9836.821171618301,-637.8211716183014
"Laptop HP de 14"" Intel Celeron 8 GB de RAM 192 GB de almacenamiento",6933.0,8.0,192.0,SSD,Celeron,0,14.0,No especificado,No especificado,No especificado,Intel,14.0,Estandar,0,0,0,0,0,0,0,0,1,3.0,7.584962500721156,8.0,0.0,0,False,False,False,False,False,False,False,True,False,False,False,False,False,False,False,False,False,False,False,False,False,False,False,False,False,8646.04585839258,-1713.0458583925792
"Portátil Lenovo 156\"" FHD Intel N150 8 GB 256 GB SSD Windows 11",11862.0,8.0,256.0,SSD,Intel N150,0,,No especificado,No especificado,No especificado,Intel,,Estandar,0,0,0,0,0,0,0,0,1,3.0,8.0,8.0,0.0,0,False,False,False,False,False,False,False,False,False,False,False,False,False,False,True,False,False,False,False,False,False,False,False,False,False,10870.071066284643,991.9289337153568
Portátil HP 356 cm AMD 4 GB RAM 128 GB SSD Win11 Azul,10331.0,4.0,128.0,SSD,No especificado,0,,No especificado,No especificado,No especificado,AMD,,Estandar,0,0,0,0,0,0,0,0,2,2.0,7.0,8.0,0.0,0,False,False,False,False,False,False,False,True,False,False,False,False,False,False,False,False,False,False,False,False,False,False,False,False,False,6994.8363460367955,3336.1636539632045
"Laptop asus vivobook 15 ryzen 5 150 8gb 512gb pantalla 15.6""",11599.0,8.0,512.0,SSD,Ryzen 5,0,15.6,AMD Ryzen 5,No especificado,No especificado,AMD,15.6,Estandar,0,0,0,0,0,0,0,0,4,3.0,9.0,32.0,0.0,0,False,False,True,False,False,False,False,False,False,False,False,False,False,False,False,False,False,False,False,False,False,False,False,False,False,15332.590178109807,-3733.5901781098073
"Laptop HP 240R G10 14"" HD Intel Core 3 8GB RAM 512GB SSD Windows 11 Home",8929.0,8.0,512.0,SSD,Core 3,0,14.0,No especificado,No especificado,No especificado,Intel,14.0,Estandar,0,0,0,0,0,0,0,0,2,3.0,9.0,16.0,0.0,0,False,False,False,False,False,False,False,True,False,False,False,False,False,False,False,False,False,False,False,False,False,False,False,False,False,12333.815203088721,-3404.8152030887213
Portátil HP 439 cm N100 4 GB RAM 128 GB UFS + MS365,11706.0,4.0,128.0,SSD,No especificado,0,,Intel Processor N100,4,Alder Lake-N,Intel,,Estandar,0,0,0,0,0,0,0,0,1,2.0,7.0,4.0,0.0,0,False,False,False,False,False,False,False,True,False,False,False,False,False,False,False,False,False,False,False,False,False,False,False,False,False,7495.881336415224,4210.118663584776
"Portátil HP 173"" N100 4 GB RAM 128 GB UFS inalámbrico",11706.0,4.0,128.0,SSD,No especificado,0,,Intel Processor N100,4,Alder Lake-N,Intel,,Estandar,0,0,0,0,0,0,0,0,1,2.0,7.0,4.0,0.0,0,False,False,False,False,False,False,False,True,False,False,False,False,False,False,False,False,False,False,False,False,False,False,False,False,False,7495.881336415224,4210.118663584776
Portátil HP 439 cm N100 4 GB RAM 128 GB UFS + MS365,11729.0,4.0,128.0,SSD,No especificado,0,,Intel Processor N100,4,Alder Lake-N,Intel,,Estandar,0,0,0,0,0,0,0,0,1,2.0,7.0,4.0,0.0,0,False,False,False,False,False,False,False,True,False,False,False,False,False,False,False,False,False,False,False,False,False,False,False,False,False,7495.881336415224,4233.118663584776
Chromebook ASUS 36 cm Celeron 4 GB RAM 386 GB Plata,7021.0,4.0,386.0,SSD,Celeron,0,,No especificado,No especificado,No especificado,Intel,,Estandar,0,0,0,0,0,0,0,0,1,2.0,8.59245703726808,4.0,0.0,0,False,False,True,False,False,False,False,False,False,False,False,False,False,False,False,False,False,False,False,False,False,False,False,False,False,7647.761076920083,-626.7610769200828
"Portátil Lenovo 2026 Ryzen 3 8 GB 256 GB 156\"" FHD Windows 11 Pro",11952.0,8.0,256.0,SSD,Ryzen 3,0,,AMD Ryzen 3,No especificado,No especificado,AMD,,Estandar,0,0,0,0,0,0,0,0,2,3.0,8.0,16.0,0.0,0,False,False,False,False,False,False,False,False,False,False,False,False,False,False,True,False,False,False,False,False,False,False,False,False,False,11396.318567416978,555.6814325830219
"Portátil HP Pavilion 156"" N100 8 GB RAM 256 GB SSD",11704.0,8.0,256.0,SSD,No especificado,0,,Intel Processor N100,4,Alder Lake-N,Intel,,Estandar,0,0,0,0,0,0,0,0,1,3.0,8.0,8.0,0.0,0,False,False,False,False,False,False,False,True,False,False,False,False,False,False,False,False,False,False,False,False,False,False,False,False,False,9316.651061180744,2387.3489388192556
Laptop hp 15-fd0183wm core i7 1355u 16gb 1tb pantalla 15.6,18999.0,16.0,1024.0,SSD,Core I7,0,15.6,Intel Core i7-1355U,10,13ª Gen (Raptor Lake),Intel,15.6,Estandar,0,0,0,0,0,0,0,0,5,4.0,10.0,80.0,0.0,0,False,False,False,False,False,False,False,True,False,False,False,False,False,False,False,False,False,False,False,False,False,False,False,False,False,23083.791095077275,-4084.791095077275
LAPTOP HP 15-FD0131WM COLOR PLATA 15in/Intel Core i3-N305/8GB/SSD/256GB/Windows 11,10099.0,8.0,256.0,SSD,Core I3,0,15.0,Intel Core i3-N305,8,Alder Lake-N,Intel,15.0,Estandar,0,0,0,0,0,0,0,0,3,3.0,8.0,24.0,0.0,0,False,False,False,False,False,False,False,True,False,False,False,False,False,False,False,False,False,False,False,False,False,False,False,False,False,10454.363186473598,-355.36318647359803
"Apple MacBook Air 13"" Chip M1 8GB RAM 128GB SSD",8499.0,8.0,128.0,SSD,No especificado,0,13.0,Apple M1,8,Apple Silicon (1ª Gen),Apple,13.0,Ultraportatil,0,0,0,0,0,0,1,0,4,3.0,7.0,32.0,0.0,0,False,True,False,False,False,False,False,False,False,False,False,False,False,False,False,False,False,False,False,False,False,False,False,False,False,10069.45529500456,-1570.45529500456
Portátil Hp Omnibook3 14-hu0050la Core I5 8gb Ram 512gb Ssd,11999.0,8.0,512.0,SSD,Core I5,0,,Intel Core i5,No especificado,No especificado,Intel,14.0,Estandar,0,0,0,1,0,0,0,0,4,3.0,9.0,32.0,0.0,0,False,False,False,False,False,False,False,True,False,False,False,False,False,False,False,False,False,False,False,False,False,False,False,False,False,13637.202041172915,-1638.2020411729154
"HP Omnibook 3 (16-BY0205DX) 16"" 2K Ryzen 5 16GB 256GB SSD W11 Plata",12599.0,16.0,256.0,SSD,Ryzen 5,0,16.0,AMD Ryzen 5,No especificado,No especificado,AMD,16.0,Grande,0,0,0,1,0,0,0,0,4,4.0,8.0,64.0,0.0,0,False,False,False,False,False,False,False,True,False,False,False,False,False,False,False,False,False,False,False,False,False,False,False,False,False,14642.852092766709,-2043.8520927667087
Laptop Lenovo Idea Pad Slim 3 Core i5 RAM 8GB SSD 512GB,9999.0,8.0,512.0,SSD,Core I5,0,,Intel Core i5,No especificado,No especificado,Intel,,Estandar,0,0,0,0,0,0,0,0,4,3.0,9.0,32.0,0.0,0,False,False,False,False,False,False,False,False,False,False,False,False,False,False,True,False,False,False,False,False,False,False,False,False,False,13321.441696988275,-3322.441696988275
"Laptop Acer Aspire Lite 15.6"" FHD Intel Core 3 N350 8GB RAM 128GB SSD Windows 11 Home Light Silver",7949.0,8.0,128.0,SSD,Core 3,0,15.6,No especificado,No especificado,No especificado,Intel,15.6,Estandar,0,0,0,0,0,0,0,0,1,3.0,7.0,8.0,0.0,0,False,False,False,False,False,False,False,False,False,False,False,False,False,False,False,False,False,False,False,False,False,False,False,False,False,8110.10153549095,-161.10153549094957
"Portátil Lenovo IdeaPad 1i 156"" i5 8 GB 256 GB SSD",11829.0,8.0,256.0,SSD,No especificado,0,,No especificado,No especificado,No especificado,Intel,,Estandar,0,0,0,0,0,0,0,0,4,3.0,8.0,32.0,0.0,0,False,False,False,False,False,False,False,False,False,False,False,False,False,False,True,False,False,False,False,False,False,False,False,False,False,13015.447442431576,-1186.4474424315758
"Chromebook ASUS de 105"" 8 GB 128 GB eMMC ChromeOS CM3001DM2A",7267.0,8.0,128.0,SSD,No especificado,0,,Apple M2,8,Apple Silicon (2ª Gen),Apple,,Estandar,0,0,0,0,0,0,0,0,5,3.0,7.0,40.0,0.0,0,False,False,True,False,False,False,False,False,False,False,False,False,False,False,False,False,False,False,False,False,False,False,False,False,False,10870.769281324056,-3603.7692813240556
Laptop acer aspire go ryzen 7 7730u 16gb 512gb pantalla 15.6,15999.0,16.0,512.0,SSD,Ryzen 7,0,15.6,AMD Ryzen 7 7730U,8,Serie 7000 (Zen 3),AMD,15.6,Estandar,0,0,0,0,0,0,0,0,5,4.0,9.0,80.0,0.0,0,False,False,False,False,False,False,False,False,False,False,False,False,False,False,False,False,False,False,False,False,False,False,False,False,False,18205.007791130327,-2206.007791130327
"Apple MacBook Air 13.3"" Retina M1 8GB RAM 256GB SSD Plata (Reacondicionada) - MGN93LL/A",9399.0,8.0,256.0,SSD,No especificado,0,13.3,Apple M1,8,Apple Silicon (1ª Gen),Apple,13.3,Ultraportatil,0,0,0,0,0,0,1,0,4,3.0,8.0,32.0,0.0,0,False,True,False,False,False,False,False,False,False,False,False,False,False,False,False,False,False,False,False,False,False,False,False,False,False,13244.679554629554,-3845.6795546295543
"Laptop lenovo ideapad slim 5i core i7 240h 16gb 1tb 16"" touch",19899.0,16.0,1024.0,SSD,Core I7,0,16.0,Intel Core i7,No especificado,No especificado,Intel,16.0,Grande,0,0,0,0,1,0,0,0,5,4.0,10.0,80.0,0.0,0,False,False,False,False,False,False,False,False,False,False,False,False,False,False,True,False,False,False,False,False,False,False,False,False,False,23606.147535621858,-3707.147535621858
"Laptop lenovo ideapad slim 3 core i5 1335u 16gb 256gb 15.6""",12999.0,16.0,256.0,SSD,Core I5,0,15.6,Intel Core i5-1335U,10,13ª Gen (Raptor Lake),Intel,15.6,Estandar,0,0,0,0,0,0,0,0,4,4.0,8.0,64.0,0.0,0,False,False,False,False,False,False,False,False,False,False,False,False,False,False,True,False,False,False,False,False,False,False,False,False,False,16230.680260696998,-3231.6802606969977
Portátil HP 32 GB RAM 1 TB SSD +128 GB Intel Copilot IA,15001.0,32.0,1024.0,SSD,No especificado,0,,No especificado,No especificado,No especificado,Intel,,Estandar,0,0,0,0,0,0,0,0,2,5.0,10.0,64.0,0.0,0,False,False,False,False,False,False,False,True,False,False,False,False,False,False,False,False,False,False,False,False,False,False,False,False,False,19688.690496502382,-4687.690496502382
"Portátil HP 173"" Touch N100 8 GB RAM 128 GB UFS",15253.0,8.0,128.0,SSD,No especificado,0,,Intel Processor N100,4,Alder Lake-N,Intel,,Estandar,0,0,0,0,1,0,0,0,1,3.0,7.0,8.0,0.0,0,False,False,False,False,False,False,False,True,False,False,False,False,False,False,False,False,False,False,False,False,False,False,False,False,False,12128.539977043716,3124.460022956284
"Portátil HP 156"" i3-N305 8 GB RAM 256 GB SSD Win11",8734.0,8.0,256.0,SSD,No especificado,0,,Intel Core i3-N305,8,Alder Lake-N,Intel,,Estandar,0,0,0,0,0,0,0,0,3,3.0,8.0,24.0,0.0,0,False,False,False,False,False,False,False,True,False,False,False,False,False,False,False,False,False,False,False,False,False,False,False,False,False,10454.363186473598,-1720.363186473598
"Laptop hp 250r g10 core i5 120u 16gb 512gb pantalla 15.6""",16999.0,16.0,512.0,SSD,Core I5,0,15.6,Intel Core i5,No especificado,No especificado,Intel,15.6,Estandar,0,0,0,0,0,0,0,0,4,4.0,9.0,64.0,0.0,0,False,False,False,False,False,False,False,True,False,False,False,False,False,False,False,False,False,False,False,False,False,False,False,False,False,17364.92034604292,-365.92034604291985
"Laptop ia pc acer swift go 16 ryzen ai 9 465 32gb 1tb 16""",28999.0,32.0,1024.0,SSD,No especificado,0,16.0,No especificado,No especificado,No especificado,AMD,16.0,Grande,0,0,0,1,0,0,0,0,2,5.0,10.0,64.0,0.0,0,False,False,False,False,False,False,False,False,False,False,False,False,False,False,False,False,False,False,False,False,False,False,False,False,False,38113.28698591656,-9114.286985916558
"Laptop dell 15 dc15255 ryzen 7 7730u 16gb 1tb pantalla 15.6""",19999.0,16.0,1024.0,SSD,Ryzen 7,0,15.6,AMD Ryzen 7 7730U,8,Serie 7000 (Zen 3),AMD,15.6,Estandar,0,0,0,0,0,0,0,0,5,4.0,10.0,80.0,0.0,0,False,False,False,True,False,False,False,False,False,False,False,False,False,False,False,False,False,False,False,False,False,False,False,False,False,21720.22221400118,-1721.22221400118
"Laptop dell 16 dc16255 ryzen 7 250 16gb 512gb pantalla 16""",19999.0,16.0,512.0,SSD,Ryzen 7,0,16.0,No especificado,No especificado,No especificado,AMD,16.0,Grande,0,0,0,0,0,0,0,0,5,4.0,9.0,80.0,0.0,0,False,False,False,True,False,False,False,False,False,False,False,False,False,False,False,False,False,False,False,False,False,False,False,False,False,18209.136478493198,1789.8635215068025
Portátil Lenovo IdeaPad Slim 3 394 cm Ryzen 5 8 GB 256 GB SSD,12180.0,8.0,256.0,SSD,Ryzen 5,0,,AMD Ryzen 5,No especificado,No especificado,AMD,,Estandar,0,0,0,0,0,0,0,0,2,3.0,8.0,16.0,0.0,0,False,False,False,False,False,False,False,False,False,False,False,False,False,False,True,False,False,False,False,False,False,False,False,False,False,11396.318567416978,783.6814325830219
"Portátil Lenovo IdeaPad 3i 15.6"" i3 8 GB 288 GB Windows 11 Pro",12116.0,8.0,288.0,SSD,No especificado,0,15.6,No especificado,No especificado,No especificado,Intel,15.6,Estandar,0,0,0,0,0,0,0,0,3,3.0,8.169925001442312,24.0,0.0,0,False,False,False,False,False,False,False,False,False,False,False,False,False,False,True,False,False,False,False,False,False,False,False,False,False,11275.939123977843,840.0608760221567
"Portátil Lenovo IdeaPad 15.6"" i3-N305 8 GB 1.12 TB Windows 11 Pro",12361.0,8.0,1152.0,SSD,No especificado,0,15.6,Intel Core i3-N305,8,Alder Lake-N,Intel,15.6,Estandar,0,0,0,0,0,0,0,0,3,3.0,10.169925001442312,24.0,0.0,0,False,False,False,False,False,False,False,False,False,False,False,False,False,False,True,False,False,False,False,False,False,False,False,False,False,12704.66881342698,-343.6688134269807
"Laptop hp 250r g10 core i5 120u 24gb 512gb pantalla 15.6""",17499.0,24.0,512.0,SSD,Core I5,0,15.6,Intel Core i5,No especificado,No especificado,Intel,15.6,Estandar,0,0,0,0,0,0,0,0,4,4.584962500721156,9.0,96.0,0.0,0,False,False,False,False,False,False,False,True,False,False,False,False,False,False,False,False,False,False,False,False,False,False,False,False,False,17668.400766896764,-169.40076689676425
"Laptop hp 245 g10 ryzen 7 7730u 24gb 512gb pantalla 14"" ips",21199.0,24.0,512.0,SSD,Ryzen 7,0,14.0,AMD Ryzen 7 7730U,8,Serie 7000 (Zen 3),AMD,14.0,Estandar,0,0,0,0,0,0,0,0,5,4.584962500721156,9.0,120.0,0.0,0,False,False,False,False,False,False,False,True,False,False,False,False,False,False,False,False,False,False,False,False,False,False,False,False,False,19338.684921981087,1860.3150780189135
"Portátil Apple MacBook Pro 13"" 8 GB 512 GB SSD Plateado",10815.0,8.0,512.0,SSD,No especificado,0,13.0,No especificado,No especificado,No especificado,Apple,13.0,Ultraportatil,0,0,0,1,0,0,1,0,2,3.0,9.0,16.0,0.0,0,False,True,False,False,False,False,False,False,False,False,False,False,False,False,False,False,False,False,False,False,False,False,False,False,False,15911.270986172072,-5096.270986172072
"Laptop Lenovo IdeaPad 5 14"" Táctil Ryzen AI 7 350 16GB RAM 1TB SSD",25999.0,16.0,1024.0,SSD,No especificado,0,14.0,No especificado,No especificado,No especificado,AMD,14.0,Estandar,0,0,0,0,1,0,0,0,5,4.0,10.0,80.0,0.0,0,False,False,False,False,False,False,False,False,False,False,False,False,False,False,True,False,False,False,False,False,False,False,False,False,False,23606.147535621858,2392.852464378142
Laptop Lenovo IdeaPad Slim 3 Intel Core i5-13420H 16GB DDR5 1TB SSD,15999.0,16.0,1024.0,SSD,Core I5,0,,Intel Core i5-13420H,8,13ª Gen (Raptor Lake),Intel,,Estandar,0,0,0,0,0,0,0,0,4,4.0,10.0,64.0,0.0,0,False,False,False,False,False,False,False,False,False,False,False,False,False,False,True,False,False,False,False,False,False,False,False,False,False,18736.2382774187,-2737.238277418699
Laptop Lenovo IdeaPad Slim 3 Intel Core i5-13420H 16GB DDR5 1.5 TB SSD,18999.0,16.0,1536.0,SSD,Core I5,0,,Intel Core i5-13420H,8,13ª Gen (Raptor Lake),Intel,,Estandar,0,0,0,0,0,0,0,0,4,4.0,10.584962500721156,64.0,0.0,0,False,False,False,False,False,False,False,False,False,False,False,False,False,False,True,False,False,False,False,False,False,False,False,False,False,20488.47005023682,-1489.4700502368214
Laptop Lenovo IdeaPad Slim 3 Intel Core i5-13420H 8GB DDR5 512GB SSD,11499.0,8.0,512.0,SSD,Core I5,0,,Intel Core i5-13420H,8,13ª Gen (Raptor Lake),Intel,,Estandar,0,0,0,0,0,0,0,0,4,3.0,9.0,32.0,0.0,0,False,False,False,False,False,False,False,False,False,False,False,False,False,False,True,False,False,False,False,False,False,False,False,False,False,13321.441696988275,-1822.441696988275
"Laptop Lenovo IdeaPad 5 14"" Táctil Ryzen AI 7 350, 16GB RAM 512GB SSD",20999.0,16.0,512.0,SSD,No especificado,0,14.0,No especificado,No especificado,No especificado,AMD,14.0,Estandar,0,0,0,0,1,0,0,0,5,4.0,9.0,80.0,0.0,0,False,False,False,False,False,False,False,False,False,False,False,False,False,False,True,False,False,False,False,False,False,False,False,False,False,24262.873235058287,-3263.873235058287
Laptop ASUS ExpertBook Ultra B91 Intel Core Ultra 7 32GB RAM 1TB SSD,51999.0,32.0,1024.0,SSD,No especificado,0,,No especificado,No especificado,No especificado,Intel,,Estandar,0,0,0,0,0,0,0,0,5,5.0,10.0,160.0,0.0,0,False,False,True,False,False,False,False,False,False,False,False,False,False,False,False,False,False,False,False,False,False,False,False,False,False,32022.45597592868,19976.54402407132
Laptop Lenovo IdeaPad Slim 3 Intel Core i5-13420H 16GB DDR5 512GB SSD,14399.0,16.0,512.0,SSD,Core I5,0,,Intel Core i5-13420H,8,13ª Gen (Raptor Lake),Intel,,Estandar,0,0,0,0,0,0,0,0,4,4.0,9.0,64.0,0.0,0,False,False,False,False,False,False,False,False,False,False,False,False,False,False,True,False,False,False,False,False,False,False,False,False,False,18805.246120438092,-4406.2461204380925
"Laptop HP 245 G10 14"" HD, AMD Ryzen 3 7330U, 16GB RAM, 1TB SSD",11599.0,16.0,1024.0,SSD,Ryzen 3,0,14.0,AMD Ryzen 3,No especificado,No especificado,AMD,14.0,Estandar,0,0,0,0,0,0,0,0,3,4.0,10.0,48.0,0.0,0,False,False,False,False,False,False,False,True,False,False,False,False,False,False,False,False,False,False,False,False,False,False,False,False,False,17240.747269985008,-5641.747269985008
"Laptop HP 255R G10 15.6"" FHD Ryzen 5 7535U 8GB 512GB SSD",9399.0,8.0,512.0,SSD,Ryzen 5,0,15.6,AMD Ryzen 5,No especificado,No especificado,AMD,15.6,Estandar,0,0,0,0,0,0,0,0,4,3.0,9.0,32.0,0.0,0,False,False,False,False,False,False,False,True,False,False,False,False,False,False,False,False,False,False,False,False,False,False,False,False,False,13053.852103794592,-3654.852103794592
Laptop Gamer HP Victus Ryzen 7 7445HS 8GB DDR5 512GB SSD RTX 3050,16999.0,8.0,512.0,SSD,Ryzen 7,1,,No especificado,No especificado,No especificado,AMD,,Estandar,0,1,0,0,0,0,0,2,5,3.0,9.0,40.0,16.0,2,False,False,False,False,False,False,False,True,False,False,False,False,False,False,False,False,False,False,False,False,False,False,False,False,False,19214.98594267384,-2215.9859426738403
"Laptop HP 245 G10 14"" HD Ryzen 3 7330U 8GB 512GB SSD",8599.0,8.0,512.0,SSD,Ryzen 3,0,14.0,AMD Ryzen 3,No especificado,No especificado,AMD,14.0,Estandar,0,0,0,0,0,0,0,0,3,3.0,9.0,24.0,0.0,0,False,False,False,False,False,False,False,True,False,False,False,False,False,False,False,False,False,False,False,False,False,False,False,False,False,12944.669713710266,-4345.669713710266
"Laptop HP 255R G10 15.6"" FHD Ryzen 5 7535U 16GB 1TB SSD",14199.0,16.0,1024.0,SSD,Ryzen 5,0,15.6,AMD Ryzen 5,No especificado,No especificado,AMD,15.6,Estandar,0,0,0,0,0,0,0,0,4,4.0,10.0,64.0,0.0,0,False,False,False,False,False,False,False,True,False,False,False,False,False,False,False,False,False,False,False,False,False,False,False,False,False,21253.870278577335,-7054.870278577335
"Laptop HP 245 G10 14 "" HD, Ryzen 7 7730U, 16GB RAM, 512GB SSD.",13899.0,16.0,512.0,SSD,Ryzen 7,0,14.0,AMD Ryzen 7 7730U,8,Serie 7000 (Zen 3),AMD,14.0,Estandar,0,0,0,0,0,0,0,0,5,4.0,9.0,80.0,0.0,0,False,False,False,False,False,False,False,True,False,False,False,False,False,False,False,False,False,False,False,False,False,False,False,False,False,19185.422668678584,-5286.422668678584
"Laptop HP 245 G10 14"" HD Ryzen 3 7330U 8GB RAM 512GB SSD",6999.0,8.0,512.0,SSD,Ryzen 3,0,14.0,AMD Ryzen 3,No especificado,No especificado,AMD,14.0,Estandar,0,0,0,0,0,0,0,0,3,3.0,9.0,24.0,0.0,0,False,False,False,False,False,False,False,True,False,False,False,False,False,False,False,False,False,False,False,False,False,False,False,False,False,12944.669713710266,-5945.669713710266
Laptop Gamer HP Victus Ryzen 7 7445HS 8GB DDR5 512GB SSD RTX 3050 W11,18499.0,8.0,512.0,SSD,Ryzen 7,1,,No especificado,No especificado,No especificado,AMD,,Estandar,0,1,0,0,0,0,0,2,5,3.0,9.0,40.0,16.0,2,False,False,False,False,False,False,False,True,False,False,False,False,False,False,False,False,False,False,False,False,False,False,False,False,False,19214.98594267384,-715.9859426738403
Laptop Gamer HP Victus Ryzen 7 7445HS 24GB DDR5 1TB SSD RTX 3050 W11,24999.0,24.0,1024.0,SSD,Ryzen 7,1,,No especificado,No especificado,No especificado,AMD,,Estandar,0,1,0,0,0,0,0,2,5,4.584962500721156,10.0,120.0,48.0,2,False,False,False,False,False,False,False,True,False,False,False,False,False,False,False,False,False,False,False,False,False,False,False,False,False,29832.789891828055,-4833.789891828055
Laptop Gamer HP Victus Ryzen 7 7445HS 16GB DDR5 1TB SSD RTX 3050 W11,22999.0,16.0,1024.0,SSD,Ryzen 7,1,,No especificado,No especificado,No especificado,AMD,,Estandar,0,1,0,0,0,0,0,2,5,4.0,10.0,80.0,32.0,2,False,False,False,False,False,False,False,True,False,False,False,False,False,False,False,False,False,False,False,False,False,False,False,False,False,30953.849848011803,-7954.849848011803
Laptop Gamer HP Victus Ryzen 7 7445HS 24GB DDR5 512 SSD RTX 3050 W11,22999.0,24.0,512.0,SSD,Ryzen 7,1,,No especificado,No especificado,No especificado,AMD,,Estandar,0,1,0,0,0,0,0,2,5,4.584962500721156,9.0,120.0,48.0,2,False,False,False,False,False,False,False,True,False,False,False,False,False,False,False,False,False,False,False,False,False,False,False,False,False,26568.778559622482,-3569.778559622482
"Laptop HP 245 G10 14"" HD, AMD Ryzen 3 7330U, 16GB RAM, 512GB SSD",9499.0,16.0,512.0,SSD,Ryzen 3,0,14.0,AMD Ryzen 3,No especificado,No especificado,AMD,14.0,Estandar,0,0,0,0,0,0,0,0,3,4.0,9.0,48.0,0.0,0,False,False,False,False,False,False,False,True,False,False,False,False,False,False,False,False,False,False,False,False,False,False,False,False,False,16074.740055814691,-6575.740055814691
"Laptop HP 255R G10 15.6"" FHD Ryzen 5 7535U 16GB 512GB SSD",11999.0,16.0,512.0,SSD,Ryzen 5,0,15.6,AMD Ryzen 5,No especificado,No especificado,AMD,15.6,Estandar,0,0,0,0,0,0,0,0,4,4.0,9.0,64.0,0.0,0,False,False,False,False,False,False,False,True,False,False,False,False,False,False,False,False,False,False,False,False,False,False,False,False,False,17364.92034604292,-5365.92034604292
Laptop Gamer ASUS TUF Gaming A15 Ryzen 7 7445HS 16GB 512GB RTX 3050,17999.0,16.0,512.0,SSD,Ryzen 7,1,,No especificado,No especificado,No especificado,AMD,,Estandar,0,1,0,0,0,0,0,2,5,4.0,9.0,80.0,32.0,2,False,False,True,False,False,False,False,False,False,False,False,False,False,False,False,False,False,False,False,False,False,False,False,False,False,26641.70390512481,-8642.70390512481
"Apple MacBook Air M1 13.3"" 8GB RAM 128GB SSD Gris Espacial (Reacondicionado)",8499.0,8.0,128.0,SSD,No especificado,0,13.3,Apple M1,8,Apple Silicon (1ª Gen),Apple,13.3,Ultraportatil,1,0,0,0,0,0,1,0,4,3.0,7.0,32.0,0.0,0,False,True,False,False,False,False,False,False,False,False,False,False,False,False,False,False,False,False,False,False,False,False,False,False,False,9305.667360856876,-806.6673608568763
"Laptop dell dc16251 core i7 150u 16gb 1tb pantalla 16"" touch",24999.0,16.0,1024.0,SSD,Core I7,0,16.0,Intel Core i7,No especificado,No especificado,Intel,16.0,Grande,0,0,0,0,1,0,0,0,5,4.0,10.0,80.0,0.0,0,False,False,False,True,False,False,False,False,False,False,False,False,False,False,False,False,False,False,False,False,False,False,False,False,False,21634.66662954848,3364.3333704515208
Laptop dell pro 14 essential ryzen 5 8gb 512gb pantalla 14,11999.0,8.0,512.0,SSD,Ryzen 5,0,,AMD Ryzen 5,No especificado,No especificado,AMD,14.0,Estandar,0,0,0,0,0,0,0,0,4,3.0,9.0,32.0,0.0,0,False,False,False,True,False,False,False,False,False,False,False,False,False,False,False,False,False,False,False,False,False,False,False,False,False,13233.523072965878,-1234.5230729658779
"HP OmniBook 3 17.3"" FHD Laptop - Intel Core Ultra 7 - 16GB RAM - 512GB SSD - Win11 - Silver",15659.0,16.0,512.0,SSD,No especificado,0,17.3,No especificado,No especificado,No especificado,Intel,17.3,Grande,0,0,0,1,0,0,0,0,5,4.0,9.0,80.0,0.0,0,False,False,False,False,False,False,False,True,False,False,False,False,False,False,False,False,False,False,False,False,False,False,False,False,False,22844.05955035976,-7185.0595503597615
"HP 15.6"" Laptop AI Intel Core Ultra 5 225U - 8GB RAM - 256GB SSD - Win 11",10659.0,8.0,256.0,SSD,No especificado,0,15.6,No especificado,No especificado,No especificado,Intel,15.6,Estandar,0,0,0,0,0,0,0,0,4,3.0,8.0,32.0,0.0,0,False,False,False,False,False,False,False,True,False,False,False,False,False,False,False,False,False,False,False,False,False,False,False,False,False,13088.007397006842,-2429.0073970068424
"HP OmniBook 3 16"" Touch 2K AMD Ryzen 5-40 8 GB 256 GB Glacier Silver",9759.0,8.0,256.0,SSD,Ryzen 5,0,16.0,AMD Ryzen 5,No especificado,No especificado,AMD,16.0,Grande,0,0,0,1,1,0,0,0,4,3.0,8.0,32.0,0.0,0,False,False,False,False,False,False,False,True,False,False,False,False,False,False,False,False,False,False,False,False,False,False,False,False,False,17582.202345078247,-7823.202345078247
"HP - OmniBook X Flip 2-in-1 - 14"" 2K OLED Touchscreen Laptop - Intel Core Ultra 7 (2026) - 16GB Memory - 1TB SSD - Copilot+ - Meteor Silver",23799.0,16.0,1024.0,SSD,No especificado,0,14.0,No especificado,No especificado,No especificado,Intel,14.0,Estandar,0,0,0,1,1,1,0,0,5,4.0,10.0,80.0,0.0,0,False,False,False,False,False,False,False,True,False,False,False,False,False,False,False,False,False,False,False,False,False,False,False,False,False,30463.973422967378,-6664.973422967378
"Lenovo IdeaPad Slim 3i 15.6"" FHD Laptop - Intel Core i3-N305 - 8GB RAM - 128GB UFS - WIN11- Grey",7259.0,8.0,128.0,SSD,Core I3,0,15.6,Intel Core i3-N305,8,Alder Lake-N,Intel,15.6,Estandar,0,0,0,0,0,0,0,0,3,3.0,7.0,24.0,0.0,0,False,False,False,False,False,False,False,False,False,False,False,False,False,False,True,False,False,False,False,False,False,False,False,False,False,9836.821171618301,-2577.8211716183014
Laptop HP 245 G10 AMD Ryzen3 8GB RAM 256GB,8999.0,8.0,256.0,SSD,Ryzen3,0,,AMD Ryzen 3,No especificado,No especificado,AMD,,Estandar,0,0,0,0,0,0,0,0,2,3.0,8.0,16.0,0.0,0,False,False,False,False,False,False,False,True,False,False,False,False,False,False,False,False,False,False,False,False,False,False,False,False,False,10414.948819963322,-1415.9488199633215
"Notebook HP 17 Ryzen 3 5300U 4GB 256GB SSD 17.3"" HD+",10603.0,4.0,256.0,SSD,Ryzen 3,0,17.3,AMD Ryzen 3 5300U,4,Serie 5000 (Zen 2),AMD,17.3,Grande,0,0,0,0,0,0,0,0,3,2.0,8.0,12.0,0.0,0,False,False,False,False,False,False,False,True,False,False,False,False,False,False,False,False,False,False,False,False,False,False,False,False,False,7799.977428898795,2803.0225711012054
"Apple MacBook Air 13.3"" Core M1 8GB 256GB (Reacondicionado)",9799.0,8.0,256.0,SSD,No especificado,0,13.3,Apple M1,8,Apple Silicon (1ª Gen),Apple,13.3,Ultraportatil,1,0,0,0,0,0,1,0,4,3.0,8.0,32.0,0.0,0,False,True,False,False,False,False,False,False,False,False,False,False,False,False,False,False,False,False,False,False,False,False,False,False,False,9960.134718422549,-161.13471842254876
"Laptop hp 15 core i7 150u 16gb 1tb pantalla 15.6"" w11h plata",18999.0,16.0,1024.0,SSD,Core I7,0,15.6,Intel Core i7,No especificado,No especificado,Intel,15.6,Estandar,0,0,0,0,0,0,0,0,5,4.0,10.0,80.0,0.0,0,False,False,False,False,False,False,False,True,False,False,False,False,False,False,False,False,False,False,False,False,False,False,False,False,False,23083.791095077275,-4084.791095077275
"Laptop apple macbook neo chip a18 pro 8gb 512gb pantalla 13""",21599.0,8.0,512.0,SSD,No especificado,0,13.0,No especificado,No especificado,No especificado,Apple,13.0,Ultraportatil,0,0,0,0,0,0,1,0,2,3.0,9.0,16.0,0.0,0,False,True,False,False,False,False,False,False,False,False,False,False,False,False,False,False,False,False,False,False,False,False,False,False,False,15595.979996033751,6003.020003966249
"Portátil HP 15.6"" con pantalla táctil Intel Core i3 16 GB RAM SSD de 256 GB",7767.0,16.0,256.0,SSD,Core I3,0,15.6,Intel Core i3,No especificado,No especificado,Intel,15.6,Estandar,0,0,0,0,1,0,0,0,3,4.0,8.0,48.0,0.0,0,False,False,False,False,False,False,False,True,False,False,False,False,False,False,False,False,False,False,False,False,False,False,False,False,False,13515.862163354941,-5748.862163354941
"Portátil HP 14"" Delgado y Ligero Intel 8 GB RAM 128 GB SSD Windows 11",10248.0,8.0,128.0,SSD,No especificado,0,14.0,No especificado,No especificado,No especificado,Intel,14.0,Estandar,0,0,0,0,0,0,0,0,2,3.0,7.0,16.0,0.0,0,False,False,False,False,False,False,False,True,False,False,False,False,False,False,False,False,False,False,False,False,False,False,False,False,False,8872.393485727443,1375.6065142725565
"ASUS TUF F16 16.0"" WUXGA 8GB RAM 512GB SSD INTEL 5 210H W11 HOME RTX4050 MECHA GRAY",22299.0,8.0,512.0,SSD,No especificado,1,16.0,No especificado,No especificado,No especificado,Intel,16.0,Grande,0,1,0,0,0,0,0,2,2,3.0,9.0,16.0,16.0,2,False,False,True,False,False,False,False,False,False,False,False,False,False,False,False,False,False,False,False,False,False,False,False,False,False,20504.585758525103,1794.4142414748967
"ASUS GAMING A16 16.0""WUXGA 16GB RAM 512GB SSD RYZEN 7 170 W11 RTX4050 MECHA GRAY",22839.0,16.0,512.0,SSD,Ryzen 7,1,16.0,No especificado,No especificado,No especificado,AMD,16.0,Grande,0,1,0,0,0,0,0,2,5,4.0,9.0,80.0,32.0,2,False,False,True,False,False,False,False,False,False,False,False,False,False,False,False,False,False,False,False,False,False,False,False,False,False,26641.70390512481,-3802.7039051248103
"Laptop ia pc hp omnibook 5 ryzen ai 7 350 npu 16gb 1tb 16""",17499.0,16.0,1024.0,SSD,No especificado,0,16.0,No especificado,No especificado,No especificado,AMD,16.0,Grande,0,0,0,1,0,0,0,0,5,4.0,10.0,80.0,0.0,0,False,False,False,False,False,False,False,True,False,False,False,False,False,False,False,False,False,False,False,False,False,False,False,False,False,26991.88565586938,-9492.88565586938
"HP Laptop 250 G10 15.6"" Full HD Intel Core i5 8GB RAM 512GB SSD Windows 11 Home",10939.0,8.0,512.0,SSD,Core I5,0,15.6,Intel Core i5,No especificado,No especificado,Intel,15.6,Estandar,0,0,0,0,0,0,0,0,4,3.0,9.0,32.0,0.0,0,False,False,False,False,False,False,False,True,False,False,False,False,False,False,False,False,False,False,False,False,False,False,False,False,False,13053.852103794592,-2114.852103794592
"Laptop hp 250r g10 core i5 120u 8gb ssd 512gb pantalla 15.6""",14499.0,8.0,512.0,SSD,Core I5,0,15.6,Intel Core i5,No especificado,No especificado,Intel,15.6,Estandar,0,0,0,0,0,0,0,0,4,3.0,9.0,32.0,0.0,0,False,False,False,False,False,False,False,True,False,False,False,False,False,False,False,False,False,False,False,False,False,False,False,False,False,13053.852103794592,1445.147896205408
"Laptop hp 240r g10 intel core i5 120u 8gb 512gb pantalla 14""",13999.0,8.0,512.0,SSD,Core I5,0,14.0,Intel Core i5,No especificado,No especificado,Intel,14.0,Estandar,0,0,0,0,0,0,0,0,4,3.0,9.0,32.0,0.0,0,False,False,False,False,False,False,False,True,False,False,False,False,False,False,False,False,False,False,False,False,False,False,False,False,False,13053.852103794592,945.147896205408
"Laptop asus vivobook 15 ryzen 5 8gb 512gb 15.6"" ips español",11599.0,8.0,512.0,SSD,Ryzen 5,0,15.6,AMD Ryzen 5,No especificado,No especificado,AMD,15.6,Estandar,0,0,0,0,0,0,0,0,4,3.0,9.0,32.0,0.0,0,False,False,True,False,False,False,False,False,False,False,False,False,False,False,False,False,False,False,False,False,False,False,False,False,False,15332.590178109807,-3733.5901781098073
"Portátil HP 14"" i3 8 GB RAM 128 GB UFS con Windows 11 y Office 365",8862.0,8.0,128.0,SSD,No especificado,0,14.0,No especificado,No especificado,No especificado,Intel,14.0,Estandar,0,0,0,0,0,0,0,0,3,3.0,7.0,24.0,0.0,0,False,False,False,False,False,False,False,True,False,False,False,False,False,False,False,False,False,False,False,False,False,False,False,False,False,8587.560709053341,274.43929094665873
"Portátil HP 14"" i3 4 GB RAM 128 GB UFS Windows 11 Office 365",7151.0,4.0,128.0,SSD,No especificado,0,14.0,No especificado,No especificado,No especificado,Intel,14.0,Estandar,0,0,0,0,0,0,0,0,3,2.0,7.0,12.0,0.0,0,False,False,False,False,False,False,False,True,False,False,False,False,False,False,False,False,False,False,False,False,False,False,False,False,False,7170.237837794174,-19.237837794174084
Portátil HP 14 Intel i3 4 GB RAM 128 GB UFS Windows 11,6947.0,4.0,128.0,SSD,No especificado,0,,No especificado,No especificado,No especificado,Intel,14.0,Estandar,0,0,0,0,0,0,0,0,3,2.0,7.0,12.0,0.0,0,False,False,False,False,False,False,False,True,False,False,False,False,False,False,False,False,False,False,False,False,False,False,False,False,False,7170.237837794174,-223.23783779417408
Portátil HP 356 cm Intel N150 128 GB SSD Win11 Lavanda Miel,8728.0,128.0,128.0,SSD,Intel N150,0,,No especificado,No especificado,No especificado,Intel,,Estandar,0,0,0,0,0,0,0,0,1,7.0,7.0,128.0,0.0,0,False,False,False,False,False,False,False,True,False,False,False,False,False,False,False,False,False,False,False,False,False,False,False,False,False,6972.807782439977,1755.192217560023
Portátil HP 36 cm Celeron 4 GB RAM 64 GB eMMC Win 11 Blanco,7639.0,4.0,64.0,SSD,Celeron,0,,No especificado,No especificado,No especificado,Intel,,Estandar,0,0,0,0,0,0,0,0,1,2.0,6.0,4.0,0.0,0,False,False,False,False,False,False,False,True,False,False,False,False,False,False,False,False,False,False,False,False,False,False,False,False,False,6761.548569844263,877.4514301557374
Portátil HP 356 cm Intel N150 4 GB RAM 128 GB UFS Windows 11,7151.0,4.0,128.0,SSD,Intel N150,0,,No especificado,No especificado,No especificado,Intel,,Estandar,0,0,0,0,0,0,0,0,1,2.0,7.0,4.0,0.0,0,False,False,False,False,False,False,False,True,False,False,False,False,False,False,False,False,False,False,False,False,False,False,False,False,False,7495.881336415224,-344.8813364152238
Portátil HP 35 cm Intel N150 4 GB RAM 128 GB UFS Windows 11,7191.0,4.0,128.0,SSD,Intel N150,0,,No especificado,No especificado,No especificado,Intel,,Estandar,0,0,0,0,0,0,0,0,1,2.0,7.0,4.0,0.0,0,False,False,False,False,False,False,False,True,False,False,False,False,False,False,False,False,False,False,False,False,False,False,False,False,False,7495.881336415224,-304.8813364152238
Portátil HP 35 cm Intel N150 4 GB RAM 128 GB UFS Windows 11,7151.0,4.0,128.0,SSD,Intel N150,0,,No especificado,No especificado,No especificado,Intel,,Estandar,0,0,0,0,0,0,0,0,1,2.0,7.0,4.0,0.0,0,False,False,False,False,False,False,False,True,False,False,False,False,False,False,False,False,False,False,False,False,False,False,False,False,False,7495.881336415224,-344.8813364152238
"Portátil HP 14"" Intel 4 GB RAM 64 GB SSD Win11 Blanco Copo de Nieve",7741.0,4.0,64.0,SSD,No especificado,0,14.0,No especificado,No especificado,No especificado,Intel,14.0,Estandar,0,0,0,0,0,0,0,0,2,2.0,6.0,8.0,0.0,0,False,False,False,False,False,False,False,True,False,False,False,False,False,False,False,False,False,False,False,False,False,False,False,False,False,5751.168461768231,1989.8315382317687
Portátil HP 35 cm Intel N150 8 GB RAM 128 GB UFS Windows 11,9107.0,8.0,128.0,SSD,Intel N150,0,,No especificado,No especificado,No especificado,Intel,,Estandar,0,0,0,0,0,0,0,0,1,3.0,7.0,8.0,0.0,0,False,False,False,False,False,False,False,True,False,False,False,False,False,False,False,False,False,False,False,False,False,False,False,False,False,8705.603752867748,401.39624713225203
Portátil HP 36 cm Intel Core 4 GB RAM 64 GB SSD Win 11,7741.0,4.0,64.0,SSD,Core 4,0,,No especificado,No especificado,No especificado,Intel,,Estandar,0,0,0,0,0,0,0,0,2,2.0,6.0,8.0,0.0,0,False,False,False,False,False,False,False,True,False,False,False,False,False,False,False,False,False,False,False,False,False,False,False,False,False,5751.168461768231,1989.8315382317687
"Portátil HP 14"" Intel N150 4 GB RAM 128 GB UFS con Windows 11",7191.0,4.0,128.0,SSD,Intel N150,0,14.0,No especificado,No especificado,No especificado,Intel,14.0,Estandar,0,0,0,0,0,0,0,0,1,2.0,7.0,4.0,0.0,0,False,False,False,False,False,False,False,True,False,False,False,False,False,False,False,False,False,False,False,False,False,False,False,False,False,7495.881336415224,-304.8813364152238
"Portátil HP 14"" Intel Core 4 GB RAM 64 GB SSD Windows 11 Blanco",7216.0,4.0,64.0,SSD,Core 4,0,14.0,No especificado,No especificado,No especificado,Intel,14.0,Estandar,0,0,0,0,0,0,0,0,2,2.0,6.0,8.0,0.0,0,False,False,False,False,False,False,False,True,False,False,False,False,False,False,False,False,False,False,False,False,False,False,False,False,False,5751.168461768231,1464.8315382317687
"Portátil HP 14"" LED Intel N150 16 GB RAM 640 GB Windows 11",9775.0,16.0,640.0,SSD,Intel N150,0,14.0,No especificado,No especificado,No especificado,Intel,14.0,Estandar,0,0,0,0,0,0,0,0,1,4.0,9.321928094887362,16.0,0.0,0,False,False,False,False,False,False,False,True,False,False,False,False,False,False,False,False,False,False,False,False,False,False,False,False,False,11539.184978403418,-1764.1849784034184
Laptop Acer Aspire Lite 15 AL15-36P 15.6 FHD Intel Core 3 8GB RAM 128GB SSD Windows 11 color Silver,7999.0,8.0,128.0,SSD,Core 3,0,15.6,No especificado,No especificado,No especificado,Intel,15.6,Estandar,0,0,0,0,0,0,0,0,1,3.0,7.0,8.0,0.0,0,False,False,False,False,False,False,False,False,False,False,False,False,False,False,False,False,False,False,False,False,False,False,False,False,False,8110.10153549095,-111.10153549094957
"Laptop hp 250 g10 intel core i3 n305 16gb 512gb 15.6""",9499.0,16.0,512.0,SSD,Core I3,0,15.6,Intel Core i3-N305,8,Alder Lake-N,Intel,15.6,Estandar,0,0,0,0,0,0,0,0,3,4.0,9.0,48.0,0.0,0,False,False,False,False,False,False,False,True,False,False,False,False,False,False,False,False,False,False,False,False,False,False,False,False,False,16074.740055814691,-6575.740055814691
Laptop Lenovo IdeaPad Slim 3 Snapdragon X 8 Core 16GB RAM 512GB SSD Windows 11 con Impresora Multifuncional HP,14799.0,16.0,512.0,SSD,Core 1,0,,No especificado,No especificado,No especificado,Otros,,Estandar,0,0,0,0,0,0,0,0,2,4.0,9.0,32.0,0.0,0,False,False,False,False,False,False,False,False,False,False,False,False,False,False,True,False,False,False,False,False,False,False,False,False,False,25233.682061344956,-10434.682061344956
Laptop Asus Vivobook F1504va Core I5-1334u 8GB Ram 512GB SSD con Impresora Multifuncional HP,13699.0,8.0,512.0,SSD,Core I5,0,,Intel Core i5,No especificado,No especificado,Intel,,Estandar,0,0,0,0,0,0,0,0,4,3.0,9.0,32.0,0.0,0,False,False,True,False,False,False,False,False,False,False,False,False,False,False,False,False,False,False,False,False,False,False,False,False,False,15332.590178109807,-1633.5901781098073
"Laptop Lenovo IdeaPad Slim 3 15.6"" FHD Intel Core i5-1335U 16GB RAM 256GB SSD Windows 11 Home Arctic Grey",12469.0,16.0,256.0,SSD,Core I5,0,15.6,Intel Core i5-1335U,10,13ª Gen (Raptor Lake),Intel,15.6,Estandar,0,0,0,0,0,0,0,0,4,4.0,8.0,64.0,0.0,0,False,False,False,True,False,False,False,False,False,False,False,False,False,False,False,False,False,False,False,False,False,False,False,False,False,9951.66650847627,2517.33349152373
"Laptop Dell 15 DC15250 15.6"" FHD Intel Core i7-1355U 8GB RAM 512GB SSD Windows 11 Home Carbon Black",14649.0,8.0,512.0,SSD,Core I7,0,15.6,Intel Core i7-1355U,10,13ª Gen (Raptor Lake),Intel,15.6,Estandar,0,0,0,0,0,0,0,0,5,3.0,9.0,40.0,0.0,0,False,False,False,True,False,False,False,False,False,False,False,False,False,False,False,False,False,False,False,False,False,False,False,False,False,13861.41598476594,787.5840152340606
"Laptop ASUS Vivobook 17.3"" FHD Intel Core i3 8GB 512GB",14818.0,8.0,512.0,SSD,Core I3,0,17.3,Intel Core i3,No especificado,No especificado,Intel,17.3,Grande,0,0,0,0,0,0,0,0,3,3.0,9.0,24.0,0.0,0,False,False,True,False,False,False,False,False,False,False,False,False,False,False,False,False,False,False,False,False,False,False,False,False,False,12972.923025598267,1845.0769744017325
Laptop Lenovo IdeaPad Slim 3 Intel Core i5 8GB RAM 512GB SSD 15.6 Delgada,11199.0,8.0,512.0,SSD,Core I5,0,15.6,Intel Core i5,No especificado,No especificado,Intel,15.6,Estandar,0,0,0,0,0,0,0,0,4,3.0,9.0,32.0,0.0,0,False,False,False,False,False,False,False,False,False,False,False,False,False,False,True,False,False,False,False,False,False,False,False,False,False,13321.441696988275,-2122.441696988275
Laptop HP 250 G10 Intel Core i3-N305 8GB RAM 512GB SSD 15.6 Ergonomica,8819.0,8.0,512.0,SSD,Core I3,0,15.6,Intel Core i3-N305,8,Alder Lake-N,Intel,15.6,Estandar,0,0,0,0,0,0,0,0,3,3.0,9.0,24.0,0.0,0,False,False,False,False,False,False,False,True,False,False,False,False,False,False,False,False,False,False,False,False,False,False,False,False,False,12944.669713710266,-4125.669713710266
Laptop Asus Vivobook AMD Ryzen 7 8GB RAM 512GB SSD 14 FHD Ultrafina,11259.0,8.0,512.0,SSD,Ryzen 7,0,,No especificado,No especificado,No especificado,AMD,14.0,Estandar,0,0,0,0,0,0,0,0,5,3.0,9.0,40.0,0.0,0,False,False,True,False,False,False,False,False,False,False,False,False,False,False,False,False,False,False,False,False,False,False,False,False,False,15099.72079210364,-3840.7207921036406
Laptop Lenovo V14 G4 ABP AMD Ryzen 7 16GB RAM 512GB SSD 14 Trabajo Profesional,15849.0,16.0,512.0,SSD,Ryzen 7,0,,No especificado,No especificado,No especificado,AMD,14.0,Estandar,0,0,0,0,0,0,0,0,5,4.0,9.0,80.0,0.0,0,False,False,False,False,False,False,False,False,False,False,False,False,False,False,True,False,False,False,False,False,False,False,False,False,False,22346.942275634836,-6497.942275634836
Laptop Gamer Lenovo LOQ 15IAX9 Intel Core i5 16GB RAM 1TB SSD 15.6 FHD,18449.0,16.0,1024.0,SSD,Core I5,0,15.6,Intel Core i5,No especificado,No especificado,Intel,15.6,Estandar,0,1,0,0,0,0,0,0,4,4.0,10.0,64.0,0.0,0,False,False,False,False,False,False,False,False,False,False,False,False,False,False,True,False,False,False,False,False,False,False,False,False,False,34495.563932465964,-16046.563932465964
Laptop HP 240 G10 Intel Core i3 13a Gen 8GB RAM 512GB SSD 14 Pulgadas,8149.0,8.0,512.0,SSD,Core I3,0,14.0,Intel Core i3,No especificado,No especificado,Intel,14.0,Estandar,0,0,0,0,0,0,0,0,3,3.0,9.0,24.0,0.0,0,False,False,False,False,False,False,False,True,False,False,False,False,False,False,False,False,False,False,False,False,False,False,False,False,False,12944.669713710266,-4795.669713710266
Laptop Lenovo ThinkPad E14 AMD Ryzen 7 32GB RAM 1TB SSD 14 Negocios Premium,28059.0,32.0,1024.0,SSD,Ryzen 7,0,,No especificado,No especificado,No especificado,AMD,14.0,Estandar,0,0,0,0,0,0,0,0,5,5.0,10.0,160.0,0.0,0,False,False,False,False,False,False,False,False,False,False,False,False,False,False,True,False,False,False,False,False,False,False,False,False,False,42207.33955721285,-14148.33955721285
Laptop Asus Vivobook Intel Core i5 8GB RAM 256GB SSD 15.6 Pantalla Tactil,16409.0,8.0,256.0,SSD,Core I5,0,15.6,Intel Core i5,No especificado,No especificado,Intel,15.6,Estandar,0,0,0,0,1,0,0,0,4,3.0,8.0,32.0,0.0,0,False,False,True,False,False,False,False,False,False,False,False,False,False,False,False,False,False,False,False,False,False,False,False,False,False,16071.411321241923,337.58867875807664
Laptop HP 245 G10 Ryzen 3 8GB 256GB SSD Negro,8299.0,8.0,256.0,SSD,Ryzen 3,0,,AMD Ryzen 3,No especificado,No especificado,AMD,,Estandar,0,0,0,0,0,0,0,0,3,3.0,8.0,24.0,0.0,0,False,False,False,False,False,False,False,True,False,False,False,False,False,False,False,False,False,False,False,False,False,False,False,False,False,10454.363186473598,-2155.363186473598
Laptop Lenovo V14 G4 Core i7 16GB 512GB SSD Negro,13599.0,16.0,512.0,SSD,Core I7,0,,Intel Core i7,No especificado,No especificado,Intel,,Estandar,0,0,0,0,0,0,0,0,5,4.0,9.0,80.0,0.0,0,False,False,False,False,False,False,False,False,False,False,False,False,False,False,True,False,False,False,False,False,False,False,False,False,False,22346.942275634836,-8747.942275634836
Laptop HP 250 G10 Core i5 8GB 512GB SSD Plata,10999.0,8.0,512.0,SSD,Core I5,0,,Intel Core i5,No especificado,No especificado,Intel,,Estandar,0,0,0,0,0,0,0,0,4,3.0,9.0,32.0,0.0,0,False,False,False,False,False,False,False,True,False,False,False,False,False,False,False,False,False,False,False,False,False,False,False,False,False,13053.852103794592,-2054.852103794592
"Laptop Dell Latitude 5420 Reacondicionado 14"" FHD Tactil Intel Core i5 16GB RAM 256GB SSD Windows 11",6299.0,16.0,256.0,SSD,Core I5,0,14.0,Intel Core i5,No especificado,No especificado,Intel,14.0,Estandar,1,0,1,0,1,0,0,0,4,4.0,8.0,64.0,0.0,0,False,False,False,True,False,False,False,False,False,False,False,False,False,False,False,False,False,False,False,False,False,False,False,False,False,11294.489372294373,-4995.4893722943725
"Laptop HP Gaming Victus 15-fa2019la Intel Core i7 16 GB RAM NVIDIA GeForce RTX 3050 1 TB SSD 15.6"" FHD 144 Hz W11 Home",19999.0,16.0,1024.0,SSD,Core I7,1,15.6,Intel Core i7,No especificado,No especificado,Intel,15.6,Estandar,0,1,0,0,0,0,0,2,5,4.0,10.0,80.0,32.0,2,False,False,False,False,False,False,False,True,False,False,False,False,False,False,False,False,False,False,False,False,False,False,False,False,False,30953.849848011803,-10954.849848011803
"Laptop Microsoft Surface 3 13,5"" táctil, Intel Core i5, 8 GB de RAM, SSD de 256 GB, negro, Reacondicionado",5299.0,8.0,256.0,SSD,Core I5,0,13.5,Intel Core i5,No especificado,No especificado,Intel,13.5,Ultraportatil,1,0,0,0,1,0,0,0,4,3.0,8.0,32.0,0.0,0,False,False,False,False,False,False,False,False,False,False,False,False,False,False,False,False,False,False,True,False,False,False,False,False,False,7523.0558968213,-2224.0558968213
"Laptop HP Ultrabook 14"" Intel N150 8 GB 128 GB SSD Win11",7988.0,8.0,128.0,SSD,Intel N150,0,14.0,No especificado,No especificado,No especificado,Intel,14.0,Estandar,0,0,0,0,0,0,0,0,1,3.0,7.0,8.0,0.0,0,False,False,False,False,False,False,False,True,False,False,False,False,False,False,False,False,False,False,False,False,False,False,False,False,False,8705.603752867748,-717.603752867748
"Portátil Lenovo Chromebook m 15"" MediaTek 8 GB 128 GB Luna",12131.0,8.0,128.0,SSD,No especificado,0,15.0,No especificado,No especificado,No especificado,Otros,15.0,Estandar,0,0,0,0,0,0,0,0,1,3.0,7.0,8.0,0.0,0,False,False,False,False,False,False,False,False,False,False,False,False,False,False,True,False,False,False,False,False,False,False,False,False,False,10321.344160641242,1809.6558393587584
"Laptop HP 14-dq6101dx 14"" Intel N150 4GB RAM 128GB UFS Windows 11 Wi-Fi 6",7999.0,4.0,128.0,SSD,Intel N150,0,14.0,No especificado,No especificado,No especificado,Intel,14.0,Estandar,0,0,0,0,0,0,0,0,1,2.0,7.0,4.0,0.0,0,False,False,False,False,False,False,False,True,False,False,False,False,False,False,False,False,False,False,False,False,False,False,False,False,False,7495.881336415224,503.1186635847762
"Laptop ASUS Vivobook 14"" FHD i3-1215U 8GB 128GB SSD",12055.0,8.0,128.0,SSD,No especificado,0,14.0,Intel Core i3-1215U,6,12ª Gen (Alder Lake),Intel,14.0,Estandar,0,0,0,0,0,0,0,0,3,3.0,7.0,24.0,0.0,0,False,False,True,False,False,False,False,False,False,False,False,False,False,False,False,False,False,False,False,False,False,False,False,False,False,9955.989983158446,2099.010016841554
"HP Laptop 14"" HD Intel N150 4GB RAM 128GB UFS Natural Silver",5679.0,4.0,128.0,SSD,Intel N150,0,14.0,No especificado,No especificado,No especificado,Intel,14.0,Estandar,0,0,0,0,0,0,0,0,1,2.0,7.0,4.0,0.0,0,False,False,False,False,False,False,False,True,False,False,False,False,False,False,False,False,False,False,False,False,False,False,False,False,False,7495.881336415224,-1816.8813364152238
"Laptop HP Pavilion Plus 14"" 2.2K Intel Core i5-1240P 8GB RAM 512GB SSD Windows 11 Home 6L6C7LA",11589.0,8.0,512.0,SSD,Core I5,0,14.0,Intel Core i5,No especificado,No especificado,Intel,14.0,Estandar,0,0,0,0,0,0,0,0,4,3.0,9.0,32.0,0.0,0,False,False,False,False,False,False,False,True,False,False,False,False,False,False,False,False,False,False,False,False,False,False,False,False,False,13053.852103794592,-1464.852103794592
Laptop HP 14 Pulgadas Intel Celeron N4120 4GB RAM 64GB eMMC Windows 11 Home 2C3C3LA,9399.0,4.0,64.0,SSD,Celeron,0,14.0,No especificado,No especificado,No especificado,Intel,14.0,Estandar,0,0,0,0,0,0,0,0,1,2.0,6.0,4.0,0.0,0,False,False,False,False,False,False,False,True,False,False,False,False,False,False,False,False,False,False,False,False,False,False,False,False,False,6761.548569844263,2637.4514301557374
"Laptop HP 250R G10 15.6"" Full HD Intel Core i5-1334U 8GB RAM 512GB SSD Windows 11 Home C78E0AT",11379.0,8.0,512.0,SSD,Core I5,0,15.6,Intel Core i5,No especificado,No especificado,Intel,15.6,Estandar,0,0,0,0,0,0,0,0,4,3.0,9.0,32.0,0.0,0,False,False,False,False,False,False,False,True,False,False,False,False,False,False,False,False,False,False,False,False,False,False,False,False,False,13053.852103794592,-1674.852103794592
"Laptop HP 14-dq0532la 14"" Intel Celeron N4120 4GB RAM 128GB SSD Windows 11 Home",4935.0,4.0,128.0,SSD,Celeron,0,14.0,No especificado,No especificado,No especificado,Intel,14.0,Estandar,0,0,0,0,0,0,0,0,1,2.0,7.0,4.0,0.0,0,False,False,False,False,False,False,False,True,False,False,False,False,False,False,False,False,False,False,False,False,False,False,False,False,False,7495.881336415224,-2560.881336415224
"Laptop HP Pavilion Plus 14-ew0001la 14"" 2.2K Intel Core i5-1335U 16GB RAM 512GB SSD Windows 11",15199.0,16.0,512.0,SSD,Core I5,0,14.0,Intel Core i5-1335U,10,13ª Gen (Raptor Lake),Intel,14.0,Estandar,0,0,0,0,0,0,0,0,4,4.0,9.0,64.0,0.0,0,False,False,False,False,False,False,False,True,False,False,False,False,False,False,False,False,False,False,False,False,False,False,False,False,False,17364.92034604292,-2165.92034604292
Laptop HP de 15.6 pulgadas HD Pentium N200 1.8GHz Intel UHD Graphics 4GB RAM 128 SSD Windows 11 con Microsoft 365 por 1 año (Rojo Escarlata),7034.0,4.0,128.0,SSD,No especificado,0,15.6,Intel Processor N200,4,Alder Lake-N,Intel,15.6,Estandar,0,0,0,0,0,0,0,1,1,2.0,7.0,4.0,4.0,0,False,False,False,False,False,False,False,True,False,False,False,False,False,False,False,False,False,False,False,False,False,False,False,False,False,8145.936950365377,-1111.936950365377
"Laptop Lenovo IdeaPad Slim 3 de 15,6 pulgadas FHD, procesador Ryzen 5, 8 GB de RAM, SSD de 512 GB, Windows 11, color azul abismo.",9499.0,8.0,512.0,SSD,Ryzen 5,0,15.6,AMD Ryzen 5,No especificado,No especificado,AMD,15.6,Estandar,0,0,0,0,0,0,0,0,4,3.0,9.0,32.0,0.0,0,False,False,False,False,False,False,False,False,False,False,False,False,False,False,True,False,False,False,False,False,False,False,False,False,False,13321.441696988275,-3822.441696988275
"Laptop HP Intel N150 4GB RAM 128GB SSD 14"" Windows 11",7832.0,4.0,128.0,SSD,Intel N150,0,14.0,No especificado,No especificado,No especificado,Intel,14.0,Estandar,0,0,0,0,0,0,0,0,1,2.0,7.0,4.0,0.0,0,False,False,False,False,False,False,False,True,False,False,False,False,False,False,False,False,False,False,False,False,False,False,False,False,False,7495.881336415224,336.1186635847762
"Laptop HP Ultrabook 14"" Intel 4GB 256GB SSD Oro Rosa",8976.0,4.0,256.0,SSD,No especificado,0,14.0,No especificado,No especificado,No especificado,Intel,14.0,Estandar,0,0,0,0,0,0,0,0,2,2.0,8.0,8.0,0.0,0,False,False,False,False,False,False,False,True,False,False,False,False,False,False,False,False,False,False,False,False,False,False,False,False,False,7860.528456890125,1115.4715431098748
"Laptop HP 14"" Intel Celeron 8GB RAM 64GB eMMC Oro Rosa",7896.0,8.0,64.0,SSD,Celeron,0,14.0,No especificado,No especificado,No especificado,Intel,14.0,Estandar,0,0,0,0,0,0,0,0,1,3.0,6.0,8.0,0.0,0,False,False,False,False,False,False,False,True,False,False,False,False,False,False,False,False,False,False,False,False,False,False,False,False,False,8348.812928929852,-452.8129289298522
"Laptop HP 14"" Intel N150 4GB RAM 640GB Windows 11",8001.0,4.0,640.0,SSD,Intel N150,0,14.0,No especificado,No especificado,No especificado,Intel,14.0,Estandar,0,0,0,0,0,0,0,0,1,2.0,9.321928094887362,4.0,0.0,0,False,False,False,False,False,False,False,True,False,False,False,False,False,False,False,False,False,False,False,False,False,False,False,False,False,8786.189166372367,-785.1891663723673
"Laptop HP 14"" Intel N150 4GB RAM 640GB Windows 11",8247.0,4.0,640.0,SSD,Intel N150,0,14.0,No especificado,No especificado,No especificado,Intel,14.0,Estandar,0,0,0,0,0,0,0,0,1,2.0,9.321928094887362,4.0,0.0,0,False,False,False,False,False,False,False,True,False,False,False,False,False,False,False,False,False,False,False,False,False,False,False,False,False,8786.189166372367,-539.1891663723673
"Portátil HP 14"" Intel N150 4GB RAM 640GB Win11 Home",8247.0,4.0,640.0,SSD,Intel N150,0,14.0,No especificado,No especificado,No especificado,Intel,14.0,Estandar,0,0,0,0,0,0,0,0,1,2.0,9.321928094887362,4.0,0.0,0,False,False,False,False,False,False,False,True,False,False,False,False,False,False,False,False,False,False,False,False,False,False,False,False,False,8786.189166372367,-539.1891663723673
"HP Laptop 14"" HD AMD Athlon 4GB RAM 128GB SSD Azul Luna",5299.0,4.0,128.0,SSD,Athlon,0,14.0,No especificado,No especificado,No especificado,AMD,14.0,Estandar,0,0,0,0,0,0,0,0,1,2.0,7.0,4.0,0.0,0,False,False,False,False,False,False,False,True,False,False,False,False,False,False,False,False,False,False,False,False,False,False,False,False,False,7495.881336415224,-2196.881336415224
"Notebook HP 17.3"" HD+ Táctil Intel N100 4GB 128GB",11668.0,4.0,128.0,SSD,Intel N100,0,17.3,Intel Processor N100,4,Alder Lake-N,Intel,17.3,Grande,0,0,0,0,1,0,0,0,1,2.0,7.0,4.0,0.0,0,False,False,False,False,False,False,False,True,False,False,False,False,False,False,False,False,False,False,False,False,False,False,False,False,False,8248.950581066243,3419.049418933757
"Laptop HP Ultrabook 14"" 4GB RAM Intel N150 128GB SSD Win11",7832.0,4.0,128.0,SSD,Intel N150,0,14.0,No especificado,No especificado,No especificado,Intel,14.0,Estandar,0,0,0,0,0,0,0,0,1,2.0,7.0,4.0,0.0,0,False,False,False,False,False,False,False,True,False,False,False,False,False,False,False,False,False,False,False,False,False,False,False,False,False,7495.881336415224,336.1186635847762
"Laptop HP 14"" Intel Celeron 16GB RAM 64GB eMMC",9031.0,16.0,64.0,SSD,Celeron,0,14.0,No especificado,No especificado,No especificado,Intel,14.0,Estandar,0,0,0,0,0,0,0,0,1,4.0,6.0,16.0,0.0,0,False,False,False,False,False,False,False,True,False,False,False,False,False,False,False,False,False,False,False,False,False,False,False,False,False,9750.734500735207,-719.7345007352069
"Laptop ASUS Vivobook 14"" FHD Intel Core i5 8GB 512GB SSD",15883.0,8.0,512.0,SSD,Core I5,0,14.0,Intel Core i5,No especificado,No especificado,Intel,14.0,Estandar,0,0,0,0,0,0,0,0,4,3.0,9.0,32.0,0.0,0,False,False,True,False,False,False,False,False,False,False,False,False,False,False,False,False,False,False,False,False,False,False,False,False,False,15332.590178109807,550.4098218901927
"Lenovo IdeaPad Slim 15.6"" FHD Ryzen 5 8GB RAM 256GB SSD Abyss Blue",10219.0,8.0,256.0,SSD,Ryzen 5,0,15.6,AMD Ryzen 5,No especificado,No especificado,AMD,15.6,Estandar,0,0,0,0,0,0,0,0,4,3.0,8.0,32.0,0.0,0,False,False,False,False,False,False,False,False,False,False,False,False,False,False,True,False,False,False,False,False,False,False,False,False,False,13015.447442431576,-2796.447442431576
"Dell Alienware 15.3"" WUXGA Ryzen 5 16GB RAM 512GB SSD RTX 4050",24929.0,16.0,512.0,SSD,Ryzen 5,1,15.3,AMD Ryzen 5,No especificado,No especificado,AMD,15.3,Estandar,0,1,0,0,0,0,0,2,4,4.0,9.0,64.0,32.0,2,False,False,False,True,False,False,False,False,False,False,False,False,False,False,False,False,False,False,False,False,False,False,False,False,False,21742.61529272083,3186.3847072791687
"HP Laptop 14"" HD Intel N150 4GB RAM 128GB UFS Lavanda Miel",5469.0,4.0,128.0,SSD,Intel N150,0,14.0,No especificado,No especificado,No especificado,Intel,14.0,Estandar,0,0,0,0,0,0,0,0,1,2.0,7.0,4.0,0.0,0,False,False,False,False,False,False,False,True,False,False,False,False,False,False,False,False,False,False,False,False,False,False,False,False,False,7495.881336415224,-2026.8813364152238
"Laptop HP 245 G10 AMD Ryzen 5 8GB RAM 512GB SSD 14"" Windows 11 Home",8619.0,8.0,512.0,SSD,Ryzen 5,0,14.0,AMD Ryzen 5,No especificado,No especificado,AMD,14.0,Estandar,0,0,0,0,0,0,0,0,4,3.0,9.0,32.0,0.0,0,False,False,False,False,False,False,False,True,False,False,False,False,False,False,False,False,False,False,False,False,False,False,False,False,False,13053.852103794592,-4434.852103794592
"Acer Chromebook 315 15.6"" FHD 4GB 352GB Intel N4500",9062.0,4.0,352.0,SSD,Intel N4500,0,15.6,No especificado,No especificado,No especificado,Intel,15.6,Estandar,0,0,0,0,0,0,0,0,1,2.0,8.459431618637296,4.0,0.0,0,False,False,False,False,False,False,False,False,False,False,False,False,False,False,False,False,False,False,False,False,False,False,False,False,False,7403.155620751484,1658.844379248516
"Notebook Acer Chromebook 315 15.6"" FHD Intel N4500 4GB 224GB",9001.0,4.0,224.0,SSD,Intel N4500,0,15.6,No especificado,No especificado,No especificado,Intel,15.6,Estandar,0,0,0,0,0,0,0,0,1,2.0,7.807354922057604,4.0,0.0,0,False,False,False,False,False,False,False,False,False,False,False,False,False,False,False,False,False,False,False,False,False,False,False,False,False,5692.248610819337,3308.751389180663
"Notebook ASUS Vivobook 14"" i3-1315U 8GB RAM 128GB SSD",10211.0,8.0,128.0,SSD,No especificado,0,14.0,Intel Core i3-1315U,6,13ª Gen (Raptor Lake),Intel,14.0,Estandar,0,0,0,0,0,0,0,0,3,3.0,7.0,24.0,0.0,0,False,False,True,False,False,False,False,False,False,False,False,False,False,False,False,False,False,False,False,False,False,False,False,False,False,9955.989983158446,255.0100168415538
"Laptop Lenovo 2026 i5-1335U 156"" FHD táctil 16 GB 512 GB SSD",14818.0,16.0,512.0,SSD,No especificado,0,,Intel Core i5-1335U,10,13ª Gen (Raptor Lake),Intel,16.0,Grande,0,0,0,0,1,0,0,0,4,4.0,9.0,64.0,0.0,0,False,False,False,False,False,False,False,False,False,False,False,False,False,False,True,False,False,False,False,False,False,False,False,False,False,16603.079366951108,-1785.0793669511077
"Laptop Lenovo V15 2026 Intel N150 16GB 256GB SSD 15.6""",13612.0,16.0,256.0,SSD,Intel N150,0,15.6,No especificado,No especificado,No especificado,Intel,15.6,Estandar,0,0,0,0,0,0,0,0,1,4.0,8.0,16.0,0.0,0,False,False,False,False,False,False,False,False,False,False,False,False,False,False,True,False,False,False,False,False,False,False,False,False,False,12090.200831227841,1521.7991687721587
"Laptop Lenovo V15 15.6"" FHD Intel N150 16GB DDR5 256GB SSD",13599.0,16.0,256.0,SSD,Intel N150,0,15.6,No especificado,No especificado,No especificado,Intel,15.6,Estandar,0,0,0,0,0,0,0,0,1,4.0,8.0,16.0,0.0,0,False,False,False,False,False,False,False,False,False,False,False,False,False,False,True,False,False,False,False,False,False,False,False,False,False,12090.200831227841,1508.7991687721587
"Laptop HP Pavilion 14"" 16GB RAM 512GB SSD Intel N150",8728.0,16.0,512.0,SSD,Intel N150,0,14.0,No especificado,No especificado,No especificado,Intel,14.0,Estandar,0,0,0,0,0,0,0,0,1,4.0,9.0,16.0,0.0,0,False,False,False,False,False,False,False,True,False,False,False,False,False,False,False,False,False,False,False,False,False,False,False,False,False,13478.951727340898,-4750.951727340898
"Notebook HP Pavilion 173"" con pantalla táctil Intel i3 16 GB 512 GB",7767.0,16.0,512.0,SSD,No especificado,0,,No especificado,No especificado,No especificado,Intel,16.0,Grande,0,0,0,0,1,0,0,0,3,4.0,9.0,48.0,0.0,0,False,False,False,False,False,False,False,True,False,False,False,False,False,False,False,False,False,False,False,False,False,False,False,False,False,16546.009333883067,-8779.009333883067
HP Chromebook 11MK G9 Edición Educación - Laptop con Pantalla HD de 11.6 Pulgadas MediaTek MT8183 Gráficos Integrados 4GB RAM LPDDR4X 32GB eMMC Wi-Fi,4948.0,4.0,32.0,SSD,No especificado,0,11.6,No especificado,No especificado,No especificado,Otros,11.6,Ultraportatil,0,0,0,0,0,0,0,0,1,2.0,5.0,4.0,0.0,0,False,False,False,False,False,False,False,True,False,False,False,False,False,False,False,False,False,False,False,False,False,False,False,False,False,6104.404654349254,-1156.404654349254
Ordenador portátil HP Business de 156 pulgadas Windows 11 Pro i3-1215U 16 GB de RAM SSD de 1 TB,14565.0,16.0,1024.0,SSD,No especificado,0,15.6,Intel Core i3-1215U,6,12ª Gen (Alder Lake),Intel,15.6,Estandar,0,0,0,0,0,0,0,0,3,4.0,10.0,48.0,0.0,0,False,False,False,False,False,False,False,True,False,False,False,False,False,False,False,False,False,False,False,False,False,False,False,False,False,17240.747269985008,-2675.7472699850077
LAPTOP DELL INSPIRON 15 DC15255 NEGRO 15in AMD RYZEN 7 7730U 16GB 512GB SSD Windows Home S,14999.0,16.0,512.0,SSD,Ryzen 7,0,15.0,AMD Ryzen 7 7730U,8,Serie 7000 (Zen 3),AMD,15.0,Estandar,0,0,0,0,0,0,0,0,5,4.0,9.0,80.0,0.0,0,False,False,False,False,False,False,False,False,False,False,False,False,False,True,False,False,False,False,False,False,False,False,False,False,False,18205.007791130327,-3206.007791130327
LAPTOP HP 15-FC0146DX PLATA 15in AMD RYZEN 5 7520U 8GB 512GB SSD Windows 11,11899.0,8.0,512.0,SSD,Ryzen 5,0,15.0,AMD Ryzen 5 7520U,4,Serie 7000 (Zen 2),AMD,15.0,Estandar,0,0,0,0,0,0,0,0,4,3.0,9.0,32.0,0.0,0,False,False,False,False,False,False,False,True,False,False,False,False,False,False,False,False,False,False,False,False,False,False,False,False,False,13053.852103794592,-1154.852103794592
Laptop ai pc hp omnibook 3 snapdragon 16gb 512gb copilot+ pc,12999.0,16.0,512.0,SSD,No especificado,0,,No especificado,No especificado,No especificado,Otros,,Estandar,0,0,0,1,0,0,0,0,2,4.0,9.0,32.0,0.0,0,False,False,False,False,False,False,False,True,False,False,False,False,False,False,False,False,False,False,False,False,False,False,False,False,False,21014.404054996445,-8015.404054996445
"Laptop ASUS VivoBook 16"" Intel Core i9-13900H 16GB 1TB SSD Windows 11 color Silver",18599.0,16.0,1024.0,SSD,Core I9,0,16.0,No especificado,No especificado,No especificado,Intel,16.0,Grande,0,0,0,0,0,0,0,0,6,4.0,10.0,96.0,0.0,0,False,False,True,False,False,False,False,False,False,False,False,False,False,False,False,False,False,False,False,False,False,False,False,False,False,28415.371460074042,-9816.371460074042
"Laptop hp 15 core i7 1355u 16gb 512gb pantalla 15.6"" touch",15499.0,16.0,512.0,SSD,Core I7,0,15.6,Intel Core i7-1355U,10,13ª Gen (Raptor Lake),Intel,15.6,Estandar,0,0,0,0,1,0,0,0,5,4.0,9.0,80.0,0.0,0,False,False,False,False,False,False,False,True,False,False,False,False,False,False,False,False,False,False,False,False,False,False,False,False,False,19033.090776113222,-3534.090776113222
"Laptop HP 156"" FHD 2026 Intel N100 32 GB 1 TB SSD",11081.0,32.0,1024.0,SSD,Intel N100,0,,Intel Processor N100,4,Alder Lake-N,Intel,,Estandar,0,0,0,0,0,0,0,0,1,5.0,10.0,32.0,0.0,0,False,False,False,False,False,False,False,True,False,False,False,False,False,False,False,False,False,False,False,False,False,False,False,False,False,14805.003723963046,-3724.0037239630456
"Notebook HP 156"" Intel 4 núcleos 8 GB 128 GB SSD Windows 11",11446.0,8.0,128.0,SSD,No especificado,0,,No especificado,No especificado,No especificado,Intel,,Estandar,0,0,0,0,0,0,0,0,2,3.0,7.0,16.0,0.0,0,False,False,False,False,False,False,False,True,False,False,False,False,False,False,False,False,False,False,False,False,False,False,False,False,False,8872.393485727443,2573.6065142725565
"Laptop HP Pavilion 156"" HD Intel N100 8 GB 512 GB SSD",11692.0,8.0,512.0,SSD,Intel N100,0,,Intel Processor N100,4,Alder Lake-N,Intel,,Estandar,0,0,0,0,0,0,0,0,1,3.0,9.0,8.0,0.0,0,False,False,False,False,False,False,False,True,False,False,False,False,False,False,False,False,False,False,False,False,False,False,False,False,False,11198.945613497466,493.0543865025338
"Laptop lenovo v14 g4 core i7 13620h 16gb 512gb pantalla 14""",16999.0,16.0,512.0,SSD,Core I7,0,14.0,Intel Core i7,No especificado,No especificado,Intel,14.0,Estandar,0,0,0,0,0,0,0,0,5,4.0,9.0,80.0,0.0,0,False,False,False,False,False,False,False,False,False,False,False,False,False,False,True,False,False,False,False,False,False,False,False,False,False,22346.942275634836,-5347.942275634836
Laptop ai gamer msi rtx 5060 8gb ryzen 9 16gb 1tb,32999.0,8.0,1024.0,SSD,Ryzen 9,1,,No especificado,No especificado,No especificado,AMD,,Estandar,0,1,0,0,0,0,0,3,6,3.0,10.0,48.0,24.0,3,False,False,False,False,False,False,False,False,False,False,False,False,False,False,False,False,False,False,False,True,False,False,False,False,False,35525.433781834385,-2526.4337818343847
"Laptop HP 14"" Intel N150 4GB RAM 384GB Windows 11",8001.0,4.0,384.0,SSD,Intel N150,0,14.0,No especificado,No especificado,No especificado,Intel,14.0,Estandar,0,0,0,0,0,0,0,0,1,2.0,8.584962500721156,4.0,0.0,0,False,False,False,False,False,False,False,True,False,False,False,False,False,False,False,False,False,False,False,False,False,False,False,False,False,8080.623472163802,-79.62347216380203
"Laptop HP 14"" Intel N150 16GB RAM 640GB Almacenamiento Win11",13059.0,16.0,640.0,SSD,Intel N150,0,14.0,No especificado,No especificado,No especificado,Intel,14.0,Estandar,0,0,0,0,0,0,0,0,1,4.0,9.321928094887362,16.0,0.0,0,False,False,False,False,False,False,False,True,False,False,False,False,False,False,False,False,False,False,False,False,False,False,False,False,False,11539.184978403418,1519.8150215965816
"Laptop HP 14"" Intel N150 4GB RAM 640GB Windows 11",10389.0,4.0,640.0,SSD,Intel N150,0,14.0,No especificado,No especificado,No especificado,Intel,14.0,Estandar,0,0,0,0,0,0,0,0,1,2.0,9.321928094887362,4.0,0.0,0,False,False,False,False,False,False,False,True,False,False,False,False,False,False,False,False,False,False,False,False,False,False,False,False,False,8786.189166372367,1602.8108336276327
"Laptop HP Stream 14"" Intel N150 4GB RAM 1.12TB Win11",8143.0,4.0,1152.0,SSD,Intel N150,0,14.0,No especificado,No especificado,No especificado,Intel,14.0,Estandar,0,0,0,0,0,0,0,0,1,2.0,10.169925001442312,4.0,0.0,0,False,False,False,False,False,False,False,True,False,False,False,False,False,False,False,False,False,False,False,False,False,False,False,False,False,9419.14664450763,-1276.1466445076294
"Laptop HP 156"" Intel N200 16GB RAM 128GB SSD Win11",11447.0,16.0,128.0,SSD,Intel N200,0,,Intel Processor N200,4,Alder Lake-N,Intel,,Estandar,0,0,0,0,0,0,0,0,1,4.0,7.0,16.0,0.0,0,False,False,False,False,False,False,False,True,False,False,False,False,False,False,False,False,False,False,False,False,False,False,False,False,False,10160.519054818593,1286.4809451814072
"Laptop HP 15.6"" Intel N200 8GB RAM 128GB SSD Win11",9224.0,8.0,128.0,SSD,Intel N200,0,15.6,Intel Processor N200,4,Alder Lake-N,Intel,15.6,Estandar,0,0,0,0,0,0,0,0,1,3.0,7.0,8.0,0.0,0,False,False,False,False,False,False,False,True,False,False,False,False,False,False,False,False,False,False,False,False,False,False,False,False,False,8705.603752867748,518.396247132252
Laptop HP Pavilion 14 Intel N150 16GB 128GB+256GB SD,10828.0,16.0,256.0,SSD,Intel N150,0,,No especificado,No especificado,No especificado,Intel,14.0,Estandar,0,0,0,0,0,0,0,0,1,4.0,8.0,16.0,0.0,0,False,False,False,False,False,False,False,True,False,False,False,False,False,False,False,False,False,False,False,False,False,False,False,False,False,10169.31479659435,658.6852034056501
"Laptop HP 14"" Intel N150 4GB RAM 128GB Windows 11",7753.0,4.0,128.0,SSD,Intel N150,0,14.0,No especificado,No especificado,No especificado,Intel,14.0,Estandar,0,0,0,0,0,0,0,0,1,2.0,7.0,4.0,0.0,0,False,False,False,False,False,False,False,True,False,False,False,False,False,False,False,False,False,False,False,False,False,False,False,False,False,7495.881336415224,257.1186635847762
"Laptop HP 14"" Intel N150 8GB RAM 640GB Windows 11",8248.0,8.0,640.0,SSD,Intel N150,0,14.0,No especificado,No especificado,No especificado,Intel,14.0,Estandar,0,0,0,0,0,0,0,0,1,3.0,9.321928094887362,8.0,0.0,0,False,False,False,False,False,False,False,True,False,False,False,False,False,False,False,False,False,False,False,False,False,False,False,False,False,9137.303274975022,-889.3032749750218
"Laptop HP 2026 Intel N150 16GB RAM 128GB SSD 14""",9260.0,16.0,128.0,SSD,Intel N150,0,14.0,No especificado,No especificado,No especificado,Intel,14.0,Estandar,0,0,0,0,0,0,0,0,1,4.0,7.0,16.0,0.0,0,False,False,False,False,False,False,False,True,False,False,False,False,False,False,False,False,False,False,False,False,False,False,False,False,False,10160.519054818593,-900.5190548185928
"Laptop HP 14"" Intel N150 4GB RAM 128GB UFS Win11",7753.0,4.0,128.0,SSD,Intel N150,0,14.0,No especificado,No especificado,No especificado,Intel,14.0,Estandar,0,0,0,0,0,0,0,0,1,2.0,7.0,4.0,0.0,0,False,False,False,False,False,False,False,True,False,False,False,False,False,False,False,False,False,False,False,False,False,False,False,False,False,7495.881336415224,257.1186635847762
"Laptop HP Intel N150 4GB RAM 128GB SSD 14"" Rosa",9963.0,4.0,128.0,SSD,Intel N150,0,14.0,No especificado,No especificado,No especificado,Intel,14.0,Estandar,0,0,0,0,0,0,0,0,1,2.0,7.0,4.0,0.0,0,False,False,False,False,False,False,False,True,False,False,False,False,False,False,False,False,False,False,False,False,False,False,False,False,False,7495.881336415224,2467.118663584776
"Laptop HP 2026 Intel N150 16GB RAM 128GB SSD 14""",7759.0,16.0,128.0,SSD,Intel N150,0,14.0,No especificado,No especificado,No especificado,Intel,14.0,Estandar,0,0,0,0,0,0,0,0,1,4.0,7.0,16.0,0.0,0,False,False,False,False,False,False,False,True,False,False,False,False,False,False,False,False,False,False,False,False,False,False,False,False,False,10160.519054818593,-2401.519054818593
"Laptop HP 15.6"" Intel N100 16GB RAM 256GB SSD Wi-Fi 6",13079.0,16.0,256.0,SSD,Intel N100,0,15.6,Intel Processor N100,4,Alder Lake-N,Intel,15.6,Estandar,0,0,0,0,0,0,0,0,1,4.0,8.0,16.0,0.0,0,False,False,False,False,False,False,False,True,False,False,False,False,False,False,False,False,False,False,False,False,False,False,False,False,False,10169.31479659435,2909.68520340565
"Laptop Lenovo - IdeaPad Slim 3 15.6"" Full HD - AMD Ryzen 5 40 2025 - 8GB Memory- 256GB SSD - color azul",9499.0,8.0,256.0,SSD,Ryzen 5,0,15.6,AMD Ryzen 5,No especificado,No especificado,AMD,15.6,Estandar,0,0,0,0,0,0,0,0,4,3.0,8.0,32.0,0.0,0,False,False,False,False,False,False,False,False,False,False,False,False,False,False,True,False,False,False,False,False,False,False,False,False,False,13015.447442431576,-3516.447442431576
"Laptop HP dq6012dx 14"" Intel N150 4GB 128GB Wi-Fi 6",7655.0,4.0,128.0,SSD,Intel N150,0,14.0,No especificado,No especificado,No especificado,Intel,14.0,Estandar,0,0,0,0,0,0,0,0,1,2.0,7.0,4.0,0.0,0,False,False,False,False,False,False,False,True,False,False,False,False,False,False,False,False,False,False,False,False,False,False,False,False,False,7495.881336415224,159.1186635847762
"Laptop HP Ultrabook 14"" 4GB RAM Intel N150 128GB SSD Win11",9963.0,4.0,128.0,SSD,Intel N150,0,14.0,No especificado,No especificado,No especificado,Intel,14.0,Estandar,0,0,0,0,0,0,0,0,1,2.0,7.0,4.0,0.0,0,False,False,False,False,False,False,False,True,False,False,False,False,False,False,False,False,False,False,False,False,False,False,False,False,False,7495.881336415224,2467.118663584776
"Laptop Lenovo IdeaPad 14"" AMD A6-9220e 4GB 64GB Win10",5724.0,4.0,64.0,SSD,No especificado,0,14.0,No especificado,No especificado,No especificado,AMD,14.0,Estandar,0,0,0,0,0,0,0,0,2,2.0,6.0,8.0,0.0,0,False,False,False,False,False,False,False,False,False,False,False,False,False,False,True,False,False,False,False,False,False,False,False,False,False,6096.413556271835,-372.41355627183475
"Laptop HP 14"" HD Intel N4120 8GB RAM 64GB eMMC Win11",7705.0,8.0,64.0,SSD,Intel N4120,0,14.0,No especificado,No especificado,No especificado,Intel,14.0,Estandar,0,0,0,0,0,0,0,0,2,3.0,6.0,16.0,0.0,0,False,False,False,False,False,False,False,True,False,False,False,False,False,False,False,False,False,False,False,False,False,False,False,False,False,7779.935882649856,-74.93588264985556
"Laptop dell ldc15250 core i7 1355u 16gb 512gb pantalla 15.6""",17999.0,16.0,512.0,SSD,Core I7,0,15.6,Intel Core i7-1355U,10,13ª Gen (Raptor Lake),Intel,15.6,Estandar,0,0,0,0,0,0,0,0,5,4.0,9.0,80.0,0.0,0,False,False,False,True,False,False,False,False,False,False,False,False,False,False,False,False,False,False,False,False,False,False,False,False,False,18209.136478493198,-210.1364784931975
Laptop asus 16 core i9 13900h 16gb 1tb pantalla 16 ips wuxga,21999.0,16.0,1024.0,SSD,Core I9,0,,No especificado,No especificado,No especificado,Intel,16.0,Grande,0,0,0,0,0,0,0,0,6,4.0,10.0,96.0,0.0,0,False,False,True,False,False,False,False,False,False,False,False,False,False,False,False,False,False,False,False,False,False,False,False,False,False,28415.371460074042,-6416.371460074042
Laptop ai pc hp omnibook 3 ryzen 5 340 16gb 512gb copilot+,15699.0,16.0,512.0,SSD,Ryzen 5,0,,AMD Ryzen 5,No especificado,No especificado,AMD,,Estandar,0,0,0,1,0,0,0,0,4,4.0,9.0,64.0,0.0,0,False,False,False,False,False,False,False,True,False,False,False,False,False,False,False,False,False,False,False,False,False,False,False,False,False,23895.803435232687,-8196.803435232687
"Laptop Lenovo V15 2026 AMD Ryzen 3 16GB 256GB SSD 15.6""",13612.0,16.0,256.0,SSD,Ryzen 3,0,15.6,AMD Ryzen 3,No especificado,No especificado,AMD,15.6,Estandar,0,0,0,0,0,0,0,0,3,4.0,8.0,48.0,0.0,0,False,False,False,False,False,False,False,False,False,False,False,False,False,False,True,False,False,False,False,False,False,False,False,False,False,13930.315999072678,-318.3159990726781
"Laptop HP 14"" N150 Intel 16GB 128GB UFS WiFi6 Azul Celeste",15644.0,16.0,128.0,SSD,No especificado,0,14.0,No especificado,No especificado,No especificado,Intel,14.0,Estandar,0,0,0,0,0,0,0,0,1,4.0,7.0,16.0,0.0,0,False,False,False,False,False,False,False,True,False,False,False,False,False,False,False,False,False,False,False,False,False,False,False,False,False,10160.519054818593,5483.480945181407
"Laptop HP 14"" Intel Celeron 4GB RAM 64GB SSD Oro Rosa",8413.0,4.0,64.0,SSD,Celeron,0,14.0,No especificado,No especificado,No especificado,Intel,14.0,Estandar,0,0,0,0,0,0,0,0,1,2.0,6.0,4.0,0.0,0,False,False,False,False,False,False,False,True,False,False,False,False,False,False,False,False,False,False,False,False,False,False,False,False,False,6761.548569844263,1651.4514301557374
"Laptop HP 15.6"" AMD Athlon 16GB RAM 256GB SSD",11446.0,16.0,256.0,SSD,Athlon,0,15.6,No especificado,No especificado,No especificado,AMD,15.6,Estandar,0,0,0,0,0,0,0,0,1,4.0,8.0,16.0,0.0,0,False,False,False,False,False,False,False,True,False,False,False,False,False,False,False,False,False,False,False,False,False,False,False,False,False,10169.31479659435,1276.68520340565
"Laptop HP 14"" Intel Celeron N4120 16GB RAM 64GB eMMC",11478.0,16.0,64.0,SSD,Celeron,0,14.0,No especificado,No especificado,No especificado,Intel,14.0,Estandar,0,0,0,0,0,0,0,0,1,4.0,6.0,16.0,0.0,0,False,False,False,False,False,False,False,True,False,False,False,False,False,False,False,False,False,False,False,False,False,False,False,False,False,9750.734500735207,1727.265499264793
"Laptop HP 156"" AMD Athlon N3050 4GB RAM 128GB SSD",7753.0,4.0,128.0,SSD,Athlon,0,,Intel Core i3-N305,8,Alder Lake-N,Intel,,Estandar,0,0,0,0,0,0,0,0,1,2.0,7.0,4.0,0.0,0,False,False,False,False,False,False,False,True,False,False,False,False,False,False,False,False,False,False,False,False,False,False,False,False,False,7495.881336415224,257.1186635847762
"Laptop HP 14"" Intel Celeron N4120 16GB RAM 128GB Rosa",12134.0,16.0,128.0,SSD,Celeron,0,14.0,No especificado,No especificado,No especificado,Intel,14.0,Estandar,0,0,0,0,0,0,0,0,1,4.0,7.0,16.0,0.0,0,False,False,False,False,False,False,False,True,False,False,False,False,False,False,False,False,False,False,False,False,False,False,False,False,False,10160.519054818593,1973.4809451814072
"Laptop HP 14"" Intel Celeron N4500 16GB 576GB Windows 11",11679.0,16.0,576.0,SSD,Celeron,0,14.0,No especificado,No especificado,No especificado,Intel,14.0,Estandar,0,0,0,0,0,0,0,0,1,4.0,9.169925001442312,16.0,0.0,0,False,False,False,False,False,False,False,True,False,False,False,False,False,False,False,False,False,False,False,False,False,False,False,False,False,11654.734600427006,24.265399572994284
"Laptop HP Ultrabook Intel 16GB RAM 128GB SSD 14"" HD",9222.0,16.0,128.0,SSD,No especificado,0,14.0,No especificado,No especificado,No especificado,Intel,14.0,Estandar,0,0,0,0,0,0,0,0,2,4.0,7.0,32.0,0.0,0,False,False,False,False,False,False,False,True,False,False,False,False,False,False,False,False,False,False,False,False,False,False,False,False,False,9520.837305335288,-298.83730533528797
"Laptop HP Ultrabook Intel 14"" 4GB RAM 64GB SSD Oro Rosa",8976.0,4.0,64.0,SSD,No especificado,0,14.0,No especificado,No especificado,No especificado,Intel,14.0,Estandar,0,0,0,0,0,0,0,0,2,2.0,6.0,8.0,0.0,0,False,False,False,False,False,False,False,True,False,False,False,False,False,False,False,False,False,False,False,False,False,False,False,False,False,5751.168461768231,3224.8315382317687
"Laptop HP 14"" Essential Intel N150 16GB 128GB SSD",7735.0,16.0,128.0,SSD,Intel N150,0,14.0,No especificado,No especificado,No especificado,Intel,14.0,Estandar,0,0,0,0,0,0,0,0,1,4.0,7.0,16.0,0.0,0,False,False,False,False,False,False,False,True,False,False,False,False,False,False,False,False,False,False,False,False,False,False,False,False,False,10160.519054818593,-2425.519054818593
"Laptop HP Ultrabook 14"" Intel N150 16GB 128GB SSD",8482.0,16.0,128.0,SSD,Intel N150,0,14.0,No especificado,No especificado,No especificado,Intel,14.0,Estandar,0,0,0,0,0,0,0,0,1,4.0,7.0,16.0,0.0,0,False,False,False,False,False,False,False,True,False,False,False,False,False,False,False,False,False,False,False,False,False,False,False,False,False,10160.519054818593,-1678.5190548185928
"Laptop HP Ultrabook Intel 14"" 16GB RAM 128GB SSD",9963.0,16.0,128.0,SSD,No especificado,0,14.0,No especificado,No especificado,No especificado,Intel,14.0,Estandar,0,0,0,0,0,0,0,0,2,4.0,7.0,32.0,0.0,0,False,False,False,False,False,False,False,True,False,False,False,False,False,False,False,False,False,False,False,False,False,False,False,False,False,9520.837305335288,442.16269466471203
"Laptop HP Chromebook 14"" Intel Celeron 8GB 64GB Rosa",10149.0,8.0,64.0,SSD,Celeron,0,14.0,No especificado,No especificado,No especificado,Intel,14.0,Estandar,0,0,0,0,0,0,0,0,1,3.0,6.0,8.0,0.0,0,False,False,False,False,False,False,False,True,False,False,False,False,False,False,False,False,False,False,False,False,False,False,False,False,False,8348.812928929852,1800.1870710701478
"Laptop HP Chromebook 14"" Intel Celeron 8GB 128GB Rosa",10248.0,8.0,128.0,SSD,Celeron,0,14.0,No especificado,No especificado,No especificado,Intel,14.0,Estandar,0,0,0,0,0,0,0,0,1,3.0,7.0,8.0,0.0,0,False,False,False,False,False,False,False,True,False,False,False,False,False,False,False,False,False,False,False,False,False,False,False,False,False,8705.603752867748,1542.396247132252
"Laptop Lenovo IdeaPad 1 15.6"" HD Intel Celeron 4GB 128GB",5727.0,4.0,128.0,SSD,Celeron,0,15.6,No especificado,No especificado,No especificado,Intel,15.6,Estandar,0,0,0,0,0,0,0,0,1,2.0,7.0,4.0,0.0,0,False,False,False,False,False,False,False,False,False,False,False,False,False,False,True,False,False,False,False,False,False,False,False,False,False,6011.029216679209,-284.02921667920873
Laptop hp 15 core i7 16gb 512gb ssd pantalla 15.6 fhd touch,17999.0,16.0,512.0,SSD,Core I7,0,15.6,Intel Core i7,No especificado,No especificado,Intel,15.6,Estandar,0,0,0,0,1,0,0,0,5,4.0,9.0,80.0,0.0,0,False,False,False,False,False,False,False,True,False,False,False,False,False,False,False,False,False,False,False,False,False,False,False,False,False,19033.090776113222,-1034.090776113222
"Acer Aspire Go 15 Laptop 15.6"" Full HD Ryzen 7 7730U 16GB RAM 512GB SSD Plata",13179.0,16.0,512.0,SSD,Ryzen 7,0,15.6,AMD Ryzen 7 7730U,8,Serie 7000 (Zen 3),AMD,15.6,Estandar,0,0,0,0,0,0,0,0,5,4.0,9.0,80.0,0.0,0,False,False,False,False,False,False,False,False,False,False,False,False,False,False,False,False,False,False,False,False,False,False,False,False,False,18205.007791130327,-5026.007791130327
"Laptop HP 14"" Intel Celeron 8 GB 628 GB Win11 Pro blanco",8402.0,8.0,628.0,SSD,Celeron,0,14.0,No especificado,No especificado,No especificado,Intel,14.0,Estandar,0,0,0,0,0,0,0,0,1,3.0,9.294620748891626,8.0,0.0,0,False,False,False,False,False,False,False,True,False,False,False,False,False,False,False,False,False,False,False,False,False,False,False,False,False,8634.357958499835,-232.35795849983515
"Laptop HP de 14"" Intel Celeron 16 GB 628 GB Windows 11 Pro",9632.0,16.0,628.0,SSD,Celeron,0,14.0,No especificado,No especificado,No especificado,Intel,14.0,Estandar,0,0,0,0,0,0,0,0,1,4.0,9.294620748891626,16.0,0.0,0,False,False,False,False,False,False,False,True,False,False,False,False,False,False,False,False,False,False,False,False,False,False,False,False,False,11335.63541579936,-1703.6354157993592
"Laptop HP 14"" Intel Celeron 8 GB 628 GB Windows 11 Pro color oro rosa",8648.0,8.0,628.0,SSD,Celeron,0,14.0,No especificado,No especificado,No especificado,Intel,14.0,Estandar,0,0,0,0,0,0,0,0,1,3.0,9.294620748891626,8.0,0.0,0,False,False,False,False,False,False,False,True,False,False,False,False,False,False,False,False,False,False,False,False,False,False,False,False,False,8634.357958499835,13.64204150016485
"Notebook Lenovo V15 AMD Ryzen 3 16GB 1TB 156"" FHD Win11",15819.0,16.0,1024.0,SSD,Ryzen 3,0,,AMD Ryzen 3,No especificado,No especificado,AMD,,Estandar,0,0,0,0,0,0,0,0,3,4.0,10.0,48.0,0.0,0,False,False,False,False,False,False,False,False,False,False,False,False,False,False,True,False,False,False,False,False,False,False,False,False,False,16370.696935614911,-551.6969356149111
"Laptop Lenovo V15 15.6"" FHD Intel N5100 16GB 512GB SSD",12680.0,16.0,512.0,SSD,Intel N5100,0,15.6,No especificado,No especificado,No especificado,Intel,15.6,Estandar,0,0,0,0,0,0,0,0,2,4.0,9.0,32.0,0.0,0,False,False,False,False,False,False,False,False,False,False,False,False,False,False,True,False,False,False,False,False,False,False,False,False,False,25233.682061344956,-12553.682061344956
Laptop Lenovo ThinkBook 16 G6 Intel i5-13420 16GB 512GB SSD,9863.0,16.0,512.0,SSD,No especificado,0,,No especificado,No especificado,No especificado,Intel,16.0,Grande,0,0,0,0,0,0,0,0,4,4.0,9.0,64.0,0.0,0,False,False,False,False,False,False,False,False,False,False,False,False,False,False,True,False,False,False,False,False,False,False,False,False,False,18805.246120438092,-8942.246120438092
"Laptop HP de 156"" HD Intel i3 4 GB RAM 1 TB HDD Windows 10",9701.0,4.0,1024.0,SSD,No especificado,0,,No especificado,No especificado,No especificado,Intel,,Estandar,0,0,0,0,0,0,0,0,3,2.0,10.0,12.0,0.0,0,False,False,False,False,False,False,False,True,False,False,False,False,False,False,False,False,False,False,False,False,False,False,False,False,False,6424.369561521554,3276.630438478446
Laptop HP 14 Ryzen 3 8 GB de RAM 256 GB SSD 14-dk0736ms,8852.0,8.0,256.0,SSD,Ryzen 3,0,,AMD Ryzen 3,No especificado,No especificado,AMD,14.0,Estandar,0,0,0,0,0,0,0,0,3,3.0,8.0,24.0,0.0,0,False,False,False,False,False,False,False,True,False,False,False,False,False,False,False,False,False,False,False,False,False,False,False,False,False,10454.363186473598,-1602.363186473598
"Notebook HP 14"" Intel N150 4 GB 640 GB Windows 11 Rose Gold",8247.0,4.0,640.0,SSD,Intel N150,0,14.0,No especificado,No especificado,No especificado,Intel,14.0,Estandar,0,0,0,0,0,0,0,0,1,2.0,9.321928094887362,4.0,0.0,0,False,False,False,False,False,False,False,True,False,False,False,False,False,False,False,False,False,False,False,False,False,False,False,False,False,8786.189166372367,-539.1891663723673
"Laptop HP de 14"" Rose Gold con procesador Intel 16 GB de RAM y SSD de 256 GB",10331.0,16.0,256.0,SSD,No especificado,0,14.0,No especificado,No especificado,No especificado,Intel,14.0,Estandar,0,0,0,0,0,0,0,0,2,4.0,8.0,32.0,0.0,0,False,False,False,False,False,False,False,True,False,False,False,False,False,False,False,False,False,False,False,False,False,False,False,False,False,11007.431562638685,-676.4315626386851
"Laptop HP Ultrabook 14"" Intel N150 16 GB RAM 256 GB SSD",9222.0,16.0,256.0,SSD,Intel N150,0,14.0,No especificado,No especificado,No especificado,Intel,14.0,Estandar,0,0,0,0,0,0,0,0,1,4.0,8.0,16.0,0.0,0,False,False,False,False,False,False,False,True,False,False,False,False,False,False,False,False,False,False,False,False,False,False,False,False,False,10169.31479659435,-947.3147965943499
"Laptop HP de 14"" Rose Gold Intel N150 16 GB de RAM 128 GB SSD",12593.0,16.0,128.0,SSD,Intel N150,0,14.0,No especificado,No especificado,No especificado,Intel,14.0,Estandar,0,0,0,0,0,0,0,0,1,4.0,7.0,16.0,0.0,0,False,False,False,False,False,False,False,True,False,False,False,False,False,False,False,False,False,False,False,False,False,False,False,False,False,10160.519054818593,2432.480945181407
"Laptop HP 14"" Intel N150 16 GB RAM 128 GB SSD Windows 11",8235.0,16.0,128.0,SSD,Intel N150,0,14.0,No especificado,No especificado,No especificado,Intel,14.0,Estandar,0,0,0,0,0,0,0,0,1,4.0,7.0,16.0,0.0,0,False,False,False,False,False,False,False,True,False,False,False,False,False,False,False,False,False,False,False,False,False,False,False,False,False,10160.519054818593,-1925.5190548185928
"HP Laptop 14"" HD 4GB RAM 128GB UFS Intel N150 Windows 11 Microsoft 365 Sky Blue",5459.0,4.0,128.0,SSD,Intel N150,0,14.0,No especificado,No especificado,No especificado,Intel,14.0,Estandar,0,0,0,0,0,0,0,0,1,2.0,7.0,4.0,0.0,0,False,False,False,False,False,False,False,True,False,False,False,False,False,False,False,False,False,False,False,False,False,False,False,False,False,7495.881336415224,-2036.8813364152238
"HP Laptop 14"" HD 4GB RAM 128GB UFS Intel N150 Windows 11 Microsoft 365 Verde Sauce",5309.0,4.0,128.0,SSD,Intel N150,0,14.0,No especificado,No especificado,No especificado,Intel,14.0,Estandar,0,0,0,0,0,0,0,0,1,2.0,7.0,4.0,0.0,0,False,False,False,False,False,False,False,True,False,False,False,False,False,False,False,False,False,False,False,False,False,False,False,False,False,7495.881336415224,-2186.881336415224
"Lenovo Yoga Slim 7X Snapdragon X Elite 1TB SSD 16GB 14.5"" Azul",18849.0,16.0,1024.0,SSD,No especificado,0,14.5,No especificado,No especificado,No especificado,Otros,14.5,Estandar,0,0,0,0,0,0,0,0,2,4.0,10.0,32.0,0.0,0,False,False,False,False,False,False,False,False,False,False,False,False,False,False,True,False,False,False,False,False,False,False,False,False,False,22668.024241026862,-3819.024241026862
"Laptop HP Essential 15.6"" Intel N100 16GB 512GB SSD FHD",15150.0,16.0,512.0,SSD,Intel N100,0,15.6,Intel Processor N100,4,Alder Lake-N,Intel,15.6,Estandar,0,0,0,0,0,0,0,0,1,4.0,9.0,16.0,0.0,0,False,False,False,False,False,False,False,True,False,False,False,False,False,False,False,False,False,False,False,False,False,False,False,False,False,13478.951727340898,1671.0482726591017
"Laptop HP 15.6"" AMD Ryzen 3 7320U 8 GB 256 GB SSD",14422.0,8.0,256.0,SSD,Ryzen 3,0,15.6,AMD Ryzen 3 7320U,4,Serie 7000 (Zen 2),AMD,15.6,Estandar,0,0,0,0,0,0,0,0,3,3.0,8.0,24.0,0.0,0,False,False,False,False,False,False,False,True,False,False,False,False,False,False,False,False,False,False,False,False,False,False,False,False,False,10454.363186473598,3967.636813526402
Ordenador portátil ASUS Vivobook 16 F1605VA-DS52 16 pulgadas Intel i5 8 GB/512 GB,16126.0,8.0,512.0,SSD,No especificado,0,16.0,No especificado,No especificado,No especificado,Intel,16.0,Grande,0,0,0,0,0,0,0,0,4,3.0,9.0,32.0,0.0,0,False,False,True,False,False,False,False,False,False,False,False,False,False,False,False,False,False,False,False,False,False,False,False,False,False,15332.590178109807,793.4098218901927
Laptop ai pc lenovo ideapad slim 3 snapdragon x 16gb 512gb,13999.0,16.0,512.0,SSD,No especificado,0,,No especificado,No especificado,No especificado,Otros,,Estandar,0,0,0,0,0,0,0,0,2,4.0,9.0,32.0,0.0,0,False,False,False,False,False,False,False,False,False,False,False,False,False,False,True,False,False,False,False,False,False,False,False,False,False,25233.682061344956,-11234.682061344956
Laptop ai pc asus vivobook 16 snapdragon x 16gb 1tb copilot+,14999.0,16.0,1024.0,SSD,No especificado,0,,No especificado,No especificado,No especificado,Otros,16.0,Grande,0,0,0,1,0,0,0,0,2,4.0,10.0,32.0,0.0,0,False,False,True,False,False,False,False,False,False,False,False,False,False,False,False,False,False,False,False,False,False,False,False,False,False,20869.34087897174,-5870.34087897174
Laptop ai pc asus vivobook snapdragon x 16gb 512gb copilot+,12999.0,16.0,512.0,SSD,No especificado,0,,No especificado,No especificado,No especificado,Otros,,Estandar,0,0,0,1,0,0,0,0,2,4.0,9.0,32.0,0.0,0,False,False,True,False,False,False,False,False,False,False,False,False,False,False,False,False,False,False,False,False,False,False,False,False,False,18903.082907633565,-5904.082907633565
Reacondicionado Ordenador portátil Apple MacBook Pro con Retina de 13 pulgadas Intel Core i5 16 GB de RAM 256 GB SSD plateado (renovado),6276.0,16.0,256.0,SSD,Core I5,0,13.0,Intel Core i5,No especificado,No especificado,Intel,13.0,Ultraportatil,1,0,0,1,0,0,1,0,4,4.0,8.0,64.0,0.0,0,False,True,False,False,False,False,False,False,False,False,False,False,False,False,False,False,False,False,False,False,False,False,False,False,False,8537.07999525475,-2261.0799952547495
Reacondicionado Ordenador portátil Dell Latitude 7490 Intel Core i5-8350U SSD de 8 GB y 128 GB,5494.0,8.0,128.0,SSD,Core I5,0,,Intel Core i5,No especificado,No especificado,Intel,,Estandar,1,0,1,0,0,0,0,0,4,3.0,7.0,32.0,0.0,0,False,False,False,True,False,False,False,False,False,False,False,False,False,False,False,False,False,False,False,False,False,False,False,False,False,6679.207562950937,-1185.2075629509372
"Laptop Dell Latitude 5420, 14"" FHD, Core i5 8GB 256GB SSD, Win10 Pro, Reacondicionado",5299.0,8.0,256.0,SSD,Core I5,0,14.0,Intel Core i5,No especificado,No especificado,Intel,14.0,Estandar,1,0,1,0,0,0,0,0,4,3.0,8.0,32.0,0.0,0,False,False,False,True,False,False,False,False,False,False,False,False,False,False,False,False,False,False,False,False,False,False,False,False,False,8680.155021776607,-3381.155021776607
"Laptop ASUS 14"" FHD Intel Celeron N4500 4GB RAM 1TB",7958.0,4.0,1024.0,SSD,Celeron,0,14.0,No especificado,No especificado,No especificado,Intel,14.0,Estandar,0,0,0,0,0,0,0,0,1,2.0,10.0,4.0,0.0,0,False,False,True,False,False,False,False,False,False,False,False,False,False,False,False,False,False,False,False,False,False,False,False,False,False,8226.317932581132,-268.3179325811325
ASUS Vivobook 16 Laptop Intel Core i9 16GB RAM 1TB SSD Windows 11,21179.0,16.0,1024.0,SSD,Core I9,0,,No especificado,No especificado,No especificado,Intel,16.0,Grande,0,0,0,0,0,0,0,0,6,4.0,10.0,96.0,0.0,0,False,False,True,False,False,False,False,False,False,False,False,False,False,False,False,False,False,False,False,False,False,False,False,False,False,28415.371460074042,-7236.371460074042
Laptop HP 14 Pulgadas Intel N150 4GB RAM 128GB UFS Windows 11 Home,5309.0,4.0,128.0,SSD,Intel N150,0,14.0,No especificado,No especificado,No especificado,Intel,14.0,Estandar,0,0,0,0,0,0,0,0,1,2.0,7.0,4.0,0.0,0,False,False,False,False,False,False,False,True,False,False,False,False,False,False,False,False,False,False,False,False,False,False,False,False,False,7495.881336415224,-2186.881336415224
Chromebook Asus Plus CX14 Core i3 8GB RAM 128GB SSD Gris,13499.0,8.0,128.0,SSD,Core I3,0,,Intel Core i3,No especificado,No especificado,Intel,,Estandar,0,0,0,0,0,0,0,0,3,3.0,7.0,24.0,0.0,0,False,False,True,False,False,False,False,False,False,False,False,False,False,False,False,False,False,False,False,False,False,False,False,False,False,9955.989983158446,3543.010016841554
Laptop Asus Zebook 14 Ryzen AI 5 32GB RAM 512GB SSD,32999.0,32.0,512.0,SSD,No especificado,0,,No especificado,No especificado,No especificado,AMD,14.0,Estandar,0,0,0,0,0,0,0,0,4,5.0,9.0,128.0,0.0,0,False,False,True,False,False,False,False,False,False,False,False,False,False,False,False,False,False,False,False,False,False,False,False,False,False,26148.122437559785,6850.877562440215
Laptop Asus Vivobook 14 Core i7 16GB RAM 512GB SSD Quiet Blue,22499.0,16.0,512.0,SSD,Core I7,0,,Intel Core i7,No especificado,No especificado,Intel,14.0,Estandar,0,0,0,0,0,0,0,0,5,4.0,9.0,80.0,0.0,0,False,False,True,False,False,False,False,False,False,False,False,False,False,False,False,False,False,False,False,False,False,False,False,False,False,21159.522933262335,1339.4770667376652
"Laptop HP Stream 14"" Intel N150 4 GB de RAM 112 TB Wi‑Fi 6",12567.0,4.0,1152.0,SSD,Intel N150,0,14.0,No especificado,No especificado,No especificado,Intel,14.0,Estandar,0,0,0,0,0,0,0,0,1,2.0,10.169925001442312,4.0,0.0,0,False,False,False,False,False,False,False,True,False,False,False,False,False,False,False,False,False,False,False,False,False,False,False,False,False,9419.14664450763,3147.8533554923706
"Laptop HP Stream 14"" Intel N150 4 GB de RAM 112 TB de almacenamiento",12567.0,4.0,1152.0,SSD,Intel N150,0,14.0,No especificado,No especificado,No especificado,Intel,14.0,Estandar,0,0,0,0,0,0,0,0,1,2.0,10.169925001442312,4.0,0.0,0,False,False,False,False,False,False,False,True,False,False,False,False,False,False,False,False,False,False,False,False,False,False,False,False,False,9419.14664450763,3147.8533554923706
"Laptop HP Stream 14"" Intel N150 4GB RAM 1.12 TB Rosa",12567.0,4.0,1152.0,SSD,Intel N150,0,14.0,No especificado,No especificado,No especificado,Intel,14.0,Estandar,0,0,0,0,0,0,0,0,1,2.0,10.169925001442312,4.0,0.0,0,False,False,False,False,False,False,False,True,False,False,False,False,False,False,False,False,False,False,False,False,False,False,False,False,False,9419.14664450763,3147.8533554923706
"Laptop HP Stream 14"" HD Intel N150 4 GB 112 TB Wi‑Fi 6",12567.0,4.0,1152.0,SSD,Intel N150,0,14.0,No especificado,No especificado,No especificado,Intel,14.0,Estandar,0,0,0,0,0,0,0,0,1,2.0,10.169925001442312,4.0,0.0,0,False,False,False,False,False,False,False,True,False,False,False,False,False,False,False,False,False,False,False,False,False,False,False,False,False,9419.14664450763,3147.8533554923706
"Laptop ASUS 14"" FHD Intel Celeron N4500 4GB 1TB Win11",7956.0,4.0,1024.0,SSD,Celeron,0,14.0,No especificado,No especificado,No especificado,Intel,14.0,Estandar,0,0,0,0,0,0,0,0,1,2.0,10.0,4.0,0.0,0,False,False,True,False,False,False,False,False,False,False,False,False,False,False,False,False,False,False,False,False,False,False,False,False,False,8226.317932581132,-270.3179325811325
"Laptop ASUS VivoBook i3-1315U 8GB 128GB 14"" FHD Win11",11830.0,8.0,128.0,SSD,No especificado,0,14.0,Intel Core i3-1315U,6,13ª Gen (Raptor Lake),Intel,14.0,Estandar,0,0,0,0,0,0,0,0,3,3.0,7.0,24.0,0.0,0,False,False,True,False,False,False,False,False,False,False,False,False,False,False,False,False,False,False,False,False,False,False,False,False,False,9955.989983158446,1874.0100168415538
"Laptop HP 156"" táctil Ryzen 5 8 GB 15 TB SSD Wi‑Fi 6",17109.0,8.0,1536.0,SSD,Ryzen 5,0,,AMD Ryzen 5,No especificado,No especificado,AMD,,Estandar,0,0,0,0,1,0,0,0,4,3.0,10.584962500721156,32.0,0.0,0,False,False,False,False,False,False,False,True,False,False,False,False,False,False,False,False,False,False,False,False,False,False,False,False,False,20087.60932155051,-2978.60932155051
"Laptop HP 17t-cn300 de 17.3"" FHD Intel i5-1334U 8 GB 256 GB",13452.0,8.0,256.0,SSD,No especificado,0,17.3,No especificado,No especificado,No especificado,Intel,17.3,Grande,0,0,0,0,0,0,0,0,4,3.0,8.0,32.0,0.0,0,False,False,False,False,False,False,False,True,False,False,False,False,False,False,False,False,False,False,False,False,False,False,False,False,False,13088.007397006842,363.99260299315756
"Laptop Lenovo V15 AMD Ryzen 3 7320U 15.6"" FHD 16 GB 512 GB",16010.0,16.0,512.0,SSD,Ryzen 3,0,15.6,AMD Ryzen 3 7320U,4,Serie 7000 (Zen 2),AMD,15.6,Estandar,0,0,0,0,0,0,0,0,3,4.0,9.0,48.0,0.0,0,False,False,False,False,False,False,False,False,False,False,False,False,False,False,True,False,False,False,False,False,False,False,False,False,False,15494.599485700684,515.4005142993155
"Laptop HP 14"" Intel N150 Quad-Core 16 GB 384 GB WiFi 6",12446.0,16.0,384.0,SSD,Intel N150,0,14.0,No especificado,No especificado,No especificado,Intel,14.0,Estandar,0,0,0,0,0,0,0,0,1,4.0,8.584962500721156,16.0,0.0,0,False,False,False,False,False,False,False,True,False,False,False,False,False,False,False,False,False,False,False,False,False,False,False,False,False,10106.382466258226,2339.6175337417735
"Laptop HP de 14"" Intel N150 16 GB de RAM 256 GB de almacenamiento Windows 11",9198.0,16.0,256.0,SSD,Intel N150,0,14.0,No especificado,No especificado,No especificado,Intel,14.0,Estandar,0,0,0,0,0,0,0,0,1,4.0,8.0,16.0,0.0,0,False,False,False,False,False,False,False,True,False,False,False,False,False,False,False,False,False,False,False,False,False,False,False,False,False,10169.31479659435,-971.3147965943499
"Laptop HP 14"" 16 GB de RAM 256 GB Intel N150 Windows 11",9198.0,16.0,256.0,SSD,Intel N150,0,14.0,No especificado,No especificado,No especificado,Intel,14.0,Estandar,0,0,0,0,0,0,0,0,1,4.0,8.0,16.0,0.0,0,False,False,False,False,False,False,False,True,False,False,False,False,False,False,False,False,False,False,False,False,False,False,False,False,False,10169.31479659435,-971.3147965943499
"Laptop HP 14"" Intel N150 16 GB RAM 128 GB UFS Wi‑Fi 6",10994.0,16.0,128.0,SSD,Intel N150,0,14.0,No especificado,No especificado,No especificado,Intel,14.0,Estandar,0,0,0,0,0,0,0,0,1,4.0,7.0,16.0,0.0,0,False,False,False,False,False,False,False,True,False,False,False,False,False,False,False,False,False,False,False,False,False,False,False,False,False,10160.519054818593,833.4809451814072
"Laptop HP 14"" Intel N150 16 GB RAM 384 GB Win11 Pro",11160.0,16.0,384.0,SSD,Intel N150,0,14.0,No especificado,No especificado,No especificado,Intel,14.0,Estandar,0,0,0,0,0,0,0,0,1,4.0,8.584962500721156,16.0,0.0,0,False,False,False,False,False,False,False,True,False,False,False,False,False,False,False,False,False,False,False,False,False,False,False,False,False,10106.382466258226,1053.6175337417735
"Laptop HP 14"" 16 GB de RAM 128 GB Intel N150 Windows 11",8704.0,16.0,128.0,SSD,Intel N150,0,14.0,No especificado,No especificado,No especificado,Intel,14.0,Estandar,0,0,0,0,0,0,0,0,1,4.0,7.0,16.0,0.0,0,False,False,False,False,False,False,False,True,False,False,False,False,False,False,False,False,False,False,False,False,False,False,False,False,False,10160.519054818593,-1456.5190548185928
"Laptop HP 14"" Intel N150 8 GB RAM 128 GB UFS Wi‑Fi 6",9058.0,8.0,128.0,SSD,Intel N150,0,14.0,No especificado,No especificado,No especificado,Intel,14.0,Estandar,0,0,0,0,0,0,0,0,1,3.0,7.0,8.0,0.0,0,False,False,False,False,False,False,False,True,False,False,False,False,False,False,False,False,False,False,False,False,False,False,False,False,False,8705.603752867748,352.39624713225203
"Laptop HP Slim 14"" Intel Celeron 16 GB RAM 128 GB SSD Rosa",10136.0,16.0,128.0,SSD,Celeron,0,14.0,No especificado,No especificado,No especificado,Intel,14.0,Estandar,0,0,0,0,0,0,0,0,1,4.0,7.0,16.0,0.0,0,False,False,False,False,False,False,False,True,False,False,False,False,False,False,False,False,False,False,False,False,False,False,False,False,False,10160.519054818593,-24.51905481859285
MacBook Neo Apple 8GB RAM 256GB SSD Rosa,14999.0,8.0,256.0,SSD,No especificado,0,,No especificado,No especificado,No especificado,Apple,,Estandar,0,0,0,0,0,0,1,0,2,3.0,8.0,16.0,0.0,0,False,True,False,False,False,False,False,False,False,False,False,False,False,False,False,False,False,False,False,False,False,False,False,False,False,15901.901947055245,-902.9019470552448
MacBook Neo Apple 8GB RAM 256GB SSD Silver,14999.0,8.0,256.0,SSD,No especificado,0,,No especificado,No especificado,No especificado,Apple,,Estandar,0,0,0,0,0,0,1,0,1,3.0,8.0,8.0,0.0,0,False,True,False,False,False,False,False,False,False,False,False,False,False,False,False,False,False,False,False,False,False,False,False,False,False,14972.884330574983,26.115669425016677
"Laptop ASUS VivoBook 14"" FHD 16GB 512GB Intel i3-1215U",15041.0,16.0,512.0,SSD,No especificado,0,14.0,Intel Core i3-1215U,6,12ª Gen (Alder Lake),Intel,14.0,Estandar,0,0,0,0,0,0,0,0,3,4.0,9.0,48.0,0.0,0,False,False,True,False,False,False,False,False,False,False,False,False,False,False,False,False,False,False,False,False,False,False,False,False,False,16313.862235069131,-1272.8622350691312
"Laptop KINOBUC 15.6"" FHD 32 GB RAM 512 GB SSD Pentium",7737.0,32.0,512.0,SSD,No especificado,0,15.6,No especificado,No especificado,No especificado,Intel,15.6,Estandar,0,0,0,0,0,0,0,0,1,5.0,9.0,32.0,0.0,0,False,False,False,False,False,False,False,False,False,False,False,True,False,False,False,False,False,False,False,False,False,False,False,False,False,12584.19199514256,-4847.191995142561
"Laptop ASUS Vivobook Go 15 15.6"" FHD Intel N150 4GB 128GB",8253.0,4.0,128.0,SSD,Intel N150,0,15.6,No especificado,No especificado,No especificado,Intel,15.6,Estandar,0,0,0,0,0,0,0,0,1,2.0,7.0,4.0,0.0,0,False,False,True,False,False,False,False,False,False,False,False,False,False,False,False,False,False,False,False,False,False,False,False,False,False,7429.608076262098,823.3919237379023
"Laptop ASUS Vivobook Go 15.6"" FHD Intel i3-N305 8 GB 128 GB",10678.0,8.0,128.0,SSD,No especificado,0,15.6,Intel Core i3-N305,8,Alder Lake-N,Intel,15.6,Estandar,0,0,0,0,0,0,0,0,3,3.0,7.0,24.0,0.0,0,False,False,True,False,False,False,False,False,False,False,False,False,False,False,False,False,False,False,False,False,False,False,False,False,False,9955.989983158446,722.0100168415538
"Hp Probook 440 G11, Intel Core Ultra 7, Ram 8gb y  512 gb Ssd, color plateado",15599.0,8.0,512.0,SSD,No especificado,0,,No especificado,No especificado,No especificado,Intel,,Estandar,0,0,1,0,0,0,0,0,5,3.0,9.0,40.0,0.0,0,False,False,False,False,False,False,False,True,False,False,False,False,False,False,False,False,False,False,False,False,False,False,False,False,False,17732.769976451924,-2133.769976451924
"Laptop ASUS 14"" FHD Intel Celeron N4500 4GB 64GB Win11",6366.0,4.0,64.0,SSD,Celeron,0,14.0,No especificado,No especificado,No especificado,Intel,14.0,Estandar,0,0,0,0,0,0,0,0,1,2.0,6.0,4.0,0.0,0,False,False,True,False,False,False,False,False,False,False,False,False,False,False,False,False,False,False,False,False,False,False,False,False,False,6259.3534179480075,106.64658205199248
"Laptop HP 255R: Procesador AMD Ryzen 5 7520U, RAM 16GB LPDDR5, SSD de 512GB, Pantalla de 15.6"" LED, Video Radeon Graphics, S.O. Windows 11 Home.",10699.0,16.0,512.0,SSD,Ryzen 5,0,15.6,AMD Ryzen 5 7520U,4,Serie 7000 (Zen 2),AMD,15.6,Estandar,0,0,0,0,0,0,0,1,4,4.0,9.0,64.0,16.0,0,False,False,False,False,False,False,False,True,False,False,False,False,False,False,False,False,False,False,False,False,False,False,False,False,False,14827.600387503358,-4128.600387503358
"Laptop ASUS Vivobook Go 14"" FHD Intel Celeron 4GB 640GB",8071.0,4.0,640.0,SSD,Celeron,0,14.0,No especificado,No especificado,No especificado,Intel,14.0,Estandar,0,0,0,0,0,0,0,0,1,2.0,9.321928094887362,4.0,0.0,0,False,False,True,False,False,False,False,False,False,False,False,False,False,False,False,False,False,False,False,False,False,False,False,False,False,8264.180656451732,-193.18065645173192
Laptop ASUS Vivobook Go 14 E410 Intel Celeron 4GB 640GB,8071.0,4.0,640.0,SSD,Celeron,0,,No especificado,No especificado,No especificado,Intel,10.0,Ultraportatil,0,0,0,0,0,0,0,0,1,2.0,9.321928094887362,4.0,0.0,0,False,False,True,False,False,False,False,False,False,False,False,False,False,False,False,False,False,False,False,False,False,False,False,False,False,8264.180656451732,-193.18065645173192
"Laptop ASUS Vivobook Go 15.6"" FHD Intel N6000 4 GB 128 GB SSD",6976.0,4.0,128.0,SSD,Intel N6000,0,15.6,No especificado,No especificado,No especificado,Intel,15.6,Estandar,0,0,0,0,0,0,0,0,2,2.0,7.0,8.0,0.0,0,False,False,True,False,False,False,False,False,False,False,False,False,False,False,False,False,False,False,False,False,False,False,False,False,False,7675.9276955369705,-699.9276955369705
"Laptop ASUS L410MA 14"" FHD Intel N4020 4 GB 64 GB Win11",7469.0,4.0,64.0,SSD,Intel N4020,0,14.0,No especificado,No especificado,No especificado,Intel,14.0,Estandar,0,0,0,0,0,0,0,0,2,2.0,6.0,8.0,0.0,0,False,False,True,False,False,False,False,False,False,False,False,False,False,False,False,False,False,False,False,False,False,False,False,False,False,6246.903156506639,1222.0968434933611
"Notebook Lenovo V15 Intel N150 156"" FHD 16 GB 512 GB SSD",14806.0,16.0,512.0,SSD,Intel N150,0,,No especificado,No especificado,No especificado,Intel,15.0,Estandar,0,0,0,0,0,0,0,0,1,4.0,9.0,16.0,0.0,0,False,False,False,False,False,False,False,False,False,False,False,False,False,False,True,False,False,False,False,False,False,False,False,False,False,17127.628860843837,-2321.628860843837
"Laptop HP 14"" 16 GB RAM 128 GB SSD Intel N150 Windows 11",8211.0,16.0,128.0,SSD,Intel N150,0,14.0,No especificado,No especificado,No especificado,Intel,14.0,Estandar,0,0,0,0,0,0,0,0,1,4.0,7.0,16.0,0.0,0,False,False,False,False,False,False,False,True,False,False,False,False,False,False,False,False,False,False,False,False,False,False,False,False,False,10160.519054818593,-1949.5190548185928
"Laptop HP 14"" Intel N150 Quad-Core 4GB 192GB WiFi 6",7804.0,4.0,192.0,SSD,Intel N150,0,14.0,No especificado,No especificado,No especificado,Intel,14.0,Estandar,0,0,0,0,0,0,0,0,1,2.0,7.584962500721156,4.0,0.0,0,False,False,False,False,False,False,False,True,False,False,False,False,False,False,False,False,False,False,False,False,False,False,False,False,False,6441.823030391917,1362.1769696080828
"Laptop HP de 14"" Intel Pentium 16 GB 128 GB SSD Windows 11",10186.0,16.0,128.0,SSD,No especificado,0,14.0,No especificado,No especificado,No especificado,Intel,14.0,Estandar,0,0,0,0,0,0,0,0,1,4.0,7.0,16.0,0.0,0,False,False,False,False,False,False,False,True,False,False,False,False,False,False,False,False,False,False,False,False,False,False,False,False,False,10160.519054818593,25.48094518140715
"Laptop Lenovo V15 156"" FHD Intel N150 16 GB 512 GB SSD",14806.0,16.0,512.0,SSD,Intel N150,0,,No especificado,No especificado,No especificado,Intel,16.0,Grande,0,0,0,0,0,0,0,0,1,4.0,9.0,16.0,0.0,0,False,False,False,False,False,False,False,False,False,False,False,False,False,False,True,False,False,False,False,False,False,False,False,False,False,17127.628860843837,-2321.628860843837
"Notebook HP 14"" táctil Intel N150 4GB 128GB SSD con Microsoft 365",7717.0,4.0,128.0,SSD,Intel N150,0,14.0,No especificado,No especificado,No especificado,Intel,14.0,Estandar,0,0,0,0,1,0,0,0,1,2.0,7.0,4.0,0.0,0,False,False,False,False,False,False,False,True,False,False,False,False,False,False,False,False,False,False,False,False,False,False,False,False,False,8248.950581066243,-531.9505810662431
"Laptop ASUS Vivobook 14"" FHD Intel i3-1315U 8GB 512GB SSD",14750.0,8.0,512.0,SSD,No especificado,0,14.0,Intel Core i3-1315U,6,13ª Gen (Raptor Lake),Intel,14.0,Estandar,0,0,0,0,0,0,0,0,3,3.0,9.0,24.0,0.0,0,False,False,True,False,False,False,False,False,False,False,False,False,False,False,False,False,False,False,False,False,False,False,False,False,False,12972.923025598267,1777.0769744017325
"Laptop HP 14"" 16 GB de RAM 256 GB Intel N150 Windows 11",9692.0,16.0,256.0,SSD,Intel N150,0,14.0,No especificado,No especificado,No especificado,Intel,14.0,Estandar,0,0,0,0,0,0,0,0,1,4.0,8.0,16.0,0.0,0,False,False,False,False,False,False,False,True,False,False,False,False,False,False,False,False,False,False,False,False,False,False,False,False,False,10169.31479659435,-477.3147965943499
Reacondicionado Ordenador portátil Apple MacBook Pro de finales de 2019 15.4 pulgadas Intel i9 32 GB 512 GB,17283.0,32.0,512.0,SSD,No especificado,0,15.4,No especificado,No especificado,No especificado,Intel,15.4,Estandar,1,0,0,1,0,0,1,0,6,5.0,9.0,192.0,0.0,0,False,True,False,False,False,False,False,False,False,False,False,False,False,False,False,False,False,False,False,False,False,False,False,False,False,21611.622787698416,-4328.622787698416
"Laptop Dell Inspiron 15.6"" FHD táctil i5 8 GB 768 GB Win11",14615.0,8.0,768.0,SSD,No especificado,0,15.6,No especificado,No especificado,No especificado,Intel,15.6,Estandar,0,0,0,0,1,0,0,0,4,3.0,9.584962500721156,32.0,0.0,0,False,False,False,True,False,False,False,False,False,False,False,False,False,False,False,False,False,False,False,False,False,False,False,False,False,14245.79716839046,369.2028316095402
"Laptop ASUS Vivobook 14"" FHD Intel Core i5 12GB 256GB SSD",15116.0,12.0,256.0,SSD,Core I5,0,14.0,Intel Core i5,No especificado,No especificado,Intel,14.0,Estandar,0,0,0,0,0,0,0,0,4,3.584962500721156,8.0,48.0,0.0,0,False,False,True,False,False,False,False,False,False,False,False,False,False,False,False,False,False,False,False,False,False,False,False,False,False,14345.859774248245,770.1402257517548
Laptop HP 15 AMD Ryzen 7 8 GB de RAM 256 GB SSD HD Windows 10,10520.0,8.0,256.0,SSD,Ryzen 7,0,,No especificado,No especificado,No especificado,AMD,,Estandar,0,0,0,0,0,0,0,0,5,3.0,8.0,40.0,0.0,0,False,False,False,False,False,False,False,True,False,False,False,False,False,False,False,False,False,False,False,False,False,False,False,False,False,15030.59573425884,-4510.595734258841
"Laptop HP 14"" Intel N150 16 GB RAM 256 GB rosa Win11",11231.0,16.0,256.0,SSD,Intel N150,0,14.0,No especificado,No especificado,No especificado,Intel,14.0,Estandar,0,0,0,0,0,0,0,0,1,4.0,8.0,16.0,0.0,0,False,False,False,False,False,False,False,True,False,False,False,False,False,False,False,False,False,False,False,False,False,False,False,False,False,10169.31479659435,1061.68520340565
Laptop HP 14 Intel Celeron N4500 8 GB 256 GB eMMC Win11,9580.0,8.0,256.0,SSD,Celeron,0,,No especificado,No especificado,No especificado,Intel,14.0,Estandar,0,0,0,0,0,0,0,0,1,3.0,8.0,8.0,0.0,0,False,False,False,False,False,False,False,True,False,False,False,False,False,False,False,False,False,False,False,False,False,False,False,False,False,9316.651061180744,263.34893881925564
"Laptop HP 156"" con pantalla táctil i3-1215U 8 GB 256 GB SSD",13067.0,8.0,256.0,SSD,No especificado,0,,Intel Core i3-1215U,6,12ª Gen (Alder Lake),Intel,,Estandar,0,0,0,0,1,0,0,0,3,3.0,8.0,24.0,0.0,0,False,False,False,False,False,False,False,True,False,False,False,False,False,False,False,False,False,False,False,False,False,False,False,False,False,15344.148761853185,-2277.1487618531846
"Laptop HP 156"" FHD Intel i3 13.ª gen. 8 GB 128 GB SSD",10211.0,8.0,128.0,SSD,No especificado,0,,No especificado,No especificado,No especificado,Intel,,Estandar,0,0,0,0,0,0,0,0,3,3.0,7.0,24.0,0.0,0,False,False,False,False,False,False,False,True,False,False,False,False,False,False,False,False,False,False,False,False,False,False,False,False,False,8587.560709053341,1623.4392909466587
"Laptop HP 156"" N200 16 GB RAM 128 GB SSD Win11",11093.0,16.0,128.0,SSD,No especificado,0,,Intel Processor N200,4,Alder Lake-N,Intel,16.0,Grande,0,0,0,0,0,0,0,0,1,4.0,7.0,16.0,0.0,0,False,False,False,False,False,False,False,True,False,False,False,False,False,False,False,False,False,False,False,False,False,False,False,False,False,10160.519054818593,932.4809451814072
"Laptop HP 14"" Intel N150 8 GB de RAM 256 GB SSD Windows 11",9496.0,8.0,256.0,SSD,Intel N150,0,14.0,No especificado,No especificado,No especificado,Intel,14.0,Estandar,0,0,0,0,0,0,0,0,1,3.0,8.0,8.0,0.0,0,False,False,False,False,False,False,False,True,False,False,False,False,False,False,False,False,False,False,False,False,False,False,False,False,False,9316.651061180744,179.34893881925564
"Laptop HP 15.6"" FHD Ryzen 5 8 GB 256 GB SSD Radeon",12607.0,8.0,256.0,SSD,Ryzen 5,0,15.6,AMD Ryzen 5,No especificado,No especificado,AMD,15.6,Estandar,0,0,0,0,0,0,0,1,4,3.0,8.0,32.0,8.0,0,False,False,False,False,False,False,False,True,False,False,False,False,False,False,False,False,False,False,False,False,False,False,False,False,False,13088.00169765546,-481.0016976554598
"Laptop HP Stream 14"" HD Intel N150 4 GB RAM 112 TB",12567.0,4.0,1152.0,SSD,Intel N150,0,14.0,No especificado,No especificado,No especificado,Intel,14.0,Estandar,0,0,0,0,0,0,0,0,1,2.0,10.169925001442312,4.0,0.0,0,False,False,False,False,False,False,False,True,False,False,False,False,False,False,False,False,False,False,False,False,False,False,False,False,False,9419.14664450763,3147.8533554923706
"Laptop ASUS VivoBook 14"" FHD i3-1215U 4GB 128GB SSD",10186.0,4.0,128.0,SSD,No especificado,0,14.0,Intel Core i3-1215U,6,12ª Gen (Alder Lake),Intel,14.0,Estandar,0,0,0,0,0,0,0,0,3,2.0,7.0,12.0,0.0,0,False,False,True,False,False,False,False,False,False,False,False,False,False,False,False,False,False,False,False,False,False,False,False,False,False,7907.009079298101,2278.990920701899
"Laptop Lenovo V14 G4 AMN: Procesador AMD Ryzen 5 7520U, Memoria 16GB LPDDR5, SSD de 512GB, Pantalla de 14"" LED, Video Radeon 610M, Windows 11 Home.",11539.0,16.0,512.0,SSD,Ryzen 5,0,14.0,AMD Ryzen 5 7520U,4,Serie 7000 (Zen 2),AMD,14.0,Estandar,0,0,0,0,0,0,0,1,4,4.0,9.0,64.0,16.0,0,False,False,False,False,False,False,False,False,False,False,False,False,False,False,True,False,False,False,False,False,False,False,False,False,False,15660.994231894194,-4121.994231894194
Laptop Dell Inspiron LDC15250 Core i5 8GB 512GB SSD Negra,11499.0,8.0,512.0,SSD,Core I5,0,,Intel Core i5,No especificado,No especificado,Intel,,Estandar,0,0,0,0,0,0,0,0,4,3.0,9.0,32.0,0.0,0,False,False,False,True,False,False,False,False,False,False,False,False,False,False,False,False,False,False,False,False,False,False,False,False,False,13233.523072965878,-1734.5230729658779
"Notebook ASUS L410 14"" FHD Intel Celeron 4GB 128GB",5741.0,4.0,128.0,SSD,Celeron,0,14.0,No especificado,No especificado,No especificado,Intel,14.0,Estandar,0,0,0,0,0,0,0,0,1,2.0,7.0,4.0,0.0,0,False,False,True,False,False,False,False,False,False,False,False,False,False,False,False,False,False,False,False,False,False,False,False,False,False,7429.608076262098,-1688.6080762620977
"Laptop HP 15.6"" 15-dy2792wm Intel i3 8 GB 256 GB SSD",8041.0,8.0,256.0,SSD,No especificado,0,15.6,No especificado,No especificado,No especificado,Intel,15.6,Estandar,0,0,0,0,0,0,0,0,3,3.0,8.0,24.0,0.0,0,False,False,False,False,False,False,False,True,False,False,False,False,False,False,False,False,False,False,False,False,False,False,False,False,False,10454.363186473598,-2413.363186473598
"Laptop ASUS Vivobook 14"" FHD Intel i3-1315U 8GB 128GB SSD",13079.0,8.0,128.0,SSD,No especificado,0,14.0,Intel Core i3-1315U,6,13ª Gen (Raptor Lake),Intel,14.0,Estandar,0,0,0,0,0,0,0,0,3,3.0,7.0,24.0,0.0,0,False,False,True,False,False,False,False,False,False,False,False,False,False,False,False,False,False,False,False,False,False,False,False,False,False,9955.989983158446,3123.010016841554
"Laptop HP 14"" HD Intel N150 8 GB RAM 128 GB SSD Verde",8976.0,8.0,128.0,SSD,Intel N150,0,14.0,No especificado,No especificado,No especificado,Intel,14.0,Estandar,0,0,0,0,0,0,0,0,1,3.0,7.0,8.0,0.0,0,False,False,False,False,False,False,False,True,False,False,False,False,False,False,False,False,False,False,False,False,False,False,False,False,False,8705.603752867748,270.39624713225203
"Laptop ASUS Vivobook Go 14"" FHD Intel Pentium N6000 4GB 64GB",5765.0,4.0,64.0,SSD,No especificado,0,14.0,No especificado,No especificado,No especificado,Intel,14.0,Estandar,0,0,0,0,0,0,0,0,1,2.0,6.0,4.0,0.0,0,False,False,True,False,False,False,False,False,False,False,False,False,False,False,False,False,False,False,False,False,False,False,False,False,False,6259.3534179480075,-494.3534179480075
"Laptop HP 14"" Intel Celeron N4500 4 GB 192 GB",7000.0,4.0,192.0,SSD,Celeron,0,14.0,No especificado,No especificado,No especificado,Intel,14.0,Estandar,0,0,0,0,0,0,0,0,1,2.0,7.584962500721156,4.0,0.0,0,False,False,False,False,False,False,False,False,False,False,True,False,False,False,False,False,False,False,False,False,False,False,False,False,False,6012.024895102182,987.9751048978178
"Laptop ASUS C423NA 14"" HD Intel N3350 4 GB 64 GB Chrome OS",5370.0,4.0,64.0,SSD,Intel N3350,0,14.0,No especificado,No especificado,No especificado,Intel,14.0,Estandar,0,0,0,0,0,0,0,0,2,2.0,6.0,8.0,0.0,0,False,False,True,False,False,False,False,False,False,False,False,False,False,False,False,False,False,False,False,False,False,False,False,False,False,6246.903156506639,-876.9031565066389
"Laptop ASUS C425TA 14"" FHD táctil Intel Core m3 4 GB 128 GB",6926.0,4.0,128.0,SSD,No especificado,0,14.0,Apple M3,8,Apple Silicon (3ª Gen),Apple,14.0,Estandar,0,0,0,0,1,0,0,0,5,2.0,7.0,20.0,0.0,0,False,False,True,False,False,False,False,False,False,False,False,False,False,False,False,False,False,False,False,False,False,False,False,False,False,6088.128580860362,837.8714191396384
"Laptop HP 156"" Intel Pentium 8 GB 384 GB Windows 11",10428.0,8.0,384.0,SSD,No especificado,0,,No especificado,No especificado,No especificado,Intel,,Estandar,0,0,0,0,0,0,0,0,1,3.0,8.584962500721156,8.0,0.0,0,False,False,False,False,False,False,False,True,False,False,False,False,False,False,False,False,False,False,False,False,False,False,False,False,False,9331.375426920562,1096.624573079438
Laptop HP 15 con pantalla táctil i5 8 GB 512 GB SSD,13503.0,8.0,512.0,SSD,No especificado,0,,No especificado,No especificado,No especificado,Intel,,Estandar,0,0,0,0,1,0,0,0,4,3.0,9.0,32.0,0.0,0,False,False,False,False,False,False,False,False,False,False,True,False,False,False,False,False,False,False,False,False,False,False,False,False,False,14212.131829313985,-709.1318293139848
"Laptop ASUS Vivobook Go 15.6"" Ryzen 3 8GB 128GB SSD",10705.0,8.0,128.0,SSD,Ryzen 3,0,15.6,AMD Ryzen 3,No especificado,No especificado,AMD,15.6,Estandar,0,0,0,0,0,0,0,0,3,3.0,7.0,24.0,0.0,0,False,False,True,False,False,False,False,False,False,False,False,False,False,False,False,False,False,False,False,False,False,False,False,False,False,9955.989983158446,749.0100168415538
"Laptop HP 14"" Intel Celeron 8 GB RAM 1600 GB Windows 11",10694.0,8.0,1600.0,SSD,Celeron,0,14.0,No especificado,No especificado,No especificado,Intel,14.0,Estandar,0,0,0,0,0,0,0,0,1,3.0,10.643856189774725,8.0,0.0,0,False,False,False,False,False,False,False,True,False,False,False,False,False,False,False,False,False,False,False,False,False,False,False,False,False,10393.45562462501,300.5443753749896
"Laptop HP 14"" Intel Celeron 16 GB RAM 1600 GB Windows 11",10779.0,16.0,1600.0,SSD,Celeron,0,14.0,No especificado,No especificado,No especificado,Intel,14.0,Estandar,0,0,0,0,0,0,0,0,1,4.0,10.643856189774725,16.0,0.0,0,False,False,False,False,False,False,False,True,False,False,False,False,False,False,False,False,False,False,False,False,False,False,False,False,False,12343.451853908435,-1564.4518539084347
"HP LAPTOP 255 G10 (AL2R3AT) 15.5"" RYZEN 5 8GB 512GB SSD W11 GRIS",9599.0,8.0,512.0,SSD,Ryzen 5,0,15.5,AMD Ryzen 5,No especificado,No especificado,AMD,15.5,Estandar,0,0,0,0,0,0,0,0,4,3.0,9.0,32.0,0.0,0,False,False,False,False,False,False,False,True,False,False,False,False,False,False,False,False,False,False,False,False,False,False,False,False,False,13053.852103794592,-3454.852103794592
"Laptop HP ultradelgada de 14"" Intel N150 16 GB 384 GB Windows 11",9922.0,16.0,384.0,SSD,Intel N150,0,14.0,No especificado,No especificado,No especificado,Intel,14.0,Estandar,0,0,0,0,0,0,0,0,1,4.0,8.584962500721156,16.0,0.0,0,False,False,False,False,False,False,False,True,False,False,False,False,False,False,False,False,False,False,False,False,False,False,False,False,False,10106.382466258226,-184.3824662582265
"Laptop HP 156"" FHD táctil Intel i3 8 GB 512 GB SSD Win11",10729.0,8.0,512.0,SSD,No especificado,0,,No especificado,No especificado,No especificado,Intel,,Estandar,0,0,0,0,1,0,0,0,3,3.0,9.0,24.0,0.0,0,False,False,False,False,False,False,False,True,False,False,False,False,False,False,False,False,False,False,False,False,False,False,False,False,False,14829.538524887286,-4100.538524887286
"Laptop HP Intel N150 de 14"" con 16 GB de RAM y 128 GB SSD color oro rosa",9224.0,16.0,128.0,SSD,Intel N150,0,14.0,No especificado,No especificado,No especificado,Intel,14.0,Estandar,0,0,0,0,0,0,0,0,1,4.0,7.0,16.0,0.0,0,False,False,False,False,False,False,False,True,False,False,False,False,False,False,False,False,False,False,False,False,False,False,False,False,False,10160.519054818593,-936.5190548185928
"Laptop HP Stream 14"" Intel N150 8GB 128GB Rosa",8582.0,8.0,128.0,SSD,Intel N150,0,14.0,No especificado,No especificado,No especificado,Intel,14.0,Estandar,0,0,0,0,0,0,0,0,1,3.0,7.0,8.0,0.0,0,False,False,False,False,False,False,False,True,False,False,False,False,False,False,False,False,False,False,False,False,False,False,False,False,False,8705.603752867748,-123.60375286774797
"Laptop HP N150 Intel 14"" LED 8 GB RAM 256 GB Windows 11",9483.0,8.0,256.0,SSD,No especificado,0,14.0,No especificado,No especificado,No especificado,Intel,14.0,Estandar,0,0,0,0,0,0,0,0,1,3.0,8.0,8.0,0.0,0,False,False,False,False,False,False,False,True,False,False,False,False,False,False,False,False,False,False,False,False,False,False,False,False,False,9316.651061180744,166.34893881925564
"Laptop NIMO N156 i5-12450H 15.6"" FHD 8GB 256GB SSD",14622.0,8.0,256.0,SSD,No especificado,0,15.6,Intel Core i5-12450H,8,12ª Gen (Alder Lake),Intel,15.6,Estandar,0,0,0,0,0,0,0,0,4,3.0,8.0,32.0,0.0,0,False,False,False,False,False,False,False,False,False,False,False,False,False,False,False,False,False,False,False,False,True,False,False,False,False,12897.214122788779,1724.7858772112213
"Laptop HP Stream 14"" HD Intel N150 4 GB RAM 288 GB SSD",8908.0,4.0,288.0,SSD,Intel N150,0,14.0,No especificado,No especificado,No especificado,Intel,14.0,Estandar,0,0,0,0,0,0,0,0,1,2.0,8.169925001442312,4.0,0.0,0,False,False,False,False,False,False,False,True,False,False,False,False,False,False,False,False,False,False,False,False,False,False,False,False,False,8577.792355833324,330.2076441666759
"Notebook HP Stream 14"" HD Intel N150 4GB 288GB Win11",9012.0,4.0,288.0,SSD,Intel N150,0,14.0,No especificado,No especificado,No especificado,Intel,14.0,Estandar,0,0,0,0,0,0,0,0,1,2.0,8.169925001442312,4.0,0.0,0,False,False,False,False,False,False,False,True,False,False,False,False,False,False,False,False,False,False,False,False,False,False,False,False,False,8577.792355833324,434.2076441666759
"Laptop HP 156"" HD Intel N200 16 GB RAM 128 GB Wi‑Fi 6",11447.0,16.0,128.0,SSD,Intel N200,0,,Intel Processor N200,4,Alder Lake-N,Intel,16.0,Grande,0,0,0,0,0,0,0,0,1,4.0,7.0,16.0,0.0,0,False,False,False,False,False,False,False,True,False,False,False,False,False,False,False,False,False,False,False,False,False,False,False,False,False,10160.519054818593,1286.4809451814072
"Notebook HP 156"" táctil Intel i3 6 núcleos 8 GB 256 GB SSD Win11",12232.0,8.0,256.0,SSD,No especificado,0,,No especificado,No especificado,No especificado,Intel,,Estandar,0,0,0,0,1,0,0,0,3,3.0,8.0,24.0,0.0,0,False,False,False,False,False,False,False,True,False,False,False,False,False,False,False,False,False,False,False,False,False,False,False,False,False,15344.148761853185,-3112.1487618531846
"Laptop HP 14"" Intel N150 4 GB RAM 128 GB SSD Win11",8764.0,4.0,128.0,SSD,Intel N150,0,14.0,No especificado,No especificado,No especificado,Intel,14.0,Estandar,0,0,0,0,0,0,0,0,1,2.0,7.0,4.0,0.0,0,False,False,False,False,False,False,False,True,False,False,False,False,False,False,False,False,False,False,False,False,False,False,False,False,False,7495.881336415224,1268.1186635847762
"Laptop ASUS 14"" FHD Intel Celeron N4500 4GB 64GB Win11",5843.0,4.0,64.0,SSD,Celeron,0,14.0,No especificado,No especificado,No especificado,Intel,14.0,Estandar,0,0,0,0,0,0,0,0,1,2.0,6.0,4.0,0.0,0,False,False,True,False,False,False,False,False,False,False,False,False,False,False,False,False,False,False,False,False,False,False,False,False,False,6259.3534179480075,-416.3534179480075
"Laptop HP 156"" N200 Quad-Core 8 GB 128 GB Wi‑Fi 6",10212.0,8.0,128.0,SSD,Core 8,0,,Intel Processor N200,4,Alder Lake-N,Intel,,Estandar,0,0,0,0,0,0,0,0,1,3.0,7.0,8.0,0.0,0,False,False,False,False,False,False,False,True,False,False,False,False,False,False,False,False,False,False,False,False,False,False,False,False,False,8705.603752867748,1506.396247132252
"Laptop HP 14"" Intel Celeron 4GB RAM 1600GB Windows 11",10453.0,4.0,1600.0,SSD,Celeron,0,14.0,No especificado,No especificado,No especificado,Intel,14.0,Estandar,0,0,0,0,0,0,0,0,1,2.0,10.643856189774725,4.0,0.0,0,False,False,False,False,False,False,False,True,False,False,False,False,False,False,False,False,False,False,False,False,False,False,False,False,False,10059.588849103116,393.41115089688356
"Laptop HP 14"" Intel N150 8GB RAM 128GB Windows 11",8729.0,8.0,128.0,SSD,Intel N150,0,14.0,No especificado,No especificado,No especificado,Intel,14.0,Estandar,0,0,0,0,0,0,0,0,1,3.0,7.0,8.0,0.0,0,False,False,False,False,False,False,False,True,False,False,False,False,False,False,False,False,False,False,False,False,False,False,False,False,False,8705.603752867748,23.39624713225203
"Laptop HP 14"" HD Intel N150 16 GB RAM 112 TB de almacenamiento",10137.0,16.0,1152.0,SSD,Intel N150,0,14.0,No especificado,No especificado,No especificado,Intel,14.0,Estandar,0,0,0,0,0,0,0,0,1,4.0,10.169925001442312,16.0,0.0,0,False,False,False,False,False,False,False,True,False,False,False,False,False,False,False,False,False,False,False,False,False,False,False,False,False,10896.900513919389,-759.9005139193887
"Laptop HP de 14"" HD Intel N150 16 GB de RAM 112 TB de almacenamiento",10137.0,16.0,1152.0,SSD,Intel N150,0,14.0,No especificado,No especificado,No especificado,Intel,14.0,Estandar,0,0,0,0,0,0,0,0,1,4.0,10.169925001442312,16.0,0.0,0,False,False,False,False,False,False,False,True,False,False,False,False,False,False,False,False,False,False,False,False,False,False,False,False,False,10896.900513919389,-759.9005139193887
"Laptop ASUS Vivobook 14"" FHD Intel i3-1315U 16GB 512GB SSD",15976.0,16.0,512.0,SSD,No especificado,0,14.0,Intel Core i3-1315U,6,13ª Gen (Raptor Lake),Intel,14.0,Estandar,0,0,0,0,0,0,0,0,3,4.0,9.0,48.0,0.0,0,False,False,True,False,False,False,False,False,False,False,False,False,False,False,False,False,False,False,False,False,False,False,False,False,False,16313.862235069131,-337.8622350691312
"Laptop HP Stream 14"" Intel N150 4 GB RAM 288 GB de almacenamiento",8908.0,4.0,288.0,SSD,Intel N150,0,14.0,No especificado,No especificado,No especificado,Intel,14.0,Estandar,0,0,0,0,0,0,0,0,1,2.0,8.169925001442312,4.0,0.0,0,False,False,False,False,False,False,False,True,False,False,False,False,False,False,False,False,False,False,False,False,False,False,False,False,False,8577.792355833324,330.2076441666759
"Laptop HP Stream 14"" Intel N150 4GB RAM 288GB Rosa",8908.0,4.0,288.0,SSD,Intel N150,0,14.0,No especificado,No especificado,No especificado,Intel,14.0,Estandar,0,0,0,0,0,0,0,0,1,2.0,8.169925001442312,4.0,0.0,0,False,False,False,False,False,False,False,True,False,False,False,False,False,False,False,False,False,False,False,False,False,False,False,False,False,8577.792355833324,330.2076441666759
"Laptop HP 14"" HD Intel N150 16 GB RAM 112 TB de almacenamiento",9645.0,16.0,1152.0,SSD,Intel N150,0,14.0,No especificado,No especificado,No especificado,Intel,14.0,Estandar,0,0,0,0,0,0,0,0,1,4.0,10.169925001442312,16.0,0.0,0,False,False,False,False,False,False,False,True,False,False,False,False,False,False,False,False,False,False,False,False,False,False,False,False,False,10896.900513919389,-1251.9005139193887
"Laptop HP 14"" HD Intel N150 16 GB RAM 112 TB Wi‑Fi 6",10629.0,16.0,1152.0,SSD,Intel N150,0,14.0,No especificado,No especificado,No especificado,Intel,14.0,Estandar,0,0,0,0,0,0,0,0,1,4.0,10.169925001442312,16.0,0.0,0,False,False,False,False,False,False,False,True,False,False,False,False,False,False,False,False,False,False,False,False,False,False,False,False,False,10896.900513919389,-267.9005139193887
"Laptop HP de 14"" Intel N150 16 GB de RAM 256 GB Windows 11",10212.0,16.0,256.0,SSD,Intel N150,0,14.0,No especificado,No especificado,No especificado,Intel,14.0,Estandar,0,0,0,0,0,0,0,0,1,4.0,8.0,16.0,0.0,0,False,False,False,False,False,False,False,True,False,False,False,False,False,False,False,False,False,False,False,False,False,False,False,False,False,10169.31479659435,42.6852034056501
"Notebook HP 14"" HD Intel N150 16 GB de RAM 112 TB de almacenamiento",9645.0,16.0,1152.0,SSD,Intel N150,0,14.0,No especificado,No especificado,No especificado,Intel,14.0,Estandar,0,0,0,0,0,0,0,0,1,4.0,10.169925001442312,16.0,0.0,0,False,False,False,False,False,False,False,True,False,False,False,False,False,False,False,False,False,False,False,False,False,False,False,False,False,10896.900513919389,-1251.9005139193887
"Laptop HP 14"" Intel N150 8 GB de RAM 128 GB Windows 11",8236.0,8.0,128.0,SSD,Intel N150,0,14.0,No especificado,No especificado,No especificado,Intel,14.0,Estandar,0,0,0,0,0,0,0,0,1,3.0,7.0,8.0,0.0,0,False,False,False,False,False,False,False,True,False,False,False,False,False,False,False,False,False,False,False,False,False,False,False,False,False,8705.603752867748,-469.60375286774797
"Laptop HP N150 Intel 14"" HD 8 GB de RAM 128 GB SSD Win11",8236.0,8.0,128.0,SSD,No especificado,0,14.0,No especificado,No especificado,No especificado,Intel,14.0,Estandar,0,0,0,0,0,0,0,0,1,3.0,7.0,8.0,0.0,0,False,False,False,False,False,False,False,True,False,False,False,False,False,False,False,False,False,False,False,False,False,False,False,False,False,8705.603752867748,-469.60375286774797
"Portátil Lenovo IdeaPad 1i de 14"" 20 GB de RAM 512 GB SSD Intel",10959.0,20.0,512.0,SSD,No especificado,0,14.0,No especificado,No especificado,No especificado,Intel,14.0,Estandar,0,0,0,0,0,0,0,0,2,4.321928094887363,9.0,40.0,0.0,0,False,False,False,False,False,False,False,False,False,False,False,False,False,False,True,False,False,False,False,False,False,False,False,False,False,18841.786282775727,-7882.786282775727
"Laptop HP AMD Athlon 14"" 8 GB RAM 128 GB SSD Windows 11",9754.0,8.0,128.0,SSD,Athlon,0,14.0,No especificado,No especificado,No especificado,AMD,14.0,Estandar,0,0,0,0,0,0,0,0,1,3.0,7.0,8.0,0.0,0,False,False,False,False,False,False,False,True,False,False,False,False,False,False,False,False,False,False,False,False,False,False,False,False,False,8705.603752867748,1048.396247132252
"Laptop HP Intel N4500 8GB RAM 128GB SSD 14"" Chrome Flex",10149.0,8.0,128.0,SSD,Intel N4500,0,14.0,No especificado,No especificado,No especificado,Intel,14.0,Estandar,0,0,0,0,0,0,0,0,2,3.0,7.0,16.0,0.0,0,False,False,False,False,False,False,False,True,False,False,False,False,False,False,False,False,False,False,False,False,False,False,False,False,False,8872.393485727443,1276.6065142725565
"Laptop Acer Aspire 3 Intel Core i3 16 GB 256 GB SSD 156""",14533.0,16.0,256.0,SSD,Core I3,0,,Intel Core i3,No especificado,No especificado,Intel,16.0,Grande,0,0,0,0,0,0,0,0,3,4.0,8.0,48.0,0.0,0,False,False,False,False,False,False,False,False,False,False,False,False,False,False,False,False,False,False,False,False,False,False,False,False,False,13474.900672953481,1058.0993270465187
"Laptop HP Essential 14"" HD Intel Celeron 8 GB 128 GB",7824.0,8.0,128.0,SSD,Celeron,0,14.0,No especificado,No especificado,No especificado,Intel,14.0,Estandar,0,0,0,0,0,0,0,0,1,3.0,7.0,8.0,0.0,0,False,False,False,False,False,False,False,True,False,False,False,False,False,False,False,False,False,False,False,False,False,False,False,False,False,8705.603752867748,-881.603752867748
"Notebook HP 14"" Intel N4500 16 GB RAM 628 GB Windows 11 Pro Rose Gold",9632.0,16.0,628.0,SSD,Intel N4500,0,14.0,No especificado,No especificado,No especificado,Intel,14.0,Estandar,0,0,0,0,0,0,0,0,2,4.0,9.294620748891626,32.0,0.0,0,False,False,False,False,False,False,False,True,False,False,False,False,False,False,False,False,False,False,False,False,False,False,False,False,False,15182.024943448469,-5550.024943448469
"Notebook Lenovo IdeaPad 1 15.6"" FHD Ryzen 3 8GB 256GB SSD",11704.0,8.0,256.0,SSD,Ryzen 3,0,15.6,AMD Ryzen 3,No especificado,No especificado,AMD,15.6,Estandar,0,0,0,0,0,0,0,0,3,3.0,8.0,24.0,0.0,0,False,False,False,False,False,False,False,False,False,False,False,False,False,False,True,False,False,False,False,False,False,False,False,False,False,11333.345473977844,370.65452602215555
"Laptop ASUS L510 15.6"" FHD Intel Pentium 4 GB 128 GB",6128.0,4.0,128.0,SSD,No especificado,0,15.6,No especificado,No especificado,No especificado,Intel,15.6,Estandar,0,0,0,0,0,0,0,0,1,2.0,7.0,4.0,0.0,0,False,False,True,False,False,False,False,False,False,False,False,False,False,False,False,False,False,False,False,False,False,False,False,False,False,7429.608076262098,-1301.6080762620977
"Laptop HP 14"" Intel N150 8 GB RAM 256 GB SSD Win11",9198.0,8.0,256.0,SSD,Intel N150,0,14.0,No especificado,No especificado,No especificado,Intel,14.0,Estandar,0,0,0,0,0,0,0,0,1,3.0,8.0,8.0,0.0,0,False,False,False,False,False,False,False,True,False,False,False,False,False,False,False,False,False,False,False,False,False,False,False,False,False,9316.651061180744,-118.65106118074436
"Notebook ASUS L510MA 156"" FHD Intel Celeron 4 GB 64 GB",5902.0,4.0,64.0,SSD,Celeron,0,,No especificado,No especificado,No especificado,Intel,,Estandar,0,0,0,0,0,0,0,0,1,2.0,6.0,4.0,0.0,0,False,False,True,False,False,False,False,False,False,False,False,False,False,False,False,False,False,False,False,False,False,False,False,False,False,6259.3534179480075,-357.3534179480075
"Laptop HP 14"" Intel N150 8 GB de RAM 128 GB SSD Windows 11",8500.0,8.0,128.0,SSD,Intel N150,0,14.0,No especificado,No especificado,No especificado,Intel,14.0,Estandar,0,0,0,0,0,0,0,0,1,3.0,7.0,8.0,0.0,0,False,False,False,False,False,False,False,True,False,False,False,False,False,False,False,False,False,False,False,False,False,False,False,False,False,8705.603752867748,-205.60375286774797
"Notebook HP Elite c640 14"" FHD Intel i5 8 GB 416 GB Chrome OS",11366.0,8.0,416.0,SSD,No especificado,0,14.0,No especificado,No especificado,No especificado,Intel,14.0,Estandar,0,0,0,0,0,0,0,0,4,3.0,8.700439718141093,32.0,0.0,0,False,False,False,False,False,False,False,True,False,False,False,False,False,False,False,False,False,False,False,False,False,False,False,False,False,12196.180019422227,-830.1800194222269
"Laptop HP 2025 de 14"" Intel N150 16 GB de RAM 384 GB Wi‑Fi 6",10127.0,16.0,384.0,SSD,Intel N150,0,14.0,No especificado,No especificado,No especificado,Intel,14.0,Estandar,0,0,0,0,0,0,0,0,1,4.0,8.584962500721156,16.0,0.0,0,False,False,False,False,False,False,False,True,False,False,False,False,False,False,False,False,False,False,False,False,False,False,False,False,False,10106.382466258226,20.617533741773514
"Laptop HP 15.6"" Intel N200 8 GB de RAM 128 GB SSD Windows 11",12656.0,8.0,128.0,SSD,Intel N200,0,15.6,Intel Processor N200,4,Alder Lake-N,Intel,15.6,Estandar,0,0,0,0,0,0,0,0,1,3.0,7.0,8.0,0.0,0,False,False,False,False,False,False,False,True,False,False,False,False,False,False,False,False,False,False,False,False,False,False,False,False,False,8705.603752867748,3950.396247132252
"Laptop HP de 14"" Intel N150 16 GB de RAM 256 GB de almacenamiento Windows 11",9692.0,16.0,256.0,SSD,Intel N150,0,14.0,No especificado,No especificado,No especificado,Intel,14.0,Estandar,0,0,0,0,0,0,0,0,1,4.0,8.0,16.0,0.0,0,False,False,False,False,False,False,False,True,False,False,False,False,False,False,False,False,False,False,False,False,False,False,False,False,False,10169.31479659435,-477.3147965943499
"ASUS Chromebook 14"" FHD táctil con lápiz i5 8 GB 128 GB SSD",12814.0,8.0,128.0,SSD,No especificado,0,14.0,No especificado,No especificado,No especificado,Intel,14.0,Estandar,0,0,0,0,1,0,0,0,4,3.0,7.0,32.0,0.0,0,False,False,True,False,False,False,False,False,False,False,False,False,False,False,False,False,False,False,False,False,False,False,False,False,False,14721.618277224552,-1907.618277224552
"Notebook HP Pavilion 156"" Intel N100 8 GB 256 GB SSD Win11",10717.0,8.0,256.0,SSD,Intel N100,0,,Intel Processor N100,4,Alder Lake-N,Intel,,Estandar,0,0,0,0,0,0,0,0,1,3.0,8.0,8.0,0.0,0,False,False,False,False,False,False,False,True,False,False,False,False,False,False,False,False,False,False,False,False,False,False,False,False,False,9316.651061180744,1400.3489388192556
"Laptop ASUS Vivobook Go 14"" Intel Celeron 4GB 128GB SSD",7507.0,4.0,128.0,SSD,Celeron,0,14.0,No especificado,No especificado,No especificado,Intel,14.0,Estandar,0,0,0,0,0,0,0,0,1,2.0,7.0,4.0,0.0,0,False,False,True,False,False,False,False,False,False,False,False,False,False,False,False,False,False,False,False,False,False,False,False,False,False,7429.608076262098,77.39192373790229
"Laptop ASUS Vivobook Go 15 15.6"" FHD Intel N150 8GB 128GB",8347.0,8.0,128.0,SSD,Intel N150,0,15.6,No especificado,No especificado,No especificado,Intel,15.6,Estandar,0,0,0,0,0,0,0,0,1,3.0,7.0,8.0,0.0,0,False,False,True,False,False,False,False,False,False,False,False,False,False,False,False,False,False,False,False,False,False,False,False,False,False,8500.821461356829,-153.82146135682888
"Notebook HP 14"" 2026 Intel N150 4 GB de RAM 628 GB SSD Win11",6951.0,4.0,628.0,SSD,Intel N150,0,14.0,No especificado,No especificado,No especificado,Intel,14.0,Estandar,0,0,0,0,0,0,0,0,1,2.0,9.294620748891626,4.0,0.0,0,False,False,False,False,False,False,False,True,False,False,False,False,False,False,False,False,False,False,False,False,False,False,False,False,False,7666.9178096903115,-715.9178096903115
"Laptop HP 14"" Rose Gold Intel N150 4 GB de RAM 628 GB SSD",6951.0,4.0,628.0,SSD,Intel N150,0,14.0,No especificado,No especificado,No especificado,Intel,14.0,Estandar,0,0,0,0,0,0,0,0,1,2.0,9.294620748891626,4.0,0.0,0,False,False,False,False,False,False,False,True,False,False,False,False,False,False,False,False,False,False,False,False,False,False,False,False,False,7666.9178096903115,-715.9178096903115
"Laptop HP 14"" 4 núcleos Intel N150 4 GB DDR5 628 GB Windows 11 Pro",7663.0,4.0,628.0,SSD,Intel N150,0,14.0,No especificado,No especificado,No especificado,Intel,14.0,Estandar,0,0,0,0,0,0,0,0,1,2.0,9.294620748891626,4.0,0.0,0,False,False,False,False,False,False,False,True,False,False,False,False,False,False,False,False,False,False,False,False,False,False,False,False,False,7666.9178096903115,-3.9178096903115147
"Laptop HP 14"" Intel N4500 16 GB RAM 628 GB Win11 Pro",9632.0,16.0,628.0,SSD,Intel N4500,0,14.0,No especificado,No especificado,No especificado,Intel,14.0,Estandar,0,0,0,0,0,0,0,0,2,4.0,9.294620748891626,32.0,0.0,0,False,False,False,False,False,False,False,True,False,False,False,False,False,False,False,False,False,False,False,False,False,False,False,False,False,15182.024943448469,-5550.024943448469
"Laptop HP 14"" Intel N150 4 GB DDR5 628 GB Windows 11 Pro",7663.0,4.0,628.0,SSD,Intel N150,0,14.0,No especificado,No especificado,No especificado,Intel,14.0,Estandar,0,0,0,0,0,0,0,0,1,2.0,9.294620748891626,4.0,0.0,0,False,False,False,False,False,False,False,True,False,False,False,False,False,False,False,False,False,False,False,False,False,False,False,False,False,7666.9178096903115,-3.9178096903115147
"Laptop HP 14"" Ultrabook Intel N4500 8GB 628GB Win11 Pro",8648.0,8.0,628.0,SSD,Intel N4500,0,14.0,No especificado,No especificado,No especificado,Intel,14.0,Estandar,0,0,0,0,0,0,0,0,2,3.0,9.294620748891626,16.0,0.0,0,False,False,False,False,False,False,False,True,False,False,False,False,False,False,False,False,False,False,False,False,False,False,False,False,False,9840.631454416778,-1192.631454416778
"Notebook HP 14"" Intel N150 4 GB DDR5 628 GB Win11 Pro azul cielo",7663.0,4.0,628.0,SSD,Intel N150,0,14.0,No especificado,No especificado,No especificado,Intel,14.0,Estandar,0,0,0,0,0,0,0,0,1,2.0,9.294620748891626,4.0,0.0,0,False,False,False,False,False,False,False,True,False,False,False,False,False,False,False,False,False,False,False,False,False,False,False,False,False,7666.9178096903115,-3.9178096903115147
"Laptop HP 14"" Intel N150 4GB DDR5 628GB Win11 Pro",7663.0,4.0,628.0,SSD,Intel N150,0,14.0,No especificado,No especificado,No especificado,Intel,14.0,Estandar,0,0,0,0,0,0,0,0,1,2.0,9.294620748891626,4.0,0.0,0,False,False,False,False,False,False,False,True,False,False,False,False,False,False,False,False,False,False,False,False,False,False,False,False,False,7666.9178096903115,-3.9178096903115147
"Laptop HP 14"" Intel N150 32 GB RAM 640 GB de almacenamiento",12252.0,32.0,640.0,SSD,Intel N150,0,14.0,No especificado,No especificado,No especificado,Intel,14.0,Estandar,0,0,0,0,0,0,0,0,1,5.0,9.321928094887362,32.0,0.0,0,False,False,False,False,False,False,False,True,False,False,False,False,False,False,False,False,False,False,False,False,False,False,False,False,False,12409.936347329656,-157.9363473296562
"Laptop ASUS Vivobook Go 14"" FHD Intel Celeron 4GB 288GB",8459.0,4.0,288.0,SSD,Celeron,0,14.0,No especificado,No especificado,No especificado,Intel,14.0,Estandar,0,0,0,0,0,0,0,0,1,2.0,8.169925001442312,4.0,0.0,0,False,False,True,False,False,False,False,False,False,False,False,False,False,False,False,False,False,False,False,False,False,False,False,False,False,8178.928890619453,280.07110938054666
"Laptop Lenovo 13s G2 13.3"", Core i5-11a 8GB 256GB SSD, Reacondicionado",7499.0,8.0,256.0,SSD,Core I5,0,13.3,Intel Core i5,No especificado,No especificado,Intel,13.3,Ultraportatil,1,0,0,0,0,0,0,0,4,3.0,8.0,32.0,0.0,0,False,False,False,False,False,False,False,False,False,False,False,False,False,False,True,False,False,False,False,False,False,False,False,False,False,8518.53073010386,-1019.5307301038592
"Notebook HP 14"" Intel N4020 8 GB RAM 128 GB SSD Windows 11",8235.0,8.0,128.0,SSD,Intel N4020,0,14.0,No especificado,No especificado,No especificado,Intel,14.0,Estandar,0,0,0,0,0,0,0,0,2,3.0,7.0,16.0,0.0,0,False,False,False,False,False,False,False,True,False,False,False,False,False,False,False,False,False,False,False,False,False,False,False,False,False,8872.393485727443,-637.3934857274435
"Laptop HP 2025 14"" Intel N150 16 GB de RAM 384 GB Wi‑Fi 6",9690.0,16.0,384.0,SSD,Intel N150,0,14.0,No especificado,No especificado,No especificado,Intel,14.0,Estandar,0,0,0,0,0,0,0,0,1,4.0,8.584962500721156,16.0,0.0,0,False,False,False,False,False,False,False,True,False,False,False,False,False,False,False,False,False,False,False,False,False,False,False,False,False,10106.382466258226,-416.3824662582265
"Notebook HP i3-1215U 156"" FHD 16 GB 512 GB SSD Wi‑Fi 6",13634.0,16.0,512.0,SSD,No especificado,0,,Intel Core i3-1215U,6,12ª Gen (Alder Lake),Intel,16.0,Grande,0,0,0,0,0,0,0,0,3,4.0,9.0,48.0,0.0,0,False,False,False,False,False,False,False,True,False,False,False,False,False,False,False,False,False,False,False,False,False,False,False,False,False,16074.740055814691,-2440.740055814691
"Laptop HP 156"" Intel N200 4 GB RAM 128 GB SSD Windows 11",12569.0,4.0,128.0,SSD,Intel N200,0,,Intel Processor N200,4,Alder Lake-N,Intel,,Estandar,0,0,0,0,0,0,0,0,1,2.0,7.0,4.0,0.0,0,False,False,False,False,False,False,False,True,False,False,False,False,False,False,False,False,False,False,False,False,False,False,False,False,False,7495.881336415224,5073.118663584776
"Laptop HP 14"" Intel N150 16 GB RAM 128 GB SSD WiFi 6",10047.0,16.0,128.0,SSD,Intel N150,0,14.0,No especificado,No especificado,No especificado,Intel,14.0,Estandar,0,0,0,0,0,0,0,0,1,4.0,7.0,16.0,0.0,0,False,False,False,False,False,False,False,True,False,False,False,False,False,False,False,False,False,False,False,False,False,False,False,False,False,10160.519054818593,-113.51905481859285
"Laptop HP Stream 14"" Intel N150 8 GB 288 GB Wi‑Fi 6",8737.0,8.0,288.0,SSD,Intel N150,0,14.0,No especificado,No especificado,No especificado,Intel,14.0,Estandar,0,0,0,0,0,0,0,0,1,3.0,8.169925001442312,8.0,0.0,0,False,False,False,False,False,False,False,True,False,False,False,False,False,False,False,False,False,False,False,False,False,False,False,False,False,9347.215577497762,-610.2155774977618
"Laptop Lenovo IdeaPad i5-1335U 15.6"" FHD táctil 8GB 256GB",13567.0,8.0,256.0,SSD,No especificado,0,15.6,Intel Core i5-1335U,10,13ª Gen (Raptor Lake),Intel,15.6,Estandar,0,0,0,0,1,0,0,0,4,3.0,8.0,32.0,0.0,0,False,False,False,False,False,False,False,False,False,False,False,False,False,False,True,False,False,False,False,False,False,False,False,False,False,16257.442647132697,-2690.442647132697
"Laptop HP 14"" Intel Quad-Core 4GB 628GB Win11 Pro",7663.0,4.0,628.0,SSD,Core 4,0,14.0,No especificado,No especificado,No especificado,Intel,14.0,Estandar,0,0,0,0,0,0,0,0,2,2.0,9.294620748891626,8.0,0.0,0,False,False,False,False,False,False,False,True,False,False,False,False,False,False,False,False,False,False,False,False,False,False,False,False,False,7249.416119769116,413.58388023088355
"Laptop HP 14"" Rose Gold Intel Quad-Core 4GB 628GB Win11",7663.0,4.0,628.0,SSD,Core 4,0,14.0,No especificado,No especificado,No especificado,Intel,14.0,Estandar,0,0,0,0,0,0,0,0,2,2.0,9.294620748891626,8.0,0.0,0,False,False,False,False,False,False,False,True,False,False,False,False,False,False,False,False,False,False,False,False,False,False,False,False,False,7249.416119769116,413.58388023088355
"Laptop HP 14"" Intel N150 16GB RAM 256GB Windows 11",9692.0,16.0,256.0,SSD,Intel N150,0,14.0,No especificado,No especificado,No especificado,Intel,14.0,Estandar,0,0,0,0,0,0,0,0,1,4.0,8.0,16.0,0.0,0,False,False,False,False,False,False,False,True,False,False,False,False,False,False,False,False,False,False,False,False,False,False,False,False,False,10169.31479659435,-477.3147965943499
"Laptop HP 156"" Intel N200 8 GB 128 GB Wi‑Fi 6 Plateado",10212.0,8.0,128.0,SSD,Intel N200,0,,Intel Processor N200,4,Alder Lake-N,Intel,,Estandar,0,0,0,0,0,0,0,0,1,3.0,7.0,8.0,0.0,0,False,False,False,False,False,False,False,True,False,False,False,False,False,False,False,False,False,False,False,False,False,False,False,False,False,8705.603752867748,1506.396247132252
"Laptop HP de 156"" N200 16 GB de RAM 128 GB SSD Wi‑Fi 6 Windows 11",11447.0,16.0,128.0,SSD,No especificado,0,,Intel Processor N200,4,Alder Lake-N,Intel,16.0,Grande,0,0,0,0,0,0,0,0,1,4.0,7.0,16.0,0.0,0,False,False,False,False,False,False,False,True,False,False,False,False,False,False,False,False,False,False,False,False,False,False,False,False,False,10160.519054818593,1286.4809451814072
"Laptop HP 15.6"" FHD Ryzen 5 8 GB 512 GB Windows 11 Pro",12320.0,8.0,512.0,SSD,Ryzen 5,0,15.6,AMD Ryzen 5,No especificado,No especificado,AMD,15.6,Estandar,0,0,0,0,0,0,0,0,4,3.0,9.0,32.0,0.0,0,False,False,False,False,False,False,False,True,False,False,False,False,False,False,False,False,False,False,False,False,False,False,False,False,False,13053.852103794592,-733.852103794592
"Laptop HP 156"" Intel N200 8 GB RAM 128 GB Wi‑Fi 6",10212.0,8.0,128.0,SSD,Intel N200,0,,Intel Processor N200,4,Alder Lake-N,Intel,,Estandar,0,0,0,0,0,0,0,0,1,3.0,7.0,8.0,0.0,0,False,False,False,False,False,False,False,True,False,False,False,False,False,False,False,False,False,False,False,False,False,False,False,False,False,8705.603752867748,1506.396247132252
"Laptop HP 14"" ultradelgada Intel N150 8 GB 128 GB SSD",8466.0,8.0,128.0,SSD,Intel N150,0,14.0,No especificado,No especificado,No especificado,Intel,14.0,Estandar,0,0,0,0,0,0,0,0,1,3.0,7.0,8.0,0.0,0,False,False,False,False,False,False,False,True,False,False,False,False,False,False,False,False,False,False,False,False,False,False,False,False,False,8705.603752867748,-239.60375286774797
"Laptop Lenovo V15 15.6"" FHD Intel N150 16GB DDR5 256GB SSD",13600.0,16.0,256.0,SSD,Intel N150,0,15.6,No especificado,No especificado,No especificado,Intel,15.6,Estandar,0,0,0,0,0,0,0,0,1,4.0,8.0,16.0,0.0,0,False,False,False,False,False,False,False,False,False,False,False,False,False,False,True,False,False,False,False,False,False,False,False,False,False,12090.200831227841,1509.7991687721587
"Laptop Lenovo V15 15.6"" FHD Intel N150 8GB DDR5 512GB SSD",12693.0,8.0,512.0,SSD,Intel N150,0,15.6,No especificado,No especificado,No especificado,Intel,15.6,Estandar,0,0,0,0,0,0,0,0,1,3.0,9.0,8.0,0.0,0,False,False,False,False,False,False,False,False,False,False,False,False,False,False,True,False,False,False,False,False,False,False,False,False,False,11770.4936903994,922.5063096005997
"Laptop Lenovo Ideapad 1 156"" FHD Ryzen 5 8GB 256GB SSD",13675.0,8.0,256.0,SSD,Ryzen 5,0,,AMD Ryzen 5,No especificado,No especificado,AMD,,Estandar,0,0,0,0,0,0,0,0,4,3.0,8.0,32.0,0.0,0,False,False,False,False,False,False,False,False,False,False,False,False,False,False,True,False,False,False,False,False,False,False,False,False,False,13015.447442431576,659.5525575684242
"Laptop Lenovo V15 AMD Ryzen 3 7320U 15.6"" FHD 16 GB 256 GB",14745.0,16.0,256.0,SSD,Ryzen 3,0,15.6,AMD Ryzen 3 7320U,4,Serie 7000 (Zen 2),AMD,15.6,Estandar,0,0,0,0,0,0,0,0,3,4.0,8.0,48.0,0.0,0,False,False,False,False,False,False,False,False,False,False,False,False,False,False,True,False,False,False,False,False,False,False,False,False,False,13930.315999072678,814.6840009273219
"Notebook Lenovo IdeaPad 1 Intel N4200 4 GB 128 GB 14"" Gris",8976.0,4.0,128.0,SSD,Intel N4200,0,14.0,No especificado,No especificado,No especificado,Intel,14.0,Estandar,0,0,0,0,0,0,0,0,2,2.0,7.0,8.0,0.0,0,False,False,False,False,False,False,False,False,False,False,False,False,False,False,True,False,False,False,False,False,False,False,False,False,False,6727.188570744926,2248.8114292550736
"Laptop Lenovo IdeaPad 1 Intel N4200 8 GB 256 GB SSD 14""",10210.0,8.0,256.0,SSD,Intel N4200,0,14.0,No especificado,No especificado,No especificado,Intel,14.0,Estandar,0,0,0,0,0,0,0,0,2,3.0,8.0,16.0,0.0,0,False,False,False,False,False,False,False,False,False,False,False,False,False,False,True,False,False,False,False,False,False,False,False,False,False,11396.318567416978,-1186.318567416978
"Notebook Lenovo V15 156"" FHD Intel N150 8 GB DDR5 256 GB SSD",11458.0,8.0,256.0,SSD,Intel N150,0,,No especificado,No especificado,No especificado,Intel,,Estandar,0,0,0,0,0,0,0,0,1,3.0,8.0,8.0,0.0,0,False,False,False,False,False,False,False,False,False,False,False,False,False,False,True,False,False,False,False,False,False,False,False,False,False,10870.071066284643,587.9289337153568
"Laptop HP 14"" FHD Ryzen 3-3250 4GB 128GB SSD Win11",5899.0,4.0,128.0,SSD,Ryzen 3,0,14.0,AMD Ryzen 3,No especificado,No especificado,AMD,14.0,Estandar,0,0,0,0,0,0,0,0,3,2.0,7.0,12.0,0.0,0,False,False,False,False,False,False,False,True,False,False,False,False,False,False,False,False,False,False,False,False,False,False,False,False,False,7170.237837794174,-1271.237837794174
"Notebook HP 14"" HD Intel Celeron N4120 8 GB 128 GB eMMC",7059.0,8.0,128.0,SSD,Celeron,0,14.0,No especificado,No especificado,No especificado,Intel,14.0,Estandar,0,0,0,0,0,0,0,0,1,3.0,7.0,8.0,0.0,0,False,False,False,False,False,False,False,True,False,False,False,False,False,False,False,False,False,False,False,False,False,False,False,False,False,8705.603752867748,-1646.603752867748
"Laptop Lenovo Chromebook 3 11.6"" HD AMD A6 4GB 32GB",5244.0,4.0,32.0,SSD,No especificado,0,11.6,No especificado,No especificado,No especificado,AMD,11.6,Ultraportatil,0,0,0,0,0,0,0,0,1,2.0,5.0,4.0,0.0,0,False,False,False,False,False,False,False,False,False,False,False,False,False,False,True,False,False,False,False,False,False,False,False,False,False,6072.048096548231,-828.0480965482311
"Laptop HP 156"" HD Intel N200 16 GB RAM 128 GB Win11",11447.0,16.0,128.0,SSD,Intel N200,0,,Intel Processor N200,4,Alder Lake-N,Intel,16.0,Grande,0,0,0,0,0,0,0,0,1,4.0,7.0,16.0,0.0,0,False,False,False,False,False,False,False,True,False,False,False,False,False,False,False,False,False,False,False,False,False,False,False,False,False,10160.519054818593,1286.4809451814072
"Laptop HP Chromebook 14"" Intel N200 4 GB 640 GB ChromeOS",9307.0,4.0,640.0,SSD,Intel N200,0,14.0,Intel Processor N200,4,Alder Lake-N,Intel,14.0,Estandar,0,0,0,0,0,0,0,0,1,2.0,9.321928094887362,4.0,0.0,0,False,False,False,False,False,False,False,True,False,False,False,False,False,False,False,False,False,False,False,False,False,False,False,False,False,8786.189166372367,520.8108336276327
"Laptop HP de 15.6"" FHD i5-1235U 8 GB 256 GB SSD Iris Xe",12637.0,8.0,256.0,SSD,No especificado,0,15.6,Intel Core i5-1235U,10,12ª Gen (Alder Lake),Intel,15.6,Estandar,0,0,0,0,0,0,0,1,4,3.0,8.0,32.0,8.0,0,False,False,False,False,False,False,False,True,False,False,False,False,False,False,False,False,False,False,False,False,False,False,False,False,False,13088.00169765546,-451.0016976554598
"Laptop HP 14"" Intel N150 16 GB RAM 128 GB SSD Rose Gold",10168.0,16.0,128.0,SSD,Intel N150,0,14.0,No especificado,No especificado,No especificado,Intel,14.0,Estandar,0,0,0,0,0,0,0,0,1,4.0,7.0,16.0,0.0,0,False,False,False,False,False,False,False,True,False,False,False,False,False,False,False,False,False,False,False,False,False,False,False,False,False,10160.519054818593,7.480945181407151
"Laptop HP 14"" 2025 Intel N150 8 GB RAM 128 GB SSD Win11",8544.0,8.0,128.0,SSD,Intel N150,0,14.0,No especificado,No especificado,No especificado,Intel,14.0,Estandar,0,0,0,0,0,0,0,0,1,3.0,7.0,8.0,0.0,0,False,False,False,False,False,False,False,True,False,False,False,False,False,False,False,False,False,False,False,False,False,False,False,False,False,8705.603752867748,-161.60375286774797
"Laptop HP 14"" Intel N150 Quad-Core 8GB RAM 128GB UFS",8741.0,8.0,128.0,SSD,Intel N150,0,14.0,No especificado,No especificado,No especificado,Intel,14.0,Estandar,0,0,0,0,0,0,0,0,1,3.0,7.0,8.0,0.0,0,False,False,False,False,False,False,False,True,False,False,False,False,False,False,False,False,False,False,False,False,False,False,False,False,False,8705.603752867748,35.39624713225203
"Laptop HP 14"" Intel N150 Quad-Core 4GB RAM 192GB Win11",7752.0,4.0,192.0,SSD,Intel N150,0,14.0,No especificado,No especificado,No especificado,Intel,14.0,Estandar,0,0,0,0,0,0,0,0,1,2.0,7.584962500721156,4.0,0.0,0,False,False,False,False,False,False,False,True,False,False,False,False,False,False,False,False,False,False,False,False,False,False,False,False,False,6441.823030391917,1310.1769696080828
"Laptop HP 14"" Intel N150 Quad-Core 4GB 128GB Wi‑Fi 6",7730.0,4.0,128.0,SSD,Intel N150,0,14.0,No especificado,No especificado,No especificado,Intel,14.0,Estandar,0,0,0,0,0,0,0,0,1,2.0,7.0,4.0,0.0,0,False,False,False,False,False,False,False,True,False,False,False,False,False,False,False,False,False,False,False,False,False,False,False,False,False,7495.881336415224,234.1186635847762
"Laptop HP de 14"" HD Intel N150 4 GB 128 GB Windows 11",7741.0,4.0,128.0,SSD,Intel N150,0,14.0,No especificado,No especificado,No especificado,Intel,14.0,Estandar,0,0,0,0,0,0,0,0,1,2.0,7.0,4.0,0.0,0,False,False,False,False,False,False,False,True,False,False,False,False,False,False,False,False,False,False,False,False,False,False,False,False,False,7495.881336415224,245.1186635847762
"Laptop HP Stream 14"" Intel N150 4 GB de RAM 112 TB Windows 11",7925.0,4.0,1152.0,SSD,Intel N150,0,14.0,No especificado,No especificado,No especificado,Intel,14.0,Estandar,0,0,0,0,0,0,0,0,1,2.0,10.169925001442312,4.0,0.0,0,False,False,False,False,False,False,False,True,False,False,False,False,False,False,False,False,False,False,False,False,False,False,False,False,False,9419.14664450763,-1494.1466445076294
"Laptop HP 14"" HD 4 GB de RAM 128 GB UFS Intel N150 Win11",8976.0,4.0,128.0,SSD,Intel N150,0,14.0,No especificado,No especificado,No especificado,Intel,14.0,Estandar,0,0,0,0,0,0,0,0,1,2.0,7.0,4.0,0.0,0,False,False,False,False,False,False,False,True,False,False,False,False,False,False,False,False,False,False,False,False,False,False,False,False,False,7495.881336415224,1480.1186635847762
"Laptop HP Stream 14"" Intel N150 4GB 112 TB Windows 11 S",7925.0,4.0,1152.0,SSD,Intel N150,0,14.0,No especificado,No especificado,No especificado,Intel,14.0,Estandar,0,0,0,0,0,0,0,0,1,2.0,10.169925001442312,4.0,0.0,0,False,False,False,False,False,False,False,True,False,False,False,False,False,False,False,False,False,False,False,False,False,False,False,False,False,9419.14664450763,-1494.1466445076294
"Laptop HP Stream 14"" HD Intel N150 4 GB 112 TB Wi‑Fi 6",7925.0,4.0,1152.0,SSD,Intel N150,0,14.0,No especificado,No especificado,No especificado,Intel,14.0,Estandar,0,0,0,0,0,0,0,0,1,2.0,10.169925001442312,4.0,0.0,0,False,False,False,False,False,False,False,True,False,False,False,False,False,False,False,False,False,False,False,False,False,False,False,False,False,9419.14664450763,-1494.1466445076294
"Laptop HP 14"" Intel N150 8 GB RAM 128 GB UFS Wi‑Fi 6",8574.0,8.0,128.0,SSD,Intel N150,0,14.0,No especificado,No especificado,No especificado,Intel,14.0,Estandar,0,0,0,0,0,0,0,0,1,3.0,7.0,8.0,0.0,0,False,False,False,False,False,False,False,True,False,False,False,False,False,False,False,False,False,False,False,False,False,False,False,False,False,8705.603752867748,-131.60375286774797
"Notebook HP 14"" Intel N150 4GB 128GB Wi‑Fi 6 Rose Gold",7507.0,4.0,128.0,SSD,Intel N150,0,14.0,No especificado,No especificado,No especificado,Intel,14.0,Estandar,0,0,0,0,0,0,0,0,1,2.0,7.0,4.0,0.0,0,False,False,False,False,False,False,False,True,False,False,False,False,False,False,False,False,False,False,False,False,False,False,False,False,False,7495.881336415224,11.118663584776186
"Laptop HP de 14"" Intel N150 4 GB de RAM 192 GB Windows 11 Pro",7605.0,4.0,192.0,SSD,Intel N150,0,14.0,No especificado,No especificado,No especificado,Intel,14.0,Estandar,0,0,0,0,0,0,0,0,1,2.0,7.584962500721156,4.0,0.0,0,False,False,False,False,False,False,False,True,False,False,False,False,False,False,False,False,False,False,False,False,False,False,False,False,False,6441.823030391917,1163.1769696080828
"Laptop HP Flagship 14"" HD Intel N150 4GB 1.12TB Wi‑Fi",8908.0,4.0,1152.0,SSD,Intel N150,0,14.0,No especificado,No especificado,No especificado,Intel,14.0,Estandar,0,0,0,0,0,0,0,0,1,2.0,10.169925001442312,4.0,0.0,0,False,False,False,False,False,False,False,True,False,False,False,False,False,False,False,False,False,False,False,False,False,False,False,False,False,9419.14664450763,-511.1466445076294
"Laptop HP 14"" Intel N150 Quad-Core 4GB RAM 128GB UFS",7148.0,4.0,128.0,SSD,Intel N150,0,14.0,No especificado,No especificado,No especificado,Intel,14.0,Estandar,0,0,0,0,0,0,0,0,1,2.0,7.0,4.0,0.0,0,False,False,False,False,False,False,False,True,False,False,False,False,False,False,False,False,False,False,False,False,False,False,False,False,False,7495.881336415224,-347.8813364152238
"Laptop HP de 14"" HD Intel Celeron 16 GB de RAM 128 GB SSD",10211.0,16.0,128.0,SSD,Celeron,0,14.0,No especificado,No especificado,No especificado,Intel,14.0,Estandar,0,0,0,0,0,0,0,0,1,4.0,7.0,16.0,0.0,0,False,False,False,False,False,False,False,True,False,False,False,False,False,False,False,False,False,False,False,False,False,False,False,False,False,10160.519054818593,50.48094518140715
"Laptop HP 156"" FHD i5-1135G7 8 GB 256 GB SSD Win11 Pro",15910.0,8.0,256.0,SSD,No especificado,0,,Intel Core i5-1135G7,4,11ª Gen (Tiger Lake),Intel,,Estandar,0,0,0,0,0,0,0,0,4,3.0,8.0,32.0,0.0,0,False,False,False,False,False,False,False,True,False,False,False,False,False,False,False,False,False,False,False,False,False,False,False,False,False,13088.007397006842,2821.9926029931576
"Laptop Lenovo V15 Intel N150 16GB DDR5 256GB SSD 156"" FHD",13600.0,16.0,256.0,SSD,Intel N150,0,,No especificado,No especificado,No especificado,Intel,15.0,Estandar,0,0,0,0,0,0,0,0,1,4.0,8.0,16.0,0.0,0,False,False,False,False,False,False,False,False,False,False,False,False,False,False,True,False,False,False,False,False,False,False,False,False,False,12090.200831227841,1509.7991687721587
Laptop HP 14 Elite Intel Multi-Core 4 GB RAM 112 TB,7442.0,4.0,1152.0,SSD,Core 4,0,,No especificado,No especificado,No especificado,Intel,14.0,Estandar,0,0,0,0,0,0,0,0,2,2.0,10.169925001442312,8.0,0.0,0,False,False,False,False,False,False,False,True,False,False,False,False,False,False,False,False,False,False,False,False,False,False,False,False,False,7921.955322365318,-479.95532236531835
"Notebook HP 14"" HD Intel Celeron N4120 4GB 256GB Win11",6272.0,4.0,256.0,SSD,Celeron,0,14.0,No especificado,No especificado,No especificado,Intel,14.0,Estandar,0,0,0,0,0,0,0,0,1,2.0,8.0,4.0,0.0,0,False,False,False,False,False,False,False,True,False,False,False,False,False,False,False,False,False,False,False,False,False,False,False,False,False,8206.097192399888,-1934.0971923998877
"Laptop Lenovo V15 Intel N150 8GB DDR5 256GB SSD 156"" FHD",11458.0,8.0,256.0,SSD,Intel N150,0,,No especificado,No especificado,No especificado,Intel,15.0,Estandar,0,0,0,0,0,0,0,0,1,3.0,8.0,8.0,0.0,0,False,False,False,False,False,False,False,False,False,False,False,False,False,False,True,False,False,False,False,False,False,False,False,False,False,10870.071066284643,587.9289337153568
"Laptop HP 17.3"" Ryzen 5 7430U 8GB 256GB SSD FHD",14806.0,8.0,256.0,SSD,Ryzen 5,0,17.3,AMD Ryzen 5,No especificado,No especificado,AMD,17.3,Grande,0,0,0,0,0,0,0,0,4,3.0,8.0,32.0,0.0,0,False,False,False,False,False,False,False,True,False,False,False,False,False,False,False,False,False,False,False,False,False,False,False,False,False,13088.007397006842,1717.9926029931576
"Laptop Lenovo V15 Intel N150 8GB DDR5 512GB SSD 156"" FHD",12693.0,8.0,512.0,SSD,Intel N150,0,,No especificado,No especificado,No especificado,Intel,15.0,Estandar,0,0,0,0,0,0,0,0,1,3.0,9.0,8.0,0.0,0,False,False,False,False,False,False,False,False,False,False,False,False,False,False,True,False,False,False,False,False,False,False,False,False,False,11770.4936903994,922.5063096005997
"Laptop HP Stream 14"" Intel Celeron N4120 4 GB 1 TB",7158.0,4.0,1024.0,SSD,Celeron,0,14.0,No especificado,No especificado,No especificado,Intel,14.0,Estandar,0,0,0,0,0,0,0,0,1,2.0,10.0,4.0,0.0,0,False,False,False,False,False,False,False,True,False,False,False,False,False,False,False,False,False,False,False,False,False,False,False,False,False,8594.350775893176,-1436.3507758931755
"Laptop HP 14"" ultradelgada Intel N150 16 GB 128 GB SSD",9965.0,16.0,128.0,SSD,Intel N150,0,14.0,No especificado,No especificado,No especificado,Intel,14.0,Estandar,0,0,0,0,0,0,0,0,1,4.0,7.0,16.0,0.0,0,False,False,False,False,False,False,False,True,False,False,False,False,False,False,False,False,False,False,False,False,False,False,False,False,False,10160.519054818593,-195.51905481859285
"Laptop HP de 14"" 16 GB de RAM 512 GB SSD Intel Pentium Win11",9222.0,16.0,512.0,SSD,No especificado,0,14.0,No especificado,No especificado,No especificado,Intel,14.0,Estandar,0,0,0,0,0,0,0,0,1,4.0,9.0,16.0,0.0,0,False,False,False,False,False,False,False,True,False,False,False,False,False,False,False,False,False,False,False,False,False,False,False,False,False,13478.951727340898,-4256.951727340898
Laptop HP 14 Intel Celeron 8 GB RAM 192 GB Windows 11 Rose Gold,8474.0,8.0,192.0,SSD,Celeron,0,,No especificado,No especificado,No especificado,Intel,14.0,Estandar,0,0,0,0,0,0,0,0,1,3.0,7.584962500721156,8.0,0.0,0,False,False,False,False,False,False,False,True,False,False,False,False,False,False,False,False,False,False,False,False,False,False,False,False,False,8646.04585839258,-172.04585839257925
"Laptop HP de 14"" FHD Pentium Silver N5000 4 GB de RAM 224 GB",7407.0,4.0,224.0,SSD,No especificado,0,14.0,No especificado,No especificado,No especificado,Intel,14.0,Estandar,0,0,0,0,0,0,0,0,1,2.0,7.807354922057604,4.0,0.0,0,False,False,False,False,False,False,False,True,False,False,False,False,False,False,False,False,False,False,False,False,False,False,False,False,False,6066.2147913989065,1340.7852086010935
"Laptop HP Chromebook 15.6"" N200 8 GB DDR5 128 GB Chrome OS",10071.0,8.0,128.0,SSD,No especificado,0,15.6,Intel Processor N200,4,Alder Lake-N,Intel,15.6,Estandar,0,0,0,0,0,0,0,0,1,3.0,7.0,8.0,0.0,0,False,False,False,False,False,False,False,True,False,False,False,False,False,False,False,False,False,False,False,False,False,False,False,False,False,8705.603752867748,1365.396247132252
"HP Laptop 14"" HD 16 GB de RAM 128 GB UFS Intel N150 Windows 11",10211.0,16.0,128.0,SSD,Intel N150,0,14.0,No especificado,No especificado,No especificado,Intel,14.0,Estandar,0,0,0,0,0,0,0,0,1,4.0,7.0,16.0,0.0,0,False,False,False,False,False,False,False,True,False,False,False,False,False,False,False,False,False,False,False,False,False,False,False,False,False,10160.519054818593,50.48094518140715
Laptop HP 14 Intel N150 4 GB RAM 128 GB Win11 Office 365,6280.0,4.0,128.0,SSD,Intel N150,0,,No especificado,No especificado,No especificado,Intel,14.0,Estandar,0,0,0,0,0,0,0,0,1,2.0,7.0,4.0,0.0,0,False,False,False,False,False,False,False,True,False,False,False,False,False,False,False,False,False,False,False,False,False,False,False,False,False,7495.881336415224,-1215.8813364152238
"Laptop HP 14"" Intel N150 4 GB de RAM 128 GB Flash Rosa",7458.0,4.0,128.0,SSD,Intel N150,0,14.0,No especificado,No especificado,No especificado,Intel,14.0,Estandar,0,0,0,0,0,0,0,0,1,2.0,7.0,4.0,0.0,0,False,False,False,False,False,False,False,True,False,False,False,False,False,False,False,False,False,False,False,False,False,False,False,False,False,7495.881336415224,-37.881336415223814
"Laptop HP Stream 14"" Intel N150 16 GB de RAM 112 TB SSD",10137.0,16.0,1152.0,SSD,Intel N150,0,14.0,No especificado,No especificado,No especificado,Intel,14.0,Estandar,0,0,0,0,0,0,0,0,1,4.0,10.169925001442312,16.0,0.0,0,False,False,False,False,False,False,False,True,False,False,False,False,False,False,False,False,False,False,False,False,False,False,False,False,False,10896.900513919389,-759.9005139193887
"Notebook HP Ultrabook 14"" Intel N4500 8GB 64GB SSD Win11",10248.0,8.0,64.0,SSD,Intel N4500,0,14.0,No especificado,No especificado,No especificado,Intel,14.0,Estandar,0,0,0,0,0,0,0,0,2,3.0,6.0,16.0,0.0,0,False,False,False,False,False,False,False,True,False,False,False,False,False,False,False,False,False,False,False,False,False,False,False,False,False,7779.935882649856,2468.0641173501444
"Laptop HP 14"" Intel de 4 núcleos 16 GB de RAM 64 GB eMMC Windows 11",7988.0,16.0,64.0,SSD,No especificado,0,14.0,No especificado,No especificado,No especificado,Intel,14.0,Estandar,0,0,0,0,0,0,0,0,2,4.0,6.0,32.0,0.0,0,False,False,False,False,False,False,False,True,False,False,False,False,False,False,False,False,False,False,False,False,False,False,False,False,False,8889.178207577972,-901.178207577972
"Laptop HP 15.6"" con pantalla táctil i3-1215U 8 GB 256 GB SSD",15910.0,8.0,256.0,SSD,No especificado,0,15.6,Intel Core i3-1215U,6,12ª Gen (Alder Lake),Intel,15.6,Estandar,0,0,0,0,1,0,0,0,3,3.0,8.0,24.0,0.0,0,False,False,False,False,False,False,False,True,False,False,False,False,False,False,False,False,False,False,False,False,False,False,False,False,False,15344.148761853185,565.8512381468154
"Laptop HP 14"" Intel Quad-Core 4GB RAM 128GB de almacenamiento",6038.0,4.0,128.0,SSD,Core 4,0,14.0,No especificado,No especificado,No especificado,Intel,14.0,Estandar,0,0,0,0,0,0,0,0,2,2.0,7.0,8.0,0.0,0,False,False,False,False,False,False,False,True,False,False,False,False,False,False,False,False,False,False,False,False,False,False,False,False,False,6994.8363460367955,-956.8363460367955
"Laptop Lenovo V15 2026 Intel N150 15.6"" FHD 8GB 256GB SSD",11458.0,8.0,256.0,SSD,Intel N150,0,15.6,No especificado,No especificado,No especificado,Intel,15.6,Estandar,0,0,0,0,0,0,0,0,1,3.0,8.0,8.0,0.0,0,False,False,False,False,False,False,False,False,False,False,False,False,False,False,True,False,False,False,False,False,False,False,False,False,False,10870.071066284643,587.9289337153568
"Laptop HP Chromebook de 156"" Intel N200 8 GB 128 GB",10032.0,8.0,128.0,SSD,Intel N200,0,,Intel Processor N200,4,Alder Lake-N,Intel,,Estandar,0,0,0,0,0,0,0,0,1,3.0,7.0,8.0,0.0,0,False,False,False,False,False,False,False,True,False,False,False,False,False,False,False,False,False,False,False,False,False,False,False,False,False,8705.603752867748,1326.396247132252
"Laptop HP 14"" HD 16 GB RAM 128 GB UFS Intel N150 Win11",10196.0,16.0,128.0,SSD,Intel N150,0,14.0,No especificado,No especificado,No especificado,Intel,14.0,Estandar,0,0,0,0,0,0,0,0,1,4.0,7.0,16.0,0.0,0,False,False,False,False,False,False,False,True,False,False,False,False,False,False,False,False,False,False,False,False,False,False,False,False,False,10160.519054818593,35.48094518140715
"Laptop HP 14"" HD 16 GB RAM 128 GB UFS Intel N150 Win11",10211.0,16.0,128.0,SSD,Intel N150,0,14.0,No especificado,No especificado,No especificado,Intel,14.0,Estandar,0,0,0,0,0,0,0,0,1,4.0,7.0,16.0,0.0,0,False,False,False,False,False,False,False,True,False,False,False,False,False,False,False,False,False,False,False,False,False,False,False,False,False,10160.519054818593,50.48094518140715
"Notebook Lenovo V15 AMD Ryzen 3 16GB 256GB SSD 156"" FHD",13600.0,16.0,256.0,SSD,Ryzen 3,0,,AMD Ryzen 3,No especificado,No especificado,AMD,,Estandar,0,0,0,0,0,0,0,0,3,4.0,8.0,48.0,0.0,0,False,False,False,False,False,False,False,False,False,False,False,False,False,False,True,False,False,False,False,False,False,False,False,False,False,13930.315999072678,-330.3159990726781
"Laptop HP 14"" Ultrabook Intel N4500 8 GB 628 GB Win11 Pro",8648.0,8.0,628.0,SSD,Intel N4500,0,14.0,No especificado,No especificado,No especificado,Intel,14.0,Estandar,0,0,0,0,0,0,0,0,2,3.0,9.294620748891626,16.0,0.0,0,False,False,False,False,False,False,False,True,False,False,False,False,False,False,False,False,False,False,False,False,False,False,False,False,False,9840.631454416778,-1192.631454416778
"Laptop Lenovo V15 Ryzen 3 7320U 15.6"" FHD 16GB 1TB SSD",14804.0,16.0,1024.0,SSD,Ryzen 3,0,15.6,AMD Ryzen 3 7320U,4,Serie 7000 (Zen 2),AMD,15.6,Estandar,0,0,0,0,0,0,0,0,3,4.0,10.0,48.0,0.0,0,False,False,False,False,False,False,False,False,False,False,False,False,False,False,True,False,False,False,False,False,False,False,False,False,False,16370.696935614911,-1566.6969356149111
Laptop Lenovo 14 G4 Intel i7-13620H 8GB 256GB FHD,13587.0,8.0,256.0,SSD,No especificado,0,,No especificado,No especificado,No especificado,Intel,14.0,Estandar,0,0,0,0,0,0,0,0,5,3.0,8.0,40.0,0.0,0,False,False,False,False,False,False,False,False,False,False,False,False,False,False,True,False,False,False,False,False,False,False,False,False,False,15235.815335221556,-1648.8153352215559
Laptop HP 14 Ryzen 5 5500U 8 GB RAM 256 GB SSD FHD,11170.0,8.0,256.0,SSD,Ryzen 5,0,,AMD Ryzen 5 5500U,6,Serie 5000 (Zen 2),AMD,14.0,Estandar,0,0,0,0,0,0,0,0,4,3.0,8.0,32.0,0.0,0,False,False,False,False,False,False,False,True,False,False,False,False,False,False,False,False,False,False,False,False,False,False,False,False,False,13088.007397006842,-1918.0073970068424
"Laptop HP de 14"" Intel N150 4 GB de RAM 128 GB SSD rosa",7469.0,4.0,128.0,SSD,Intel N150,0,14.0,No especificado,No especificado,No especificado,Intel,14.0,Estandar,0,0,0,0,0,0,0,0,1,2.0,7.0,4.0,0.0,0,False,False,False,False,False,False,False,True,False,False,False,False,False,False,False,False,False,False,False,False,False,False,False,False,False,7495.881336415224,-26.881336415223814
"Laptop HP 156"" Intel N200 8 GB 128 GB Wi‑Fi 6 Windows 11",8508.0,8.0,128.0,SSD,Intel N200,0,,Intel Processor N200,4,Alder Lake-N,Intel,,Estandar,0,0,0,0,0,0,0,0,1,3.0,7.0,8.0,0.0,0,False,False,False,False,False,False,False,True,False,False,False,False,False,False,False,False,False,False,False,False,False,False,False,False,False,8705.603752867748,-197.60375286774797
"Notebook Lenovo V15 Ryzen 3 16 GB DDR5 512 GB SSD 156"" FHD",14806.0,16.0,512.0,SSD,Ryzen 3,0,,AMD Ryzen 3,No especificado,No especificado,AMD,16.0,Grande,0,0,0,0,0,0,0,0,3,4.0,9.0,48.0,0.0,0,False,False,False,False,False,False,False,False,False,False,False,False,False,False,True,False,False,False,False,False,False,False,False,False,False,15494.599485700684,-688.5994857006845
"Laptop HP de 14"" Intel N150 4 GB de RAM 128 GB SSD Windows 11",7469.0,4.0,128.0,SSD,Intel N150,0,14.0,No especificado,No especificado,No especificado,Intel,14.0,Estandar,0,0,0,0,0,0,0,0,1,2.0,7.0,4.0,0.0,0,False,False,False,False,False,False,False,True,False,False,False,False,False,False,False,False,False,False,False,False,False,False,False,False,False,7495.881336415224,-26.881336415223814
"Laptop HP 14"" Elite Intel 4 núcleos 4 GB 112 TB Win11",7442.0,4.0,1152.0,SSD,No especificado,0,14.0,No especificado,No especificado,No especificado,Intel,14.0,Estandar,0,0,0,0,0,0,0,0,2,2.0,10.169925001442312,8.0,0.0,0,False,False,False,False,False,False,False,True,False,False,False,False,False,False,False,False,False,False,False,False,False,False,False,False,False,7921.955322365318,-479.95532236531835
"Laptop HP 15.6"" Intel 4 núcleos 4 GB RAM 256 GB SSD Windows 11",10457.0,4.0,256.0,SSD,No especificado,0,15.6,No especificado,No especificado,No especificado,Intel,15.6,Estandar,0,0,0,0,0,0,0,0,2,2.0,8.0,8.0,0.0,0,False,False,False,False,False,False,False,True,False,False,False,False,False,False,False,False,False,False,False,False,False,False,False,False,False,7860.528456890125,2596.471543109875
"Laptop HP 14"" Intel N150 8GB RAM 256GB Almacenamiento Rose Gold",9198.0,8.0,256.0,SSD,Intel N150,0,14.0,No especificado,No especificado,No especificado,Intel,14.0,Estandar,0,0,0,0,0,0,0,0,1,3.0,8.0,8.0,0.0,0,False,False,False,False,False,False,False,True,False,False,False,False,False,False,False,False,False,False,False,False,False,False,False,False,False,9316.651061180744,-118.65106118074436
"Laptop HP Flagship de 14"" HD Intel N150 4 GB de RAM 112 TB",8171.0,4.0,1152.0,SSD,Intel N150,0,14.0,No especificado,No especificado,No especificado,Intel,14.0,Estandar,0,0,0,0,0,0,0,0,1,2.0,10.169925001442312,4.0,0.0,0,False,False,False,False,False,False,False,True,False,False,False,False,False,False,False,False,False,False,False,False,False,False,False,False,False,9419.14664450763,-1248.1466445076294
"Laptop HP 14"" HD Intel Celeron 8GB RAM 256GB Win11",7701.0,8.0,256.0,SSD,Celeron,0,14.0,No especificado,No especificado,No especificado,Intel,14.0,Estandar,0,0,0,0,0,0,0,0,1,3.0,8.0,8.0,0.0,0,False,False,False,False,False,False,False,True,False,False,False,False,False,False,False,False,False,False,False,False,False,False,False,False,False,9316.651061180744,-1615.6510611807444
"Laptop HP Pavilion 156"" FHD Intel i3-N305 8 GB 512 GB SSD",11446.0,8.0,512.0,SSD,No especificado,0,,Intel Core i3-N305,8,Alder Lake-N,Intel,,Estandar,0,0,0,0,0,0,0,0,3,3.0,9.0,24.0,0.0,0,False,False,False,False,False,False,False,True,False,False,False,False,False,False,False,False,False,False,False,False,False,False,False,False,False,12944.669713710266,-1498.6697137102656
Laptop HP 14 Elite Intel Celeron 4 GB 112 TB Win11 con IA,6455.0,4.0,1152.0,SSD,Celeron,0,,No especificado,No especificado,No especificado,Intel,14.0,Estandar,0,0,0,0,0,0,0,0,1,2.0,10.169925001442312,4.0,0.0,0,False,False,False,False,False,False,False,True,False,False,False,False,False,False,False,False,False,False,False,False,False,False,False,False,False,9419.14664450763,-2964.1466445076294
"Laptop HP 14"" Intel Celeron N4120 16 GB RAM 1600 GB Win11",11174.0,16.0,1600.0,SSD,Celeron,0,14.0,No especificado,No especificado,No especificado,Intel,14.0,Estandar,0,0,0,0,0,0,0,0,1,4.0,10.643856189774725,16.0,0.0,0,False,False,False,False,False,False,False,True,False,False,False,False,False,False,False,False,False,False,False,False,False,False,False,False,False,12343.451853908435,-1169.4518539084347
"Laptop HP Stream 14"" HD Intel N150 4 GB 112 TB Wi‑Fi 6",8143.0,4.0,1152.0,SSD,Intel N150,0,14.0,No especificado,No especificado,No especificado,Intel,14.0,Estandar,0,0,0,0,0,0,0,0,1,2.0,10.169925001442312,4.0,0.0,0,False,False,False,False,False,False,False,True,False,False,False,False,False,False,False,False,False,False,False,False,False,False,False,False,False,9419.14664450763,-1276.1466445076294
"Laptop HP 14"" Intel N150 4GB RAM 256GB WiFi 6 Win11",8228.0,4.0,256.0,SSD,Intel N150,0,14.0,No especificado,No especificado,No especificado,Intel,14.0,Estandar,0,0,0,0,0,0,0,0,1,2.0,8.0,4.0,0.0,0,False,False,False,False,False,False,False,True,False,False,False,False,False,False,False,False,False,False,False,False,False,False,False,False,False,8206.097192399888,21.902807600112283
"Laptop HP 14"" Intel N150 16 GB de RAM 128 GB SSD Windows 11",10112.0,16.0,128.0,SSD,Intel N150,0,14.0,No especificado,No especificado,No especificado,Intel,14.0,Estandar,0,0,0,0,0,0,0,0,1,4.0,7.0,16.0,0.0,0,False,False,False,False,False,False,False,True,False,False,False,False,False,False,False,False,False,False,False,False,False,False,False,False,False,10160.519054818593,-48.51905481859285
"Laptop HP 14"" Intel N150 4 GB RAM 128 GB SSD Win 11 S",7577.0,4.0,128.0,SSD,Intel N150,0,14.0,No especificado,No especificado,No especificado,Intel,14.0,Estandar,0,0,0,0,0,0,0,0,1,2.0,7.0,4.0,0.0,0,False,False,False,False,False,False,False,True,False,False,False,False,False,False,False,False,False,False,False,False,False,False,False,False,False,7495.881336415224,81.11866358477619
"Laptop HP Chromebook 156"" táctil i5 8 GB 128 GB SSD",14831.0,8.0,128.0,SSD,No especificado,0,,No especificado,No especificado,No especificado,Intel,,Estandar,0,0,0,0,1,0,0,0,4,3.0,7.0,32.0,0.0,0,False,False,False,False,False,False,False,True,False,False,False,False,False,False,False,False,False,False,False,False,False,False,False,False,False,15858.238834317466,-1027.2388343174662
"Laptop HP 14"" Intel N150 4 GB RAM 256 GB Wi‑Fi 6 Windows 11",7169.0,4.0,256.0,SSD,Intel N150,0,14.0,No especificado,No especificado,No especificado,Intel,14.0,Estandar,0,0,0,0,0,0,0,0,1,2.0,8.0,4.0,0.0,0,False,False,False,False,False,False,False,True,False,False,False,False,False,False,False,False,False,False,False,False,False,False,False,False,False,8206.097192399888,-1037.0971923998877
"Laptop HP Ultrabook Intel N150 8 GB de RAM 128 GB SSD 14""",8082.0,8.0,128.0,SSD,Intel N150,0,14.0,No especificado,No especificado,No especificado,Intel,14.0,Estandar,0,0,0,0,0,0,0,0,1,3.0,7.0,8.0,0.0,0,False,False,False,False,False,False,False,True,False,False,False,False,False,False,False,False,False,False,False,False,False,False,False,False,False,8705.603752867748,-623.603752867748
"Laptop HP 14"" Intel 4 núcleos 8 GB RAM 64 GB SSD Windows 11",8976.0,8.0,64.0,SSD,No especificado,0,14.0,No especificado,No especificado,No especificado,Intel,14.0,Estandar,0,0,0,0,0,0,0,0,2,3.0,6.0,16.0,0.0,0,False,False,False,False,False,False,False,True,False,False,False,False,False,False,False,False,False,False,False,False,False,False,False,False,False,7779.935882649856,1196.0641173501444
"Laptop HP Stream 14"" HD Intel N150 4GB 1.12TB Rosa",8881.0,4.0,1152.0,SSD,Intel N150,0,14.0,No especificado,No especificado,No especificado,Intel,14.0,Estandar,0,0,0,0,0,0,0,0,1,2.0,10.169925001442312,4.0,0.0,0,False,False,False,False,False,False,False,True,False,False,False,False,False,False,False,False,False,False,False,False,False,False,False,False,False,9419.14664450763,-538.1466445076294
"Laptop HP Chromebook 14"" Intel Celeron 4GB 224GB Chrome OS",6697.0,4.0,224.0,SSD,Celeron,0,14.0,No especificado,No especificado,No especificado,Intel,14.0,Estandar,0,0,0,0,0,0,0,0,1,2.0,7.807354922057604,4.0,0.0,0,False,False,False,False,False,False,False,True,False,False,False,False,False,False,False,False,False,False,False,False,False,False,False,False,False,6066.2147913989065,630.7852086010935
"Laptop HP 14"" Intel Celeron N4120 8 GB 1600 GB Win11",9963.0,8.0,1600.0,SSD,Celeron,0,14.0,No especificado,No especificado,No especificado,Intel,14.0,Estandar,0,0,0,0,0,0,0,0,1,3.0,10.643856189774725,8.0,0.0,0,False,False,False,False,False,False,False,True,False,False,False,False,False,False,False,False,False,False,False,False,False,False,False,False,False,10393.45562462501,-430.4556246250104
"Laptop HP 156"" FHD Intel i3 13.ª gen. 8 GB 768 GB SSD",10081.0,8.0,768.0,SSD,No especificado,0,,No especificado,No especificado,No especificado,Intel,,Estandar,0,0,0,0,0,0,0,0,3,3.0,9.584962500721156,24.0,0.0,0,False,False,False,False,False,False,False,True,False,False,False,False,False,False,False,False,False,False,False,False,False,False,False,False,False,11687.179911124447,-1606.1799111244472
Notebook Lenovo IdeaPad Intel Celeron 12 GB 640 GB SSD,10248.0,12.0,640.0,SSD,Celeron,0,,No especificado,No especificado,No especificado,Intel,,Estandar,0,0,0,0,0,0,0,0,1,3.584962500721156,9.321928094887362,12.0,0.0,0,False,False,False,False,False,False,False,False,False,False,False,False,False,False,True,False,False,False,False,False,False,False,False,False,False,10484.177214897523,-236.1772148975233
"Notebook Lenovo V15 Ryzen 3 16GB 512GB SSD 156"" FHD",15805.0,16.0,512.0,SSD,Ryzen 3,0,,AMD Ryzen 3,No especificado,No especificado,AMD,,Estandar,0,0,0,0,0,0,0,0,3,4.0,9.0,48.0,0.0,0,False,False,False,False,False,False,False,False,False,False,False,False,False,False,True,False,False,False,False,False,False,False,False,False,False,15494.599485700684,310.40051429931555
Laptop HP 14 Ultrabook Intel de 4 núcleos 16 GB de RAM 1600 GB,11692.0,16.0,1600.0,SSD,No especificado,0,,No especificado,No especificado,No especificado,Intel,14.0,Estandar,0,0,0,0,0,0,0,0,2,4.0,10.643856189774725,32.0,0.0,0,False,False,False,False,False,False,False,True,False,False,False,False,False,False,False,False,False,False,False,False,False,False,False,False,False,14664.72111488646,-2972.721114886461
"Laptop Lenovo 14"" 8GB RAM 128GB Intel Dual Core WiFi 6",9717.0,8.0,128.0,SSD,No especificado,0,14.0,No especificado,No especificado,No especificado,Intel,14.0,Estandar,0,0,0,0,0,0,0,0,2,3.0,7.0,16.0,0.0,0,False,False,False,False,False,False,False,False,False,False,False,False,False,False,True,False,False,False,False,False,False,False,False,False,False,10255.868255439862,-538.868255439862
"Laptop HP 14"" Intel N150 4 GB RAM 256 GB WiFi 6 Win11",8228.0,4.0,256.0,SSD,Intel N150,0,14.0,No especificado,No especificado,No especificado,Intel,14.0,Estandar,0,0,0,0,0,0,0,0,1,2.0,8.0,4.0,0.0,0,False,False,False,False,False,False,False,True,False,False,False,False,False,False,False,False,False,False,False,False,False,False,False,False,False,8206.097192399888,21.902807600112283
"Laptop HP Stream 14"" Intel N150 4 GB de RAM 112 TB color plata",7925.0,4.0,1152.0,SSD,Intel N150,0,14.0,No especificado,No especificado,No especificado,Intel,14.0,Estandar,0,0,0,0,0,0,0,0,1,2.0,10.169925001442312,4.0,0.0,0,False,False,False,False,False,False,False,True,False,False,False,False,False,False,False,False,False,False,False,False,False,False,False,False,False,9419.14664450763,-1494.1466445076294
"Laptop HP Stream 14"" HD Intel N150 4 GB 112 TB Windows 11",7925.0,4.0,1152.0,SSD,Intel N150,0,14.0,No especificado,No especificado,No especificado,Intel,14.0,Estandar,0,0,0,0,0,0,0,0,1,2.0,10.169925001442312,4.0,0.0,0,False,False,False,False,False,False,False,True,False,False,False,False,False,False,False,False,False,False,False,False,False,False,False,False,False,9419.14664450763,-1494.1466445076294
"Laptop Lenovo V15 AMD Ryzen 3 7320U 15.6"" FHD 16GB 512GB",14806.0,16.0,512.0,SSD,Ryzen 3,0,15.6,AMD Ryzen 3 7320U,4,Serie 7000 (Zen 2),AMD,15.6,Estandar,0,0,0,0,0,0,0,0,3,4.0,9.0,48.0,0.0,0,False,False,False,False,False,False,False,False,False,False,False,False,False,False,True,False,False,False,False,False,False,False,False,False,False,15494.599485700684,-688.5994857006845
"Laptop HP Ultrabook 14"" Intel N150 8 GB 11 TB SSD Win11",8976.0,8.0,1126.0,SSD,Intel N150,0,14.0,No especificado,No especificado,No especificado,Intel,14.0,Estandar,0,0,0,0,0,0,0,0,1,3.0,10.13699111208023,8.0,0.0,0,False,False,False,False,False,False,False,True,False,False,False,False,False,False,False,False,False,False,False,False,False,False,False,False,False,9693.407661621211,-717.4076616212114
"Laptop HP Stream 14"" Intel N150 8 GB 128 GB Wi‑Fi 6",8470.0,8.0,128.0,SSD,Intel N150,0,14.0,No especificado,No especificado,No especificado,Intel,14.0,Estandar,0,0,0,0,0,0,0,0,1,3.0,7.0,8.0,0.0,0,False,False,False,False,False,False,False,True,False,False,False,False,False,False,False,False,False,False,False,False,False,False,False,False,False,8705.603752867748,-235.60375286774797
"Laptop HP Stream 14"" Intel N150 4 GB RAM 112 TB de almacenamiento",9400.0,4.0,1152.0,SSD,Intel N150,0,14.0,No especificado,No especificado,No especificado,Intel,14.0,Estandar,0,0,0,0,0,0,0,0,1,2.0,10.169925001442312,4.0,0.0,0,False,False,False,False,False,False,False,True,False,False,False,False,False,False,False,False,False,False,False,False,False,False,False,False,False,9419.14664450763,-19.14664450762939
"Laptop HP Stream 14"" Intel N150 8 GB RAM 116 TB Wi‑Fi 6",9127.0,8.0,1188.0,SSD,Intel N150,0,14.0,No especificado,No especificado,No especificado,Intel,14.0,Estandar,0,0,0,0,0,0,0,0,1,3.0,10.214319120800766,8.0,0.0,0,False,False,False,False,False,False,False,True,False,False,False,False,False,False,False,False,False,False,False,False,False,False,False,False,False,9578.248794885712,-451.2487948857124
"Laptop HP Stream 14"" Intel N150 8 GB RAM 116 TB de almacenamiento",9127.0,8.0,1188.0,SSD,Intel N150,0,14.0,No especificado,No especificado,No especificado,Intel,14.0,Estandar,0,0,0,0,0,0,0,0,1,3.0,10.214319120800766,8.0,0.0,0,False,False,False,False,False,False,False,True,False,False,False,False,False,False,False,False,False,False,False,False,False,False,False,False,False,9578.248794885712,-451.2487948857124
"Laptop HP Stream 14"" HD Intel N150 4GB RAM 1.12 TB",7898.0,4.0,1152.0,SSD,Intel N150,0,14.0,No especificado,No especificado,No especificado,Intel,14.0,Estandar,0,0,0,0,0,0,0,0,1,2.0,10.169925001442312,4.0,0.0,0,False,False,False,False,False,False,False,True,False,False,False,False,False,False,False,False,False,False,False,False,False,False,False,False,False,9419.14664450763,-1521.1466445076294
"Laptop HP Stream 14"" Intel N150 4 GB RAM 256 GB de almacenamiento",8171.0,4.0,256.0,SSD,Intel N150,0,14.0,No especificado,No especificado,No especificado,Intel,14.0,Estandar,0,0,0,0,0,0,0,0,1,2.0,8.0,4.0,0.0,0,False,False,False,False,False,False,False,True,False,False,False,False,False,False,False,False,False,False,False,False,False,False,False,False,False,8206.097192399888,-35.09719239988772
"Laptop HP Chromebook 14"" Intel Celeron 4 GB 64 GB Wi‑Fi 6",6863.0,4.0,64.0,SSD,Celeron,0,14.0,No especificado,No especificado,No especificado,Intel,14.0,Estandar,0,0,0,0,0,0,0,0,1,2.0,6.0,4.0,0.0,0,False,False,False,False,False,False,False,True,False,False,False,False,False,False,False,False,False,False,False,False,False,False,False,False,False,6761.548569844263,101.4514301557374
"Laptop HP 14"" Intel N150 16 GB RAM 128 GB UFS + 500 GB HDD",9222.0,16.0,128.0,SSD,Intel N150,0,14.0,No especificado,No especificado,No especificado,Intel,14.0,Estandar,0,0,0,0,0,0,0,0,1,4.0,7.0,16.0,0.0,0,False,False,False,False,False,False,False,True,False,False,False,False,False,False,False,False,False,False,False,False,False,False,False,False,False,10160.519054818593,-938.5190548185928
"Laptop HP 14"" Rose Gold Intel 8 GB de RAM 192 GB SSD con Windows 11",8897.0,8.0,192.0,SSD,No especificado,0,14.0,No especificado,No especificado,No especificado,Intel,14.0,Estandar,0,0,0,0,0,0,0,0,2,3.0,7.584962500721156,16.0,0.0,0,False,False,False,False,False,False,False,True,False,False,False,False,False,False,False,False,False,False,False,False,False,False,False,False,False,8822.231153741515,74.7688462584847
"Laptop HP 14"" Intel N150 16 GB RAM 640 GB de almacenamiento",9974.0,16.0,640.0,SSD,Intel N150,0,14.0,No especificado,No especificado,No especificado,Intel,14.0,Estandar,0,0,0,0,0,0,0,0,1,4.0,9.321928094887362,16.0,0.0,0,False,False,False,False,False,False,False,True,False,False,False,False,False,False,False,False,False,False,False,False,False,False,False,False,False,11539.184978403418,-1565.1849784034184
"Laptop HP 14"" 2026 Intel N150 8 GB 128 GB UFS + HDD externo de 500 GB",8728.0,8.0,128.0,SSD,Intel N150,0,14.0,No especificado,No especificado,No especificado,Intel,14.0,Estandar,0,0,0,0,0,0,0,0,1,3.0,7.0,8.0,0.0,0,False,False,False,False,False,False,False,True,False,False,False,False,False,False,False,False,False,False,False,False,False,False,False,False,False,8705.603752867748,22.39624713225203
"Laptop HP 15.6"" FHD i3-1315U 16GB 256GB Win11 Pro",12828.0,16.0,256.0,SSD,No especificado,0,15.6,Intel Core i3-1315U,6,13ª Gen (Raptor Lake),Intel,15.6,Estandar,0,0,0,0,0,0,0,0,3,4.0,8.0,48.0,0.0,0,False,False,False,False,False,False,False,True,False,False,False,False,False,False,False,False,False,False,False,False,False,False,False,False,False,12998.102094439462,-170.10209443946223
"Laptop HP 156"" FHD i3-1215U 8 GB 256 GB SSD con hub USB",11429.0,8.0,256.0,SSD,No especificado,0,,Intel Core i3-1215U,6,12ª Gen (Alder Lake),Intel,,Estandar,0,0,0,0,0,0,0,0,3,3.0,8.0,24.0,0.0,0,False,False,False,False,False,False,False,True,False,False,False,False,False,False,False,False,False,False,False,False,False,False,False,False,False,10454.363186473598,974.636813526402
"Laptop HP dq6012dx 14"" Intel N150 4GB 128GB Wi‑Fi 6",7065.0,4.0,128.0,SSD,Intel N150,0,14.0,No especificado,No especificado,No especificado,Intel,14.0,Estandar,0,0,0,0,0,0,0,0,1,2.0,7.0,4.0,0.0,0,False,False,False,False,False,False,False,True,False,False,False,False,False,False,False,False,False,False,False,False,False,False,False,False,False,7495.881336415224,-430.8813364152238
"Laptop Lenovo IdeaPad 15.6"" FHD Intel i5-1335U 8GB 128GB SSD",11903.0,8.0,128.0,SSD,No especificado,0,15.6,Intel Core i5-1335U,10,13ª Gen (Raptor Lake),Intel,15.6,Estandar,0,0,0,0,0,0,0,0,4,3.0,7.0,32.0,0.0,0,False,False,False,False,False,False,False,False,False,False,False,False,False,False,True,False,False,False,False,False,False,False,False,False,False,12464.9566839586,-561.9566839586005
"Laptop HP 14"" Intel N4500 8 GB RAM 628 GB Windows 11 Pro Rosa",8402.0,8.0,628.0,SSD,Intel N4500,0,14.0,No especificado,No especificado,No especificado,Intel,14.0,Estandar,0,0,0,0,0,0,0,0,2,3.0,9.294620748891626,16.0,0.0,0,False,False,False,False,False,False,False,True,False,False,False,False,False,False,False,False,False,False,False,False,False,False,False,False,False,9840.631454416778,-1438.631454416778
"Laptop HP N150 14"" HD 8 GB 128 GB UFS Intel de 4 núcleos Windows 11",8976.0,8.0,128.0,SSD,No especificado,0,14.0,No especificado,No especificado,No especificado,Intel,14.0,Estandar,0,0,0,0,0,0,0,0,1,3.0,7.0,8.0,0.0,0,False,False,False,False,False,False,False,True,False,False,False,False,False,False,False,False,False,False,False,False,False,False,False,False,False,8705.603752867748,270.39624713225203
"Laptop HP 173"" Ryzen 5 8 GB 256 GB SSD Wi‑Fi 6 FHD",13579.0,8.0,256.0,SSD,Ryzen 5,0,,AMD Ryzen 5,No especificado,No especificado,AMD,,Estandar,0,0,0,0,0,0,0,0,4,3.0,8.0,32.0,0.0,0,False,False,False,False,False,False,False,True,False,False,False,False,False,False,False,False,False,False,False,False,False,False,False,False,False,13088.007397006842,490.99260299315756
"Laptop HP Ultrabook 14"" Intel Core 4 GB 64 GB SSD Win11",6480.0,4.0,64.0,SSD,Core 4,0,14.0,No especificado,No especificado,No especificado,Intel,14.0,Estandar,0,0,0,0,0,0,0,0,2,2.0,6.0,8.0,0.0,0,False,False,False,False,False,False,False,True,False,False,False,False,False,False,False,False,False,False,False,False,False,False,False,False,False,5751.168461768231,728.8315382317687
"Laptop HP 156"" FHD táctil Ryzen 5 8 GB 256 GB SSD",11839.0,8.0,256.0,SSD,Ryzen 5,0,,AMD Ryzen 5,No especificado,No especificado,AMD,,Estandar,0,0,0,0,1,0,0,0,4,3.0,8.0,32.0,0.0,0,False,False,False,False,False,False,False,True,False,False,False,False,False,False,False,False,False,False,False,False,False,False,False,False,False,18190.362118887777,-6351.362118887777
"Laptop HP Ultrabook 14"" Intel 8GB RAM 64GB SSD Win11",7654.0,8.0,64.0,SSD,No especificado,0,14.0,No especificado,No especificado,No especificado,Intel,14.0,Estandar,0,0,0,0,0,0,0,0,2,3.0,6.0,16.0,0.0,0,False,False,False,False,False,False,False,True,False,False,False,False,False,False,False,False,False,False,False,False,False,False,False,False,False,7779.935882649856,-125.93588264985556
"Laptop HP 2025 Intel N150 16 GB de RAM 256 GB 14"" LED",11075.0,16.0,256.0,SSD,Intel N150,0,14.0,No especificado,No especificado,No especificado,Intel,14.0,Estandar,0,0,0,0,0,0,0,0,1,4.0,8.0,16.0,0.0,0,False,False,False,False,False,False,False,True,False,False,False,False,False,False,False,False,False,False,False,False,False,False,False,False,False,10169.31479659435,905.6852034056501
"Laptop HP 156"" Intel i3-1125G4 8 GB de RAM 128 GB SSD",9354.0,8.0,128.0,SSD,No especificado,0,,No especificado,No especificado,No especificado,Intel,,Estandar,0,0,0,0,0,0,0,0,3,3.0,7.0,24.0,0.0,0,False,False,False,False,False,False,False,True,False,False,False,False,False,False,False,False,False,False,False,False,False,False,False,False,False,8587.560709053341,766.4392909466587
"Laptop HP N150 Intel 16 GB de RAM 256 GB 14"" LED Windows 11",10186.0,16.0,256.0,SSD,No especificado,0,14.0,No especificado,No especificado,No especificado,Intel,14.0,Estandar,0,0,0,0,0,0,0,0,1,4.0,8.0,16.0,0.0,0,False,False,False,False,False,False,False,True,False,False,False,False,False,False,False,False,False,False,False,False,False,False,False,False,False,10169.31479659435,16.6852034056501
"Notebook HP Ultrabook 14"" Intel 8 GB de RAM 192 GB SSD Rosa",8976.0,8.0,192.0,SSD,No especificado,0,14.0,No especificado,No especificado,No especificado,Intel,14.0,Estandar,0,0,0,0,0,0,0,0,2,3.0,7.584962500721156,16.0,0.0,0,False,False,False,False,False,False,False,True,False,False,False,False,False,False,False,False,False,False,False,False,False,False,False,False,False,8822.231153741515,153.7688462584847
"Laptop HP Stream 14"" HD Intel N150 4 GB 112 TB Windows 11",7898.0,4.0,1152.0,SSD,Intel N150,0,14.0,No especificado,No especificado,No especificado,Intel,14.0,Estandar,0,0,0,0,0,0,0,0,1,2.0,10.169925001442312,4.0,0.0,0,False,False,False,False,False,False,False,True,False,False,False,False,False,False,False,False,False,False,False,False,False,False,False,False,False,9419.14664450763,-1521.1466445076294
"Laptop HP 14"" con pantalla táctil Intel N4020 16 GB de RAM 192 GB",10717.0,16.0,192.0,SSD,Intel N4020,0,14.0,No especificado,No especificado,No especificado,Intel,14.0,Estandar,0,0,0,0,1,0,0,0,2,4.0,7.584962500721156,32.0,0.0,0,False,False,False,False,False,False,False,True,False,False,False,False,False,False,False,False,False,False,False,False,False,False,False,False,False,11684.928265515218,-967.9282655152183
"Laptop HP 14"" Intel N150 4 GB DDR5 628 GB Win11 Pro",7934.0,4.0,628.0,SSD,Intel N150,0,14.0,No especificado,No especificado,No especificado,Intel,14.0,Estandar,0,0,0,0,0,0,0,0,1,2.0,9.294620748891626,4.0,0.0,0,False,False,False,False,False,False,False,True,False,False,False,False,False,False,False,False,False,False,False,False,False,False,False,False,False,7666.9178096903115,267.0821903096885
"Laptop HP 14"" Intel N4500 8 GB 628 GB Windows 11 Pro Oro Rosa",8648.0,8.0,628.0,SSD,Intel N4500,0,14.0,No especificado,No especificado,No especificado,Intel,14.0,Estandar,0,0,0,0,0,0,0,0,2,3.0,9.294620748891626,16.0,0.0,0,False,False,False,False,False,False,False,True,False,False,False,False,False,False,False,False,False,False,False,False,False,False,False,False,False,9840.631454416778,-1192.631454416778
"Laptop HP Stream 14"" Intel N150 4 GB RAM 112 TB Windows 11",8171.0,4.0,1152.0,SSD,Intel N150,0,14.0,No especificado,No especificado,No especificado,Intel,14.0,Estandar,0,0,0,0,0,0,0,0,1,2.0,10.169925001442312,4.0,0.0,0,False,False,False,False,False,False,False,True,False,False,False,False,False,False,False,False,False,False,False,False,False,False,False,False,False,9419.14664450763,-1248.1466445076294
"Laptop Lenovo V15 2026 AMD Ryzen 3 16 GB 512 GB SSD 156""",16729.0,16.0,512.0,SSD,Ryzen 3,0,,AMD Ryzen 3,No especificado,No especificado,AMD,16.0,Grande,0,0,0,0,0,0,0,0,3,4.0,9.0,48.0,0.0,0,False,False,False,False,False,False,False,False,False,False,False,False,False,False,True,False,False,False,False,False,False,False,False,False,False,15494.599485700684,1234.4005142993155
"Laptop HP Stream 14"" HD Intel N150 4 GB 256 GB rosa",8908.0,4.0,256.0,SSD,Intel N150,0,14.0,No especificado,No especificado,No especificado,Intel,14.0,Estandar,0,0,0,0,0,0,0,0,1,2.0,8.0,4.0,0.0,0,False,False,False,False,False,False,False,True,False,False,False,False,False,False,False,False,False,False,False,False,False,False,False,False,False,8206.097192399888,701.9028076001123
Laptop Asus Vivobook S14 Ryzen Ai 5 16gb 512gb Ssd Oled,33899.0,16.0,512.0,SSD,No especificado,0,,No especificado,No especificado,No especificado,AMD,,Estandar,0,0,0,0,0,1,0,0,4,4.0,9.0,64.0,0.0,0,False,False,True,False,False,False,False,False,False,False,False,False,False,False,False,False,False,False,False,False,False,False,False,False,False,21353.511211748035,12545.488788251965
"Apple 2026 Macbook Neo (de 13 Pulgadas, Chip A18 Pro De Apple Con Cpu De 6 Núcleos Y Gpu De 5 Núcleos, 8gb Memoria Unificada, 256 gb) - Índigo - Distribuidor Autorizado",14999.0,8.0,256.0,SSD,No especificado,0,13.0,No especificado,No especificado,No especificado,Apple,13.0,Ultraportatil,0,0,0,0,0,0,1,0,2,3.0,8.0,16.0,0.0,0,False,True,False,False,False,False,False,False,False,False,False,False,False,False,False,False,False,False,False,False,False,False,False,False,False,15901.901947055245,-902.9019470552448
"Laptop IdeaPad Slim 3 15,3 Intel Core I5 24gb Ram 1tb Ssd Lenovo",23499.0,24.0,1024.0,SSD,Core I5,0,15.3,Intel Core i5,No especificado,No especificado,Intel,15.3,Estandar,0,0,0,0,0,0,0,0,4,4.584962500721156,10.0,96.0,0.0,0,False,False,False,False,False,False,False,False,False,False,False,False,False,False,True,False,False,False,False,False,False,False,False,False,False,22589.60502148782,909.3949785121804
Laptop Hp 15 Intel Pentium 16gb Ram 1tb Ssd 15.6,21263.0,16.0,1024.0,SSD,No especificado,0,15.6,No especificado,No especificado,No especificado,Intel,15.6,Estandar,0,0,0,0,0,0,0,0,1,4.0,10.0,16.0,0.0,0,False,False,False,False,False,False,False,True,False,False,False,False,False,False,False,False,False,False,False,False,False,False,False,False,False,16185.324277747306,5077.675722252694
Ultrabook Intel N150 Machcreator 15a 15.6 Pulgadas FHD 8GB RAM 512GB SSD Portátil Ligero para Oficina y Estudio Windows 11,8138.0,8.0,512.0,SSD,Intel N150,0,15.6,No especificado,No especificado,No especificado,Intel,15.6,Estandar,0,0,1,0,0,0,0,0,1,3.0,9.0,8.0,0.0,0,False,False,False,False,False,False,False,False,False,False,False,False,False,False,False,False,False,True,False,False,False,False,False,False,False,10896.481919199296,-2758.4819191992956
Laptop Hp 14 Intel N150 4gb Ram 128gb Ssd Windows 11 Home 14-dq6011dx,6999.0,4.0,128.0,SSD,Intel N150,0,,No especificado,No especificado,No especificado,Intel,14.0,Estandar,0,0,0,0,0,0,0,0,1,2.0,7.0,4.0,0.0,0,False,False,False,False,False,False,False,True,False,False,False,False,False,False,False,False,False,False,False,False,False,False,False,False,False,7495.881336415224,-496.8813364152238
Laptop Asus Vivobook Intel Core I3 8gb Ram 128gb Ssd Azul,7999.0,8.0,128.0,SSD,Core I3,0,,Intel Core i3,No especificado,No especificado,Intel,,Estandar,0,0,0,0,0,0,0,0,3,3.0,7.0,24.0,0.0,0,False,False,True,False,False,False,False,False,False,False,False,False,False,False,False,False,False,False,False,False,False,False,False,False,False,9955.989983158446,-1956.9899831584462
"Apple 2026 Macbook Neo (de 13 Pulgadas, Chip A18 Pro De Apple Con Cpu De 6 Núcleos Y Gpu De 5 Núcleos, 8gb Memoria Unificada, 256 gb) - Rosa Rubor - Distribuidor Autorizado",14999.0,8.0,256.0,SSD,No especificado,0,13.0,No especificado,No especificado,No especificado,Apple,13.0,Ultraportatil,0,0,0,0,0,0,1,0,2,3.0,8.0,16.0,0.0,0,False,True,False,False,False,False,False,False,False,False,False,False,False,False,False,False,False,False,False,False,False,False,False,False,False,15901.901947055245,-902.9019470552448
Laptop Gamer HP Victus NVIDIA GeForce RTX 3050 Intel Core i5 8GB RAM 512GB SSD Windows 11 Home,25999.0,8.0,512.0,SSD,Core I5,1,,Intel Core i5,No especificado,No especificado,Intel,,Estandar,0,1,0,0,0,0,0,2,4,3.0,9.0,32.0,16.0,2,False,False,False,False,False,False,False,True,False,False,False,False,False,False,False,False,False,False,False,False,False,False,False,False,False,20345.209119395793,5653.790880604207
Notebook Hp 14-dq6015dx 14 Hd 128gb /4gb Ram Intel N150 W11 - Pale Rose Gold,4999.0,128.0,128.0,SSD,Intel N150,0,,No especificado,No especificado,No especificado,Intel,14.0,Estandar,0,0,0,0,0,0,0,0,1,7.0,7.0,128.0,0.0,0,False,False,False,False,False,False,False,True,False,False,False,False,False,False,False,False,False,False,False,False,False,False,False,False,False,6972.807782439977,-1973.807782439977
"Laptop Slim 7 Touch Copilot+ Snapdragon X 32gb + 1tb SSD 14.5"" Lenovo",52499.0,32.0,1024.0,SSD,No especificado,0,14.5,No especificado,No especificado,No especificado,Otros,14.5,Estandar,0,0,0,1,1,0,0,0,2,5.0,10.0,64.0,0.0,0,False,False,False,False,False,False,False,False,False,False,False,False,False,False,True,False,False,False,False,False,False,False,False,False,False,39360.49228691106,13138.50771308894
Laptop HP 14 14-dq6102dx Intel N150 4 GB RAM 128 GB UFS pantalla 14 HD antirreflejo Windows 11 Home color Azul cielo (Sky Blue),7669.0,4.0,128.0,SSD,Intel N150,0,,No especificado,No especificado,No especificado,Intel,14.0,Estandar,0,0,0,0,0,0,0,0,1,2.0,7.0,4.0,0.0,0,False,False,False,False,False,False,False,True,False,False,False,False,False,False,False,False,False,False,False,False,False,False,False,False,False,7495.881336415224,173.1186635847762
Laptop ASUS Vivobook 14 Intel Core i7 12GB RAM 512GB SSD Windows 11 Home,11999.0,12.0,512.0,SSD,Core I7,0,,Intel Core i7,No especificado,No especificado,Intel,14.0,Estandar,0,0,0,0,0,0,0,0,5,3.584962500721156,9.0,60.0,0.0,0,False,False,True,False,False,False,False,False,False,False,False,False,False,False,False,False,False,False,False,False,False,False,False,False,False,17410.142130233446,-5411.142130233446
Laptop Lenovo Loq Core I5-12450hx 8gb Ram 512gb Rtx 3050 6gb Color Gris,21999.0,8.0,512.0,SSD,Core I5,1,,Intel Core i5-12450H,8,12ª Gen (Alder Lake),Intel,,Estandar,0,1,0,0,0,0,0,2,4,3.0,9.0,32.0,16.0,2,False,False,False,False,False,False,False,False,False,False,False,False,False,False,True,False,False,False,False,False,False,False,False,False,False,21038.932028049632,960.0679719503678
"Laptop Hp 240r G10 De 14 , Intel Core 7, 16gb Ram, 512gb Ssd, Windows 11 Pro",14599.0,16.0,512.0,SSD,No especificado,0,,No especificado,No especificado,No especificado,Intel,14.0,Estandar,0,0,0,0,0,0,0,0,2,4.0,9.0,32.0,0.0,0,False,False,False,False,False,False,False,True,False,False,False,False,False,False,False,False,False,False,False,False,False,False,False,False,False,15651.602820815204,-1052.6028208152038
"Notebook HP 255 G10 con AMD Ryzen 3, 8 GB de RAM y SSD de 512 GB",8759.0,8.0,512.0,SSD,Ryzen 3,0,,AMD Ryzen 3,No especificado,No especificado,AMD,,Estandar,0,0,0,0,0,0,0,0,3,3.0,9.0,24.0,0.0,0,False,False,False,False,False,False,False,True,False,False,False,False,False,False,False,False,False,False,False,False,False,False,False,False,False,12944.669713710266,-4185.669713710266
Laptop Intel Celeron N5100 16gb Ram 256gb Ssd Ddr4 15.6in Plateado,10998.0,16.0,256.0,SSD,Celeron,0,15.6,No especificado,No especificado,No especificado,Intel,15.6,Estandar,0,0,0,0,0,0,0,0,1,4.0,8.0,16.0,0.0,0,False,False,False,False,False,False,False,False,False,False,False,False,False,False,False,False,False,False,False,False,False,False,True,False,False,8126.604498851945,2871.395501148055
Apple Macbook Pro 16 M1 Pro 16gb 1tb Ssd Portátil (Reacondicionado),19999.0,16.0,1024.0,SSD,M1 Pro,0,,Apple M1 Pro,10,Apple Silicon (1ª Gen),Apple,16.0,Grande,1,0,0,1,0,0,1,0,5,4.0,10.0,80.0,0.0,0,False,True,False,False,False,False,False,False,False,False,False,False,False,False,False,False,False,False,False,False,False,False,False,False,False,23113.100477230568,-3114.100477230568
"Laptop HP 14-dq6210la, Intel N150, 8 GB RAM, 128 GB UFS, 14"" HD, Windows 11 Home",5699.0,8.0,128.0,SSD,Intel N150,0,14.0,No especificado,No especificado,No especificado,Intel,14.0,Estandar,0,0,0,0,0,0,0,0,1,3.0,7.0,8.0,0.0,0,False,False,False,False,False,False,False,True,False,False,False,False,False,False,False,False,False,False,False,False,False,False,False,False,False,8705.603752867748,-3006.603752867748
"Hp 245 G10 - Ryzen 5, 8gb Ram, 512gb Ssd, Win 11 Color Plateado Cenizo Oscuro",9279.0,8.0,512.0,SSD,Ryzen 5,0,,AMD Ryzen 5,No especificado,No especificado,AMD,,Estandar,0,0,0,0,0,0,0,0,4,3.0,9.0,32.0,0.0,0,False,False,False,False,False,False,False,True,False,False,False,False,False,False,False,False,False,False,False,False,False,False,False,False,False,13053.852103794592,-3774.852103794592
Laptop VSAP Intel I7 9750h 16gb Ram 512gb Ssd 15.6in Notebook Gris 1920x1080,15165.0,16.0,512.0,SSD,No especificado,0,15.6,No especificado,No especificado,No especificado,Intel,15.6,Estandar,0,0,0,0,0,0,0,0,5,4.0,9.0,80.0,0.0,0,False,False,False,False,False,False,False,False,False,False,False,False,False,False,False,False,False,False,False,False,False,False,True,False,False,19148.189839699276,-3983.1898396992765
Laptop Acer Aspire 3 Amd Ryzen 7 32gb Ram 512gb Ssd 15.6 Windows 11 Home,14492.0,32.0,512.0,SSD,Ryzen 7,0,15.6,No especificado,No especificado,No especificado,AMD,15.6,Estandar,0,0,0,0,0,0,0,0,5,5.0,9.0,160.0,0.0,0,False,False,False,False,False,False,False,False,False,False,False,False,False,False,False,False,False,False,False,False,False,False,False,False,False,20881.76105339043,-6389.76105339043
"Notebook HP 14-dq6013dx, con Procesador Intel N150, 4GB de RAM y 128GB SSD",6999.0,4.0,128.0,SSD,Intel N150,0,,No especificado,No especificado,No especificado,Intel,14.0,Estandar,0,0,0,0,0,0,0,0,1,2.0,7.0,4.0,0.0,0,False,False,False,False,False,False,False,True,False,False,False,False,False,False,False,False,False,False,False,False,False,False,False,False,False,7495.881336415224,-496.8813364152238
Laptop Hp 245 G10 Amd Ryzen 3 8gb Ram 256gb Ssd Negro,13999.0,8.0,256.0,SSD,Ryzen 3,0,,AMD Ryzen 3,No especificado,No especificado,AMD,,Estandar,0,0,0,0,0,0,0,0,3,3.0,8.0,24.0,0.0,0,False,False,False,False,False,False,False,True,False,False,False,False,False,False,False,False,False,False,False,False,False,False,False,False,False,10454.363186473598,3544.636813526402
Laptop HP Stream 14-dq0762dx Rosa 128gb SSD Intel Celeron Incluye Windows Color Pink,4815.0,128.0,128.0,SSD,Celeron,0,,No especificado,No especificado,No especificado,Intel,14.0,Estandar,0,0,0,0,0,0,0,0,1,7.0,7.0,128.0,0.0,0,False,False,False,False,False,False,False,True,False,False,False,False,False,False,False,False,False,False,False,False,False,False,False,False,False,6972.807782439977,-2157.807782439977
Laptop Dell 15.6 Pulgadas Intel Core I7-1355u 16GB RAM 1TB SSD Plateado Windows 11 Dc 15250,17599.0,16.0,1024.0,SSD,Core I7,0,15.6,Intel Core i7-1355U,10,13ª Gen (Raptor Lake),Intel,15.6,Estandar,0,0,0,0,0,0,0,0,5,4.0,10.0,80.0,0.0,0,False,False,False,True,False,False,False,False,False,False,False,False,False,False,False,False,False,False,False,False,False,False,False,False,False,21720.22221400118,-4121.22221400118
Notebook N150 14 4gb De Ram - 128gb Ssd - Intel Processor,5789.0,4.0,128.0,SSD,No especificado,0,,No especificado,No especificado,No especificado,Intel,14.0,Estandar,0,0,0,0,0,0,0,0,1,2.0,7.0,4.0,0.0,0,False,False,False,False,False,False,False,False,False,False,False,False,False,False,False,False,False,False,False,False,False,False,True,False,False,6637.550877844153,-848.5508778441526
Apple Macbook Pro 16 M1 Pro 16gb 1tb Ssd Portátil (Reacondicionado),20999.0,16.0,1024.0,SSD,M1 Pro,0,,Apple M1 Pro,10,Apple Silicon (1ª Gen),Apple,16.0,Grande,1,0,0,1,0,0,1,0,5,4.0,10.0,80.0,0.0,0,False,True,False,False,False,False,False,False,False,False,False,False,False,False,False,False,False,False,False,False,False,False,False,False,False,23113.100477230568,-2114.100477230568
Laptop VSAP Intel CORE I3 8gb Ram 256gb Ssd Notebook DDR4 Windows 11 Pro 14in,7941.0,8.0,256.0,SSD,Core I3,0,14.0,Intel Core i3,No especificado,No especificado,Intel,14.0,Estandar,0,0,0,0,0,0,0,0,3,3.0,8.0,24.0,0.0,0,False,False,False,False,False,False,False,False,False,False,False,False,False,False,False,False,False,False,False,False,False,False,True,False,False,9283.930211217445,-1342.9302112174446
Notebook Dc14250 14 Amd Ryzen 7 250 16gb Ram 512gb Ssd Dell,21999.0,16.0,512.0,SSD,Ryzen 7,0,,No especificado,No especificado,No especificado,AMD,14.0,Estandar,0,0,0,0,0,0,0,0,5,4.0,9.0,80.0,0.0,0,False,False,False,True,False,False,False,False,False,False,False,False,False,False,False,False,False,False,False,False,False,False,False,False,False,18209.136478493198,3789.8635215068025
HP Azul Pentium N200 128GB Ufs 4GB Ram Pantalla 15.6 HD Intel Uhd Graphics Incluye Windows 11 Instalado Laptop Blue Fd0082 Con Regalo,15471.0,128.0,128.0,SSD,No especificado,0,15.6,Intel Processor N200,4,Alder Lake-N,Intel,15.6,Estandar,0,0,0,0,0,0,0,1,1,7.0,7.0,128.0,128.0,0,False,False,False,False,False,False,False,True,False,False,False,False,False,False,False,False,False,False,False,False,False,False,False,False,False,10441.743151101173,5029.256848898827
"Laptop HP 14-dq6210la, Intel N150, 8 GB RAM, 128 GB UFS, 14"" HD, Windows 11 Home",6999.0,8.0,128.0,SSD,Intel N150,0,14.0,No especificado,No especificado,No especificado,Intel,14.0,Estandar,0,0,0,0,0,0,0,0,1,3.0,7.0,8.0,0.0,0,False,False,False,False,False,False,False,True,False,False,False,False,False,False,False,False,False,False,False,False,False,False,False,False,False,8705.603752867748,-1706.603752867748
Notebook ProBook 445 G7 color plateado 16GB de Ram 512GB SSD AMD Ryzen 5 - Excelente (Reacondicionado),6187.0,16.0,512.0,SSD,Ryzen 5,0,,AMD Ryzen 5,No especificado,No especificado,AMD,,Estandar,1,0,1,0,0,0,0,0,4,4.0,9.0,64.0,0.0,0,False,False,False,False,False,False,False,False,False,False,False,False,False,False,False,False,False,False,False,False,False,False,True,False,False,5771.552200473138,415.4477995268617
"Portátil HP Elitebook G9 with Amd Ryzen 5 Pro 5675u, 16 GB de RAM DDR4, 256 GB SSD, Windows 11 Pro, For Business & Games - Excelente (Reacondicionado)",6569.0,16.0,256.0,SSD,Ryzen 5,0,,AMD Ryzen 5,No especificado,No especificado,AMD,16.0,Grande,1,0,1,0,0,0,0,0,4,4.0,8.0,64.0,0.0,0,False,False,False,False,False,False,False,True,False,False,False,False,False,False,False,False,False,False,False,False,False,False,False,False,False,6671.75293620626,-102.75293620625962
Notebook N150 14 4gb De Ram - 128gb Ssd - Intel Processor (Nuevo con caja abierta),4799.0,4.0,128.0,SSD,No especificado,0,,No especificado,No especificado,No especificado,Intel,14.0,Estandar,1,0,0,0,0,0,0,0,1,2.0,7.0,4.0,0.0,0,False,False,False,False,False,False,False,False,False,False,False,False,False,False,False,False,False,False,False,False,False,False,True,False,False,5482.065377828329,-683.0653778283286
Laptop Hp 250 G10 Intel Corei5 8gb Ssd 512gb Windows 11 Home Plata,13499.0,8.0,512.0,SSD,Corei5,0,,Intel Core i5,No especificado,No especificado,Intel,10.0,Ultraportatil,0,0,0,0,0,0,0,0,4,3.0,9.0,32.0,0.0,0,False,False,False,False,False,False,False,True,False,False,False,False,False,False,False,False,False,False,False,False,False,False,False,False,False,13053.852103794592,445.14789620540796
"Ultrabook HP Core i3 N305 de 15.6"" HD con 8GB RAM y SSD de 256GB",18016.0,8.0,256.0,SSD,Core I3,0,15.6,Intel Core i3-N305,8,Alder Lake-N,Intel,15.6,Estandar,0,0,0,0,0,0,0,0,3,3.0,8.0,24.0,0.0,0,False,False,False,False,False,False,False,True,False,False,False,False,False,False,False,False,False,False,False,False,False,False,False,False,False,10454.363186473598,7561.636813526402
Laptop HP 14 14-dq6101dx Intel N150 4 GB RAM 128 GB UFS pantalla 14 HD antirreflejo Windows 11 Home color Plateado natural,4368.0,4.0,128.0,SSD,Intel N150,0,,No especificado,No especificado,No especificado,Intel,14.0,Estandar,0,0,0,0,0,0,0,0,1,2.0,7.0,4.0,0.0,0,False,False,False,False,False,False,False,True,False,False,False,False,False,False,False,False,False,False,False,False,False,False,False,False,False,7495.881336415224,-3127.881336415224
"Notebook EliteBook 840 G5 14"" gris 16GB de Ram 512GB SSD Intel Core i5 - Excelente (Reacondicionado)",5473.0,16.0,512.0,SSD,Core I5,0,14.0,Intel Core i5,No especificado,No especificado,Intel,14.0,Estandar,1,0,1,0,0,0,0,0,4,4.0,9.0,64.0,0.0,0,False,False,False,False,False,False,False,False,False,False,False,False,False,False,False,False,False,False,False,False,False,False,True,False,False,5771.552200473138,-298.5522004731383
"Laptop HP 240 G10 de 14"", Intel® Core™ i5, 8GB RAM, 512GB SSD, Windows 11 Home , color gris",10350.0,8.0,512.0,SSD,No especificado,0,14.0,No especificado,No especificado,No especificado,Intel,14.0,Estandar,0,0,0,0,0,0,0,0,4,3.0,9.0,32.0,0.0,0,False,False,False,False,False,False,False,True,False,False,False,False,False,False,False,False,False,False,False,False,False,False,False,False,False,13053.852103794592,-2703.852103794592
"Laptop HP Pavilion Plus 14-ew1000la Intel Core Ultra 5 16GB RAM 512GB SSD 14""",21999.0,16.0,512.0,SSD,No especificado,0,14.0,No especificado,No especificado,No especificado,Intel,14.0,Estandar,0,0,0,0,0,0,0,0,4,4.0,9.0,64.0,0.0,0,False,False,False,False,False,False,False,True,False,False,False,False,False,False,False,False,False,False,False,False,False,False,False,False,False,17364.92034604292,4634.07965395708
"Hp 245 G10 - Ryzen 5, 8gb Ram, 512gb Ssd, Win 11 Color Plateado Cenizo Oscuro",10867.0,8.0,512.0,SSD,Ryzen 5,0,,AMD Ryzen 5,No especificado,No especificado,AMD,,Estandar,0,0,0,0,0,0,0,0,4,3.0,9.0,32.0,0.0,0,False,False,False,False,False,False,False,True,False,False,False,False,False,False,False,False,False,False,False,False,False,False,False,False,False,13053.852103794592,-2186.852103794592
Laptop HP Stream 14-dq0762dx Rosa 128gb SSD Intel Celeron Incluye Windows Color Pink,4999.0,128.0,128.0,SSD,Celeron,0,,No especificado,No especificado,No especificado,Intel,14.0,Estandar,0,0,0,0,0,0,0,0,1,7.0,7.0,128.0,0.0,0,False,False,False,False,False,False,False,True,False,False,False,False,False,False,False,False,False,False,False,False,False,False,False,False,False,6972.807782439977,-1973.807782439977
Notebook HP 240 G10 Core I3 8gb 512gb SSD FHD Gris,12999.0,8.0,512.0,SSD,Core I3,0,,Intel Core i3,No especificado,No especificado,Intel,,Estandar,0,0,0,0,0,0,0,0,3,3.0,9.0,24.0,0.0,0,False,False,False,False,False,False,False,True,False,False,False,False,False,False,False,False,False,False,False,False,False,False,False,False,False,12944.669713710266,54.33028628973443
Notebook Hp 14-dq6015dx 14 Hd 128gb /4gb Ram Intel N150 W11 - Pale Rose Gold,4590.0,128.0,128.0,SSD,Intel N150,0,,No especificado,No especificado,No especificado,Intel,14.0,Estandar,0,0,0,0,0,0,0,0,1,7.0,7.0,128.0,0.0,0,False,False,False,False,False,False,False,True,False,False,False,False,False,False,False,False,False,False,False,False,False,False,False,False,False,6972.807782439977,-2382.807782439977
Notebook N150 14 4gb De Ram - 128gb Ssd - Intel Processor,5999.0,4.0,128.0,SSD,No especificado,0,,No especificado,No especificado,No especificado,Intel,14.0,Estandar,0,0,0,0,0,0,0,0,1,2.0,7.0,4.0,0.0,0,False,False,False,False,False,False,False,False,False,False,False,False,False,False,False,False,False,False,False,False,False,False,True,False,False,6637.550877844153,-638.5508778441526
"Laptop HP EliteBook 840 G8 con Intel Core i7, 16 GB RAM y 256 GB SSD - Excelente (Reacondicionado)",20090.0,16.0,256.0,SSD,Core I7,0,,Intel Core i7,No especificado,No especificado,Intel,16.0,Grande,1,0,1,0,0,0,0,0,5,4.0,8.0,80.0,0.0,0,False,False,False,False,False,False,False,True,False,False,False,False,False,False,False,False,False,False,False,False,False,False,False,False,False,7824.10027000356,12265.89972999644
Laptop Hp Omnibook X Flip 14 2k Intel Ultra 5 16gb 512gb Color Azul,39999.0,16.0,512.0,SSD,No especificado,0,,No especificado,No especificado,No especificado,Intel,14.0,Estandar,0,0,0,1,0,0,0,0,4,4.0,9.0,64.0,0.0,0,False,False,False,False,False,False,False,True,False,False,False,False,False,False,False,False,False,False,False,False,False,False,False,False,False,23895.803435232687,16103.196564767313
"HP Ryzen 5 7520U 8GB RAM 1TB SSD Pantalla 15,6 FHD 1920 x 1080 AMD Radeon Graphics Windows 11 Instalado Laptop 15-FC0025 Con Regalo",20009.0,8.0,1024.0,SSD,Ryzen 5,0,15.6,AMD Ryzen 5 7520U,4,Serie 7000 (Zen 2),AMD,15.6,Estandar,0,0,0,0,0,0,0,1,4,3.0,10.0,32.0,8.0,0,False,False,False,False,False,False,False,True,False,False,False,False,False,False,False,False,False,False,False,False,False,False,False,False,False,18228.058564972533,1780.9414350274674
Laptop Gamer HP Victus NVIDIA GeForce RTX 3050 Intel Core i5 8GB RAM 512GB SSD Windows 11 Home,14106.0,8.0,512.0,SSD,Core I5,1,,Intel Core i5,No especificado,No especificado,Intel,,Estandar,0,1,0,0,0,0,0,2,4,3.0,9.0,32.0,16.0,2,False,False,False,False,False,False,False,True,False,False,False,False,False,False,False,False,False,False,False,False,False,False,False,False,False,20345.209119395793,-6239.209119395793
"Notebook HP 255 G10 con AMD Ryzen 3 7335U, 16 GB DDR5 y 1 TB SSD NVMe",12999.0,16.0,1024.0,SSD,Ryzen 3,0,,AMD Ryzen 3,No especificado,No especificado,AMD,16.0,Grande,0,0,0,0,0,0,0,0,3,4.0,10.0,48.0,0.0,0,False,False,False,False,False,False,False,True,False,False,False,False,False,False,False,False,False,False,False,False,False,False,False,False,False,17240.747269985008,-4241.747269985008
"Hp Omnibook Core Ultra 7 32gb Ram 1tb Ssd Pantalla Tactil 17,3 Fhd 1920 X 1080 Intel Graphics Windows 11 Laptop Gamer 17-dc0373 Con Regalo",29908.0,32.0,1024.0,SSD,No especificado,0,17.3,No especificado,No especificado,No especificado,Intel,17.3,Grande,0,1,0,1,1,0,0,1,5,5.0,10.0,160.0,32.0,1,False,False,False,False,False,False,False,True,False,False,False,False,False,False,False,False,False,False,False,False,False,False,False,False,False,33160.87767490843,-3252.877674908428
Hp Probook 4 Aig1a De 16 Ryzen 7 24gb Ram 512gb Ssd Win11pro Plateado,18499.0,24.0,512.0,SSD,Ryzen 7,0,,No especificado,No especificado,No especificado,AMD,16.0,Grande,0,0,1,0,0,0,0,0,5,4.584962500721156,9.0,120.0,0.0,0,False,False,False,False,False,False,False,True,False,False,False,False,False,False,False,False,False,False,False,False,False,False,False,False,False,21036.865815990735,-2537.8658159907354
Hp Athlon 7120 14 Hd 4gb Ram 128gb Ufs Windows Laptop,5999.0,4.0,128.0,SSD,Athlon,0,,No especificado,No especificado,No especificado,AMD,14.0,Estandar,0,0,0,0,0,0,0,0,1,2.0,7.0,4.0,0.0,0,False,False,False,False,False,False,False,True,False,False,False,False,False,False,False,False,False,False,False,False,False,False,False,False,False,7495.881336415224,-1496.8813364152238
"Notebook EliteBook X Flip G1i B89B7UA 14"" táctil color azul 32GB de Ram - 512GB SSD - Intel CoreTM Ultra 7",27500.0,32.0,512.0,SSD,No especificado,0,14.0,No especificado,No especificado,No especificado,Intel,14.0,Estandar,0,0,1,0,1,0,0,0,5,5.0,9.0,160.0,0.0,0,False,False,False,False,False,False,False,False,False,False,False,False,False,False,False,False,False,False,False,False,False,False,True,False,False,24338.415086507935,3161.5849134920645
"Laptop Hp 240r G10 De 14 , Intel Core 7, 16gb Ram, 512gb Ssd, Windows 11 Pro",22999.0,16.0,512.0,SSD,No especificado,0,,No especificado,No especificado,No especificado,Intel,14.0,Estandar,0,0,0,0,0,0,0,0,2,4.0,9.0,32.0,0.0,0,False,False,False,False,False,False,False,True,False,False,False,False,False,False,False,False,False,False,False,False,False,False,False,False,False,15651.602820815204,7347.397179184796
Laptop Hp Core I7 15.6  24gb Ram 1tb Ssd Windows11,31772.0,24.0,1024.0,SSD,Core I7,0,15.6,Intel Core i7,No especificado,No especificado,Intel,15.6,Estandar,0,0,0,0,0,0,0,0,5,4.584962500721156,10.0,120.0,0.0,0,False,False,False,False,False,False,False,True,False,False,False,False,False,False,False,False,False,False,False,False,False,False,False,False,False,27362.7050670966,4409.294932903402
"Notebook HP Omen Intel Core i7 con RTX 5060, 32 GB RAM y 1 TB SSD de 16"" Full HD+ 165Hz",44999.0,32.0,1024.0,SSD,Core I7,1,16.0,Intel Core i7,No especificado,No especificado,Intel,16.0,Grande,0,1,0,0,0,0,0,3,5,5.0,10.0,160.0,96.0,3,False,False,False,False,False,False,False,True,False,False,False,False,False,False,False,False,False,False,False,False,False,False,False,False,False,45649.068990079366,-650.0689900793659
"HP Ryzen 5 7520u 8GB RAM 512GB Ssd Pantalla táctil 15,6 FHD 1920 X 1080 AMD Radeon Graphics Windows Instalado Laptop Fc0146 Con Regalo",22355.0,8.0,512.0,SSD,Ryzen 5,0,15.6,AMD Ryzen 5 7520U,4,Serie 7000 (Zen 2),AMD,15.6,Estandar,0,0,0,0,1,0,0,1,4,3.0,9.0,32.0,8.0,0,False,False,False,False,False,False,False,True,False,False,False,False,False,False,False,False,False,False,False,False,False,False,False,False,False,17617.256416549888,4737.743583450112
Laptop HP 14 14-dq6103dx Intel N150 4 GB RAM 128 GB UFS pantalla 14 HD antirreflejo Windows 11 Home color Verde sauce (Willow Green),4410.0,4.0,128.0,SSD,Intel N150,0,,No especificado,No especificado,No especificado,Intel,14.0,Estandar,0,0,0,0,0,0,0,0,1,2.0,7.0,4.0,0.0,0,False,False,False,False,False,False,False,True,False,False,False,False,False,False,False,False,False,False,False,False,False,False,False,False,False,7495.881336415224,-3085.881336415224
HP Pavilion Intel N200 4GB RAM 128GB Ufs Pantalla 15.6 Hd Incluye Windows Instalado Laptop 15-fd0084 Con Regalo,8587.0,4.0,128.0,SSD,Intel N200,0,15.6,Intel Processor N200,4,Alder Lake-N,Intel,15.6,Estandar,0,0,0,0,0,0,0,0,1,2.0,7.0,4.0,0.0,0,False,False,False,False,False,False,False,True,False,False,False,False,False,False,False,False,False,False,False,False,False,False,False,False,False,7495.881336415224,1091.1186635847762
"Notebook HP ProBook 640 G2 Negro/Plateado 14"" 920 px x 1080 px disco SSD 128 GB Intel 6200U 8GB de Ram - Bueno (Reacondicionado)",2900.0,128.0,128.0,SSD,No especificado,0,14.0,No especificado,No especificado,No especificado,Intel,14.0,Estandar,1,0,1,0,0,0,0,0,2,7.0,7.0,256.0,0.0,0,False,False,False,False,False,False,False,True,False,False,False,False,False,False,False,False,False,False,False,False,False,False,False,False,False,5024.916202380953,-2124.916202380953
"Laptop Hp 255r: Ryzen 5, Ram 16gb, Ssd 512gb, W 11 Home. Plateado",11009.0,16.0,512.0,SSD,Ryzen 5,0,,AMD Ryzen 5,No especificado,No especificado,AMD,,Estandar,0,0,0,0,0,0,0,0,4,4.0,9.0,64.0,0.0,0,False,False,False,False,False,False,False,True,False,False,False,False,False,False,False,False,False,False,False,False,False,False,False,False,False,17364.92034604292,-6355.92034604292
Hp Gamer Ryzen Ai 7 16GB RAM 1TB SSD Pantalla Táctil 16 Wuxga 1920 Px X 1200 Px Amd Radeon Incluye Windows Instalado Laptop 16-ag1775cl Más Regalo,25797.0,16.0,1024.0,SSD,No especificado,0,,No especificado,No especificado,No especificado,AMD,16.0,Grande,0,1,0,0,1,0,0,1,5,4.0,10.0,80.0,16.0,1,False,False,False,False,False,False,False,True,False,False,False,False,False,False,False,False,False,False,False,False,False,False,False,False,False,29197.708836245838,-3400.708836245838
"Laptop HP 14"" Intel N150 4 Ram 128gb UFS Honey Lavender",8999.0,128.0,128.0,SSD,Intel N150,0,14.0,No especificado,No especificado,No especificado,Intel,14.0,Estandar,0,0,0,0,0,0,0,0,1,7.0,7.0,128.0,0.0,0,False,False,False,False,False,False,False,True,False,False,False,False,False,False,False,False,False,False,False,False,False,False,False,False,False,6972.807782439977,2026.192217560023
HP Gamer 17 Core 5 120U 16GB Ram 1TB Ssd Pantalla Tactil Hd+ 1600 X 900 Intel Graphics Incluye Windows Instalado Laptop CN4153 Con Regalo - Excelente (Reacondicionado),24007.0,16.0,1024.0,SSD,No especificado,0,,No especificado,No especificado,No especificado,Intel,,Estandar,1,1,0,0,1,0,0,1,2,4.0,10.0,32.0,16.0,1,False,False,False,False,False,False,False,True,False,False,False,False,False,False,False,False,False,False,False,False,False,False,False,False,False,24399.471634559868,-392.4716345598681
"Laptop Hp Probook 4 Aig1i, Intel Core Ultra 5,24gb,512gb,16 Plateado",20999.0,24.0,512.0,SSD,No especificado,0,,No especificado,No especificado,No especificado,Intel,16.0,Grande,0,0,1,0,0,0,0,0,4,4.584962500721156,9.0,96.0,0.0,0,False,False,False,False,False,False,False,True,False,False,False,False,False,False,False,False,False,False,False,False,False,False,False,False,False,18971.26193872696,2027.7380612730412
"Notebook HP 255 G10 de 15.6"" Full HD con AMD Ryzen 3 7335U, 24GB RAM y 512GB SSD",13499.0,24.0,512.0,SSD,Ryzen 3,0,15.6,AMD Ryzen 3,No especificado,No especificado,AMD,15.6,Estandar,0,0,0,0,0,0,0,0,3,4.584962500721156,9.0,72.0,0.0,0,False,False,False,False,False,False,False,True,False,False,False,False,False,False,False,False,False,False,False,False,False,False,False,False,False,16347.989208819963,-2848.989208819963
"Laptop Hp 240 G10, Intel Core U5, 8gb Ram, 512gb Ssd, Win 11 Plateado",10629.0,8.0,512.0,SSD,No especificado,0,,No especificado,No especificado,No especificado,Intel,,Estandar,0,0,0,0,0,0,0,0,2,3.0,9.0,16.0,0.0,0,False,False,False,False,False,False,False,True,False,False,False,False,False,False,False,False,False,False,False,False,False,False,False,False,False,12333.815203088721,-1704.8152030887213
"Notebook HP 14-DQ6012DX 14"" HD 128GB 4GB RAM Intel N150 W11 Sky Blue",4384.0,128.0,128.0,SSD,Intel N150,0,14.0,No especificado,No especificado,No especificado,Intel,14.0,Estandar,0,0,0,0,0,0,0,0,1,7.0,7.0,128.0,0.0,0,False,False,False,False,False,False,False,True,False,False,False,False,False,False,False,False,False,False,False,False,False,False,False,False,False,6972.807782439977,-2588.807782439977
"Laptop Hp 245 G10 De 14 , Amd Ryzen 5,8gb, 512gb Ssd",10729.0,8.0,512.0,SSD,Ryzen 5,0,,AMD Ryzen 5,No especificado,No especificado,AMD,14.0,Estandar,0,0,0,0,0,0,0,0,4,3.0,9.0,32.0,0.0,0,False,False,False,False,False,False,False,True,False,False,False,False,False,False,False,False,False,False,False,False,False,False,False,False,False,13053.852103794592,-2324.852103794592
Hp Rosa Intel N150 128gb Ufs 4gb Ram Pantalla 14 Hd Intel Uhd Graphics Windows 11 Laptop Rosa Dq6015 Con Regalo,5169.0,128.0,128.0,SSD,Intel N150,0,,No especificado,No especificado,No especificado,Intel,14.0,Estandar,0,0,0,0,0,0,0,1,1,7.0,7.0,128.0,128.0,0,False,False,False,False,False,False,False,True,False,False,False,False,False,False,False,False,False,False,False,False,False,False,False,False,False,10441.743151101173,-5272.743151101173
Laptop Hp 15-fd0182wm Intel Core I7-1355u 16GB Ram 1TB Ssd W11,22999.0,16.0,1024.0,SSD,Core I7,0,,Intel Core i7-1355U,10,13ª Gen (Raptor Lake),Intel,,Estandar,0,0,0,0,0,0,0,0,5,4.0,10.0,80.0,0.0,0,False,False,False,False,False,False,False,True,False,False,False,False,False,False,False,False,False,False,False,False,False,False,False,False,False,23083.791095077275,-84.7910950772748
Notebook Hp 14-dq6015dx 14 Hd 128gb /4gb Ram Intel N150 W11 - Pale Rose Gold - Bueno (Reacondicionado),7999.0,128.0,128.0,SSD,Intel N150,0,,No especificado,No especificado,No especificado,Intel,14.0,Estandar,1,0,0,0,0,0,0,0,1,7.0,7.0,128.0,0.0,0,False,False,False,False,False,False,False,True,False,False,False,False,False,False,False,False,False,False,False,False,False,False,False,False,False,5277.990577609911,2721.0094223900887
HP Gamer Ryzen Ai 5 16GB Ddr5 512GB Ssd Pantalla táctil 15.6 Fhd 1920 px X 1080 px Amd Radeon Graphics Laptop 15-fn0105 Con Regalo,35834.0,16.0,512.0,SSD,No especificado,0,15.6,No especificado,No especificado,No especificado,AMD,15.6,Estandar,0,1,0,0,1,0,0,1,4,4.0,9.0,64.0,16.0,1,False,False,False,False,False,False,False,True,False,False,False,False,False,False,False,False,False,False,False,False,False,False,False,False,False,29227.34322021195,6606.656779788049
"Laptop Gamer HP Omen 16 Intel Core Ultra 7 con 16GB RAM y 1TB SSD, Pantalla Full HD+ de 16"" a 144Hz",41999.0,16.0,1024.0,SSD,No especificado,0,16.0,No especificado,No especificado,No especificado,Intel,16.0,Grande,0,1,0,0,0,0,0,0,5,4.0,10.0,80.0,0.0,0,False,False,False,False,False,False,False,True,False,False,False,False,False,False,False,False,False,False,False,False,False,False,False,False,False,30410.690998015478,11588.309001984522
"Notebook HP OmniBook X Flip 2 En 1 14"" OLED Táctil Ryzen AI 5 430 16GB 512GB SSD Radeon 840M Copilot+ PC",21332.0,16.0,512.0,SSD,No especificado,0,14.0,No especificado,No especificado,No especificado,AMD,14.0,Estandar,0,0,0,1,1,1,0,1,4,4.0,9.0,64.0,16.0,0,False,False,False,False,False,False,False,True,False,False,False,False,False,False,False,False,False,False,False,False,False,False,False,False,False,21690.45121360066,-358.4512136006597
Laptop HP 14 Intel N150 4 GB RAM 128 GB UFS pantalla 14 HD antirreflejo Windows 11 Home color Lavanda,6611.0,4.0,128.0,SSD,Intel N150,0,,No especificado,No especificado,No especificado,Intel,14.0,Estandar,0,0,0,0,0,0,0,0,1,2.0,7.0,4.0,0.0,0,False,False,False,False,False,False,False,True,False,False,False,False,False,False,False,False,False,False,False,False,False,False,False,False,False,7495.881336415224,-884.8813364152238
"2 en 1 HP OmniBook X Flip de 16"" Táctil con Intel Core Ultra 7, 16 GB de RAM y 1 TB SSD",45000.0,16.0,1024.0,SSD,No especificado,0,16.0,No especificado,No especificado,No especificado,Intel,16.0,Grande,0,0,0,1,1,0,0,0,5,4.0,10.0,80.0,0.0,0,False,False,False,False,False,False,False,True,False,False,False,False,False,False,False,False,False,False,False,False,False,False,False,False,False,30409.31646218306,14590.683537816942
Chromebook Hp 14 Con Google Ai Intel Core I3-n305 8gb Ram 128gb Touchplus Ufs X360 Fhd Meteor Silver 8cg4252dn6 9g3b8ua#aba,7159.0,8.0,128.0,SSD,Core I3,0,,Intel Core i3-N305,8,Alder Lake-N,Intel,14.0,Estandar,0,0,0,0,1,0,0,0,3,3.0,7.0,24.0,0.0,0,False,False,False,False,False,False,False,True,False,False,False,False,False,False,False,False,False,False,False,False,False,False,False,False,False,11922.749157068793,-4763.749157068793
Laptop Hp 15-fc0280la Ryzen 7 16gb Ssd 1tb Fhd Win 11 Dorado Dorado,19999.0,16.0,1024.0,SSD,Ryzen 7,0,,No especificado,No especificado,No especificado,AMD,,Estandar,0,0,0,0,0,0,0,0,5,4.0,10.0,80.0,0.0,0,False,False,False,False,False,False,False,True,False,False,False,False,False,False,False,False,False,False,False,False,False,False,False,False,False,23083.791095077275,-3084.791095077275
HP Pink Stream 14-EP2011 Intel N150 4 GB Ram 128 GB Ufs Incluye Windows 11 Instalado Pantalla 14 Laptop Rosa Con Regalo,8587.0,4.0,128.0,SSD,Intel N150,0,,No especificado,No especificado,No especificado,Intel,11.0,Ultraportatil,0,0,0,0,0,0,0,0,1,2.0,7.0,4.0,0.0,0,False,False,False,False,False,False,False,True,False,False,False,False,False,False,False,False,False,False,False,False,False,False,False,False,False,7495.881336415224,1091.1186635847762
Laptop Hp 14-dq0518la Celeron N4120 Ram 4gb Ssd 128gb W11h Color Plateado,5463.0,4.0,128.0,SSD,Celeron,0,,No especificado,No especificado,No especificado,Intel,14.0,Estandar,0,0,0,0,0,0,0,0,1,2.0,7.0,4.0,0.0,0,False,False,False,False,False,False,False,True,False,False,False,False,False,False,False,False,False,False,False,False,False,False,False,False,False,7495.881336415224,-2032.8813364152238
"Computadora portátil HP Zbook Firefly G7 con pantalla táctil Intel Core i5-10310U, 16 GB de RAM, 256 GB SSD, Windows 11 Pro - Bueno (Reacondicionado)",24948.0,16.0,256.0,SSD,Core I5,0,,Intel Core i5,No especificado,No especificado,Intel,16.0,Grande,1,0,1,0,1,0,0,0,4,4.0,8.0,64.0,0.0,0,False,False,False,False,False,False,False,True,False,False,False,False,False,False,False,False,False,False,False,False,False,False,False,False,False,14909.246796063402,10038.753203936598
Laptop Hp 14-dq6014 Intel N150 128gb 4gb Win11 S Color Honey Lavender,6623.0,128.0,128.0,SSD,Intel N150,0,,No especificado,No especificado,No especificado,Intel,14.0,Estandar,0,0,0,0,0,0,0,0,1,7.0,7.0,128.0,0.0,0,False,False,False,False,False,False,False,True,False,False,False,False,False,False,False,False,False,False,False,False,False,False,False,False,False,6972.807782439977,-349.807782439977
Laptop Hp Probook 650 G5 Core I5-8365u/8gb Ram-256gb Ssd M.2 (Reacondicionado),4929.0,8.0,256.0,SSD,Core I5,0,,Intel Core i5,No especificado,No especificado,Intel,,Estandar,1,0,1,0,0,0,0,0,4,3.0,8.0,32.0,0.0,0,False,False,False,False,False,False,False,True,False,False,False,False,False,False,False,False,False,False,False,False,False,False,False,False,False,6052.241739805315,-1123.2417398053149
Notebook Hp 15-fd0331l Intel Core 3 8gb Ram 512gb M2 Pcie Nvme Windows 11,16000.0,8.0,512.0,SSD,No especificado,0,,Apple M2,8,Apple Silicon (2ª Gen),Apple,,Estandar,0,0,0,0,0,0,0,0,5,3.0,9.0,40.0,0.0,0,False,False,False,False,False,False,False,True,False,False,False,False,False,False,False,False,False,False,False,False,False,False,False,False,False,14265.7377771829,1734.2622228171003
"Hp Pavilion Core I7 8gb Ram 512gb Ssd Pantalla 17,3 Hd+ 1600 Px X 900 Px Intel Iris Xe Incluye Windows 11 Instalado Laptop 17-cn2077 Con Regalo",16512.0,8.0,512.0,SSD,Core I7,0,17.3,Intel Core i7,No especificado,No especificado,Intel,17.3,Grande,0,0,0,0,0,0,0,1,5,3.0,9.0,40.0,8.0,0,False,False,False,False,False,False,False,True,False,False,False,False,False,False,False,False,False,False,False,False,False,False,False,False,False,17487.431582587036,-975.4315825870362
Laptop HP 245 G10 AMD Ryzen 3 8GB RAM 256GB SSD Windows 11 Home,7880.0,8.0,256.0,SSD,Ryzen 3,0,,AMD Ryzen 3,No especificado,No especificado,AMD,,Estandar,0,0,0,0,0,0,0,0,3,3.0,8.0,24.0,0.0,0,False,False,False,False,False,False,False,True,False,False,False,False,False,False,False,False,False,False,False,False,False,False,False,False,False,10454.363186473598,-2574.363186473598
Notebook Hp 17 Intel Core I3 8gb Ram 512gb Ssd,19784.0,8.0,512.0,SSD,Core I3,0,,Intel Core i3,No especificado,No especificado,Intel,17.0,Grande,0,0,0,0,0,0,0,0,3,3.0,9.0,24.0,0.0,0,False,False,False,False,False,False,False,True,False,False,False,False,False,False,False,False,False,False,False,False,False,False,False,False,False,12944.669713710266,6839.330286289734
Hp Omnibook 3 16gb 512gb Snapdragon X W11 Gris,9582.0,16.0,512.0,SSD,No especificado,0,,No especificado,No especificado,No especificado,Otros,,Estandar,0,0,0,1,0,0,0,0,2,4.0,9.0,32.0,0.0,0,False,False,False,False,False,False,False,True,False,False,False,False,False,False,False,False,False,False,False,False,False,False,False,False,False,21014.404054996445,-11432.404054996445
HP Intel N250 4GB DDR5 128GB UFS Screen 15.6 HD Windows 11 Intel Graphics Laptop 15-FD0092 With Gift,12029.0,4.0,128.0,SSD,Intel N250,0,15.6,No especificado,No especificado,No especificado,Intel,15.6,Estandar,0,0,0,0,0,0,0,1,2,2.0,7.0,8.0,4.0,0,False,False,False,False,False,False,False,True,False,False,False,False,False,False,False,False,False,False,False,False,False,False,False,False,False,7897.592203691339,4131.407796308661
Laptop HP 255 G10 AMD Ryzen 3 8GB RAM 512GB SSD Windows 11 Home,9429.0,8.0,512.0,SSD,Ryzen 3,0,,AMD Ryzen 3,No especificado,No especificado,AMD,,Estandar,0,0,0,0,0,0,0,0,3,3.0,9.0,24.0,0.0,0,False,False,False,False,False,False,False,True,False,False,False,False,False,False,False,False,False,False,False,False,False,False,False,False,False,12944.669713710266,-3515.6697137102656
Laptop Hp 15-fd0161la Intel Core I5 8gb Ram 256gb 15.6  Fhd,15499.0,8.0,256.0,SSD,Core I5,0,15.6,Intel Core i5,No especificado,No especificado,Intel,15.6,Estandar,0,0,0,0,0,0,0,0,4,3.0,8.0,32.0,0.0,0,False,False,False,False,False,False,False,True,False,False,False,False,False,False,False,False,False,False,False,False,False,False,False,False,False,13088.007397006842,2410.9926029931576
Hp Premium EliteBook G10 Full HD 1080p Notebook PC AMD Ryzen 5 PRO 7530u 16gb RAM 256gb SSD Windows 11 Pro Backlit Keyboard Laptop for Gaming & Business - Excelente (Reacondicionado),24985.0,16.0,256.0,SSD,Ryzen 5,0,,AMD Ryzen 5,No especificado,No especificado,AMD,,Estandar,1,1,1,0,0,0,0,0,4,4.0,8.0,64.0,0.0,0,False,False,False,False,False,False,False,True,False,False,False,False,False,False,False,False,False,False,False,False,False,False,False,False,False,18168.07873651411,6816.921263485889
"Ultrabook HP OmniBook 16-AG107 con AMD Ryzen 7, 16GB RAM y 512GB SSD",29239.0,16.0,512.0,SSD,Ryzen 7,0,,No especificado,No especificado,No especificado,AMD,16.0,Grande,0,0,0,1,0,0,0,0,5,4.0,9.0,80.0,0.0,0,False,False,False,False,False,False,False,True,False,False,False,False,False,False,False,False,False,False,False,False,False,False,False,False,False,22844.05955035976,6394.9404496402385
Laptop Hp 240r G10 De 14 Pulgadas Intel Core5 16gb Ram 512gb Nvme Win11 Pro B8JV2LT,13599.0,16.0,512.0,SSD,No especificado,0,14.0,No especificado,No especificado,No especificado,Intel,14.0,Estandar,0,0,0,0,0,0,0,0,2,4.0,9.0,32.0,0.0,0,False,False,False,False,False,False,False,True,False,False,False,False,False,False,False,False,False,False,False,False,False,False,False,False,False,15651.602820815204,-2052.602820815204
Hp Gamer Pavilion Core I7 16gb Ram 1tb Ssd Pantalla Fhd 1920 Px X 1080 Px Intel Iris Xe Laptop 15-fd0182 Incluye Windows Instalado Con Regalo,35834.0,16.0,1024.0,SSD,Core I7,0,,Intel Core i7,No especificado,No especificado,Intel,,Estandar,0,1,0,0,0,0,0,1,5,4.0,10.0,80.0,16.0,1,False,False,False,False,False,False,False,True,False,False,False,False,False,False,False,False,False,False,False,False,False,False,False,False,False,30234.709976930448,5599.290023069552
"Laptop HP ProBook 4 G1iR 14"" Windows 11 Pro Intel Core 5 120U 16 GB 512 GB SSD",21999.0,16.0,512.0,SSD,No especificado,0,14.0,No especificado,No especificado,No especificado,Intel,14.0,Estandar,0,0,1,0,0,0,0,0,2,4.0,9.0,32.0,0.0,0,False,False,False,False,False,False,False,True,False,False,False,False,False,False,False,False,False,False,False,False,False,False,False,False,False,20606.419597927354,1392.5804020726464
Lenovo 2-en-1 Ideapad 5 Ips 16 Ryzen 7 8845hs 16gb 1tb Ssd,28999.0,16.0,1024.0,SSD,Ryzen 7,0,,No especificado,No especificado,No especificado,AMD,16.0,Grande,0,0,0,0,0,0,0,0,5,4.0,10.0,80.0,0.0,0,False,False,False,False,False,False,False,False,False,False,False,False,False,False,True,False,False,False,False,False,False,False,False,False,False,24331.93323237788,4667.06676762212
Laptop Hp 14 Intel 4gb 128gb 14'' Ufs W11h N150 + Impresora,9999.0,4.0,128.0,SSD,No especificado,0,,No especificado,No especificado,No especificado,Intel,14.0,Estandar,0,0,0,0,0,0,0,0,1,2.0,7.0,4.0,0.0,0,False,False,False,False,False,False,False,True,False,False,False,False,False,False,False,False,False,False,False,False,False,False,False,False,False,7495.881336415224,2503.118663584776
HP Pink Athlon Silver 7120u 4GB RAM 256GB SSD Pantalla 14 HD AMD Radeon Graphics Windows 11 Instalado Laptop Rosa,11234.0,4.0,256.0,SSD,Athlon,0,,No especificado,No especificado,No especificado,AMD,11.0,Ultraportatil,0,0,0,0,0,0,0,1,1,2.0,8.0,4.0,4.0,0,False,False,False,False,False,False,False,True,False,False,False,False,False,False,False,False,False,False,False,False,False,False,False,False,False,10032.8924006316,1201.1075993684008
"Notebook HP 255 G10 para Productividad con Ryzen 3, 32 GB RAM y 512 GB SSD",13699.0,32.0,512.0,SSD,Ryzen 3,0,,AMD Ryzen 3,No especificado,No especificado,AMD,,Estandar,0,0,0,0,0,0,0,0,3,5.0,9.0,96.0,0.0,0,False,False,False,False,False,False,False,True,False,False,False,False,False,False,False,False,False,False,False,False,False,False,False,False,False,17201.7953810045,-3502.7953810045
Laptop Hp Probook 440 G10 Core I5 16gb Ram 512gb Plateado Plateado,16719.0,16.0,512.0,SSD,Core I5,0,,Intel Core i5,No especificado,No especificado,Intel,,Estandar,0,0,1,0,0,0,0,0,4,4.0,9.0,64.0,0.0,0,False,False,False,False,False,False,False,True,False,False,False,False,False,False,False,False,False,False,False,False,False,False,False,False,False,24227.79222711143,-7508.792227111429
"Hp Intel N200 4gb Ram 128gb Ufs Intel Uhd Pantalla 15,6 Laptop Fd0088 Granate Brillante Con Regalo Glimmer Garnet",9999.0,4.0,128.0,SSD,Intel N200,0,15.6,Intel Processor N200,4,Alder Lake-N,Intel,15.6,Estandar,0,0,0,0,0,0,0,1,1,2.0,7.0,4.0,4.0,0,False,False,False,False,False,False,False,True,False,False,False,False,False,False,False,False,False,False,False,False,False,False,False,False,False,8145.936950365377,1853.063049634623
"HP Chromebook 14 Intel Celeron N4500, 4 GB de RAM, 64 GB, Emmc 14, gris moderno.",6623.0,4.0,64.0,SSD,Celeron,0,,No especificado,No especificado,No especificado,Intel,14.0,Estandar,0,0,0,0,0,0,0,0,1,2.0,6.0,4.0,0.0,0,False,False,False,False,False,False,False,True,False,False,False,False,False,False,False,False,False,False,False,False,False,False,False,False,False,6761.548569844263,-138.5485698442626
Hp 17.3 Ryzen 5 8gb 512gb Ssd,8517.0,8.0,512.0,SSD,Ryzen 5,0,17.3,AMD Ryzen 5,No especificado,No especificado,AMD,17.3,Grande,0,0,0,0,0,0,0,0,4,3.0,9.0,32.0,0.0,0,False,False,False,False,False,False,False,True,False,False,False,False,False,False,False,False,False,False,False,False,False,False,False,False,False,13053.852103794592,-4536.852103794592
Hp Gamer Core Ultra 7 1tb Ssd 16gb Ram Pantalla Táctil Wuxga 1920 Px X 1200 Px Intel Graphics Incluye Windows Instalado Laptop Omnibook 16-Af1017 Con Regalo,25797.0,16.0,1024.0,SSD,No especificado,0,,No especificado,No especificado,No especificado,Intel,16.0,Grande,0,1,0,1,1,0,0,1,5,4.0,10.0,80.0,16.0,1,False,False,False,False,False,False,False,True,False,False,False,False,False,False,False,False,False,False,False,False,False,False,False,False,False,29582.846307466873,-3785.8463074668725
"Laptop HP 255 G10 con AMD Ryzen 3, 32GB RAM y 1TB SSD, Pantalla de 15.6"" Full HD y Windows 11",19799.0,32.0,1024.0,SSD,Ryzen 3,0,15.6,AMD Ryzen 3,No especificado,No especificado,AMD,15.6,Estandar,0,0,0,0,0,0,0,0,3,5.0,10.0,96.0,0.0,0,False,False,False,False,False,False,False,True,False,False,False,False,False,False,False,False,False,False,False,False,False,False,False,False,False,19819.446992255394,-20.446992255394434
Laptop Hp Core I5 10ma Gen 16gb Ram 240gb Ssd Camara (Reacondicionado),6400.0,16.0,240.0,SSD,Core I5,0,,Intel Core i5,No especificado,No especificado,Intel,,Estandar,1,0,0,0,0,0,0,0,4,4.0,7.906890595608519,64.0,0.0,0,False,False,False,False,False,False,False,True,False,False,False,False,False,False,False,False,False,False,False,False,False,False,False,False,False,6189.185736758626,210.81426324137374
Laptop Hp 14 Intel 4gb 128gb 14'' Ufs W11h N150,8999.0,4.0,128.0,SSD,No especificado,0,,No especificado,No especificado,No especificado,Intel,14.0,Estandar,0,0,0,0,0,0,0,0,1,2.0,7.0,4.0,0.0,0,False,False,False,False,False,False,False,True,False,False,False,False,False,False,False,False,False,False,False,False,False,False,False,False,False,7495.881336415224,1503.1186635847762
"Notebook Gamer HP Victus con AMD Ryzen 7 7445HS, 16 GB de RAM y 1 TB SSD",24999.0,16.0,1024.0,SSD,Ryzen 7,0,,No especificado,No especificado,No especificado,AMD,16.0,Grande,0,1,0,0,0,0,0,0,5,4.0,10.0,80.0,0.0,0,False,False,False,False,False,False,False,True,False,False,False,False,False,False,False,False,False,False,False,False,False,False,False,False,False,30410.690998015478,-5411.690998015478
Hp 15-fc0080la Ryzen 7 16gb Ram 512gb Ssd + Microsoft 365 Color Plateado,19999.0,16.0,512.0,SSD,Ryzen 7,0,,No especificado,No especificado,No especificado,AMD,,Estandar,0,0,0,0,0,0,0,0,5,4.0,9.0,80.0,0.0,0,False,False,False,False,False,False,False,True,False,False,False,False,False,False,False,False,False,False,False,False,False,False,False,False,False,19185.422668678584,813.5773313214158
Hp Zbook Firefly 14 G11 Ryzen 7 Pro 32gb 1tb Ssd Win 11 Pro (Reacondicionado),16400.0,32.0,1024.0,SSD,Ryzen 7,0,,No especificado,No especificado,No especificado,AMD,14.0,Estandar,1,0,1,0,0,0,0,0,5,5.0,10.0,160.0,0.0,0,False,False,False,False,False,False,False,True,False,False,False,False,False,False,False,False,False,False,False,False,False,False,False,False,False,15728.154313145189,671.845686854811
Laptop Hp 245 G10 Ryzen 5 16gb Ram 512gb Ssd Windows 11,10999.0,16.0,512.0,SSD,Ryzen 5,0,,AMD Ryzen 5,No especificado,No especificado,AMD,,Estandar,0,0,0,0,0,0,0,0,4,4.0,9.0,64.0,0.0,0,False,False,False,False,False,False,False,True,False,False,False,False,False,False,False,False,False,False,False,False,False,False,False,False,False,17364.92034604292,-6365.92034604292
HP Gamer 17 Core 5 120U 16GB Ram 1TB Ssd Pantalla Tactil Hd+ 1600 X 900 Intel Graphics Incluye Windows Instalado Laptop CN4153 Con Regalo,20037.0,16.0,1024.0,SSD,No especificado,0,,No especificado,No especificado,No especificado,Intel,,Estandar,0,1,0,0,1,0,0,1,2,4.0,10.0,32.0,16.0,1,False,False,False,False,False,False,False,True,False,False,False,False,False,False,False,False,False,False,False,False,False,False,False,False,False,25280.844545801403,-5243.844545801403
Notebook Hp 14-dq6015dx 14 Hd 128gb /4gb Ram Intel N150 W11 - Pale Rose Gold (Nuevo con caja abierta),4466.0,128.0,128.0,SSD,Intel N150,0,,No especificado,No especificado,No especificado,Intel,14.0,Estandar,1,0,0,0,0,0,0,0,1,7.0,7.0,128.0,0.0,0,False,False,False,False,False,False,False,True,False,False,False,False,False,False,False,False,False,False,False,False,False,False,False,False,False,5277.990577609911,-811.9905776099113
Laptop Hp 15.6 Core I5 13th 8gb Ram Ddr4 256gb Ssd,11999.0,8.0,256.0,SSD,Core I5,0,15.6,Intel Core i5,No especificado,No especificado,Intel,15.6,Estandar,0,0,0,0,0,0,0,0,4,3.0,8.0,32.0,0.0,0,False,False,False,False,False,False,False,True,False,False,False,False,False,False,False,False,False,False,False,False,False,False,False,False,False,13088.007397006842,-1089.0073970068424
Laptop HP OmniBook 3 17.3” Full HD AMD Ryzen 5 8GB RAM 512GB SSD WiFi Bluetooth Windows 11,10737.0,8.0,512.0,SSD,Ryzen 5,0,17.3,AMD Ryzen 5,No especificado,No especificado,AMD,17.3,Grande,0,0,0,1,0,0,0,0,4,3.0,9.0,32.0,0.0,0,False,False,False,False,False,False,False,True,False,False,False,False,False,False,False,False,False,False,False,False,False,False,False,False,False,13637.202041172915,-2900.2020411729154
Hp 2 en 1 Core Ultra 7 16gb Ram 512gb Ssd Pantalla Táctil Wuxga 1920 Px X 1200 Px Tarjeta Grafica Dedicada Intel Arc 8gb Incluye Windows Instalado Laptop Gamer 16-au0070 Con Regalo,25797.0,16.0,512.0,SSD,No especificado,0,,No especificado,No especificado,No especificado,Intel,16.0,Grande,0,1,0,0,1,0,0,0,5,4.0,9.0,80.0,0.0,0,False,False,False,False,False,False,False,True,False,False,False,False,False,False,False,False,False,False,False,False,False,False,False,False,False,27770.268806637483,-1973.268806637483
Laptop Hp 255 G10 15.6  Fhd Amd Ryzen 3 8gb 512gb Ssd,8999.0,8.0,512.0,SSD,Ryzen 3,0,15.6,AMD Ryzen 3,No especificado,No especificado,AMD,15.6,Estandar,0,0,0,0,0,0,0,0,3,3.0,9.0,24.0,0.0,0,False,False,False,False,False,False,False,True,False,False,False,False,False,False,False,False,False,False,False,False,False,False,False,False,False,12944.669713710266,-3945.6697137102656
Hp Zbook 15 G3 I7 6th 16ram 480ssd 15 Grafica M1000 2gb (Reacondicionado),8500.0,2.0,480.0,SSD,No especificado,0,,Apple M1,8,Apple Silicon (1ª Gen),Apple,,Estandar,1,0,1,0,0,0,0,0,5,1.0,8.906890595608518,10.0,0.0,0,False,False,False,False,False,False,False,True,False,False,False,False,False,False,False,False,False,False,False,False,False,False,False,False,False,6055.3860661882,2444.6139338118
"Laptop Hp I7-1355u Con Pantalla Táctil De 15,6 Pulgadas 16 GB 512 GB SSD",24999.0,16.0,512.0,SSD,No especificado,0,15.6,Intel Core i7-1355U,10,13ª Gen (Raptor Lake),Intel,15.6,Estandar,0,0,0,0,1,0,0,0,5,4.0,9.0,80.0,0.0,0,False,False,False,False,False,False,False,True,False,False,False,False,False,False,False,False,False,False,False,False,False,False,False,False,False,19033.090776113222,5965.909223886778
Laptop Hp Elitebook 850 G8 Core I7 11th 8gb 256gb Rapidisima (Reacondicionado),6199.0,8.0,256.0,SSD,Core I7,0,,Intel Core i7,No especificado,No especificado,Intel,,Estandar,1,0,1,0,0,0,0,0,5,3.0,8.0,40.0,0.0,0,False,False,False,False,False,False,False,True,False,False,False,False,False,False,False,False,False,False,False,False,False,False,False,False,False,6320.33202362069,-121.33202362069005
Laptop Hp 440 G8 Intel Corei5 11th 8gb 256gb Ssd 11va (Reacondicionado),5399.0,8.0,256.0,SSD,Corei5,0,,Intel Core i5,No especificado,No especificado,Intel,,Estandar,1,0,0,0,0,0,0,0,4,3.0,8.0,32.0,0.0,0,False,False,False,False,False,False,False,True,False,False,False,False,False,False,False,False,False,False,False,False,False,False,False,False,False,6062.794747837063,-663.7947478370634
"Laptop Hp 240 G10, Intel Core U5, 8gb Ram, 512gb Ssd, Win 11",15999.0,8.0,512.0,SSD,No especificado,0,,No especificado,No especificado,No especificado,Intel,,Estandar,0,0,0,0,0,0,0,0,2,3.0,9.0,16.0,0.0,0,False,False,False,False,False,False,False,True,False,False,False,False,False,False,False,False,False,False,False,False,False,False,False,False,False,12333.815203088721,3665.1847969112787
"Laptop HP EliteBook 840 G5 Intel Core i5 8ª Generación 14"" Full HD 8GB RAM 256GB SSD Windows 11 Pro Empresarial Reacondicionada - Excelente (Reacondicionado)",4735.0,8.0,256.0,SSD,Core I5,0,14.0,Intel Core i5,No especificado,No especificado,Intel,14.0,Estandar,1,0,1,0,0,0,0,0,4,3.0,8.0,32.0,0.0,0,False,False,False,False,False,False,False,True,False,False,False,False,False,False,False,False,False,False,False,False,False,False,False,False,False,6052.241739805315,-1317.2417398053149
Laptop Gamer Hp Victus Nvidia Geforce Rtx 3050 Intel Core I5 8gb Ram 512gb Ssd Windows 11 Home,25999.0,8.0,512.0,SSD,Core I5,1,,Intel Core i5,No especificado,No especificado,Intel,,Estandar,0,1,0,0,0,0,0,2,4,3.0,9.0,32.0,16.0,2,False,False,False,False,False,False,False,True,False,False,False,False,False,False,False,False,False,False,False,False,False,False,False,False,False,20345.209119395793,5653.790880604207
"Computadora portátil HP Zbook Firefly G7 con pantalla táctil Intel Core i5-10310U, 16 GB de RAM, 256 GB SSD, Windows 11 Pro - Excelente (Reacondicionado)",24948.0,16.0,256.0,SSD,Core I5,0,,Intel Core i5,No especificado,No especificado,Intel,16.0,Grande,1,0,1,0,1,0,0,0,4,4.0,8.0,64.0,0.0,0,False,False,False,False,False,False,False,True,False,False,False,False,False,False,False,False,False,False,False,False,False,False,False,False,False,14909.246796063402,10038.753203936598
Ordenador Portátil Hp 17.3 Core I5 120u 16 Gb Ram 256 Gb Ssd,19645.0,16.0,256.0,SSD,Core I5,0,17.3,Intel Core i5,No especificado,No especificado,Intel,17.3,Grande,0,0,0,0,0,0,0,0,4,4.0,8.0,64.0,0.0,0,False,False,False,False,False,False,False,True,False,False,False,False,False,False,False,False,False,False,False,False,False,False,False,False,False,15155.325498866327,4489.674501133673
Hp Probook 445 Ryzen 5 Laptop Versatil--16gb 256gb Ssd Win11 (Reacondicionado),6560.0,16.0,256.0,SSD,Ryzen 5,0,,AMD Ryzen 5,No especificado,No especificado,AMD,,Estandar,1,0,1,0,0,0,0,0,4,4.0,8.0,64.0,0.0,0,False,False,False,False,False,False,False,True,False,False,False,False,False,False,False,False,False,False,False,False,False,False,False,False,False,6671.75293620626,-111.75293620625962
Laptop Hp 240 G10 14 | Intel Core Ultra 5 16gb Ram Ssd 512gb,12799.0,16.0,512.0,SSD,No especificado,0,,No especificado,No especificado,No especificado,Intel,14.0,Estandar,0,0,0,0,0,0,0,0,4,4.0,9.0,64.0,0.0,0,False,False,False,False,False,False,False,True,False,False,False,False,False,False,False,False,False,False,False,False,False,False,False,False,False,17364.92034604292,-4565.92034604292
Laptop Hp 14 Dq6210la Intel N150 8 Gb Ssd 128 Gb 14  11 Home,5699.0,8.0,128.0,SSD,Intel N150,0,,No especificado,No especificado,No especificado,Intel,14.0,Estandar,0,0,0,0,0,0,0,0,1,3.0,7.0,8.0,0.0,0,False,False,False,False,False,False,False,True,False,False,False,False,False,False,False,False,False,False,False,False,False,False,False,False,False,8705.603752867748,-3006.603752867748
HP Pavilion AMD Ryzen 7 8840U 8GB 512GB SSD Pantalla 16 WUXGA 1920 x 1200 Windows Instalado Laptop 16-AG0070 Con Regalo,15471.0,8.0,512.0,SSD,Ryzen 7,0,,No especificado,No especificado,No especificado,AMD,16.0,Grande,0,0,0,0,0,0,0,0,5,3.0,9.0,40.0,0.0,0,False,False,False,False,False,False,False,True,False,False,False,False,False,False,False,False,False,False,False,False,False,False,False,False,False,14265.7377771829,1205.2622228171003
Laptop Hp 245 G10 Bt3e5at 14  Ryzen 5 7520u 8gb 512gb Ssd,8835.0,8.0,512.0,SSD,Ryzen 5,0,,AMD Ryzen 5 7520U,4,Serie 7000 (Zen 2),AMD,14.0,Estandar,0,0,0,0,0,0,0,0,4,3.0,9.0,32.0,0.0,0,False,False,False,False,False,False,False,True,False,False,False,False,False,False,False,False,False,False,False,False,False,False,False,False,False,13053.852103794592,-4218.852103794592
Hp Pavilion Core I3 N305 8gb Ram 256gb Ssd Pantalla 15.6 Fhd 1920 Px X 1080 Px Intel Uhd Graphics Incluye Windows Instalado Laptop Fd0133 Más Regalo,8759.0,8.0,256.0,SSD,Core I3,0,15.6,Intel Core i3-N305,8,Alder Lake-N,Intel,15.6,Estandar,0,0,0,0,0,0,0,1,3,3.0,8.0,24.0,8.0,0,False,False,False,False,False,False,False,True,False,False,False,False,False,False,False,False,False,False,False,False,False,False,False,False,False,10509.592651470633,-1750.5926514706334
Hp Elitebook 645 G9 Ryzen 5 16gb Ram 256gb Ssd 14 Fhd Win11 (Reacondicionado),9742.0,16.0,256.0,SSD,Ryzen 5,0,,AMD Ryzen 5,No especificado,No especificado,AMD,14.0,Estandar,1,0,1,0,0,0,0,0,4,4.0,8.0,64.0,0.0,0,False,False,False,False,False,False,False,True,False,False,False,False,False,False,False,False,False,False,False,False,False,False,False,False,False,6671.75293620626,3070.2470637937404
"Notebook Gamer HP Victus con AMD Ryzen 7 7445HS, 16 GB de RAM y SSD de 512 GB",22499.0,16.0,512.0,SSD,Ryzen 7,0,,No especificado,No especificado,No especificado,AMD,16.0,Grande,0,1,0,0,0,0,0,0,5,4.0,9.0,80.0,0.0,0,False,False,False,False,False,False,False,True,False,False,False,False,False,False,False,False,False,False,False,False,False,False,False,False,False,28339.684160016925,-5840.684160016925
Laptop Hp Elitebook 830 G8 Intel I5 1145g7 16gb 256 Ssd Win (Reacondicionado),6289.0,16.0,256.0,SSD,No especificado,0,,No especificado,No especificado,No especificado,Intel,,Estandar,1,0,1,0,0,0,0,0,4,4.0,8.0,64.0,0.0,0,False,False,False,False,False,False,False,True,False,False,False,False,False,False,False,False,False,False,False,False,False,False,False,False,False,6671.75293620626,-382.7529362062596
Hp Omnibook 3 16gb 512gb Snapdragon X W11,10700.0,16.0,512.0,SSD,No especificado,0,,No especificado,No especificado,No especificado,Otros,,Estandar,0,0,0,1,0,0,0,0,2,4.0,9.0,32.0,0.0,0,False,False,False,False,False,False,False,True,False,False,False,False,False,False,False,False,False,False,False,False,False,False,False,False,False,21014.404054996445,-10314.404054996445
Laptop Hp Elitebook 660 G11 Intel Ultra 7-155u 16gb Ram 1tb,48595.0,16.0,1024.0,SSD,No especificado,0,,No especificado,No especificado,No especificado,Intel,11.0,Ultraportatil,0,0,1,0,0,0,0,0,5,4.0,10.0,80.0,0.0,0,False,False,False,False,False,False,False,True,False,False,False,False,False,False,False,False,False,False,False,False,False,False,False,False,False,23655.197516350636,24939.802483649364
"Notebook HP EliteBook 745 G6 con AMD Ryzen 5 PRO, 8GB de RAM y SSD de 256GB - Excelente (Reacondicionado)",5100.0,8.0,256.0,SSD,Ryzen 5,0,,AMD Ryzen 5,No especificado,No especificado,AMD,,Estandar,1,0,1,0,0,0,0,0,4,3.0,8.0,32.0,0.0,0,False,False,False,False,False,False,False,True,False,False,False,False,False,False,False,False,False,False,False,False,False,False,False,False,False,6052.241739805315,-952.2417398053149
"Notebook HP ZBook ZBook 8 G1i BN4E2LT Plateado 14"" disco SSD 1 TB Intel 255H NVIDIA RTX™ 500 Ada GDDR6 32GB de Ram (Nuevo con caja abierta)",28999.0,32.0,1024.0,SSD,No especificado,1,14.0,No especificado,No especificado,No especificado,Intel,14.0,Estandar,1,1,1,0,0,0,0,0,2,5.0,10.0,64.0,0.0,0,False,False,False,False,False,False,False,True,False,False,False,False,False,False,False,False,False,False,False,False,False,False,False,False,False,28665.654514610404,333.34548538959643
Laptop Hp 14  Hd Led Amd Athlon 7120u 4gb Ram 128gb +regalos,4999.0,4.0,128.0,SSD,Athlon,0,,No especificado,No especificado,No especificado,AMD,14.0,Estandar,0,0,0,0,0,0,0,0,1,2.0,7.0,4.0,0.0,0,False,False,False,False,False,False,False,True,False,False,False,False,False,False,False,False,False,False,False,False,False,False,False,False,False,7495.881336415224,-2496.881336415224
Hp Probook 4g1ah Ryzen 5 24gb Ram 512gb Ssd 16 Win11pro Plateado,23429.0,24.0,512.0,SSD,Ryzen 5,0,,AMD Ryzen 5,No especificado,No especificado,AMD,16.0,Grande,0,0,1,0,0,0,0,0,4,4.584962500721156,9.0,96.0,0.0,0,False,False,False,False,False,False,False,True,False,False,False,False,False,False,False,False,False,False,False,False,False,False,False,False,False,18971.26193872696,4457.738061273041
"Laptop HP OmniBook X 14-fe1001la Snapdragon X Plus 16GB RAM 1TB SSD 14"" Pantalla Touch 2.2K",33319.0,16.0,1024.0,SSD,No especificado,0,14.0,No especificado,No especificado,No especificado,Otros,14.0,Estandar,0,0,0,1,1,0,0,0,2,4.0,10.0,32.0,0.0,0,False,False,False,False,False,False,False,True,False,False,False,False,False,False,False,False,False,False,False,False,False,False,False,False,False,24928.71899298748,8390.28100701252
Laptor Hp Victus 15 Intel Core I5 8gb 512 Ssd Geforce Rtx,17999.0,8.0,512.0,SSD,Core I5,1,,Intel Core i5,No especificado,No especificado,Intel,15.0,Estandar,0,1,0,0,0,0,0,0,4,3.0,9.0,32.0,0.0,0,False,False,False,False,False,False,False,True,False,False,False,False,False,False,False,False,False,False,False,False,False,False,False,False,False,15527.051462292788,2471.9485377072124
Laptop Hp Probook 440 G7 Core I5 10th Gen 16gb Ram/256gb Ssd (Reacondicionado),6499.0,16.0,256.0,SSD,Core I5,0,,Intel Core i5,No especificado,No especificado,Intel,,Estandar,1,0,1,0,0,0,0,0,4,4.0,8.0,64.0,0.0,0,False,False,False,False,False,False,False,True,False,False,False,False,False,False,False,False,False,False,False,False,False,False,False,False,False,6671.75293620626,-172.75293620625962
Laptop Hp Elitebook 840 G7 Core I5 10th 8gb Ram 256gb Ssd (Reacondicionado),5290.0,8.0,256.0,SSD,Core I5,0,,Intel Core i5,No especificado,No especificado,Intel,,Estandar,1,0,1,0,0,0,0,0,4,3.0,8.0,32.0,0.0,0,False,False,False,False,False,False,False,True,False,False,False,False,False,False,False,False,False,False,False,False,False,False,False,False,False,6052.241739805315,-762.2417398053149
"HP Laptop 17z-cp300 17.3"" HD+ AMD Ryzen 5 7430U 8GB RAM 256GB SSD Windows 11 Inicio Jet Negro",11135.0,8.0,256.0,SSD,Ryzen 5,0,17.3,AMD Ryzen 5,No especificado,No especificado,AMD,17.3,Grande,0,0,0,0,0,0,0,0,4,3.0,8.0,32.0,0.0,0,False,False,False,False,False,False,False,True,False,False,False,False,False,False,False,False,False,False,False,False,False,False,False,False,False,13088.007397006842,-1953.0073970068424
Laptop Hp Probook 640 G4 8gb Ram M2 512gb Intel I5 Portatil (Reacondicionado),4352.0,8.0,512.0,SSD,No especificado,0,,Apple M2,8,Apple Silicon (2ª Gen),Apple,,Estandar,1,0,1,0,0,0,0,0,5,3.0,9.0,40.0,0.0,0,False,False,False,False,False,False,False,True,False,False,False,False,False,False,False,False,False,False,False,False,False,False,False,False,False,6364.70659199134,-2012.7065919913402
Hp Omnibook Ryzen Ai 5 16gb 512gb Ssd Pantalla 16 WUXGA 1920 x 1200 Amd Radeon Incluye Windows 11 Instalado Laptop Gamer 16-ag1065 Con Regalo,35834.0,16.0,512.0,SSD,No especificado,0,,No especificado,No especificado,No especificado,AMD,11.0,Ultraportatil,0,1,0,1,0,0,0,1,4,4.0,9.0,64.0,16.0,1,False,False,False,False,False,False,False,True,False,False,False,False,False,False,False,False,False,False,False,False,False,False,False,False,False,27461.296028256467,8372.703971743533
Laptop Hp Elitebook 845 G10 Ryzen 5 Pro 7540u 16gb Ram 512gb - Plata - Excelente (Reacondicionado),22899.0,16.0,512.0,SSD,Ryzen 5,0,,AMD Ryzen 5,No especificado,No especificado,AMD,,Estandar,1,0,1,0,0,0,0,0,4,4.0,9.0,64.0,0.0,0,False,False,False,False,False,False,False,True,False,False,False,False,False,False,False,False,False,False,False,False,False,False,False,False,False,11837.666930250034,11061.333069749966
Laptop Hp 245 G10 Ryzen 5 7520u 8gb 512gb + Ventilador,8899.0,8.0,512.0,SSD,Ryzen 5,0,,AMD Ryzen 5 7520U,4,Serie 7000 (Zen 2),AMD,,Estandar,0,0,0,0,0,0,0,0,4,3.0,9.0,32.0,0.0,0,False,False,False,False,False,False,False,True,False,False,False,False,False,False,False,False,False,False,False,False,False,False,False,False,False,13053.852103794592,-4154.852103794592
"Laptop HP 14-DQ3000DX - 14"" HD Intel Celeron N4500 4GB 64GB eMMC",5156.0,4.0,64.0,SSD,Celeron,0,14.0,No especificado,No especificado,No especificado,Intel,14.0,Estandar,0,0,0,0,0,0,0,0,1,2.0,6.0,4.0,0.0,0,False,False,False,False,False,False,False,True,False,False,False,False,False,False,False,False,False,False,False,False,False,False,False,False,False,6761.548569844263,-1605.5485698442626
Hp Elitebook 745 G6 Ryzen 5 16gb 256gb Ssd Touch Grado B (Reacondicionado),6804.0,16.0,256.0,SSD,Ryzen 5,0,,AMD Ryzen 5,No especificado,No especificado,AMD,,Estandar,1,0,1,0,1,0,0,0,4,4.0,8.0,64.0,0.0,0,False,False,False,False,False,False,False,True,False,False,False,False,False,False,False,False,False,False,False,False,False,False,False,False,False,14909.246796063402,-8105.246796063402
Laptop Hp Elitebook 830 G8 Intel I5 1145g7 16gb 512 Ssd Win (Reacondicionado),6989.0,16.0,512.0,SSD,No especificado,0,,No especificado,No especificado,No especificado,Intel,,Estandar,1,0,1,0,0,0,0,0,4,4.0,9.0,64.0,0.0,0,False,False,False,False,False,False,False,True,False,False,False,False,False,False,False,False,False,False,False,False,False,False,False,False,False,11837.666930250034,-4848.666930250034
Hp 15-fc0265la Laptop 15.6  Fhd Ryzen 5 8gb 512gb+office 365,15999.0,8.0,512.0,SSD,Ryzen 5,0,15.6,AMD Ryzen 5,No especificado,No especificado,AMD,15.6,Estandar,0,0,0,0,0,0,0,0,4,3.0,9.0,32.0,0.0,0,False,False,False,False,False,False,False,True,False,False,False,False,False,False,False,False,False,False,False,False,False,False,False,False,False,13053.852103794592,2945.147896205408
Hp Probook 650 G5 Intel I5 8va 8 Gb Ram 250gb Ssd (Reacondicionado),3850.0,8.0,250.0,SSD,No especificado,0,,No especificado,No especificado,No especificado,Intel,,Estandar,1,0,1,0,0,0,0,0,4,3.0,7.965784284662087,32.0,0.0,0,False,False,False,False,False,False,False,True,False,False,False,False,False,False,False,False,False,False,False,False,False,False,False,False,False,5182.9992809698315,-1332.9992809698315
Hp Zbook 15 G3 Core I7 6th Gen 32gb Ram 480gb Ssd 2gb Video (Reacondicionado),8637.0,32.0,480.0,SSD,Core I7,0,,Intel Core i7,No especificado,No especificado,Intel,,Estandar,1,0,1,0,0,0,0,0,5,5.0,8.906890595608518,160.0,0.0,0,False,False,False,False,False,False,False,True,False,False,False,False,False,False,False,False,False,False,False,False,False,False,False,False,False,8797.003128192939,-160.00312819293868
"Laptop Hp Probook 4 Ai G1i,intel Core Ultra 5,16gb,512gb,16",28429.0,16.0,512.0,SSD,No especificado,0,,No especificado,No especificado,No especificado,Intel,16.0,Grande,0,0,1,0,0,0,0,0,4,4.0,9.0,64.0,0.0,0,False,False,False,False,False,False,False,True,False,False,False,False,False,False,False,False,False,False,False,False,False,False,False,False,False,24227.79222711143,4201.207772888571
"Laptop Hp Intel Core I5-10210u 16gb Ram, Ssd 480gb (Reacondicionado)",6200.0,16.0,480.0,SSD,Core I5,0,,Intel Core i5,No especificado,No especificado,Intel,,Estandar,1,0,0,0,0,0,0,0,4,4.0,8.906890595608518,64.0,0.0,0,False,False,False,False,False,False,False,True,False,False,False,False,False,False,False,False,False,False,False,False,False,False,False,False,False,6432.430804860326,-232.43080486032613
Laptop Hp 15-fd0151la Core I5 8gb Ram 512gb M.2 Win11 Color Plateado,18638.0,8.0,512.0,SSD,Core I5,0,,Intel Core i5,No especificado,No especificado,Intel,,Estandar,0,0,0,0,0,0,0,0,4,3.0,9.0,32.0,0.0,0,False,False,False,False,False,False,False,True,False,False,False,False,False,False,False,False,False,False,False,False,False,False,False,False,False,13053.852103794592,5584.147896205408
HP Gamer Ryzen 7 7730U 16GB RAM 512GB SSD Pantalla 14 FHD 1920 x 1080 Windows 11 AMD Radeon Graphics Laptop 14-em0033 Con Regalo,15471.0,16.0,512.0,SSD,Ryzen 7,0,,AMD Ryzen 7 7730U,8,Serie 7000 (Zen 3),AMD,14.0,Estandar,0,1,0,0,0,0,0,1,5,4.0,9.0,80.0,16.0,1,False,False,False,False,False,False,False,True,False,False,False,False,False,False,False,False,False,False,False,False,False,False,False,False,False,25547.241561264836,-10076.241561264836
Laptop HP 14 14-dq6105dx Intel N150 4 GB RAM 128 GB UFS pantalla 14 HD antirreflejo Windows 11 Home color Oro rosa pálido,4558.0,4.0,128.0,SSD,Intel N150,0,,No especificado,No especificado,No especificado,Intel,14.0,Estandar,0,0,0,0,0,0,0,0,1,2.0,7.0,4.0,0.0,0,False,False,False,False,False,False,False,True,False,False,False,False,False,False,False,False,False,False,False,False,False,False,False,False,False,7495.881336415224,-2937.881336415224
Notebook Hp 245 G10 Amd Ryzen3 8gb Ram 256gb Ssd Window 1... Gris Oscuro,12600.0,8.0,256.0,SSD,Ryzen3,0,,AMD Ryzen 3,No especificado,No especificado,AMD,,Estandar,0,0,0,0,0,0,0,0,2,3.0,8.0,16.0,0.0,0,False,False,False,False,False,False,False,True,False,False,False,False,False,False,False,False,False,False,False,False,False,False,False,False,False,10414.948819963322,2185.0511800366785
Hp Probook 445 G10 Ryzen 7 7730u Pro 16gb 512 Gb Ssd Win 11 (Reacondicionado),9989.0,16.0,512.0,SSD,Ryzen 7,0,,AMD Ryzen 7 7730U,8,Serie 7000 (Zen 3),AMD,,Estandar,1,0,1,0,0,0,0,0,5,4.0,9.0,80.0,0.0,0,False,False,False,False,False,False,False,True,False,False,False,False,False,False,False,False,False,False,False,False,False,False,False,False,False,14130.737994135246,-4141.7379941352465
Hp Gamer Ryzen Ai 7 16GB RAM 1TB SSD Pantalla Táctil 16 Wuxga 1920 Px X 1200 Px Amd Radeon Incluye Windows Instalado Laptop 16-ag1775cl Más Regalo - Excelente (Reacondicionado),24007.0,16.0,1024.0,SSD,No especificado,0,,No especificado,No especificado,No especificado,AMD,16.0,Grande,1,1,0,0,1,0,0,1,5,4.0,10.0,80.0,16.0,1,False,False,False,False,False,False,False,True,False,False,False,False,False,False,False,False,False,False,False,False,False,False,False,False,False,25017.58122757034,-1010.5812275703393
"Laptop 2 en 1 HP OmniBook X Flip de 14"" Touch 2K, con Intel Core Ultra 5, 16GB RAM y SSD de 512GB",22999.0,16.0,512.0,SSD,No especificado,0,14.0,No especificado,No especificado,No especificado,Intel,14.0,Estandar,0,0,0,1,1,0,0,0,4,4.0,9.0,64.0,0.0,0,False,False,False,False,False,False,False,True,False,False,False,False,False,False,False,False,False,False,False,False,False,False,False,False,False,24507.61134068307,-1508.61134068307
Hp Laptop 15-fd0046la intel Core I7 8gb Ram 512gb Ssd fhd Plateado Natural,15499.0,8.0,512.0,SSD,Core I7,0,,Intel Core i7,No especificado,No especificado,Intel,,Estandar,0,0,0,0,0,0,0,0,5,3.0,9.0,40.0,0.0,0,False,False,False,False,False,False,False,True,False,False,False,False,False,False,False,False,False,False,False,False,False,False,False,False,False,14265.7377771829,1233.2622228171003
Hp Elitebook 840 G7 Intel Core I5 10510u 16gb Ram 256gb Ssd (Reacondicionado),6999.0,16.0,256.0,SSD,Core I5,0,,Intel Core i5,No especificado,No especificado,Intel,,Estandar,1,0,1,0,0,0,0,0,4,4.0,8.0,64.0,0.0,0,False,False,False,False,False,False,False,True,False,False,False,False,False,False,False,False,False,False,False,False,False,False,False,False,False,6671.75293620626,327.2470637937404
Notebook Hp Probook 640 G8 I5 2.6ghz 11ª Gen 16gb 256ssd 14 Color Plateado - Excelente (Reacondicionado),6248.0,16.0,256.0,SSD,No especificado,0,,No especificado,No especificado,No especificado,Intel,14.0,Estandar,1,0,1,0,0,0,0,0,4,4.0,8.0,64.0,0.0,0,False,False,False,False,False,False,False,True,False,False,False,False,False,False,False,False,False,False,False,False,False,False,False,False,False,6671.75293620626,-423.7529362062596
Laptop Hp Core I5 8va | 16gb Ram | 256gb Ssd Windows 11 (Reacondicionado),5105.0,16.0,256.0,SSD,Core I5,0,,Intel Core i5,No especificado,No especificado,Intel,,Estandar,1,0,0,0,0,0,0,0,4,4.0,8.0,64.0,0.0,0,False,False,False,False,False,False,False,True,False,False,False,False,False,False,False,False,False,False,False,False,False,False,False,False,False,7117.987645384064,-2012.9876453840643
Hp Workstation Zbook 17 G6 Core I7 9th 32gb 512gb 6gb Video (Reacondicionado),21194.0,32.0,512.0,SSD,Core I7,0,,Intel Core i7,No especificado,No especificado,Intel,,Estandar,1,0,1,0,0,0,0,0,5,5.0,9.0,160.0,0.0,0,False,False,False,False,False,False,False,True,False,False,False,False,False,False,False,False,False,False,False,False,False,False,False,False,False,15505.708579073762,5688.291420926238
"Laptop Hp 14-dq6012dx 14 , Intel Processor N150, 128gb Ufs,",5999.0,128.0,128.0,SSD,No especificado,0,,No especificado,No especificado,No especificado,Intel,14.0,Estandar,0,0,0,0,0,0,0,0,1,7.0,7.0,128.0,0.0,0,False,False,False,False,False,False,False,True,False,False,False,False,False,False,False,False,False,False,False,False,False,False,False,False,False,6972.807782439977,-973.807782439977
Hp 15-fc0288la Laptop 15.6  Full Hd Amd Ryzen 7 16gb 512gb (Nuevo con caja abierta),19999.0,16.0,512.0,SSD,Ryzen 7,0,15.6,No especificado,No especificado,No especificado,AMD,15.6,Estandar,1,0,0,0,0,0,0,0,5,4.0,9.0,80.0,0.0,0,False,False,False,False,False,False,False,True,False,False,False,False,False,False,False,False,False,False,False,False,False,False,False,False,False,18068.912130444052,1930.0878695559477
Portátil HP Probook G7 Amd R3 8 Gb 256 Gb Ssd W10 Pro 14p gris - Excelente (Reacondicionado),5325.0,8.0,256.0,SSD,No especificado,0,,No especificado,No especificado,No especificado,AMD,,Estandar,1,0,1,0,0,0,0,0,2,3.0,8.0,16.0,0.0,0,False,False,False,False,False,False,False,True,False,False,False,False,False,False,False,False,False,False,False,False,False,False,False,False,False,6870.7604075775525,-1545.7604075775525
Hp Ryzen 7 16gb De Ram 512gb Ssd Pantalla Wuxga Incluye Windows Instalado,29239.0,16.0,512.0,SSD,Ryzen 7,0,,No especificado,No especificado,No especificado,AMD,,Estandar,0,0,0,0,0,0,0,0,5,4.0,9.0,80.0,0.0,0,False,False,False,False,False,False,False,True,False,False,False,False,False,False,False,False,False,False,False,False,False,False,False,False,False,19185.422668678584,10053.577331321416
Hp Elitebook X360 1040 G9 I7-1255u 14in 16gb 512gb W11p - Excelente (Reacondicionado),13499.0,16.0,512.0,SSD,No especificado,0,14.0,Intel Core i7-1255U,10,12ª Gen (Alder Lake),Intel,14.0,Estandar,1,0,1,0,0,0,0,0,5,4.0,9.0,80.0,0.0,0,False,False,False,False,False,False,False,True,False,False,False,False,False,False,False,False,False,False,False,False,False,False,False,False,False,14130.737994135246,-631.7379941352465
Hp Probook 460 G11 Intel Core Ultra 5 24gb Ram 512gb Ssd,17499.0,24.0,512.0,SSD,No especificado,0,,No especificado,No especificado,No especificado,Intel,11.0,Ultraportatil,0,0,1,0,0,0,0,0,4,4.584962500721156,9.0,96.0,0.0,0,False,False,False,False,False,False,False,True,False,False,False,False,False,False,False,False,False,False,False,False,False,False,False,False,False,18971.26193872696,-1472.2619387269588
Hp Probook 640 G8 Core I5-1145g7 8gb Ram 256gb Ssd 14 Pulgad (Reacondicionado),7888.0,8.0,256.0,SSD,Core I5,0,,Intel Core i5,No especificado,No especificado,Intel,14.0,Estandar,1,0,1,0,0,0,0,0,4,3.0,8.0,32.0,0.0,0,False,False,False,False,False,False,False,True,False,False,False,False,False,False,False,False,False,False,False,False,False,False,False,False,False,6052.241739805315,1835.7582601946851
Notebook Hp Probook 840 G5 Core I5 8va 16gb 512ssd 14 W11 Color Plateado - Excelente (Reacondicionado),4925.0,16.0,512.0,SSD,Core I5,0,,Intel Core i5,No especificado,No especificado,Intel,14.0,Estandar,1,0,1,0,0,0,0,0,4,4.0,9.0,64.0,0.0,0,False,False,False,False,False,False,False,True,False,False,False,False,False,False,False,False,False,False,False,False,False,False,False,False,False,11837.666930250034,-6912.666930250034
Hp Elitebook 845 G7 Ryzen 5 Pro 16gb 512gb Ssd Win 11 Pro (Reacondicionado),7416.0,16.0,512.0,SSD,Ryzen 5,0,,AMD Ryzen 5,No especificado,No especificado,AMD,,Estandar,1,0,1,0,0,0,0,0,4,4.0,9.0,64.0,0.0,0,False,False,False,False,False,False,False,True,False,False,False,False,False,False,False,False,False,False,False,False,False,False,False,False,False,11837.666930250034,-4421.666930250034
Hp Probook 640 G2 Core I5 16gb 500gb Fhd Win10 Pro (Reacondicionado),3699.0,16.0,500.0,SSD,Core I5,0,,Intel Core i5,No especificado,No especificado,Intel,,Estandar,1,0,1,0,0,0,0,0,4,4.0,8.965784284662087,64.0,0.0,0,False,False,False,False,False,False,False,True,False,False,False,False,False,False,False,False,False,False,False,False,False,False,False,False,False,4872.3919820179835,-1173.3919820179835
"Laptop Hp 255r: Ryzen 5, 16 Gb, 512 Gb, W11 Home",11399.0,16.0,512.0,SSD,Ryzen 5,0,,AMD Ryzen 5,No especificado,No especificado,AMD,16.0,Grande,0,0,0,0,0,0,0,0,4,4.0,9.0,64.0,0.0,0,False,False,False,False,False,False,False,True,False,False,False,False,False,False,False,False,False,False,False,False,False,False,False,False,False,17364.92034604292,-5965.92034604292
"HP Chromebook 11a-nb0013dx 11,6, 4 GB, 32 GB, Intel Celeron N3",3499.0,4.0,32.0,SSD,Celeron,0,11.6,No especificado,No especificado,No especificado,Intel,11.6,Ultraportatil,0,0,0,0,0,0,0,0,1,2.0,5.0,4.0,0.0,0,False,False,False,False,False,False,False,True,False,False,False,False,False,False,False,False,False,False,False,False,False,False,False,False,False,6104.404654349254,-2605.404654349254
"HP Chromebook 11a-nb0013dx 11,6, 4 GB, 32 GB, Intel Celeron N3 (Nuevo con caja abierta)",2499.0,4.0,32.0,SSD,Celeron,0,11.6,No especificado,No especificado,No especificado,Intel,11.6,Ultraportatil,1,0,0,0,0,0,0,0,1,2.0,5.0,4.0,0.0,0,False,False,False,False,False,False,False,True,False,False,False,False,False,False,False,False,False,False,False,False,False,False,False,False,False,7019.473318495514,-4520.473318495514
Laptop Hp Amd Ryzen 7/16 Gb Ram/512 Gb Ssd 15-fc0377la,25000.0,16.0,512.0,SSD,Ryzen 7,0,,No especificado,No especificado,No especificado,AMD,16.0,Grande,0,0,0,0,0,0,0,0,5,4.0,9.0,80.0,0.0,0,False,False,False,False,False,False,False,True,False,False,False,False,False,False,False,False,False,False,False,False,False,False,False,False,False,19185.422668678584,5814.577331321416
Laptop Hp Amd Ryzen 7/16 Gb Ram/512 Gb Ssd 15-fc0377la.,25999.0,16.0,512.0,SSD,Ryzen 7,0,,No especificado,No especificado,No especificado,AMD,16.0,Grande,0,0,0,0,0,0,0,0,5,4.0,9.0,80.0,0.0,0,False,False,False,False,False,False,False,True,False,False,False,False,False,False,False,False,False,False,False,False,False,False,False,False,False,19185.422668678584,6813.577331321416
"Notebook Hp Victus Core i7 13620H 16Gb 512Gb RTX 4050 6Gb 15.6"" Win11",41348.0,16.0,512.0,SSD,Core I7,1,15.6,Intel Core i7,No especificado,No especificado,Intel,15.6,Estandar,0,1,0,0,0,0,0,2,5,4.0,9.0,80.0,32.0,2,False,False,False,False,False,False,False,True,False,False,False,False,False,False,False,False,False,False,False,False,False,False,False,False,False,28180.001565312003,13167.998434687997
Laptop Hp Probook 465 G11 Amd Ryzen 5 16gb Ram 256gb W11 Pro Color Plateado - Excelente (Reacondicionado),20999.0,16.0,256.0,SSD,Ryzen 5,0,,AMD Ryzen 5,No especificado,No especificado,AMD,,Estandar,1,0,1,0,0,0,0,0,4,4.0,8.0,64.0,0.0,0,False,False,False,False,False,False,False,True,False,False,False,False,False,False,False,False,False,False,False,False,False,False,False,False,False,6671.75293620626,14327.24706379374
Hp 15-dy1751ms Core I5-10th 8gb 256gb Touch Rapidisima W11 (Reacondicionado),4899.0,8.0,256.0,SSD,Core I5,0,,Intel Core i5,No especificado,No especificado,Intel,,Estandar,1,0,0,0,1,0,0,0,4,3.0,8.0,32.0,0.0,0,False,False,False,False,False,False,False,True,False,False,False,False,False,False,False,False,False,False,False,False,False,False,False,False,False,7407.747292443242,-2508.7472924432423
Notebook Hp Probook 445 G7 Amd Ryzen 5 4500u 8 Gb 256 Ssd Color Silver - Excelente (Reacondicionado),5325.0,8.0,256.0,SSD,Ryzen 5,0,,AMD Ryzen 5 4500U,6,Serie 4000 (Zen 2),AMD,,Estandar,1,0,1,0,0,0,0,0,4,3.0,8.0,32.0,0.0,0,False,False,False,False,False,False,False,True,False,False,False,False,False,False,False,False,False,False,False,False,False,False,False,False,False,6052.241739805315,-727.2417398053149
Hp Omnibook 3 Ryzen 5 40 8gb Ram 256gb Ssd Touch W11 16 +kit,14399.0,8.0,256.0,SSD,Ryzen 5,0,,AMD Ryzen 5,No especificado,No especificado,AMD,16.0,Grande,0,0,0,1,1,0,0,0,4,3.0,8.0,32.0,0.0,0,False,False,False,False,False,False,False,True,False,False,False,False,False,False,False,False,False,False,False,False,False,False,False,False,False,17582.202345078247,-3183.202345078247
Laptop Hp 15.6 Intel Core 3 8gb Ram 512gb Ssd Windows 11 Fhd,16000.0,8.0,512.0,SSD,No especificado,0,15.6,No especificado,No especificado,No especificado,Intel,15.6,Estandar,0,0,0,0,0,0,0,0,2,3.0,9.0,16.0,0.0,0,False,False,False,False,False,False,False,True,False,False,False,False,False,False,False,False,False,False,False,False,False,False,False,False,False,12333.815203088721,3666.1847969112787
Notebook Hp 240 G8 Intel Core I5 8gb Ram 256gb Ssd Color Negro,10999.0,8.0,256.0,SSD,Core I5,0,,Intel Core i5,No especificado,No especificado,Intel,,Estandar,0,0,0,0,0,0,0,0,4,3.0,8.0,32.0,0.0,0,False,False,False,False,False,False,False,True,False,False,False,False,False,False,False,False,False,False,False,False,False,False,False,False,False,13088.007397006842,-2089.0073970068424
Laptop Hp Probook 640 G4 Intel I5 8th 8gb/ 240hdd 14'' (Reacondicionado),8999.0,8.0,240.0,SSD,No especificado,0,,No especificado,No especificado,No especificado,Intel,14.0,Estandar,1,0,1,0,0,0,0,0,4,3.0,7.906890595608519,32.0,0.0,0,False,False,False,False,False,False,False,True,False,False,False,False,False,False,False,False,False,False,False,False,False,False,False,False,False,5289.352382950199,3709.647617049801
Notebook Elitebook 840 G5 14  16gb Ram 512gb Ssd Intel I5 (Reacondicionado),5473.0,16.0,512.0,SSD,No especificado,0,,No especificado,No especificado,No especificado,Intel,14.0,Estandar,1,0,1,0,0,0,0,0,4,4.0,9.0,64.0,0.0,0,False,False,False,False,False,False,False,False,False,False,False,False,False,False,False,False,False,False,False,False,False,False,True,False,False,5771.552200473138,-298.5522004731383
Laptop Hp 15t-fd000 Intel Core I5 32gb Ram 2tb,32578.0,32.0,2048.0,SSD,Core I5,0,,Intel Core i5,No especificado,No especificado,Intel,,Estandar,0,0,0,0,0,0,0,0,4,5.0,11.0,128.0,0.0,0,False,False,False,False,False,False,False,True,False,False,False,False,False,False,False,False,False,False,False,False,False,False,False,False,False,32317.846673964024,260.1533260359756
Laptop Hp 14  Intel Celeron 8gb Ram 64gb Ssd Windows 11,7519.0,8.0,64.0,SSD,Celeron,0,,No especificado,No especificado,No especificado,Intel,14.0,Estandar,0,0,0,0,0,0,0,0,1,3.0,6.0,8.0,0.0,0,False,False,False,False,False,False,False,True,False,False,False,False,False,False,False,False,False,False,False,False,False,False,False,False,False,8348.812928929852,-829.8129289298522
Laptop Hp 840 G2 Core I5 5th Ram 8gb Ddr3 Hdd 500gb (Reacondicionado),2860.0,8.0,500.0,SSD,Core I5,0,,Intel Core i5,No especificado,No especificado,Intel,,Estandar,1,0,0,0,0,0,0,0,4,3.0,8.965784284662087,32.0,0.0,0,False,False,False,False,False,False,False,True,False,False,False,False,False,False,False,False,False,False,False,False,False,False,False,False,False,3876.5346129867858,-1016.5346129867858
"Laptop HP 15-fc0043la, 15.6"", AMD Ryzen 3, 8GB RAM, 512GB SSD, FHD, Windows 11 Home",13778.0,8.0,512.0,SSD,Ryzen 3,0,15.6,AMD Ryzen 3,No especificado,No especificado,AMD,15.6,Estandar,0,0,0,0,0,0,0,0,3,3.0,9.0,24.0,0.0,0,False,False,False,False,False,False,False,True,False,False,False,False,False,False,False,False,False,False,False,False,False,False,False,False,False,12944.669713710266,833.3302862897344
Portátil Hp Ultrabook 14  Intel N150 16gb Ram 256gb Ssd,11423.0,16.0,256.0,SSD,Intel N150,0,,No especificado,No especificado,No especificado,Intel,14.0,Estandar,0,0,0,0,0,0,0,0,1,4.0,8.0,16.0,0.0,0,False,False,False,False,False,False,False,True,False,False,False,False,False,False,False,False,False,False,False,False,False,False,False,False,False,10169.31479659435,1253.68520340565
Hp Omnibook 5 16 2k Touchscreen Amd Ryzen Ai 7 445 16gb 1tb,18500.0,16.0,1024.0,SSD,No especificado,0,,No especificado,No especificado,No especificado,AMD,16.0,Grande,0,0,0,1,1,0,0,0,5,4.0,10.0,80.0,0.0,0,False,False,False,False,False,False,False,True,False,False,False,False,False,False,False,False,False,False,False,False,False,False,False,False,False,30409.31646218306,-11909.316462183058
Laptop Hp Pavilion 14  16gb Ram 512gb Ssd Intel N150,10803.0,16.0,512.0,SSD,Intel N150,0,,No especificado,No especificado,No especificado,Intel,14.0,Estandar,0,0,0,0,0,0,0,0,1,4.0,9.0,16.0,0.0,0,False,False,False,False,False,False,False,True,False,False,False,False,False,False,False,False,False,False,False,False,False,False,False,False,False,13478.951727340898,-2675.9517273408983
2 En 1 Hp Envy X360 15 Eu1073cl 15.6 16gb Ram 512gb Ssd Amd 5825u Negro,28456.0,16.0,512.0,SSD,No especificado,0,15.6,No especificado,No especificado,No especificado,AMD,15.6,Estandar,0,0,0,0,1,0,0,0,2,4.0,9.0,32.0,0.0,0,False,False,False,False,False,False,False,True,False,False,False,False,False,False,False,False,False,False,False,False,False,False,False,False,False,16196.860704442119,12259.139295557881
"Portátil Hp Touch I3-n305 De 15,6 Pulgadas, 16 Gb, 512 Gb, S Azul",18217.0,16.0,512.0,SSD,No especificado,0,15.6,Intel Core i3-N305,8,Alder Lake-N,Intel,15.6,Estandar,0,0,0,0,1,0,0,0,3,4.0,9.0,48.0,0.0,0,False,False,False,False,False,False,False,True,False,False,False,False,False,False,False,False,False,False,False,False,False,False,False,False,False,16546.009333883067,1670.9906661169334
Hp Probook X360 435 G9 Amd Ryzen7 5875 16gb 512gb Ssd 13.3 (Reacondicionado),14999.0,16.0,512.0,SSD,Ryzen7,0,13.3,No especificado,No especificado,No especificado,AMD,13.3,Ultraportatil,1,0,1,0,0,0,0,0,2,4.0,9.0,32.0,0.0,0,False,False,False,False,False,False,False,True,False,False,False,False,False,False,False,False,False,False,False,False,False,False,False,False,False,11086.156705172103,3912.843294827897
Notebook Hp 250 G10 Intel Core I3 8gb Ram 512gb Ssd,10000.0,8.0,512.0,SSD,Core I3,0,,Intel Core i3,No especificado,No especificado,Intel,10.0,Ultraportatil,0,0,0,0,0,0,0,0,3,3.0,9.0,24.0,0.0,0,False,False,False,False,False,False,False,True,False,False,False,False,False,False,False,False,False,False,False,False,False,False,False,False,False,12944.669713710266,-2944.6697137102656
Laptop Hp Probook 650 G5 Core I5-8365u/8gb Ram/256gb Ssd M.2 (Reacondicionado),4929.0,8.0,256.0,SSD,Core I5,0,,Intel Core i5,No especificado,No especificado,Intel,,Estandar,1,0,1,0,0,0,0,0,4,3.0,8.0,32.0,0.0,0,False,False,False,False,False,False,False,True,False,False,False,False,False,False,False,False,False,False,False,False,False,False,False,False,False,6052.241739805315,-1123.2417398053149
HP Azul Athlon 7120U 128GB SSD 4GB Ram Pantalla 14 HD Amd Radeon Graphics Incluye Windows Instalado Laptop Em0002 Con Regalo,14097.0,128.0,128.0,SSD,Athlon,0,,No especificado,No especificado,No especificado,AMD,14.0,Estandar,0,0,0,0,0,0,0,1,1,7.0,7.0,128.0,128.0,0,False,False,False,False,False,False,False,True,False,False,False,False,False,False,False,False,False,False,False,False,False,False,False,False,False,10441.743151101173,3655.2568488988272
Hp Probook 460 G11 Intel Core Ultra 5 24gb Ram 512gb Ssd,21569.0,24.0,512.0,SSD,No especificado,0,,No especificado,No especificado,No especificado,Intel,11.0,Ultraportatil,0,0,1,0,0,0,0,0,4,4.584962500721156,9.0,96.0,0.0,0,False,False,False,False,False,False,False,True,False,False,False,False,False,False,False,False,False,False,False,False,False,False,False,False,False,18971.26193872696,2597.7380612730412
Laptop Hp 245 G10 Ryzen 5 7520u 8gb 512gb + Mause,9999.0,8.0,512.0,SSD,Ryzen 5,0,,AMD Ryzen 5 7520U,4,Serie 7000 (Zen 2),AMD,,Estandar,0,0,0,0,0,0,0,0,4,3.0,9.0,32.0,0.0,0,False,False,False,False,False,False,False,True,False,False,False,False,False,False,False,False,False,False,False,False,False,False,False,False,False,13053.852103794592,-3054.852103794592
"Laptop Hp Zbook Firefly G8 14 , Intel Core I5, 16gb 256gb - Excelente (Reacondicionado)",6500.0,16.0,256.0,SSD,Core I5,0,,Intel Core i5,No especificado,No especificado,Intel,14.0,Estandar,1,0,1,0,0,0,0,0,4,4.0,8.0,64.0,0.0,0,False,False,False,False,False,False,False,True,False,False,False,False,False,False,False,False,False,False,False,False,False,False,False,False,False,6671.75293620626,-171.75293620625962
"Laptop HP 15-FC0265la 15.6 pulgadas AMD ryzen 5, 8GB RAM 512GB SSD",13999.0,8.0,512.0,SSD,Ryzen 5,0,15.6,AMD Ryzen 5,No especificado,No especificado,AMD,15.6,Estandar,0,0,0,0,0,0,0,0,4,3.0,9.0,32.0,0.0,0,False,False,False,False,False,False,False,True,False,False,False,False,False,False,False,False,False,False,False,False,False,False,False,False,False,13053.852103794592,945.147896205408
Laptop Hp Elitebook 840 G6 Intel Core I5 8th 8gb/240gb Ssd (Reacondicionado),7208.0,8.0,240.0,SSD,Core I5,0,,Intel Core i5,No especificado,No especificado,Intel,,Estandar,1,0,1,0,0,0,0,0,4,3.0,7.906890595608519,32.0,0.0,0,False,False,False,False,False,False,False,True,False,False,False,False,False,False,False,False,False,False,False,False,False,False,False,False,False,5289.352382950199,1918.6476170498008
"Laptop HP Omnibook 5 para IA con AMD Ryzen AI 7 350, 16GB RAM y 512GB SSD",21999.0,16.0,512.0,SSD,No especificado,0,,No especificado,No especificado,No especificado,AMD,,Estandar,0,0,0,1,0,0,0,0,5,4.0,9.0,80.0,0.0,0,False,False,False,False,False,False,False,True,False,False,False,False,False,False,False,False,False,False,False,False,False,False,False,False,False,22844.05955035976,-845.0595503597615
Laptop Hp 240 G10 Intel Core I3 8gb 512gb Ssd W11h + Regalos,12999.0,8.0,512.0,SSD,Core I3,0,,Intel Core i3,No especificado,No especificado,Intel,10.0,Ultraportatil,0,0,0,0,0,0,0,0,3,3.0,9.0,24.0,0.0,0,False,False,False,False,False,False,False,True,False,False,False,False,False,False,False,False,False,False,False,False,False,False,False,False,False,12944.669713710266,54.33028628973443
"Laptop HP OmniBook 7 Aero AI 13-bg1072la AMD Ryzen AI 7 16GB RAM 1TB SSD 13.3"" 2K Windows 11 Home",32339.0,16.0,1024.0,SSD,No especificado,0,13.3,No especificado,No especificado,No especificado,AMD,13.3,Ultraportatil,0,0,0,1,0,0,0,0,5,4.0,10.0,80.0,0.0,0,False,False,False,False,False,False,False,True,False,False,False,False,False,False,False,False,False,False,False,False,False,False,False,False,False,26991.88565586938,5347.114344130619
Laptop Hp 240 G10 Intel Core I3 8gb 512gb Ssd W11h + Regalo,12999.0,8.0,512.0,SSD,Core I3,0,,Intel Core i3,No especificado,No especificado,Intel,10.0,Ultraportatil,0,0,0,0,0,0,0,0,3,3.0,9.0,24.0,0.0,0,False,False,False,False,False,False,False,True,False,False,False,False,False,False,False,False,False,False,False,False,False,False,False,False,False,12944.669713710266,54.33028628973443
Hp Probook 650 G5 Core I7 16gb 256gb Ssd Win 11 Pro (Reacondicionado),6499.0,16.0,256.0,SSD,Core I7,0,,Intel Core i7,No especificado,No especificado,Intel,,Estandar,1,0,1,0,0,0,0,0,5,4.0,8.0,80.0,0.0,0,False,False,False,False,False,False,False,True,False,False,False,False,False,False,False,False,False,False,False,False,False,False,False,False,False,7824.10027000356,-1325.1002700035597
Hp Probook 650 G5 Core I5-8365u 16gb 480gb Ssd Win 11 Pro (Reacondicionado),5999.0,16.0,480.0,SSD,Core I5,0,,Intel Core i5,No especificado,No especificado,Intel,,Estandar,1,0,1,0,0,0,0,0,4,4.0,8.906890595608518,64.0,0.0,0,False,False,False,False,False,False,False,True,False,False,False,False,False,False,False,False,False,False,False,False,False,False,False,False,False,6015.812452131629,-16.81245213162856
Hp Probook 450 G8 Core I5-1135g7 8gb 512gb Ssd Win 11 Pro (Reacondicionado),5900.0,8.0,512.0,SSD,Core I5,0,,Intel Core i5-1135G7,4,11ª Gen (Tiger Lake),Intel,,Estandar,1,0,1,0,0,0,0,0,4,3.0,9.0,32.0,0.0,0,False,False,False,False,False,False,False,True,False,False,False,False,False,False,False,False,False,False,False,False,False,False,False,False,False,6605.433746753247,-705.4337467532469
Notebook Hp 15 Fhd Táctil I7-1355u 16gb 512gb Ssd Plateado,18683.0,16.0,512.0,SSD,No especificado,0,,Intel Core i7-1355U,10,13ª Gen (Raptor Lake),Intel,,Estandar,0,0,0,0,1,0,0,0,5,4.0,9.0,80.0,0.0,0,False,False,False,False,False,False,False,True,False,False,False,False,False,False,False,False,False,False,False,False,False,False,False,False,False,19033.090776113222,-350.0907761132221
Laptop Hp Elitebook 830g8 Intel I5 1145g7 16gb 256ssd Tactil (Reacondicionado),6789.0,16.0,256.0,SSD,No especificado,0,,No especificado,No especificado,No especificado,Intel,,Estandar,1,0,1,0,1,0,0,0,4,4.0,8.0,64.0,0.0,0,False,False,False,False,False,False,False,True,False,False,False,False,False,False,False,False,False,False,False,False,False,False,False,False,False,14909.246796063402,-8120.246796063402
"Notebook Hp Elitebook 745 G6, Amd, 8gb De Ram Y Ssd De 512gb (Reacondicionado)",6899.0,8.0,512.0,SSD,No especificado,0,,No especificado,No especificado,No especificado,AMD,,Estandar,1,0,1,0,0,0,0,0,2,3.0,9.0,16.0,0.0,0,False,False,False,False,False,False,False,True,False,False,False,False,False,False,False,False,False,False,False,False,False,False,False,False,False,8395.966266377003,-1496.9662663770032
"Laptop Hp Probook 4ai G1i, Intel Core Ultra 5,16gb,512gb,16 Plateado",22599.0,16.0,512.0,SSD,No especificado,0,,No especificado,No especificado,No especificado,Intel,16.0,Grande,0,0,1,0,0,0,0,0,4,4.0,9.0,64.0,0.0,0,False,False,False,False,False,False,False,True,False,False,False,False,False,False,False,False,False,False,False,False,False,False,False,False,False,24227.79222711143,-1628.7922271114294
"Laptop HP OmniBook 3 14-hy0050la AMD Ryzen 5 8 GB RAM 512 GB SSD 14"" 2K",18619.0,8.0,512.0,SSD,Ryzen 5,0,14.0,AMD Ryzen 5,No especificado,No especificado,AMD,14.0,Estandar,0,0,0,1,0,0,0,0,4,3.0,9.0,32.0,0.0,0,False,False,False,False,False,False,False,True,False,False,False,False,False,False,False,False,False,False,False,False,False,False,False,False,False,13637.202041172915,4981.797958827085
Hp Probook 445 G10 Ryzen 7 7730u Pro 16gb 256 Gb Ssd Win 11 (Reacondicionado),9389.0,16.0,256.0,SSD,Ryzen 7,0,,AMD Ryzen 7 7730U,8,Serie 7000 (Zen 3),AMD,,Estandar,1,0,1,0,0,0,0,0,5,4.0,8.0,80.0,0.0,0,False,False,False,False,False,False,False,True,False,False,False,False,False,False,False,False,False,False,False,False,False,False,False,False,False,7824.10027000356,1564.8997299964403
Laptop Hp Probook 450 G4 Core I5 7ma Gen 16gb Ram 240gb Ssd (Reacondicionado),5799.0,16.0,240.0,SSD,Core I5,0,,Intel Core i5,No especificado,No especificado,Intel,,Estandar,1,0,1,0,0,0,0,0,4,4.0,7.906890595608519,64.0,0.0,0,False,False,False,False,False,False,False,True,False,False,False,False,False,False,False,False,False,False,False,False,False,False,False,False,False,5693.066441640545,105.93355835945476
Laptop Hp 240 G9 14 Intel Core I3-1315u 8gb Ssd 256gb W11 Color Gris Oscuro,9299.0,8.0,256.0,SSD,Core I3,0,,Intel Core i3-1315U,6,13ª Gen (Raptor Lake),Intel,14.0,Estandar,0,0,0,0,0,0,0,0,3,3.0,8.0,24.0,0.0,0,False,False,False,False,False,False,False,True,False,False,False,False,False,False,False,False,False,False,False,False,False,False,False,False,False,10454.363186473598,-1155.363186473598
Portátil Hp 14 Intel N150 4 Gb 128 Gb Ufs Win 11,6250.0,4.0,128.0,SSD,Intel N150,0,,No especificado,No especificado,No especificado,Intel,14.0,Estandar,0,0,0,0,0,0,0,0,1,2.0,7.0,4.0,0.0,0,False,False,False,False,False,False,False,True,False,False,False,False,False,False,False,False,False,False,False,False,False,False,False,False,False,7495.881336415224,-1245.8813364152238
Ordenador Portátil Hp 35 Cm Intel N150 4 Gb Ram 128 Gb Ufs W,8583.0,4.0,128.0,SSD,Intel N150,0,,No especificado,No especificado,No especificado,Intel,,Estandar,0,0,0,0,0,0,0,0,1,2.0,7.0,4.0,0.0,0,False,False,False,False,False,False,False,True,False,False,False,False,False,False,False,False,False,False,False,False,False,False,False,False,False,7495.881336415224,1087.1186635847762
Ordenador Portátil Hp 17.3 2026 I3 8 Núcleos 16 Gb 1 Tb Ssd,20270.0,16.0,1024.0,SSD,No especificado,0,17.3,No especificado,No especificado,No especificado,Intel,17.3,Grande,0,0,0,0,0,0,0,0,3,4.0,10.0,48.0,0.0,0,False,False,False,False,False,False,False,True,False,False,False,False,False,False,False,False,False,False,False,False,False,False,False,False,False,17240.747269985008,3029.2527300149923
Ordenador Portátil Hp 17.3 Intel Ultra 5 16 Gb Ram 1 Tb Ssd,25702.0,16.0,1024.0,SSD,No especificado,0,17.3,No especificado,No especificado,No especificado,Intel,17.3,Grande,0,0,0,0,0,0,0,0,4,4.0,10.0,64.0,0.0,0,False,False,False,False,False,False,False,True,False,False,False,False,False,False,False,False,False,False,False,False,False,False,False,False,False,21253.870278577335,4448.129721422665
Ordenador Portátil Hp 15.6 Ryzen 7 24 Gb Ram 512 Gb Ssd Win,20839.0,24.0,512.0,SSD,Ryzen 7,0,15.6,No especificado,No especificado,No especificado,AMD,15.6,Estandar,0,0,0,0,0,0,0,0,5,4.584962500721156,9.0,120.0,0.0,0,False,False,False,False,False,False,False,True,False,False,False,False,False,False,False,False,False,False,False,False,False,False,False,False,False,19338.684921981087,1500.3150780189135
Laptop Hp 15.6  Pantalla Táctil Intel I3-1215u 64gb Ram 1tb,35837.0,64.0,1024.0,SSD,No especificado,0,15.6,Intel Core i3-1215U,6,12ª Gen (Alder Lake),Intel,15.6,Estandar,0,0,0,0,1,0,0,0,3,6.0,10.0,192.0,0.0,0,False,False,False,False,False,False,False,True,False,False,False,False,False,False,False,False,False,False,False,False,False,False,False,False,False,30686.953091759668,5150.046908240332
Laptop Hp 17.3  Hd+ Intel I3-n305 16gb Ram 512gb Ssd,23884.0,16.0,512.0,SSD,No especificado,0,17.3,Intel Core i3-N305,8,Alder Lake-N,Intel,17.3,Grande,0,0,0,0,0,0,0,0,3,4.0,9.0,48.0,0.0,0,False,False,False,False,False,False,False,True,False,False,False,False,False,False,False,False,False,False,False,False,False,False,False,False,False,16074.740055814691,7809.259944185309
Ordenador Portátil Hp 17.3 Ryzen 3 16 Gb Ram 512 Gb Ssd Wi-f,20394.0,16.0,512.0,SSD,Ryzen 3,0,17.3,AMD Ryzen 3,No especificado,No especificado,AMD,17.3,Grande,0,0,0,0,0,0,0,0,3,4.0,9.0,48.0,0.0,0,False,False,False,False,False,False,False,True,False,False,False,False,False,False,False,False,False,False,False,False,False,False,False,False,False,16074.740055814691,4319.259944185309
Ordenador Portátil Hp Elitebook 6 16 Ryzen 5 32 Gb 1 Tb Ssd,20027.0,32.0,1024.0,SSD,Ryzen 5,0,,AMD Ryzen 5,No especificado,No especificado,AMD,16.0,Grande,0,0,1,0,0,0,0,0,4,5.0,10.0,128.0,0.0,0,False,False,False,False,False,False,False,True,False,False,False,False,False,False,False,False,False,False,False,False,False,False,False,False,False,21795.00216009308,-1768.0021600930813
Ordenador Portátil Hp Elite C640 14 Fhd Intel I5 8 Gb 416 Gb,13643.0,8.0,416.0,SSD,No especificado,0,,No especificado,No especificado,No especificado,Intel,14.0,Estandar,0,0,0,0,0,0,0,0,4,3.0,8.700439718141093,32.0,0.0,0,False,False,False,False,False,False,False,True,False,False,False,False,False,False,False,False,False,False,False,False,False,False,False,False,False,12196.180019422227,1446.819980577773
Ordenador Portátil Hp 17.3 I3-n305 16 Gb Ram 512 Gb Ssd Wind,22693.0,16.0,512.0,SSD,No especificado,0,17.3,Intel Core i3-N305,8,Alder Lake-N,Intel,17.3,Grande,0,0,0,0,0,0,0,0,3,4.0,9.0,48.0,0.0,0,False,False,False,False,False,False,False,True,False,False,False,False,False,False,False,False,False,False,False,False,False,False,False,False,False,16074.740055814691,6618.259944185309
Laptop Hp 15.6  Pantalla Táctil I3-1315u 16gb 1tb Ssd Win11,23287.0,16.0,1024.0,SSD,No especificado,0,15.6,Intel Core i3-1315U,6,13ª Gen (Raptor Lake),Intel,15.6,Estandar,0,0,0,0,1,0,0,0,3,4.0,10.0,48.0,0.0,0,False,False,False,False,False,False,False,True,False,False,False,False,False,False,False,False,False,False,False,False,False,False,False,False,False,18160.23058632084,5126.7694136791615
Portátil Hp 14 Intel N150 De 4 Gb De Ram 128 Gb Ssd De 14 Pu Azul,6227.0,4.0,128.0,SSD,Intel N150,0,,No especificado,No especificado,No especificado,Intel,14.0,Estandar,0,0,0,0,0,0,0,0,1,2.0,7.0,4.0,0.0,0,False,False,False,False,False,False,False,True,False,False,False,False,False,False,False,False,False,False,False,False,False,False,False,False,False,7495.881336415224,-1268.8813364152238
Laptop Hp 17.3  Ryzen 5 8gb 512gb Ssd Win 11 Wifi 6,17100.0,8.0,512.0,SSD,Ryzen 5,0,17.3,AMD Ryzen 5,No especificado,No especificado,AMD,17.3,Grande,0,0,0,0,0,0,0,0,4,3.0,9.0,32.0,0.0,0,False,False,False,False,False,False,False,True,False,False,False,False,False,False,False,False,False,False,False,False,False,False,False,False,False,13053.852103794592,4046.147896205408
Ordenador Portátil Hp 17.3 I3-305 8 Gb 256 Gb Ssd Windows 11,19719.0,8.0,256.0,SSD,No especificado,0,17.3,No especificado,No especificado,No especificado,Intel,17.3,Grande,0,0,0,0,0,0,0,0,3,3.0,8.0,24.0,0.0,0,False,False,False,False,False,False,False,True,False,False,False,False,False,False,False,False,False,False,False,False,False,False,False,False,False,10454.363186473598,9264.636813526402
"Ordenador Portátil Hp Ryzen 5 17.3 Fhd, 16 Gb De Ram, 1 Tb,",19860.0,16.0,1024.0,SSD,Ryzen 5,0,17.3,AMD Ryzen 5,No especificado,No especificado,AMD,17.3,Grande,0,0,0,0,0,0,0,0,4,4.0,10.0,64.0,0.0,0,False,False,False,False,False,False,False,True,False,False,False,False,False,False,False,False,False,False,False,False,False,False,False,False,False,21253.870278577335,-1393.8702785773348
Laptop Hp 15 Notebook 15.6'' Intel Core I3-1115g4 32gb 1tb S,22043.0,32.0,1024.0,SSD,Core I3,0,15.6,Intel Core i3-1115G4,2,11ª Gen (Tiger Lake),Intel,15.6,Estandar,0,0,0,0,0,0,0,0,3,5.0,10.0,96.0,0.0,0,False,False,False,False,False,False,False,True,False,False,False,False,False,False,False,False,False,False,False,False,False,False,False,False,False,19819.446992255394,2223.5530077446056
"Laptop Hp 15,6  Fhd Touchscreen Intel I7-1255u 16gb 512gb Ss",23583.0,16.0,512.0,SSD,No especificado,0,15.6,Intel Core i7-1255U,10,12ª Gen (Alder Lake),Intel,15.6,Estandar,0,0,0,0,1,0,0,0,5,4.0,9.0,80.0,0.0,0,False,False,False,False,False,False,False,True,False,False,False,False,False,False,False,False,False,False,False,False,False,False,False,False,False,19033.090776113222,4549.909223886778
Ordenador Portátil Hp 15.6 N200 8 Gb Ram 128 Gb Ssd Wi-fi 6,12253.0,8.0,128.0,SSD,No especificado,0,15.6,Intel Processor N200,4,Alder Lake-N,Intel,15.6,Estandar,0,0,0,0,0,0,0,0,1,3.0,7.0,8.0,0.0,0,False,False,False,False,False,False,False,True,False,False,False,False,False,False,False,False,False,False,False,False,False,False,False,False,False,8705.603752867748,3547.396247132252
Laptop Hp 14-dq0518la Celeron N4120 Ram 4gb Ssd 128gb W11h Color Plateado (Nuevo con caja abierta),3950.0,4.0,128.0,SSD,Celeron,0,,No especificado,No especificado,No especificado,Intel,14.0,Estandar,1,0,0,0,0,0,0,0,1,2.0,7.0,4.0,0.0,0,False,False,False,False,False,False,False,True,False,False,False,False,False,False,False,False,False,False,False,False,False,False,False,False,False,5893.898783944958,-1943.8987839449583
Ordenador Portátil Hp 15.6 I3 16 Gb Ram 1 Tb Ssd Wi-fi 6 Pla,20091.0,16.0,1024.0,SSD,No especificado,0,15.6,No especificado,No especificado,No especificado,Intel,15.6,Estandar,0,0,0,0,0,0,0,0,3,4.0,10.0,48.0,0.0,0,False,False,False,False,False,False,False,True,False,False,False,False,False,False,False,False,False,False,False,False,False,False,False,False,False,17240.747269985008,2850.2527300149923
Portátil Hp 17.3  Ryzen5 32gb Ram 1tb Ssd Windows11pro,36230.0,32.0,1024.0,SSD,Ryzen5,0,17.3,AMD Ryzen 5,No especificado,No especificado,AMD,17.3,Grande,0,0,0,0,0,0,0,0,2,5.0,10.0,64.0,0.0,0,False,False,False,False,False,False,False,True,False,False,False,False,False,False,False,False,False,False,False,False,False,False,False,False,False,19688.690496502382,16541.309503497618
Laptop Hp 17.3  I3 N305 16 Gb 512 Gb Ssd Windows 11 Pro,22392.0,16.0,512.0,SSD,No especificado,0,17.3,Intel Core i3-N305,8,Alder Lake-N,Intel,17.3,Grande,0,0,0,0,0,0,0,0,3,4.0,9.0,48.0,0.0,0,False,False,False,False,False,False,False,True,False,False,False,False,False,False,False,False,False,False,False,False,False,False,False,False,False,16074.740055814691,6317.259944185309
Laptop Hp 17.3  Hd+ Intel I3-n305 8gb 512gb Ssd Win11,20019.0,8.0,512.0,SSD,No especificado,0,17.3,Intel Core i3-N305,8,Alder Lake-N,Intel,17.3,Grande,0,0,0,0,0,0,0,0,3,3.0,9.0,24.0,0.0,0,False,False,False,False,False,False,False,True,False,False,False,False,False,False,False,False,False,False,False,False,False,False,False,False,False,12944.669713710266,7074.330286289734
Laptop Hp Nueva Notebook 15.6'' Intel I3-1215u 32gb 1tb Ssd,30447.0,32.0,1024.0,SSD,No especificado,0,15.6,Intel Core i3-1215U,6,12ª Gen (Alder Lake),Intel,15.6,Estandar,0,0,0,0,0,0,0,0,3,5.0,10.0,96.0,0.0,0,False,False,False,False,False,False,False,True,False,False,False,False,False,False,False,False,False,False,False,False,False,False,False,False,False,19819.446992255394,10627.553007744606
Portátil Hp 17.3'' Ryzen 5 7430u 64gb Ram 2tb Ssd Windows,37663.0,64.0,2048.0,SSD,Ryzen 5,0,17.3,AMD Ryzen 5,No especificado,No especificado,AMD,17.3,Grande,0,0,0,0,0,0,0,0,4,6.0,11.0,256.0,0.0,0,False,False,False,False,False,False,False,True,False,False,False,False,False,False,False,False,False,False,False,False,False,False,False,False,False,33401.86429382332,4261.135706176683
Portátil Hp 15.6  I7-1355u 32gb Ram 1tb Ssd Windows11pro,38232.0,32.0,1024.0,SSD,No especificado,0,15.6,Intel Core i7-1355U,10,13ª Gen (Raptor Lake),Intel,15.6,Estandar,0,0,0,0,0,0,0,0,5,5.0,10.0,160.0,0.0,0,False,False,False,False,False,False,False,True,False,False,False,False,False,False,False,False,False,False,False,False,False,False,False,False,False,29961.444291890464,8270.555708109536
Laptop Hp 15.6  Touchscreen I3-1215u 64gb Ram 1tb Ssd,35837.0,64.0,1024.0,SSD,No especificado,0,15.6,Intel Core i3-1215U,6,12ª Gen (Alder Lake),Intel,15.6,Estandar,0,0,0,0,1,0,0,0,3,6.0,10.0,192.0,0.0,0,False,False,False,False,False,False,False,True,False,False,False,False,False,False,False,False,False,False,False,False,False,False,False,False,False,30686.953091759668,5150.046908240332
Portátil Hp 15.6  I3-1315u 16gb Ram 512gb Ssd Win11,23912.0,16.0,512.0,SSD,No especificado,0,15.6,Intel Core i3-1315U,6,13ª Gen (Raptor Lake),Intel,15.6,Estandar,0,0,0,0,0,0,0,0,3,4.0,9.0,48.0,0.0,0,False,False,False,False,False,False,False,True,False,False,False,False,False,False,False,False,False,False,False,False,False,False,False,False,False,16074.740055814691,7837.259944185309
Laptop Hp 14'' Intel 4-core 16gb Ram 128gb Ssd Windows 11 Ve,9097.0,16.0,128.0,SSD,No especificado,0,,No especificado,No especificado,No especificado,Intel,14.0,Estandar,0,0,0,0,0,0,0,0,2,4.0,7.0,32.0,0.0,0,False,False,False,False,False,False,False,True,False,False,False,False,False,False,False,False,False,False,False,False,False,False,False,False,False,9520.837305335288,-423.83730533528797
Laptop Hp Probook 640 G4 8gb Ram M2 512gb Core I5 7300u 2.8 (Reacondicionado),5479.0,8.0,512.0,SSD,Core I5,0,,Apple M2,8,Apple Silicon (2ª Gen),Apple,,Estandar,1,0,1,0,0,0,0,0,5,3.0,9.0,40.0,0.0,0,False,False,False,False,False,False,False,True,False,False,False,False,False,False,False,False,False,False,False,False,False,False,False,False,False,6364.70659199134,-885.7065919913402
Laptop Gamer Hp Omen Rtx 5060 Core I7 14650hx 32gb 1tb 16,45999.0,32.0,1024.0,SSD,Core I7,1,,Intel Core i7,No especificado,No especificado,Intel,16.0,Grande,0,1,0,0,0,0,0,3,5,5.0,10.0,160.0,96.0,3,False,False,False,False,False,False,False,True,False,False,False,False,False,False,False,False,False,False,False,False,False,False,False,False,False,45649.068990079366,349.9310099206341
"Notebook Hp Elitebook 745 G6, Amd, 16gb De Ram, Ssd De 512gb (Reacondicionado)",7699.0,16.0,512.0,SSD,No especificado,0,,No especificado,No especificado,No especificado,AMD,,Estandar,1,0,1,0,0,0,0,0,2,4.0,9.0,32.0,0.0,0,False,False,False,False,False,False,False,True,False,False,False,False,False,False,False,False,False,False,False,False,False,False,False,False,False,11086.156705172103,-3387.156705172103
Hp Elitebook 745 G6 Ryzen 5 Pro 8gb 512gb Ssd Win11 Pro (Reacondicionado),6099.0,8.0,512.0,SSD,Ryzen 5,0,,AMD Ryzen 5,No especificado,No especificado,AMD,,Estandar,1,0,1,0,0,0,0,0,4,3.0,9.0,32.0,0.0,0,False,False,False,False,False,False,False,True,False,False,False,False,False,False,False,False,False,False,False,False,False,False,False,False,False,6605.433746753247,-506.43374675324685
Laptop Hp Zbook Fury 17 G8 Intel I5 32gb 512ssd Nvidia T1200 (Reacondicionado),11989.0,32.0,512.0,SSD,No especificado,0,,No especificado,No especificado,No especificado,Intel,,Estandar,1,0,1,0,0,0,0,0,4,5.0,9.0,128.0,0.0,0,False,False,False,False,False,False,False,True,False,False,False,False,False,False,False,False,False,False,False,False,False,False,False,False,False,15481.868032401071,-3492.868032401071
Notebook Hp 15.6  Intel Core I5-1334u 8gb 512gb Ssd Plateado,12614.0,8.0,512.0,SSD,Core I5,0,15.6,Intel Core i5,No especificado,No especificado,Intel,15.6,Estandar,0,0,0,0,0,0,0,0,4,3.0,9.0,32.0,0.0,0,False,False,False,False,False,False,False,True,False,False,False,False,False,False,False,False,False,False,False,False,False,False,False,False,False,13053.852103794592,-439.85210379459204
Laptop Hp 2025 Intel N150 14  Hd 16gb 384gb Wifi 6,11663.0,16.0,384.0,SSD,Intel N150,0,,No especificado,No especificado,No especificado,Intel,14.0,Estandar,0,0,0,0,0,0,0,0,1,4.0,8.584962500721156,16.0,0.0,0,False,False,False,False,False,False,False,True,False,False,False,False,False,False,False,False,False,False,False,False,False,False,False,False,False,10106.382466258226,1556.6175337417735
Ordenador Portátil Hp 17.3 I7-1355u 8 Gb 256 Gb Ssd Win10 Pr,25714.0,8.0,256.0,SSD,No especificado,0,17.3,Intel Core i7-1355U,10,13ª Gen (Raptor Lake),Intel,17.3,Grande,0,0,0,0,0,0,0,0,5,3.0,8.0,40.0,0.0,0,False,False,False,False,False,False,False,True,False,False,False,False,False,False,False,False,False,False,False,False,False,False,False,False,False,15030.59573425884,10683.40426574116
"Laptop Hp Probook 4 Ai G1a, Amd Ryzen 7 250,16gb,512gb,16 Plateado",22599.0,16.0,512.0,SSD,Ryzen 7,0,,No especificado,No especificado,No especificado,AMD,16.0,Grande,0,0,1,0,0,0,0,0,5,4.0,9.0,80.0,0.0,0,False,False,False,False,False,False,False,True,False,False,False,False,False,False,False,False,False,False,False,False,False,False,False,False,False,25085.88409957713,-2486.8840995771316
Ordenador Portátil Hp 15.6 Ryzen 5 8 Gb Ram 512 Gb Ssd Win 1,23661.0,8.0,512.0,SSD,Ryzen 5,0,15.6,AMD Ryzen 5,No especificado,No especificado,AMD,15.6,Estandar,0,0,0,0,0,0,0,0,4,3.0,9.0,32.0,0.0,0,False,False,False,False,False,False,False,True,False,False,False,False,False,False,False,False,False,False,False,False,False,False,False,False,False,13053.852103794592,10607.147896205408
Portátil Hp 43.9cm I3-n305 8gb Ram 512gb Ssd Win11,20400.0,8.0,512.0,SSD,No especificado,0,,Intel Core i3-N305,8,Alder Lake-N,Intel,,Estandar,0,0,0,0,0,0,0,0,3,3.0,9.0,24.0,0.0,0,False,False,False,False,False,False,False,True,False,False,False,False,False,False,False,False,False,False,False,False,False,False,False,False,False,12944.669713710266,7455.330286289734
Ordenador Portátil Hp Pavilion 15.6 Fhd I3 16 Gb 1 Tb Ssd Wi,22027.0,16.0,1024.0,SSD,No especificado,0,15.6,No especificado,No especificado,No especificado,Intel,15.6,Estandar,0,0,0,0,0,0,0,0,3,4.0,10.0,48.0,0.0,0,False,False,False,False,False,False,False,True,False,False,False,False,False,False,False,False,False,False,False,False,False,False,False,False,False,17240.747269985008,4786.252730014992
Laptop Hp Elitebook 840 G9 Int Core I7 Ram 8gb Ssd 512 Gb - Bueno (Reacondicionado),8500.0,8.0,512.0,SSD,Core I7,0,,Intel Core i7,No especificado,No especificado,Intel,,Estandar,1,0,1,0,0,0,0,0,5,3.0,9.0,40.0,0.0,0,False,False,False,False,False,False,False,True,False,False,False,False,False,False,False,False,False,False,False,False,False,False,False,False,False,6364.70659199134,2135.2934080086598
Portátil Hp 15.6  Intel N100 16gb Ram 1tb Ssd Wifi6,21956.0,16.0,1024.0,SSD,Intel N100,0,15.6,Intel Processor N100,4,Alder Lake-N,Intel,15.6,Estandar,0,0,0,0,0,0,0,0,1,4.0,10.0,16.0,0.0,0,False,False,False,False,False,False,False,True,False,False,False,False,False,False,False,False,False,False,False,False,False,False,False,False,False,16185.324277747306,5770.675722252694
Portátil Hp 17.3  I3-n305 8gb Ram 512gb Ssd Plata,20400.0,8.0,512.0,SSD,No especificado,0,17.3,Intel Core i3-N305,8,Alder Lake-N,Intel,17.3,Grande,0,0,0,0,0,0,0,0,3,3.0,9.0,24.0,0.0,0,False,False,False,False,False,False,False,True,False,False,False,False,False,False,False,False,False,False,False,False,False,False,False,False,False,12944.669713710266,7455.330286289734
Ordenador Portátil Hp Elitebook 2026 16 Ryzen 5 16 Gb 512 Gb,31139.0,16.0,512.0,SSD,Ryzen 5,0,,AMD Ryzen 5,No especificado,No especificado,AMD,16.0,Grande,0,0,1,0,0,0,0,0,4,4.0,9.0,64.0,0.0,0,False,False,False,False,False,False,False,True,False,False,False,False,False,False,False,False,False,False,False,False,False,False,False,False,False,24227.79222711143,6911.207772888571
Ordenador Portátil Hp 15.6 I7-1355u 16 Gb De Ram 512 Gb Ssd,25303.0,16.0,512.0,SSD,No especificado,0,15.6,Intel Core i7-1355U,10,13ª Gen (Raptor Lake),Intel,15.6,Estandar,0,0,0,0,0,0,0,0,5,4.0,9.0,80.0,0.0,0,False,False,False,False,False,False,False,True,False,False,False,False,False,False,False,False,False,False,False,False,False,False,False,False,False,19185.422668678584,6117.577331321416
Ordenador Portátil Hp 15.6 I3-1315u 16 Gb De Ram 512 Gb Ssd,24737.0,16.0,512.0,SSD,No especificado,0,15.6,Intel Core i3-1315U,6,13ª Gen (Raptor Lake),Intel,15.6,Estandar,0,0,0,0,0,0,0,0,3,4.0,9.0,48.0,0.0,0,False,False,False,False,False,False,False,True,False,False,False,False,False,False,False,False,False,False,False,False,False,False,False,False,False,16074.740055814691,8662.259944185309
"Ordenador Portátil Hp 43,9 Cm N100 4 Gb Ram 128 Gb Ufs +ms36",14590.0,4.0,128.0,SSD,No especificado,0,,Intel Processor N100,4,Alder Lake-N,Intel,,Estandar,0,0,0,0,0,0,0,0,1,2.0,7.0,4.0,0.0,0,False,False,False,False,False,False,False,True,False,False,False,False,False,False,False,False,False,False,False,False,False,False,False,False,False,7495.881336415224,7094.118663584776
Ordenador Portátil Hp 15.6 N100 128 Gb Ssd Win 11 Pro Office,12113.0,128.0,128.0,SSD,No especificado,0,15.6,Intel Processor N100,4,Alder Lake-N,Intel,15.6,Estandar,0,0,0,0,0,0,0,0,1,7.0,7.0,128.0,0.0,0,False,False,False,False,False,False,False,True,False,False,False,False,False,False,False,False,False,False,False,False,False,False,False,False,False,6972.807782439977,5140.192217560023
"Ordenador Portátil Hp Ryzen 7 15.6 Fhd 32 Gb De Ram 1,5 Tb S",27994.0,32.0,1536.0,SSD,Ryzen 7,0,15.6,No especificado,No especificado,No especificado,AMD,15.6,Estandar,0,0,0,0,0,0,0,0,5,5.0,10.584962500721156,160.0,0.0,0,False,False,False,False,False,False,False,True,False,False,False,False,False,False,False,False,False,False,False,False,False,False,False,False,False,30423.96502886324,-2429.96502886324
"Ordenador Portátil Hp 15.6 I3-1115g4, 16 Gb De Ram, 1 Tb, Ss",23479.0,16.0,1024.0,SSD,No especificado,0,15.6,Intel Core i3-1115G4,2,11ª Gen (Tiger Lake),Intel,15.6,Estandar,0,0,0,0,0,0,0,0,3,4.0,10.0,48.0,0.0,0,False,False,False,False,False,False,False,True,False,False,False,False,False,False,False,False,False,False,False,False,False,False,False,False,False,17240.747269985008,6238.252730014992
Laptop Hp Probook 450 G4 Core I5-7200u/8gb Ram-240gb Ssd/w11 (Reacondicionado),4929.0,8.0,240.0,SSD,Core I5,0,,Intel Core i5,No especificado,No especificado,Intel,,Estandar,1,0,1,0,0,0,0,0,4,3.0,7.906890595608519,32.0,0.0,0,False,False,False,False,False,False,False,True,False,False,False,False,False,False,False,False,False,False,False,False,False,False,False,False,False,5289.352382950199,-360.35238295019917
"Laptop Hp Probook 440 G7, Core I5-10ma, Ram 16gb, Ssd 256gb (Reacondicionado)",5750.0,16.0,256.0,SSD,Core I5,0,,Intel Core i5,No especificado,No especificado,Intel,,Estandar,1,0,1,0,0,0,0,0,4,4.0,8.0,64.0,0.0,0,False,False,False,False,False,False,False,True,False,False,False,False,False,False,False,False,False,False,False,False,False,False,False,False,False,6671.75293620626,-921.7529362062596
Laptop Hp X360 11-n026br Intel Core I5 8gb 128gb Ssd Táctil (Reacondicionado),3500.0,8.0,128.0,SSD,Core I5,0,,Intel Core i5,No especificado,No especificado,Intel,,Estandar,1,0,0,0,1,0,0,0,4,3.0,7.0,32.0,0.0,0,False,False,False,False,False,False,False,True,False,False,False,False,False,False,False,False,False,False,False,False,False,False,False,False,False,6283.139449990451,-2783.139449990451
Laptop Hp Envy X360 2 En 1 14  Fhd Touch Intel I7 16gb 2tb S,40568.0,16.0,2048.0,SSD,No especificado,0,,No especificado,No especificado,No especificado,Intel,14.0,Estandar,0,0,0,0,1,0,0,0,5,4.0,11.0,80.0,0.0,0,False,False,False,False,False,False,False,True,False,False,False,False,False,False,False,False,False,False,False,False,False,False,False,False,False,32034.972630193555,8533.027369806445
Laptop Hp 255 G10 Ryzen 5 16 Gb 512 Gb 15.6  Fhd Win11,16202.0,16.0,512.0,SSD,Ryzen 5,0,15.6,AMD Ryzen 5,No especificado,No especificado,AMD,15.6,Estandar,0,0,0,0,0,0,0,0,4,4.0,9.0,64.0,0.0,0,False,False,False,False,False,False,False,True,False,False,False,False,False,False,False,False,False,False,False,False,False,False,False,False,False,17364.92034604292,-1162.9203460429198
Hp Omnibook 3 16 2k W11 Intel Core Ultra 7 255u 16gb 1tb,17500.0,16.0,1024.0,SSD,No especificado,0,,No especificado,No especificado,No especificado,Intel,11.0,Ultraportatil,0,0,0,1,0,0,0,0,5,4.0,10.0,80.0,0.0,0,False,False,False,False,False,False,False,True,False,False,False,False,False,False,False,False,False,False,False,False,False,False,False,False,False,26991.88565586938,-9491.88565586938
Laptop Hp Zbook 15u G6 Intel I7 16gb 256 Ssd Radeon Wx3200 (Reacondicionado),8389.0,16.0,256.0,SSD,No especificado,0,,No especificado,No especificado,No especificado,Intel,,Estandar,1,0,1,0,0,0,0,1,5,4.0,8.0,80.0,16.0,0,False,False,False,False,False,False,False,True,False,False,False,False,False,False,False,False,False,False,False,False,False,False,False,False,False,7925.52152000356,463.47847999644
Hp Laptop 14-em0000la Amd Athlon 8gb 128gb Ssd Color Dorado Cálido,8299.0,8.0,128.0,SSD,Athlon,0,,No especificado,No especificado,No especificado,AMD,14.0,Estandar,0,0,0,0,0,0,0,0,1,3.0,7.0,8.0,0.0,0,False,False,False,False,False,False,False,True,False,False,False,False,False,False,False,False,False,False,False,False,False,False,False,False,False,8705.603752867748,-406.60375286774797
"Hp Zbook 15 G3.xeon E3-1505m V5, 16 Gb Ram,512 Ssd, 4gb Vram (Reacondicionado)",5799.0,16.0,512.0,SSD,No especificado,0,,No especificado,No especificado,No especificado,Intel,16.0,Grande,1,0,1,0,0,0,0,0,2,4.0,9.0,32.0,0.0,0,False,False,False,False,False,False,False,True,False,False,False,False,False,False,False,False,False,False,False,False,False,False,False,False,False,11086.156705172103,-5287.156705172103
Portátil Gmmo Hp Zbook 14 G8 Intel I5 16 Gb Ssd 256 Gb M2 W1 Plateado,17156.0,16.0,256.0,SSD,No especificado,0,,Apple M2,8,Apple Silicon (2ª Gen),Apple,14.0,Estandar,0,0,1,0,0,0,0,0,5,4.0,8.0,80.0,0.0,0,False,False,False,False,False,False,False,True,False,False,False,False,False,False,False,False,False,False,False,False,False,False,False,False,False,12805.847368055558,4350.152631944442
Notebook Hp 250 G8 Core I7-1165g7 8gb Ssd 256gb 15.6 2 Color Gris Oscuro - Bueno (Reacondicionado),9508.0,8.0,256.0,SSD,Core I7,0,15.6,Intel Core i7-1165G7,4,11ª Gen (Tiger Lake),Intel,15.6,Estandar,1,0,0,0,0,0,0,0,5,3.0,8.0,40.0,0.0,0,False,False,False,False,False,False,False,True,False,False,False,False,False,False,False,False,False,False,False,False,False,False,False,False,False,7104.692564641154,2403.3074353588463
Laptop HP 15-fd0084 Intel N200 4 GB RAM 128 GB UFS Pantalla 15.6 HD Antirreflejo Windows 11 Home Plateado,5592.0,4.0,128.0,SSD,Intel N200,0,15.6,Intel Processor N200,4,Alder Lake-N,Intel,15.6,Estandar,0,0,0,0,0,0,0,0,1,2.0,7.0,4.0,0.0,0,False,False,False,False,False,False,False,True,False,False,False,False,False,False,False,False,False,False,False,False,False,False,False,False,False,7495.881336415224,-1903.8813364152238
Laptop Oficinista Hp 445 G7 Ryzen 5 8gb Ram 256gb Ssd W11 (Reacondicionado),5899.0,8.0,256.0,SSD,Ryzen 5,0,,AMD Ryzen 5,No especificado,No especificado,AMD,,Estandar,1,0,0,0,0,0,0,0,4,3.0,8.0,32.0,0.0,0,False,False,False,False,False,False,False,True,False,False,False,False,False,False,False,False,False,False,False,False,False,False,False,False,False,6062.794747837063,-163.79474783706337
Laptop Hp Notebook Intel Core I5 13ª Gen 12gb Ram 512gb Ssd 15.6 Pulgadas Windows 11 Home,14877.0,12.0,512.0,SSD,Core I5,0,15.6,Intel Core i5,No especificado,No especificado,Intel,15.6,Estandar,0,0,0,0,0,0,0,0,4,3.584962500721156,9.0,48.0,0.0,0,False,False,False,False,False,False,False,True,False,False,False,False,False,False,False,False,False,False,False,False,False,False,False,False,False,15692.546820280411,-815.5468202804113
Laptop Hp Probook 440 G8 Intel I7 1165g7 32gb 1tb Ssd Win 11 (Reacondicionado),10989.0,32.0,1024.0,SSD,No especificado,0,,No especificado,No especificado,No especificado,Intel,,Estandar,1,0,1,0,0,0,0,0,5,5.0,10.0,160.0,0.0,0,False,False,False,False,False,False,False,True,False,False,False,False,False,False,False,False,False,False,False,False,False,False,False,False,False,15728.154313145189,-4739.154313145189
"Laptop Hp 14, Celeron N4120, 4gb Ram, 64gb Emmc, Windows 11 Color Negro - Excelente (Reacondicionado)",3999.0,4.0,64.0,SSD,Celeron,0,,No especificado,No especificado,No especificado,Intel,14.0,Estandar,1,0,0,0,0,0,0,0,1,2.0,6.0,4.0,0.0,0,False,False,False,False,False,False,False,True,False,False,False,False,False,False,False,False,False,False,False,False,False,False,False,False,False,4219.390506557859,-220.39050655785923
Hp Probook 4g1i Ai Pc 16 Intel Ultra 7 16gb 512gb Win Pro Plateado,26199.0,16.0,512.0,SSD,No especificado,0,,No especificado,No especificado,No especificado,Intel,16.0,Grande,0,0,1,0,0,0,0,0,5,4.0,9.0,80.0,0.0,0,False,False,False,False,False,False,False,True,False,False,False,False,False,False,False,False,False,False,False,False,False,False,False,False,False,25085.88409957713,1113.1159004228684
Laptop Hp 255 G10 15.6  Fhd Amd Ryzen 3 16gb Ssd 512gb,11299.0,16.0,512.0,SSD,Ryzen 3,0,15.6,AMD Ryzen 3,No especificado,No especificado,AMD,15.6,Estandar,0,0,0,0,0,0,0,0,3,4.0,9.0,48.0,0.0,0,False,False,False,False,False,False,False,True,False,False,False,False,False,False,False,False,False,False,False,False,False,False,False,False,False,16074.740055814691,-4775.740055814691
Laptop Hp Probook 450 G4 Core I5 7ma Gen 8gb Ram 120gb Ssd (Reacondicionado),4499.0,8.0,120.0,SSD,Core I5,0,,Intel Core i5,No especificado,No especificado,Intel,,Estandar,1,0,1,0,0,0,0,0,4,3.0,6.906890595608519,32.0,0.0,0,False,False,False,False,False,False,False,True,False,False,False,False,False,False,False,False,False,False,False,False,False,False,False,False,False,4649.330183734083,-150.33018373408322
Laptop Hp 245 G10 Ryzen 5 8gb Ram 512gb Ssd Windows 11,9999.0,8.0,512.0,SSD,Ryzen 5,0,,AMD Ryzen 5,No especificado,No especificado,AMD,,Estandar,0,0,0,0,0,0,0,0,4,3.0,9.0,32.0,0.0,0,False,False,False,False,False,False,False,True,False,False,False,False,False,False,False,False,False,False,False,False,False,False,False,False,False,13053.852103794592,-3054.852103794592
Laptop Hp Elitebook 820 G4 Core I5-7300u Ram 8gb M.2 256gb (Reacondicionado),3799.0,8.0,256.0,SSD,Core I5,0,,Intel Core i5,No especificado,No especificado,Intel,,Estandar,1,0,1,0,0,0,0,0,4,3.0,8.0,32.0,0.0,0,False,False,False,False,False,False,False,True,False,False,False,False,False,False,False,False,False,False,False,False,False,False,False,False,False,6052.241739805315,-2253.241739805315
Hp Zbook Power G11 Ryzen 7-8845hs 32gb 512gb Rtx 1000 Ada (Reacondicionado),26499.0,32.0,512.0,SSD,Ryzen 7,1,,No especificado,No especificado,No especificado,AMD,,Estandar,1,1,1,0,0,0,0,0,5,5.0,9.0,160.0,0.0,0,False,False,False,False,False,False,False,True,False,False,False,False,False,False,False,False,False,False,False,False,False,False,False,False,False,28572.70183684371,-2073.7018368437093
Laptop Hp Probook 450 G4 Core I5 -7ma Gen 16gb Ram 240gb Ssd (Reacondicionado),5799.0,16.0,240.0,SSD,Core I5,0,,Intel Core i5,No especificado,No especificado,Intel,,Estandar,1,0,1,0,0,0,0,0,4,4.0,7.906890595608519,64.0,0.0,0,False,False,False,False,False,False,False,True,False,False,False,False,False,False,False,False,False,False,False,False,False,False,False,False,False,5693.066441640545,105.93355835945476
Increíble Laptop Core I7-6th 32 Gb Ram 256 Gb Ssd Windows11 (Reacondicionado),6700.0,32.0,256.0,SSD,Core I7,0,,Intel Core i7,No especificado,No especificado,Intel,,Estandar,1,0,0,0,0,0,0,0,5,5.0,8.0,160.0,0.0,0,False,False,False,False,False,False,False,False,False,False,False,False,False,False,False,False,False,False,False,False,False,False,True,False,False,11092.387344420671,-4392.387344420671
Laptop Hp Probook 440 G8 Intel I7 1165g7 16gb 512 Ssd Win 11 (Reacondicionado),8289.0,16.0,512.0,SSD,No especificado,0,,No especificado,No especificado,No especificado,Intel,,Estandar,1,0,1,0,0,0,0,0,5,4.0,9.0,80.0,0.0,0,False,False,False,False,False,False,False,True,False,False,False,False,False,False,False,False,False,False,False,False,False,False,False,False,False,14130.737994135246,-5841.7379941352465
Notebook Hp Intel Processor N150 4gb 128gb 14'' Win 11 Blue,4585.0,4.0,128.0,SSD,No especificado,0,,No especificado,No especificado,No especificado,Intel,14.0,Estandar,0,0,0,0,0,0,0,0,1,2.0,7.0,4.0,0.0,0,False,False,False,False,False,False,False,True,False,False,False,False,False,False,False,False,False,False,False,False,False,False,False,False,False,7495.881336415224,-2910.881336415224
Laptop Hp Probook 4 G1q 14  Ai Snapdragon X 16gb Ram 512gb S,23429.0,16.0,512.0,SSD,No especificado,0,,No especificado,No especificado,No especificado,Otros,14.0,Estandar,0,0,1,0,0,0,0,0,2,4.0,9.0,32.0,0.0,0,False,False,False,False,False,False,False,True,False,False,False,False,False,False,False,False,False,False,False,False,False,False,False,False,False,20606.419597927354,2822.5804020726464
"Laptop Hp 240 G10, Intel Core U5, 8gb Ram, 512gb Ssd, Win 11",11899.0,8.0,512.0,SSD,No especificado,0,,No especificado,No especificado,No especificado,Intel,,Estandar,0,0,0,0,0,0,0,0,2,3.0,9.0,16.0,0.0,0,False,False,False,False,False,False,False,True,False,False,False,False,False,False,False,False,False,False,False,False,False,False,False,False,False,12333.815203088721,-434.8152030887213
Hp Zbook Firefly 14 G10  Core I7-1355u 16gb 1tb 14 Rtx 4gb (Reacondicionado),17800.0,16.0,1024.0,SSD,Core I7,1,,Intel Core i7-1355U,10,13ª Gen (Raptor Lake),Intel,14.0,Estandar,1,1,1,0,0,0,0,0,5,4.0,10.0,80.0,0.0,0,False,False,False,False,False,False,False,True,False,False,False,False,False,False,False,False,False,False,False,False,False,False,False,False,False,22927.55474764204,-5127.55474764204
Hp Victus 15-fb0125  Ryzen 7-5800h 16gb 1tb 15.6 Rtx 4gb W11 (Reacondicionado),18200.0,16.0,1024.0,SSD,Ryzen 7,1,15.6,AMD Ryzen 7 5800H,8,Serie 5000 (Zen 3),AMD,15.6,Estandar,1,1,0,0,0,0,0,0,5,4.0,10.0,80.0,0.0,0,False,False,False,False,False,False,False,True,False,False,False,False,False,False,False,False,False,False,False,False,False,False,False,False,False,25615.251910369545,-7415.251910369545
"Notebook HP 255 G10 con AMD Ryzen 7, 16 GB RAM y 512 GB SSD",19999.0,16.0,512.0,SSD,Ryzen 7,0,,No especificado,No especificado,No especificado,AMD,16.0,Grande,0,0,0,0,0,0,0,0,5,4.0,9.0,80.0,0.0,0,False,False,False,False,False,False,False,True,False,False,False,False,False,False,False,False,False,False,False,False,False,False,False,False,False,19185.422668678584,813.5773313214158
"Laptop Hp 200 G2i Intel Core 5 120u 8gb Ddr5 512gb Ssd, 16"" IPS WUXGA",11499.0,8.0,512.0,SSD,No especificado,0,16.0,No especificado,No especificado,No especificado,Intel,16.0,Grande,0,0,0,0,0,0,0,0,2,3.0,9.0,16.0,0.0,0,False,False,False,False,False,False,False,True,False,False,False,False,False,False,False,False,False,False,False,False,False,False,False,False,False,12333.815203088721,-834.8152030887213
Potente Laptop Core I7-6th 32 Gb Ram 512 Gb Ssd Windows 11 (Reacondicionado),7050.0,32.0,512.0,SSD,Core I7,0,,Intel Core i7,No especificado,No especificado,Intel,,Estandar,1,0,0,0,0,0,0,0,5,5.0,9.0,160.0,0.0,0,False,False,False,False,False,False,False,False,False,False,False,False,False,False,False,False,False,False,False,False,False,False,True,False,False,12067.958674603173,-5017.958674603173
Remate Laptop Hp Probook 450 Core I5 7ma Gen/8gbram/120gbssd (Reacondicionado),4799.0,8.0,120.0,SSD,Core I5,0,,Intel Core i5,No especificado,No especificado,Intel,,Estandar,1,0,1,0,0,0,0,0,4,3.0,6.906890595608519,32.0,0.0,0,False,False,False,False,False,False,False,True,False,False,False,False,False,False,False,False,False,False,False,False,False,False,False,False,False,4649.330183734083,149.66981626591678
Laptop Hp 11anb0013dx Intel 3350 4gb 32gb (reacondicionado) (Reacondicionado),19999.0,4.0,32.0,SSD,No especificado,0,,No especificado,No especificado,No especificado,Intel,,Estandar,1,0,0,0,0,0,0,0,2,2.0,5.0,8.0,0.0,0,False,False,False,False,False,False,False,True,False,False,False,False,False,False,False,False,False,False,False,False,False,False,False,False,False,8373.626135955834,11625.373864044166
Hp Laptop Core I5 8gb Ram 256ssd Lista Para Trabajar (Reacondicionado),4735.0,8.0,256.0,SSD,Core I5,0,,Intel Core i5,No especificado,No especificado,Intel,,Estandar,1,0,0,0,0,0,0,0,4,3.0,8.0,32.0,0.0,0,False,False,False,False,False,False,False,True,False,False,False,False,False,False,False,False,False,False,False,False,False,False,False,False,False,6062.794747837063,-1327.7947478370634
Laptop Hp 14 Pulgadas Intel Celeron 4gb Ram 128gb,9923.0,4.0,128.0,SSD,Celeron,0,14.0,No especificado,No especificado,No especificado,Intel,14.0,Estandar,0,0,0,0,0,0,0,0,1,2.0,7.0,4.0,0.0,0,False,False,False,False,False,False,False,True,False,False,False,False,False,False,False,False,False,False,False,False,False,False,False,False,False,7495.881336415224,2427.118663584776
Notebook Hp Intel Core I7 16gb Ram Ddr5 512gb Ssd,30598.0,16.0,512.0,SSD,Core I7,0,,Intel Core i7,No especificado,No especificado,Intel,,Estandar,0,0,0,0,0,0,0,0,5,4.0,9.0,80.0,0.0,0,False,False,False,False,False,False,False,True,False,False,False,False,False,False,False,False,False,False,False,False,False,False,False,False,False,19185.422668678584,11412.577331321416
Notebook Hp 15t-fd000 Intel Core I5 16gb Ram 1tb,24466.0,16.0,1024.0,SSD,Core I5,0,,Intel Core i5,No especificado,No especificado,Intel,,Estandar,0,0,0,0,0,0,0,0,4,4.0,10.0,64.0,0.0,0,False,False,False,False,False,False,False,True,False,False,False,False,False,False,False,False,False,False,False,False,False,False,False,False,False,21253.870278577335,3212.129721422665
Hp Laptop Intel Core I7 10 Nucleos 16gb Ram 512gb,22248.0,16.0,512.0,SSD,Core I7,0,,Intel Core i7,No especificado,No especificado,Intel,,Estandar,0,0,0,0,0,0,0,0,5,4.0,9.0,80.0,0.0,0,False,False,False,False,False,False,False,True,False,False,False,False,False,False,False,False,False,False,False,False,False,False,False,False,False,19185.422668678584,3062.577331321416
Laptop Hp 15.6 Intel Core I5 32gb Ram 1tb Ssd,32981.0,32.0,1024.0,SSD,Core I5,0,15.6,Intel Core i5,No especificado,No especificado,Intel,15.6,Estandar,0,0,0,0,0,0,0,0,4,5.0,10.0,128.0,0.0,0,False,False,False,False,False,False,False,True,False,False,False,False,False,False,False,False,False,False,False,False,False,False,False,False,False,23109.239698028472,9871.760301971528
Laptop Hp 3565r5 Amd Ryzen 5 7430u 16gb Ram 1tb,29361.0,16.0,1024.0,SSD,Ryzen 5,0,,AMD Ryzen 5,No especificado,No especificado,AMD,,Estandar,0,0,0,0,0,0,0,0,4,4.0,10.0,64.0,0.0,0,False,False,False,False,False,False,False,True,False,False,False,False,False,False,False,False,False,False,False,False,False,False,False,False,False,21253.870278577335,8107.129721422665
Hp Chromebook 14 Intel Celeron N4500 4gb Ram 64gb,10152.0,4.0,64.0,SSD,Celeron,0,,No especificado,No especificado,No especificado,Intel,14.0,Estandar,0,0,0,0,0,0,0,0,1,2.0,6.0,4.0,0.0,0,False,False,False,False,False,False,False,True,False,False,False,False,False,False,False,False,False,False,False,False,False,False,False,False,False,6761.548569844263,3390.4514301557374
Notebook Hp Ultrabook Intel Celeron 4gb Ram 64gb,10194.0,4.0,64.0,SSD,Celeron,0,,No especificado,No especificado,No especificado,Intel,,Estandar,0,0,0,0,0,0,0,0,1,2.0,6.0,4.0,0.0,0,False,False,False,False,False,False,False,True,False,False,False,False,False,False,False,False,False,False,False,False,False,False,False,False,False,6761.548569844263,3432.4514301557374
Laptop Hp Ultrabook Intel Celeron 4gb Ram 64gb,10102.0,4.0,64.0,SSD,Celeron,0,,No especificado,No especificado,No especificado,Intel,,Estandar,0,0,0,0,0,0,0,0,1,2.0,6.0,4.0,0.0,0,False,False,False,False,False,False,False,True,False,False,False,False,False,False,False,False,False,False,False,False,False,False,False,False,False,6761.548569844263,3340.4514301557374
Hp Chromebook 14 Laptop Intel Celeron N4000 4gb Ram 32gb,6361.0,4.0,32.0,SSD,Celeron,0,,No especificado,No especificado,No especificado,Intel,14.0,Estandar,0,0,0,0,0,0,0,0,1,2.0,5.0,4.0,0.0,0,False,False,False,False,False,False,False,True,False,False,False,False,False,False,False,False,False,False,False,False,False,False,False,False,False,6104.404654349254,256.5953456507459
Laptop Hp Stream 14 Intel 4-core 4gb Ram 1120gb,11027.0,4.0,1120.0,SSD,No especificado,0,,No especificado,No especificado,No especificado,Intel,14.0,Estandar,0,0,0,0,0,0,0,0,2,2.0,10.129283016944967,8.0,0.0,0,False,False,False,False,False,False,False,True,False,False,False,False,False,False,False,False,False,False,False,False,False,False,False,False,False,8281.235775448784,2745.764224551216
Notebook Hp Intel Core I5 16gb Ram 512gb Ssd,26392.0,16.0,512.0,SSD,Core I5,0,,Intel Core i5,No especificado,No especificado,Intel,,Estandar,0,0,0,0,0,0,0,0,4,4.0,9.0,64.0,0.0,0,False,False,False,False,False,False,False,True,False,False,False,False,False,False,False,False,False,False,False,False,False,False,False,False,False,17364.92034604292,9027.07965395708
Notebook Hp 15.6 Intel Core I5 16gb Ram 1tb Ssd,30444.0,16.0,1024.0,SSD,Core I5,0,15.6,Intel Core i5,No especificado,No especificado,Intel,15.6,Estandar,0,0,0,0,0,0,0,0,4,4.0,10.0,64.0,0.0,0,False,False,False,False,False,False,False,True,False,False,False,False,False,False,False,False,False,False,False,False,False,False,False,False,False,21253.870278577335,9190.129721422665
Laptop Hp 15.6 Intel Core I5 1334u 16gb Ram 1.5tb,28436.0,16.0,1536.0,SSD,Core I5,0,15.6,Intel Core i5,No especificado,No especificado,Intel,15.6,Estandar,0,0,0,0,0,0,0,0,4,4.0,10.584962500721156,64.0,0.0,0,False,False,False,False,False,False,False,True,False,False,False,False,False,False,False,False,False,False,False,False,False,False,False,False,False,24016.3305732487,4419.669426751301
Laptop Hp 15.6 Pulgadas Intel N200 16gb Ram 128gb,14969.0,16.0,128.0,SSD,Intel N200,0,15.6,Intel Processor N200,4,Alder Lake-N,Intel,15.6,Estandar,0,0,0,0,0,0,0,0,1,4.0,7.0,16.0,0.0,0,False,False,False,False,False,False,False,True,False,False,False,False,False,False,False,False,False,False,False,False,False,False,False,False,False,10160.519054818593,4808.480945181407
Laptop Hp Ultrabook Intel Atom N100 4gb Ram 128gb,12380.0,4.0,128.0,SSD,No especificado,0,,Intel Processor N100,4,Alder Lake-N,Intel,,Estandar,0,0,0,0,0,0,0,0,1,2.0,7.0,4.0,0.0,0,False,False,False,False,False,False,False,True,False,False,False,False,False,False,False,False,False,False,False,False,False,False,False,False,False,7495.881336415224,4884.118663584776
Laptop HP 15-fc0027 Ryzen 7 7730U 32GB 512GB SSD 15.6 FHD Táctil,21299.0,32.0,512.0,SSD,Ryzen 7,0,15.6,AMD Ryzen 7 7730U,8,Serie 7000 (Zen 3),AMD,15.6,Estandar,0,0,0,0,1,0,0,0,5,5.0,9.0,160.0,0.0,0,False,False,False,False,False,False,False,True,False,False,False,False,False,False,False,False,False,False,False,False,False,False,False,False,False,18761.444221771297,2537.5557782287033
Laptop Hp Probook 650 G5 Core I5-8365u/16gbram/256gb Ssd M2 (Reacondicionado),5749.0,16.0,256.0,SSD,Core I5,0,,Apple M2,8,Apple Silicon (2ª Gen),Apple,,Estandar,1,0,1,0,0,0,0,0,5,4.0,8.0,80.0,0.0,0,False,False,False,False,False,False,False,True,False,False,False,False,False,False,False,False,False,False,False,False,False,False,False,False,False,7824.10027000356,-2075.1002700035597
"Laptop HP de 14"" con Intel Core i3, 8 GB de RAM y SSD de 256 GB",10499.0,8.0,256.0,SSD,Core I3,0,14.0,Intel Core i3,No especificado,No especificado,Intel,14.0,Estandar,0,0,0,0,0,0,0,0,3,3.0,8.0,24.0,0.0,0,False,False,False,False,False,False,False,True,False,False,False,False,False,False,False,False,False,False,False,False,False,False,False,False,False,10454.363186473598,44.636813526401966
Laptop Hp 15-fd0154wm 15.6  Core I5 16gb 512gb Ssd Fhd Touch (Reacondicionado),12999.0,16.0,512.0,SSD,Core I5,0,15.6,Intel Core i5,No especificado,No especificado,Intel,15.6,Estandar,1,0,0,0,1,0,0,0,4,4.0,9.0,64.0,0.0,0,False,False,False,False,False,False,False,True,False,False,False,False,False,False,False,False,False,False,False,False,False,False,False,False,False,15850.286616161344,-2851.2866161613438
Laptop Hp 17.3  Táctil I7-1355u 16gb 1tb Ssd,28475.0,16.0,1024.0,SSD,No especificado,0,17.3,Intel Core i7-1355U,10,13ª Gen (Raptor Lake),Intel,17.3,Grande,0,0,0,0,1,0,0,0,5,4.0,10.0,80.0,0.0,0,False,False,False,False,False,False,False,True,False,False,False,False,False,False,False,False,False,False,False,False,False,False,False,False,False,23396.721903113794,5078.278096886206
HP Laptop 15-fc0070la AMD Ryzen 5 16GB RAM 512GB SSD FHD,13249.0,16.0,512.0,SSD,Ryzen 5,0,,AMD Ryzen 5,No especificado,No especificado,AMD,,Estandar,0,0,0,0,0,0,0,0,4,4.0,9.0,64.0,0.0,0,False,False,False,False,False,False,False,True,False,False,False,False,False,False,False,False,False,False,False,False,False,False,False,False,False,17364.92034604292,-4115.92034604292
Laptop Gamer HP Victus NVIDIA GeForce RTX 4050 AMD Ryzen 7 16GB RAM 512GB SSD Windows 11 Home (Nuevo con caja abierta),26000.0,16.0,512.0,SSD,Ryzen 7,1,,No especificado,No especificado,No especificado,AMD,,Estandar,1,1,0,0,0,0,0,2,5,4.0,9.0,80.0,32.0,2,False,False,False,False,False,False,False,True,False,False,False,False,False,False,False,False,False,False,False,False,False,False,False,False,False,25233.102003723412,766.897996276588
"Notebook HP 14-dk1014la con Procesador AMD Athlon Silver, 1 TB de Disco y 8 GB de RAM",11000.0,8.0,1024.0,SSD,Athlon,0,,No especificado,No especificado,No especificado,AMD,14.0,Estandar,0,0,0,0,0,0,0,0,1,3.0,10.0,8.0,0.0,0,False,False,False,False,False,False,False,True,False,False,False,False,False,False,False,False,False,False,False,False,False,False,False,False,False,9225.646409888357,1774.353590111643
"Laptop HP Gaming Victus 15-fb2002la, AMD Ryzen 5, 8GB RAM, GPU de portátil NVIDIA GeForce RTX 3050 (GDDR6 de 6 GB dedicada), 512 GB SSD, 15.6"", FHD, Windows 11 Home",16000.0,8.0,512.0,SSD,Ryzen 5,1,15.6,AMD Ryzen 5,No especificado,No especificado,AMD,15.6,Estandar,0,1,0,0,0,0,0,2,4,3.0,9.0,32.0,16.0,2,False,False,False,False,False,False,False,True,False,False,False,False,False,False,False,False,False,False,False,False,False,False,False,False,False,20345.209119395793,-4345.209119395793
Laptop Hp 240r G9 Intel Core I3 16gb Ram 512gb Ssd Windows 11 Home,13000.0,16.0,512.0,SSD,Core I3,0,,Intel Core i3,No especificado,No especificado,Intel,,Estandar,0,0,0,0,0,0,0,0,3,4.0,9.0,48.0,0.0,0,False,False,False,False,False,False,False,True,False,False,False,False,False,False,False,False,False,False,False,False,False,False,False,False,False,16074.740055814691,-3074.740055814691
"Laptop HP 14-em0251la, AMD Ryzen 5, 8 GB RAM, 512 GB SSD, 14"" FHD, Windows 11 Home Plateado",9500.0,8.0,512.0,SSD,Ryzen 5,0,14.0,AMD Ryzen 5,No especificado,No especificado,AMD,14.0,Estandar,0,0,0,0,0,0,0,0,4,3.0,9.0,32.0,0.0,0,False,False,False,False,False,False,False,True,False,False,False,False,False,False,False,False,False,False,False,False,False,False,False,False,False,13053.852103794592,-3553.852103794592
Notebook Hp 245 G9 Ryzen 3 3250u 8gb M.2 512gb Ssd 14 7f213lt Color Negro,6670.0,8.0,512.0,SSD,Ryzen 3,0,,AMD Ryzen 3 3250U,2,Serie 3000 (Zen+),AMD,14.0,Estandar,0,0,0,0,0,0,0,0,3,3.0,9.0,24.0,0.0,0,False,False,False,False,False,False,False,True,False,False,False,False,False,False,False,False,False,False,False,False,False,False,False,False,False,12944.669713710266,-6274.669713710266
"Hp Laptop 15-fc0000la, 15.6 Amd Ryzen3 8gb Ram 512gb Ssd Color Dorado",12000.0,8.0,512.0,SSD,Ryzen3,0,15.6,AMD Ryzen 3,No especificado,No especificado,AMD,15.6,Estandar,0,0,0,0,0,0,0,0,2,3.0,9.0,16.0,0.0,0,False,False,False,False,False,False,False,True,False,False,False,False,False,False,False,False,False,False,False,False,False,False,False,False,False,12333.815203088721,-333.8152030887213
Laptop Hp Envy X360 2-in-1 15.6 Intel Core Ultra 7 155U - 16GB Ram 512GB Ssd - W11,24000.0,16.0,512.0,SSD,No especificado,0,15.6,No especificado,No especificado,No especificado,Intel,15.6,Estandar,0,0,0,0,1,0,0,0,5,4.0,9.0,80.0,0.0,0,False,False,False,False,False,False,False,True,False,False,False,False,False,False,False,False,False,False,False,False,False,False,False,False,False,19033.090776113222,4966.909223886778
Laptop HP Ryzen 5 16GB 1TB 1000GB SSD FHD 15.6'',11000.0,16.0,1024.0,SSD,Ryzen 5,0,15.6,AMD Ryzen 5,No especificado,No especificado,AMD,15.6,Estandar,0,0,0,0,0,0,0,0,4,4.0,10.0,64.0,0.0,0,False,False,False,False,False,False,False,True,False,False,False,False,False,False,False,False,False,False,False,False,False,False,False,False,False,21253.870278577335,-10253.870278577335
Notebook Hp Cw-1501la/ryzen 3 /8gb/1tb Hdd/ Rx Vega 6/ 15.6,12000.0,8.0,1024.0,SSD,Ryzen 3,0,15.6,AMD Ryzen 3,No especificado,No especificado,AMD,15.6,Estandar,0,0,0,0,0,0,0,0,3,3.0,10.0,24.0,0.0,0,False,False,False,False,False,False,False,True,False,False,False,False,False,False,False,False,False,False,False,False,False,False,False,False,False,10986.012645208075,1013.9873547919251
Laptop Hp Pavilion 13-bb0502la Intel Core I5 1135 8gb 256gb Plata Natural (Nuevo con caja abierta),8499.0,8.0,256.0,SSD,Core I5,0,,Intel Core i5,No especificado,No especificado,Intel,,Estandar,1,0,0,0,0,0,0,0,4,3.0,8.0,32.0,0.0,0,False,False,False,False,False,False,False,True,False,False,False,False,False,False,False,False,False,False,False,False,False,False,False,False,False,6062.794747837063,2436.2052521629366
HP Probook X360 435 G7 2 en 1 con pantalla táctil Amd Ryzen 7 Pro 4750u 16 GB Ddr4 512 GB SSD Amd Radeon Graphics 13.3 Full Hd 1080p Windows 11 Pro - Excelente (Reacondicionado),9000.0,16.0,512.0,SSD,Ryzen 7,0,13.3,No especificado,No especificado,No especificado,AMD,13.3,Ultraportatil,1,0,1,0,1,0,0,1,5,4.0,9.0,80.0,16.0,0,False,False,False,False,False,False,False,True,False,False,False,False,False,False,False,False,False,False,False,False,False,False,False,False,False,13492.064554297014,-4492.064554297014
"Laptop HP 14-em0017la, 14"", AMD Ryzen™ 5, 8GB RAM, 512GB SSD, FHD, Windows 11 Home Single Language (Nuevo con caja abierta)",9500.0,8.0,512.0,SSD,No especificado,0,14.0,No especificado,No especificado,No especificado,AMD,14.0,Estandar,1,0,0,0,0,0,0,0,2,3.0,9.0,16.0,0.0,0,False,False,False,False,False,False,False,True,False,False,False,False,False,False,False,False,False,False,False,False,False,False,False,False,False,10717.367950554204,-1217.367950554204
"Hp Pavilion Gaming Ryzen 7 32gb 512gb + 1tb 15,6 Gtx 1660ti",18000.0,32.0,1024.0,SSD,Ryzen 7,1,15.6,No especificado,No especificado,No especificado,AMD,15.6,Estandar,0,1,0,0,0,0,0,2,5,5.0,10.0,160.0,64.0,2,False,False,False,False,False,False,False,True,False,False,False,False,False,False,False,False,False,False,False,False,False,False,False,False,False,31889.910704365084,-13889.910704365084
Laptop Hp 14-dq0526la Intel Celeron 4gb Ram 128gbssd,5500.0,4.0,128.0,SSD,Celeron,0,,No especificado,No especificado,No especificado,Intel,14.0,Estandar,0,0,0,0,0,0,0,0,1,2.0,7.0,4.0,0.0,0,False,False,False,False,False,False,False,True,False,False,False,False,False,False,False,False,False,False,False,False,False,False,False,False,False,7495.881336415224,-1995.8813364152238
Laptop Hp Gaming Victus 16-d0537la Intel Corei5 8gbram 512gb Azul Metalizado Brillante (Nuevo con caja abierta),16000.0,8.0,512.0,SSD,Corei5,0,,Intel Core i5,No especificado,No especificado,Intel,16.0,Grande,1,1,0,0,0,0,0,0,4,3.0,9.0,32.0,0.0,0,False,False,False,False,False,False,False,True,False,False,False,False,False,False,False,False,False,False,False,False,False,False,False,False,False,14681.569431373156,1318.4305686268435
Laptop Hp Intel Core I3 4gb 1tb Win 10 Home 14 2k2p2lt Color 52049 - Aceptable (Reacondicionado),3000.0,4.0,1024.0,SSD,Core I3,0,,Intel Core i3,No especificado,No especificado,Intel,14.0,Estandar,1,0,0,0,0,0,0,0,3,2.0,10.0,12.0,0.0,0,False,False,False,False,False,False,False,True,False,False,False,False,False,False,False,False,False,False,False,False,False,False,False,False,False,6227.151039377289,-3227.1510393772887
Notebook HP ProBook 450 G3 negro/plata 16GB de Ram - 256GB SSD - Intel Core i5 - Excelente (Reacondicionado),4900.0,16.0,256.0,SSD,Core I5,0,,Intel Core i5,No especificado,No especificado,Intel,,Estandar,1,0,1,0,0,0,0,0,4,4.0,8.0,64.0,0.0,0,False,False,False,False,False,False,False,True,False,False,False,False,False,False,False,False,False,False,False,False,False,False,False,False,False,6671.75293620626,-1771.7529362062596
Hp Elitebook 850 G6 Core I5 16gb Ram 256gb  Ssd 15.6 Full Hd (Reacondicionado),6500.0,16.0,256.0,SSD,Core I5,0,15.6,Intel Core i5,No especificado,No especificado,Intel,15.6,Estandar,1,0,1,0,0,0,0,0,4,4.0,8.0,64.0,0.0,0,False,False,False,False,False,False,False,True,False,False,False,False,False,False,False,False,False,False,False,False,False,False,False,False,False,6671.75293620626,-171.75293620625962
Laptop Hp Zbook 17 G3 Core I7 32gb 512gb Ssd Quadro M5000m (Reacondicionado),6850.0,32.0,512.0,SSD,Core I7,1,,Intel Core i7,No especificado,No especificado,Intel,,Estandar,1,0,1,0,0,0,0,0,5,5.0,9.0,160.0,0.0,0,False,False,False,False,False,False,False,True,False,False,False,False,False,False,False,False,False,False,False,False,False,False,False,False,False,15505.708579073762,-8655.708579073762
Hp Probook 440 G7 Celeron 8gb 120gb Ssd Win 11 Garantía 90d (Reacondicionado),4599.0,8.0,120.0,SSD,Celeron,0,,No especificado,No especificado,No especificado,Intel,,Estandar,1,0,1,0,0,0,0,0,1,3.0,6.906890595608519,8.0,0.0,0,False,False,False,False,False,False,False,True,False,False,False,False,False,False,False,False,False,False,False,False,False,False,False,False,False,4828.36936489899,-229.36936489899017
Laptop Hp Probook 640 G5 Corei5 8gb Ram 240gb Ssd Win11 Pro,3500.0,8.0,240.0,SSD,Corei5,0,,Intel Core i5,No especificado,No especificado,Intel,,Estandar,0,0,1,0,0,0,0,0,4,3.0,7.906890595608519,32.0,0.0,0,False,False,False,False,False,False,False,True,False,False,False,False,False,False,False,False,False,False,False,False,False,False,False,False,False,4501.304895594248,-1001.3048955942477
Laptop Hp Pavilion Core I7-8550u Ram 8gb Ssd 256gb 15.6,4290.0,8.0,256.0,SSD,Core I7,0,15.6,Intel Core i7,No especificado,No especificado,Intel,15.6,Estandar,0,0,0,0,0,0,0,0,5,3.0,8.0,40.0,0.0,0,False,False,False,False,False,False,False,True,False,False,False,False,False,False,False,False,False,False,False,False,False,False,False,False,False,15030.59573425884,-10740.59573425884
Laptop Hp Probook 430 G2 Core I5 8gb 240gb Ssd Win 11 Pro,2000.0,8.0,240.0,SSD,Core I5,0,,Intel Core i5,No especificado,No especificado,Intel,,Estandar,0,0,1,0,0,0,0,0,4,3.0,7.906890595608519,32.0,0.0,0,False,False,False,False,False,False,False,True,False,False,False,False,False,False,False,False,False,False,False,False,False,False,False,False,False,4501.304895594248,-2501.3048955942477
"Hp Pavilion 240 G8, 14' Core I3-11th, 8gb Ram, 256gb Ssd",4499.0,8.0,256.0,SSD,Core I3,0,,Intel Core i3,No especificado,No especificado,Intel,14.0,Estandar,0,0,0,0,0,0,0,0,3,3.0,8.0,24.0,0.0,0,False,False,False,False,False,False,False,True,False,False,False,False,False,False,False,False,False,False,False,False,False,False,False,False,False,10454.363186473598,-5955.363186473598
Hp Laptop 15-db00014la. Amd A9-9425. 4gb Ram. 1tb Hdd Win 11,3500.0,4.0,1024.0,SSD,No especificado,0,,No especificado,No especificado,No especificado,AMD,,Estandar,0,0,0,0,0,0,0,0,2,2.0,10.0,8.0,0.0,0,False,False,False,False,False,False,False,True,False,False,False,False,False,False,False,False,False,False,False,False,False,False,False,False,False,6391.8112080280835,-2891.8112080280835
"Hp 240 G5 14' Core I5-6th, 8gb Ram, 128gb Ssd, Win 11",3399.0,8.0,128.0,SSD,Core I5,0,,Intel Core i5,No especificado,No especificado,Intel,14.0,Estandar,0,0,0,0,0,0,0,0,4,3.0,7.0,32.0,0.0,0,False,False,False,False,False,False,False,True,False,False,False,False,False,False,False,False,False,False,False,False,False,False,False,False,False,9237.899943231756,-5838.899943231756
"Hp 14-dk1010la 14' Athlon Silver, 8gb Ram, 500gb + 128gb Ssd",3199.0,8.0,128.0,SSD,Athlon,0,,No especificado,No especificado,No especificado,AMD,14.0,Estandar,0,0,0,0,0,0,0,0,1,3.0,7.0,8.0,0.0,0,False,False,False,False,False,False,False,True,False,False,False,False,False,False,False,False,False,False,False,False,False,False,False,False,False,8705.603752867748,-5506.603752867748
"Laptop Hp 240 G10, Intel Core I7-1355, 16gb Ram, 512gb Ssd",8600.0,16.0,512.0,SSD,Core I7,0,,Intel Core i7,No especificado,No especificado,Intel,,Estandar,0,0,0,0,0,0,0,0,5,4.0,9.0,80.0,0.0,0,False,False,False,False,False,False,False,True,False,False,False,False,False,False,False,False,False,False,False,False,False,False,False,False,False,19185.422668678584,-10585.422668678584
Oferta Laptop Hp 840 I5 2.2ghz Ram 8gb D.d 1tb C/huella,2200.0,8.0,1024.0,SSD,No especificado,0,,No especificado,No especificado,No especificado,Intel,,Estandar,0,0,0,0,0,0,0,0,4,3.0,10.0,32.0,0.0,0,False,False,False,False,False,False,False,True,False,False,False,False,False,False,False,False,False,False,False,False,False,False,False,False,False,15030.180647822113,-12830.180647822113
Laptop Hp 14 Ryzen 16gb Ram 480gb Ssd Barata Seminueva,4200.0,16.0,480.0,SSD,Ryzen 1,0,,No especificado,No especificado,No especificado,AMD,14.0,Estandar,0,0,0,0,0,0,0,0,2,4.0,8.906890595608518,32.0,0.0,0,False,False,False,False,False,False,False,True,False,False,False,False,False,False,False,False,False,False,False,False,False,False,False,False,False,5656.817937422852,-1456.817937422852
Hp 15.6 Core I3 8gb Ram 128gb Ssd Barata Tmi,2800.0,8.0,128.0,SSD,Core I3,0,15.6,Intel Core i3,No especificado,No especificado,Intel,15.6,Estandar,0,0,0,0,0,0,0,0,3,3.0,7.0,24.0,0.0,0,False,False,False,False,False,False,False,True,False,False,False,False,False,False,False,False,False,False,False,False,False,False,False,False,False,8587.560709053341,-5787.560709053341
"Laptop Hp Zbook 15 G2 Empresarial 16 Gb Ram 250 Ssd,corei7 !",3399.0,16.0,250.0,SSD,Corei7,0,,Intel Core i7,No especificado,No especificado,Intel,16.0,Grande,0,0,1,0,0,0,0,0,5,4.0,7.965784284662087,80.0,0.0,0,False,False,False,False,False,False,False,True,False,False,False,False,False,False,False,False,False,False,False,False,False,False,False,False,False,6684.700490715985,-3285.7004907159853
"Laptop Hp 15,6'' Intel Core I5-1334u 8gb Ram 512gb",9999.0,8.0,512.0,SSD,Core I5,0,15.6,Intel Core i5,No especificado,No especificado,Intel,15.6,Estandar,0,0,0,0,0,0,0,0,4,3.0,9.0,32.0,0.0,0,False,False,False,False,False,False,False,True,False,False,False,False,False,False,False,False,False,False,False,False,False,False,False,False,False,13053.852103794592,-3054.852103794592
"Hp Laptp Intel De 8 Nucle05 Hasta 3,8 Gh 8 Gb Ram, 256 Gbssd",5500.0,8.0,256.0,SSD,No especificado,0,,No especificado,No especificado,No especificado,Intel,,Estandar,0,0,0,0,0,0,0,0,2,3.0,8.0,16.0,0.0,0,False,False,False,False,False,False,False,True,False,False,False,False,False,False,False,False,False,False,False,False,False,False,False,False,False,10414.948819963322,-4914.9488199633215
Laptop Hp 240 G8 Core I5 1135g7 8gb 256gb Ssd 14 Pulgadas,5500.0,8.0,256.0,SSD,Core I5,0,14.0,Intel Core i5,No especificado,No especificado,Intel,14.0,Estandar,0,0,0,0,0,0,0,0,4,3.0,8.0,32.0,0.0,0,False,False,False,False,False,False,False,True,False,False,False,False,False,False,False,False,False,False,False,False,False,False,False,False,False,13088.007397006842,-7588.007397006842
Laptop Hp 245 G8 Amd Ryzen 3 Ram 8 Gb Dd 1 Tb + Ssd 128 Gb,3490.0,8.0,1024.0,SSD,Ryzen 3,0,,AMD Ryzen 3,No especificado,No especificado,AMD,,Estandar,0,0,0,0,0,0,0,0,3,3.0,10.0,24.0,0.0,0,False,False,False,False,False,False,False,True,False,False,False,False,False,False,False,False,False,False,False,False,False,False,False,False,False,10986.012645208075,-7496.012645208075
Hp 14 Intel 4gb Ram 500gb Barata Economica Lista Para Usar,2100.0,4.0,500.0,SSD,No especificado,0,,No especificado,No especificado,No especificado,Intel,14.0,Estandar,0,0,0,0,0,0,0,0,2,2.0,8.965784284662087,8.0,0.0,0,False,False,False,False,False,False,False,True,False,False,False,False,False,False,False,False,False,False,False,False,False,False,False,False,False,4666.8785578796205,-2566.8785578796205
Laptop Hp 645 Amd A6 5th 240ssd 4gb Ram Webcam Wifi 14.1 Dp,2600.0,4.0,240.0,SSD,No especificado,0,14.1,No especificado,No especificado,No especificado,AMD,14.1,Estandar,0,0,0,0,0,0,0,0,2,2.0,7.906890595608519,8.0,0.0,0,False,False,False,False,False,False,False,True,False,False,False,False,False,False,False,False,False,False,False,False,False,False,False,False,False,5153.449957598303,-2553.4499575983027
Laptop Hp 250 G4 Core I3 4ta 500hdd 4gb Ram 15.6 Webcam Wifi,3500.0,4.0,500.0,HDD,Core I3,0,15.6,Intel Core i3,No especificado,No especificado,Intel,15.6,Estandar,0,0,0,0,0,0,0,0,3,2.0,8.965784284662087,12.0,0.0,0,False,False,False,False,False,False,False,True,False,False,False,False,False,False,False,False,False,False,False,False,False,False,False,False,False,4576.713767586581,-1076.7137675865806
Laptop Hp Probook 640 Core I5 4th 4gb Ram 120gb Ssd Webcam,2800.0,4.0,120.0,SSD,Core I5,0,,Intel Core i5,No especificado,No especificado,Intel,,Estandar,0,0,1,0,0,0,0,0,4,2.0,6.906890595608519,16.0,0.0,0,False,False,False,False,False,False,False,True,False,False,False,False,False,False,False,False,False,False,False,False,False,False,False,False,False,2384.562108766235,415.4378912337652
Laptop Hp X360 14-dy2005 Core I5 8gb 256gb Ssd Lapiz Optico,13499.0,8.0,256.0,SSD,Core I5,0,,Intel Core i5,No especificado,No especificado,Intel,14.0,Estandar,0,0,0,0,0,0,0,0,4,3.0,8.0,32.0,0.0,0,False,False,False,False,False,False,False,True,False,False,False,False,False,False,False,False,False,False,False,False,False,False,False,False,False,13088.007397006842,410.99260299315756
Hpplateadacore I7 12th 8 Gb 512 Gb Ssd (nvme) 15.6 Fhd,9400.0,8.0,512.0,SSD,Core I7,0,15.6,Intel Core i7,No especificado,No especificado,Intel,15.6,Estandar,0,0,0,0,0,0,0,0,5,3.0,9.0,40.0,0.0,0,False,False,False,False,False,False,False,True,False,False,False,False,False,False,False,False,False,False,False,False,False,False,False,False,False,14265.7377771829,-4865.7377771829
Laptop Hp 440 G9 Core I5 12va 8gb Ram 256gb 12thb,5990.0,8.0,256.0,SSD,Core I5,0,,Intel Core i5,No especificado,No especificado,Intel,,Estandar,0,0,0,0,0,0,0,0,4,3.0,8.0,32.0,0.0,0,False,False,False,False,False,False,False,True,False,False,False,False,False,False,False,False,False,False,False,False,False,False,False,False,False,13088.007397006842,-7098.007397006842
"Hp, Intel Core I5, 8gb, 512ssd, 15.6, Fhd Color Warm Gold",8300.0,8.0,512.0,SSD,Core I5,0,15.6,Intel Core i5,No especificado,No especificado,Intel,15.6,Estandar,0,0,0,0,0,0,0,0,4,3.0,9.0,32.0,0.0,0,False,False,False,False,False,False,False,True,False,False,False,False,False,False,False,False,False,False,False,False,False,False,False,False,False,13053.852103794592,-4753.852103794592
Laptop Hp Probook 640 G2 Core I5 8gb Ram Ssd M.2 256gb,3400.0,8.0,256.0,SSD,Core I5,0,,Intel Core i5,No especificado,No especificado,Intel,,Estandar,0,0,1,0,0,0,0,0,4,3.0,8.0,32.0,0.0,0,False,False,False,False,False,False,False,True,False,False,False,False,False,False,False,False,False,False,False,False,False,False,False,False,False,8963.918026397178,-5563.9180263971775
Laptop Hp Core I5-4ta/8 Gb Ram/500 Gb Disco/camara/14  Msi,9189.0,8.0,500.0,SSD,Core I5,0,,Intel Core i5,No especificado,No especificado,Intel,14.0,Estandar,0,0,0,0,0,0,0,0,4,3.0,8.965784284662087,32.0,0.0,0,False,False,False,False,False,False,False,True,False,False,False,False,False,False,False,False,False,False,False,False,False,False,False,False,False,8901.710964800523,287.28903519947744
Hp Elitebook 840 G7 Intel I5 10ma 16gb Ram 256gb Ssd Full Hd,16189.0,16.0,256.0,SSD,No especificado,0,,No especificado,No especificado,No especificado,Intel,,Estandar,0,0,1,0,0,0,0,0,4,4.0,8.0,64.0,0.0,0,False,False,False,False,False,False,False,True,False,False,False,False,False,False,False,False,False,False,False,False,False,False,False,False,False,11308.675456726656,4880.324543273344
Hp 15-fd0005 Core I5 16gb 512gb Ssd 15.6  Plateado,10300.0,16.0,512.0,SSD,Core I5,0,15.6,Intel Core i5,No especificado,No especificado,Intel,15.6,Estandar,0,0,0,0,0,0,0,0,4,4.0,9.0,64.0,0.0,0,False,False,False,False,False,False,False,True,False,False,False,False,False,False,False,False,False,False,False,False,False,False,False,False,False,17364.92034604292,-7064.92034604292
Hp 14 Amd 4gb Ram 64gb Ssd Barata Economica Dual Core,2350.0,4.0,64.0,SSD,No especificado,0,,No especificado,No especificado,No especificado,AMD,14.0,Estandar,0,0,0,0,0,0,0,0,2,2.0,6.0,8.0,0.0,0,False,False,False,False,False,False,False,True,False,False,False,False,False,False,False,False,False,False,False,False,False,False,False,False,False,5751.168461768231,-3401.1684617682313
"Hp 15-da1056la, 15' Pentium Gold, 8gb Ram, 128gb Ssd",3499.0,8.0,128.0,SSD,No especificado,0,,No especificado,No especificado,No especificado,Intel,,Estandar,0,0,0,0,0,0,0,0,1,3.0,7.0,8.0,0.0,0,False,False,False,False,False,False,False,True,False,False,False,False,False,False,False,False,False,False,False,False,False,False,False,False,False,8705.603752867748,-5206.603752867748
"Hp 15-ef1004la 15,6' Amd 3020e, 4gb Ram, 128gb Ssd Win11",2699.0,4.0,128.0,SSD,No especificado,0,15.6,No especificado,No especificado,No especificado,AMD,15.6,Estandar,0,0,0,0,0,0,0,0,2,2.0,7.0,8.0,0.0,0,False,False,False,False,False,False,False,True,False,False,False,False,False,False,False,False,False,False,False,False,False,False,False,False,False,6994.8363460367955,-4295.8363460367955
Hp Stream 14-ax113la 14' Intel N4020. 4gb Ram + 64gb Emmc,2399.0,4.0,64.0,SSD,Intel N4020,0,,No especificado,No especificado,No especificado,Intel,14.0,Estandar,0,0,0,0,0,0,0,0,2,2.0,6.0,8.0,0.0,0,False,False,False,False,False,False,False,True,False,False,False,False,False,False,False,False,False,False,False,False,False,False,False,False,False,5751.168461768231,-3352.1684617682313
Laptop Hp Probook 655 Amd A8 2.10ghz 12gb Ddr3 Ssd 512gb 15,3679.0,12.0,512.0,SSD,No especificado,0,,No especificado,No especificado,No especificado,AMD,,Estandar,0,0,1,0,0,0,0,0,2,3.584962500721156,9.0,24.0,0.0,0,False,False,False,False,False,False,False,True,False,False,False,False,False,False,False,False,False,False,False,False,False,False,False,False,False,14697.590302191053,-11018.590302191053
Hp 15.6 Intel 4gb Ram 240gb Ssd Barata Economica Dual Core,2500.0,4.0,240.0,SSD,No especificado,0,15.6,No especificado,No especificado,No especificado,Intel,15.6,Estandar,0,0,0,0,0,0,0,0,2,2.0,7.906890595608519,8.0,0.0,0,False,False,False,False,False,False,False,True,False,False,False,False,False,False,False,False,False,False,False,False,False,False,False,False,False,5153.449957598303,-2653.4499575983027
Notebook Hp 14  Chromebook Celeron 4gb Ssd 64gb,1250.0,4.0,64.0,SSD,Celeron,0,,No especificado,No especificado,No especificado,Intel,14.0,Estandar,0,0,0,0,0,0,0,0,1,2.0,6.0,4.0,0.0,0,False,False,False,False,False,False,False,True,False,False,False,False,False,False,False,False,False,False,False,False,False,False,False,False,False,6761.548569844263,-5511.548569844263
Hp Amd A10 8gb Ram 128gb Ssd Barata Uso Rudo Cuatro Core,3000.0,8.0,128.0,SSD,No especificado,0,,No especificado,No especificado,No especificado,AMD,,Estandar,0,0,0,0,0,0,0,0,2,3.0,7.0,16.0,0.0,0,False,False,False,False,False,False,False,True,False,False,False,False,False,False,False,False,False,False,False,False,False,False,False,False,False,8872.393485727443,-5872.3934857274435
Hp Elitebook 840 G5 Profesional Core I5 8gb Ram+ssd 256gb,5150.0,8.0,256.0,SSD,Core I5,0,,Intel Core i5,No especificado,No especificado,Intel,,Estandar,0,0,1,0,0,0,0,0,4,3.0,8.0,32.0,0.0,0,False,False,False,False,False,False,False,True,False,False,False,False,False,False,False,False,False,False,False,False,False,False,False,False,False,8963.918026397178,-3813.9180263971775
Laptop Hp Elitobook 8470w Core I7 8 Gb Ram 120 Gb Ssd 14'',2000.0,8.0,120.0,SSD,Core I7,0,,Intel Core i7,No especificado,No especificado,Intel,14.0,Estandar,0,0,0,0,0,0,0,0,5,3.0,6.906890595608519,40.0,0.0,0,False,False,False,False,False,False,False,True,False,False,False,False,False,False,False,False,False,False,False,False,False,False,False,False,False,8342.319342447236,-6342.319342447236
"Hp Stream 14-ax101la 14', Intel N4000, 8gb Ram, 64gb Emmc",2199.0,8.0,64.0,SSD,Intel N4000,0,,No especificado,No especificado,No especificado,Intel,14.0,Estandar,0,0,0,0,0,0,0,0,2,3.0,6.0,16.0,0.0,0,False,False,False,False,False,False,False,True,False,False,False,False,False,False,False,False,False,False,False,False,False,False,False,False,False,7779.935882649856,-5580.935882649856
"Laptop Hp 15-fc000la Ryzen 3 7320u, 8 Gb Ram, 480 Gb Disco",4350.0,8.0,480.0,SSD,Ryzen 3,0,,AMD Ryzen 3 7320U,4,Serie 7000 (Zen 2),AMD,,Estandar,0,0,0,0,0,0,0,0,3,3.0,8.906890595608518,24.0,0.0,0,False,False,False,False,False,False,False,True,False,False,False,False,False,False,False,False,False,False,False,False,False,False,False,False,False,5666.998017081081,-1316.9980170810813
Hp Probook 440 G6 Core I5-8265u 8gb 128gb Ssd 500hdd W11,3500.0,8.0,128.0,SSD,Core I5,0,,Intel Core i5,No especificado,No especificado,Intel,,Estandar,0,0,1,0,0,0,0,0,4,3.0,7.0,32.0,0.0,0,False,False,False,False,False,False,False,True,False,False,False,False,False,False,False,False,False,False,False,False,False,False,False,False,False,5411.41146739935,-1911.41146739935
Hp 14 Ryzen 8gb Ram 480gb Ssd Barata Seminueva Tmi,3700.0,8.0,480.0,SSD,Ryzen 8,0,,No especificado,No especificado,No especificado,AMD,14.0,Estandar,0,0,0,0,0,0,0,0,2,3.0,8.906890595608518,16.0,0.0,0,False,False,False,False,False,False,False,True,False,False,False,False,False,False,False,False,False,False,False,False,False,False,False,False,False,5114.079413165568,-1414.0794131655684
"Hp Pavilion 15z-bw000 15' Amd A12, 12gb Ram, 480gb Ssd",3999.0,12.0,480.0,SSD,No especificado,0,,No especificado,No especificado,No especificado,AMD,,Estandar,0,0,0,0,0,0,0,0,2,3.584962500721156,8.906890595608518,24.0,0.0,0,False,False,False,False,False,False,False,True,False,False,False,False,False,False,False,False,False,False,False,False,False,False,False,False,False,4997.003581835022,-998.0035818350216
Laptop Hp Envy Core I7 7th 8ram 120ssd Nvidia 4gb Touch 17'',5000.0,4.0,120.0,SSD,Core I7,0,,Intel Core i7,No especificado,No especificado,Intel,17.0,Grande,0,0,0,0,1,0,0,0,5,2.0,6.906890595608519,20.0,0.0,0,False,False,False,False,False,False,False,True,False,False,False,False,False,False,False,False,False,False,False,False,False,False,False,False,False,4917.641115761025,82.3588842389754
Laptop Hp Elitebook 8440p Core I5 4gb Ram 500gb Webcam 14.0,2300.0,4.0,500.0,SSD,Core I5,0,14.0,Intel Core i5,No especificado,No especificado,Intel,14.0,Estandar,0,0,1,0,0,0,0,0,4,2.0,8.965784284662087,16.0,0.0,0,False,False,False,False,False,False,False,True,False,False,False,False,False,False,False,False,False,False,False,False,False,False,False,False,False,2526.002189754691,-226.0021897546908
"Hp Pavilion 15-cw1012la, Ryzen 3, 8gb Ram, 750gb + 128gb Ssd",4499.0,8.0,128.0,SSD,Ryzen 3,0,,AMD Ryzen 3,No especificado,No especificado,AMD,,Estandar,0,0,0,0,0,0,0,0,3,3.0,7.0,24.0,0.0,0,False,False,False,False,False,False,False,True,False,False,False,False,False,False,False,False,False,False,False,False,False,False,False,False,False,8587.560709053341,-4088.5607090533413
Hp Probook 640 G1 Core I5 4th 4gb Ram 250gb Hdd Win10,2500.0,4.0,250.0,SSD,Core I5,0,,Intel Core i5,No especificado,No especificado,Intel,,Estandar,0,0,1,0,0,0,0,0,4,2.0,7.965784284662087,16.0,0.0,0,False,False,False,False,False,False,False,True,False,False,False,False,False,False,False,False,False,False,False,False,False,False,False,False,False,2361.585508477632,138.41449152236783
Hp Elitebook 640-g9  Core I7-1255u 32gb 512gb 14 Nvidia 2gb,14100.0,32.0,512.0,SSD,Core I7,0,,Intel Core i7-1255U,10,12ª Gen (Alder Lake),Intel,14.0,Estandar,0,0,1,0,0,0,0,0,5,5.0,9.0,160.0,0.0,0,False,False,False,False,False,False,False,True,False,False,False,False,False,False,False,False,False,False,False,False,False,False,False,False,False,22754.63334951932,-8654.633349519321
Laptop Hp 450 G9 I7-1255u Ram 16gb Ssd 512gb W11pro Plata,9888.0,16.0,512.0,SSD,No especificado,0,,Intel Core i7-1255U,10,12ª Gen (Alder Lake),Intel,,Estandar,0,0,0,0,0,0,0,0,5,4.0,9.0,80.0,0.0,0,False,False,False,False,False,False,False,True,False,False,False,False,False,False,False,False,False,False,False,False,False,False,False,False,False,19185.422668678584,-9297.422668678584
"Hp 250 G8 15.6'' Core I7-10th, 8gb Ram, 480gb Ssd",5999.0,8.0,480.0,SSD,Core I7,0,15.6,Intel Core i7,No especificado,No especificado,Intel,15.6,Estandar,0,0,0,0,0,0,0,0,5,3.0,8.906890595608518,40.0,0.0,0,False,False,False,False,False,False,False,True,False,False,False,False,False,False,False,False,False,False,False,False,False,False,False,False,False,9699.7870723894,-3700.7870723893993
Hp Pavilion 250 G7 15' Core I3-7th 8gb Ram 750gb + 128gb Ssd,3799.0,8.0,128.0,SSD,Core I3,0,,Intel Core i3,No especificado,No especificado,Intel,,Estandar,0,0,0,0,0,0,0,0,3,3.0,7.0,24.0,0.0,0,False,False,False,False,False,False,False,True,False,False,False,False,False,False,False,False,False,False,False,False,False,False,False,False,False,8587.560709053341,-4788.560709053341
"Laptop Hp Envy X360 Touch Core I7 1250u 8gb, 512gb Ssd W11",7500.0,8.0,512.0,SSD,Core I7,0,,Intel Core i7,No especificado,No especificado,Intel,,Estandar,0,0,0,0,1,0,0,0,5,3.0,9.0,40.0,0.0,0,False,False,False,False,False,False,False,True,False,False,False,False,False,False,False,False,False,False,False,False,False,False,False,False,False,13909.344993934543,-6409.344993934543
Laptop Hp Probook 6470b Core I5 4gb Ram 120gb Ssd Webcam,2400.0,4.0,120.0,SSD,Core I5,0,,Intel Core i5,No especificado,No especificado,Intel,,Estandar,0,0,1,0,0,0,0,0,4,2.0,6.906890595608519,16.0,0.0,0,False,False,False,False,False,False,False,True,False,False,False,False,False,False,False,False,False,False,False,False,False,False,False,False,False,2384.562108766235,15.437891233765185
Hp Victus 15-fb0125  Ryzen 7-5800h 16gb 1tb 15.6 Rtx 4gb W11,16500.0,16.0,1024.0,SSD,Ryzen 7,1,15.6,AMD Ryzen 7 5800H,8,Serie 5000 (Zen 3),AMD,15.6,Estandar,0,1,0,0,0,0,0,0,5,4.0,10.0,80.0,0.0,0,False,False,False,False,False,False,False,True,False,False,False,False,False,False,False,False,False,False,False,False,False,False,False,False,False,30410.690998015478,-13910.690998015478
Hp 15-fc0079la Ryzen 5 8gb Ram 512gb Ssd + Microsoft 365 Color Plateado,17000.0,8.0,512.0,SSD,Ryzen 5,0,,AMD Ryzen 5,No especificado,No especificado,AMD,,Estandar,0,0,0,0,0,0,0,0,4,3.0,9.0,32.0,0.0,0,False,False,False,False,False,False,False,True,False,False,False,False,False,False,False,False,False,False,False,False,False,False,False,False,False,13053.852103794592,3946.147896205408
"Notebook Hp Pentium N200 4gb 128gb Ufs 15,6 Win11 Red Color Rojo (Nuevo con caja abierta)",6500.0,4.0,128.0,SSD,No especificado,0,15.6,Intel Processor N200,4,Alder Lake-N,Intel,15.6,Estandar,1,0,0,0,0,0,0,0,1,2.0,7.0,4.0,0.0,0,False,False,False,False,False,False,False,True,False,False,False,False,False,False,False,False,False,False,False,False,False,False,False,False,False,5893.898783944958,606.1012160550417
"HP Laptop 15-fd0026la Intel Core i3 8GB RAM 512GB SSD 15.6"" FHD",12000.0,8.0,512.0,SSD,Core I3,0,15.6,Intel Core i3,No especificado,No especificado,Intel,15.6,Estandar,0,0,0,0,0,0,0,0,3,3.0,9.0,24.0,0.0,0,False,False,False,False,False,False,False,True,False,False,False,False,False,False,False,False,False,False,False,False,False,False,False,False,False,12944.669713710266,-944.6697137102656
Laptop Hp 15-fd0083wm 15.6 Pentium N200 128gb 8gb Ram Color Plateado,9999.0,128.0,128.0,SSD,No especificado,0,15.6,Intel Processor N200,4,Alder Lake-N,Intel,15.6,Estandar,0,0,0,0,0,0,0,0,1,7.0,7.0,128.0,0.0,0,False,False,False,False,False,False,False,True,False,False,False,False,False,False,False,False,False,False,False,False,False,False,False,False,False,6972.807782439977,3026.192217560023
Laptop Hp Pavilion 15-eh0002la Amd Ryzen 5 4500 8gb 512gb Azul Niebla,14000.0,8.0,512.0,SSD,Ryzen 5,0,,AMD Ryzen 5,No especificado,No especificado,AMD,,Estandar,0,0,0,0,0,0,0,0,4,3.0,9.0,32.0,0.0,0,False,False,False,False,False,False,False,True,False,False,False,False,False,False,False,False,False,False,False,False,False,False,False,False,False,13053.852103794592,946.147896205408
Laptop Hp 640 G5 14 Core I7-8565u 32gb Y 256gbssd+500gbhdd,13980.0,32.0,256.0,SSD,Core I7,0,,Intel Core i7,No especificado,No especificado,Intel,14.0,Estandar,0,0,0,0,0,0,0,0,5,5.0,8.0,160.0,0.0,0,False,False,False,False,False,False,False,True,False,False,False,False,False,False,False,False,False,False,False,False,False,False,False,False,False,16874.267135058377,-2894.267135058377
Laptop Hp Envy X360 Core I7 12va 16gb 1tb Ssd Touch + Huella - Excelente (Reacondicionado),16500.0,16.0,1024.0,SSD,Core I7,0,,Intel Core i7,No especificado,No especificado,Intel,,Estandar,1,0,0,0,1,0,0,0,5,4.0,10.0,80.0,0.0,0,False,False,False,False,False,False,False,True,False,False,False,False,False,False,False,False,False,False,False,False,False,False,False,False,False,20837.85158036456,-4337.8515803645605
Notebook Hp Victus 16-d0516la Intel Core I5 8gb 512gb Win 11 (Nuevo con caja abierta),15999.0,8.0,512.0,SSD,Core I5,0,,Intel Core i5,No especificado,No especificado,Intel,16.0,Grande,1,1,0,0,0,0,0,0,4,3.0,9.0,32.0,0.0,0,False,False,False,False,False,False,False,True,False,False,False,False,False,False,False,False,False,False,False,False,False,False,False,False,False,14681.569431373156,1317.4305686268435
Laptop Hp Probook 460 G11 Intel Core Ultra 5-125u 16gb 512gb (Nuevo con caja abierta),21000.0,16.0,512.0,SSD,No especificado,0,,No especificado,No especificado,No especificado,Intel,11.0,Ultraportatil,1,0,1,0,0,0,0,0,4,4.0,9.0,64.0,0.0,0,False,False,False,False,False,False,False,True,False,False,False,False,False,False,False,False,False,False,False,False,False,False,False,False,False,11837.666930250034,9162.333069749966
"Notebook HP 255 G10 con Ryzen 3 7320U, 8 GB RAM y SSD de 256 GB",18937.0,8.0,256.0,SSD,Ryzen 3,0,,AMD Ryzen 3 7320U,4,Serie 7000 (Zen 2),AMD,,Estandar,0,0,0,0,0,0,0,0,3,3.0,8.0,24.0,0.0,0,False,False,False,False,False,False,False,True,False,False,False,False,False,False,False,False,False,False,False,False,False,False,False,False,False,10454.363186473598,8482.636813526402
Laptop Hp 245 G10 Amd Ryzen 3 8gb Ram 512gb Ssd Plateado (Nuevo con caja abierta),10700.0,8.0,512.0,SSD,Ryzen 3,0,,AMD Ryzen 3,No especificado,No especificado,AMD,,Estandar,1,0,0,0,0,0,0,0,3,3.0,9.0,24.0,0.0,0,False,False,False,False,False,False,False,True,False,False,False,False,False,False,False,False,False,False,False,False,False,False,False,False,False,10748.903982889979,-48.90398288997858
Portátil HP Stream Intel 11 4 GB RAM 64 GB Win 10 Original - Aceptable (Reacondicionado),3800.0,4.0,64.0,SSD,No especificado,0,11.4,No especificado,No especificado,No especificado,Intel,11.4,Ultraportatil,1,0,0,0,0,0,0,0,2,2.0,6.0,8.0,0.0,0,False,False,False,False,False,False,False,True,False,False,False,False,False,False,False,False,False,False,False,False,False,False,False,False,False,5413.548164455111,-1613.548164455111
Portátil HP Probook 640 G4: i5-8ª 8 GB Ssd M2 512 GB - Bueno (Reacondicionado),4600.0,8.0,512.0,SSD,No especificado,0,,Apple M2,8,Apple Silicon (2ª Gen),Apple,,Estandar,1,0,1,0,0,0,0,0,5,3.0,9.0,40.0,0.0,0,False,False,False,False,False,False,False,True,False,False,False,False,False,False,False,False,False,False,False,False,False,False,False,False,False,6364.70659199134,-1764.7065919913402
Notebook Hp 240 G9 Core I5 Ram 16gb Ssd 512gb 14 Pulgadas W11h Color Negro (Nuevo con caja abierta),11999.0,16.0,512.0,SSD,Core I5,0,14.0,Intel Core i5,No especificado,No especificado,Intel,14.0,Estandar,1,0,0,0,0,0,0,0,4,4.0,9.0,64.0,0.0,0,False,False,False,False,False,False,False,True,False,False,False,False,False,False,False,False,False,False,False,False,False,False,False,False,False,14115.895724261572,-2116.8957242615725
Laptop Hp 14 Intel Celeron 4gb Ram 64gb Ssd Blanco 14-dq3000dx (Nuevo con caja abierta),4499.0,4.0,64.0,SSD,Celeron,0,,No especificado,No especificado,No especificado,Intel,14.0,Estandar,1,0,0,0,0,0,0,0,1,2.0,6.0,4.0,0.0,0,False,False,False,False,False,False,False,True,False,False,False,False,False,False,False,False,False,False,False,False,False,False,False,False,False,4219.390506557859,279.6094934421408
Laptop Gamer Hp Victus Gaming Amd Ryzen 5 8gb 512gb Silver Color Gris,16350.0,8.0,512.0,SSD,Ryzen 5,0,,AMD Ryzen 5,No especificado,No especificado,AMD,,Estandar,0,1,0,0,0,0,0,0,4,3.0,9.0,32.0,0.0,0,False,False,False,False,False,False,False,True,False,False,False,False,False,False,False,False,False,False,False,False,False,False,False,False,False,15527.051462292788,822.9485377072124
Hp 15-fc0027la Ryzen 3 8gb Ram 512gb Ssd Plateado,9000.0,8.0,512.0,SSD,Ryzen 3,0,,AMD Ryzen 3,No especificado,No especificado,AMD,,Estandar,0,0,0,0,0,0,0,0,3,3.0,9.0,24.0,0.0,0,False,False,False,False,False,False,False,True,False,False,False,False,False,False,False,False,False,False,False,False,False,False,False,False,False,12944.669713710266,-3944.6697137102656
"Laptop Hp: Intel Core I5, Ram 12gb, Ssd 512gb, 17.3 , W11h (Nuevo con caja abierta)",9200.0,12.0,512.0,SSD,Core I5,0,17.3,Intel Core i5,No especificado,No especificado,Intel,17.3,Grande,1,0,0,0,0,0,0,0,4,3.584962500721156,9.0,48.0,0.0,0,False,False,False,False,False,False,False,True,False,False,False,False,False,False,False,False,False,False,False,False,False,False,False,False,False,10403.442085844072,-1203.4420858440717
"Laptop Gaming OMEN 16-c0502la AMD Ryzen 7, 8 GB RAM, GPU NVIDIA GeForce RTX 3050, 512 GB SSD, 16.1"", FHD - Bueno (Reacondicionado)",20000.0,8.0,512.0,SSD,Ryzen 7,1,16.1,No especificado,No especificado,No especificado,AMD,16.1,Grande,1,1,0,0,0,0,0,2,5,3.0,9.0,40.0,16.0,2,False,False,False,False,False,False,False,False,False,False,False,False,False,False,False,False,False,False,False,False,False,False,True,False,False,18477.60354563491,1522.396454365091
Laptop Hp 16 Probook 465 G11 Ryzen 7 7735u 16gb Ram 512gb W11pro Color Plateado (Nuevo con caja abierta),20000.0,16.0,512.0,SSD,Ryzen 7,0,,No especificado,No especificado,No especificado,AMD,16.0,Grande,1,0,1,0,0,0,0,0,5,4.0,9.0,80.0,0.0,0,False,False,False,False,False,False,False,True,False,False,False,False,False,False,False,False,False,False,False,False,False,False,False,False,False,14130.737994135246,5869.2620058647535
Laptop HP 245 G10 AMD Ryzen 3 8GB RAM 256GB SSD Windows 11 Home (Nuevo con caja abierta),13500.0,8.0,256.0,SSD,Ryzen 3,0,,AMD Ryzen 3,No especificado,No especificado,AMD,,Estandar,1,0,0,0,0,0,0,0,3,3.0,8.0,24.0,0.0,0,False,False,False,False,False,False,False,True,False,False,False,False,False,False,False,False,False,False,False,False,False,False,False,False,False,9427.662034571564,4072.3379654284363
Notebook Hp 15-fc0004la (ryzen 3 7320u/8gb Ddr5/ 512gb /w11) (Nuevo con caja abierta),20000.0,8.0,512.0,SSD,Ryzen 3,0,,AMD Ryzen 3 7320U,4,Serie 7000 (Zen 2),AMD,,Estandar,1,0,0,0,0,0,0,0,3,3.0,9.0,24.0,0.0,0,False,False,False,False,False,False,False,True,False,False,False,False,False,False,False,False,False,False,False,False,False,False,False,False,False,10748.903982889979,9251.096017110021
Laptop Hp Probook 440 G11 Intel Core Ultra 7-155u 16gb 1tb,20500.0,16.0,1024.0,SSD,No especificado,0,,No especificado,No especificado,No especificado,Intel,11.0,Ultraportatil,0,0,1,0,0,0,0,0,5,4.0,10.0,80.0,0.0,0,False,False,False,False,False,False,False,True,False,False,False,False,False,False,False,False,False,False,False,False,False,False,False,False,False,23655.197516350636,-3155.197516350636
"Laptop HP con Ryzen 3 y Windows 11 de 15.6"" con 8 GB de RAM y SSD de 256 GB (Nuevo con caja abierta)",7999.0,8.0,256.0,SSD,Ryzen 3,0,15.6,AMD Ryzen 3,No especificado,No especificado,AMD,15.6,Estandar,1,0,0,0,0,0,0,0,3,3.0,8.0,24.0,0.0,0,False,False,False,False,False,False,False,True,False,False,False,False,False,False,False,False,False,False,False,False,False,False,False,False,False,9427.662034571564,-1428.6620345715637
Hp Laptop 14-dq0522la Intel Pentium Silver 8gb 128gb Ssd Plateado Natural (Nuevo con caja abierta),11800.0,8.0,128.0,SSD,No especificado,0,,No especificado,No especificado,No especificado,Intel,14.0,Estandar,1,0,0,0,0,0,0,0,1,3.0,7.0,8.0,0.0,0,False,False,False,False,False,False,False,True,False,False,False,False,False,False,False,False,False,False,False,False,False,False,False,False,False,8083.534796990071,3716.4652030099287
Laptop Hp Probook 440 G8 14 Core I5-1135g7 8gb/256gb Nvidia (Nuevo con caja abierta),12000.0,8.0,256.0,SSD,Core I5,0,,Intel Core i5-1135G7,4,11ª Gen (Tiger Lake),Intel,14.0,Estandar,1,0,1,0,0,0,0,0,4,3.0,8.0,32.0,0.0,0,False,False,False,False,False,False,False,True,False,False,False,False,False,False,False,False,False,False,False,False,False,False,False,False,False,6052.241739805315,5947.758260194685
"Laptop HP ProBook 4 G1iR 14"" Windows 11 Pro Intel Core 5 120U 16 GB 512 GB SSD (Nuevo con caja abierta)",18000.0,16.0,512.0,SSD,No especificado,0,14.0,No especificado,No especificado,No especificado,Intel,14.0,Estandar,1,0,1,0,0,0,0,0,2,4.0,9.0,32.0,0.0,0,False,False,False,False,False,False,False,True,False,False,False,False,False,False,False,False,False,False,False,False,False,False,False,False,False,11086.156705172103,6913.843294827897
Laptop Hp 14-dq2502la Intel Core I3 8gb Ram 256gb Ssd Color Dorado - Excelente (Reacondicionado),9700.0,8.0,256.0,SSD,Core I3,0,,Intel Core i3,No especificado,No especificado,Intel,14.0,Estandar,1,0,0,0,0,0,0,0,3,3.0,8.0,24.0,0.0,0,False,False,False,False,False,False,False,True,False,False,False,False,False,False,False,False,False,False,False,False,False,False,False,False,False,9427.662034571564,272.3379654284363
Laptop Hp 15-da0009la Core I3 Ram 8gb Hdd 1tb 15.6hd Windows 10 Nueva! - Excelente (Reacondicionado),7499.0,8.0,1024.0,HDD,Core I3,0,,Intel Core i3,No especificado,No especificado,Intel,,Estandar,1,0,0,0,0,0,0,0,3,3.0,10.0,24.0,0.0,0,False,False,False,False,False,False,False,True,False,False,False,False,False,False,False,False,False,False,False,False,False,False,False,False,False,9786.005569741536,-2287.0055697415355
"Notebook HP Victus 15-FA2093DX B97DTUA#ABA Plateado 15.6"" 1920 px x 1080 px disco SSD 1 TB Intel 13620H 32GB de Ram (Nuevo con caja abierta)",22896.0,32.0,1024.0,SSD,No especificado,0,15.6,No especificado,No especificado,No especificado,Intel,15.6,Estandar,1,1,0,0,0,0,0,0,2,5.0,10.0,64.0,0.0,0,False,False,False,False,False,False,False,True,False,False,False,False,False,False,False,False,False,False,False,False,False,False,False,False,False,29337.675510130113,-6441.675510130113
Laptop Hp Probook 450 G4 Core I5-7200u/16gbram/240gb Ssd/w11 (Reacondicionado),5499.0,16.0,240.0,SSD,Core I5,0,,Intel Core i5,No especificado,No especificado,Intel,,Estandar,1,0,1,0,0,0,0,0,4,4.0,7.906890595608519,64.0,0.0,0,False,False,False,False,False,False,False,True,False,False,False,False,False,False,False,False,False,False,False,False,False,False,False,False,False,5693.066441640545,-194.06644164054524
"Hp Pavilion 15-da2016 15' Core I3-10th, 8ram 1tb + 128gb Ssd",3799.0,128.0,1024.0,SSD,Core I3,0,,Intel Core i3,No especificado,No especificado,Intel,,Estandar,0,0,0,0,0,0,0,0,3,7.0,10.0,384.0,0.0,0,False,False,False,False,False,False,False,True,False,False,False,False,False,False,False,False,False,False,False,False,False,False,False,False,False,18351.70144081635,-14552.701440816349
Hp Laptop 17  Intel I5-8265u 8gb Ram 256 Ssd Touch Sin Caja,21999.0,8.0,256.0,SSD,No especificado,0,,No especificado,No especificado,No especificado,Intel,17.0,Grande,0,0,0,0,1,0,0,0,4,3.0,8.0,32.0,0.0,0,False,False,False,False,False,False,False,True,False,False,False,False,False,False,False,False,False,False,False,False,False,False,False,False,False,18190.362118887777,3808.637881112223
Laptop Hp 245 G10 Ryzen 7 8gb 512gb Ssd W11 14,14899.0,8.0,512.0,SSD,Ryzen 7,0,,No especificado,No especificado,No especificado,AMD,14.0,Estandar,0,0,0,0,0,0,0,0,5,3.0,9.0,40.0,0.0,0,False,False,False,False,False,False,False,True,False,False,False,False,False,False,False,False,False,False,False,False,False,False,False,False,False,14265.7377771829,633.2622228171003
Notebook Hp Core I5 8va Generacion 8gb Ram 256gb Ssd - Excelente (Reacondicionado),4400.0,8.0,256.0,SSD,Core I5,0,,Intel Core i5,No especificado,No especificado,Intel,,Estandar,1,0,0,0,0,0,0,0,4,3.0,8.0,32.0,0.0,0,False,False,False,False,False,False,False,True,False,False,False,False,False,False,False,False,False,False,False,False,False,False,False,False,False,6062.794747837063,-1662.7947478370634
"Hp Elitebook 840 G3 I5-6, 8gb 256gb 500 Hdd Reacondicionado (Reacondicionado)",5599.0,8.0,256.0,SSD,No especificado,0,,No especificado,No especificado,No especificado,Intel,,Estandar,1,0,1,0,0,0,0,0,4,3.0,8.0,32.0,0.0,0,False,False,False,False,False,False,False,True,False,False,False,False,False,False,False,False,False,False,False,False,False,False,False,False,False,6052.241739805315,-453.24173980531486
"Hp Elitebook 840 G3, I5-6 8gb Ram  256gb Reacondicionado (Reacondicionado)",5399.0,8.0,256.0,SSD,No especificado,0,,No especificado,No especificado,No especificado,Intel,,Estandar,1,0,1,0,0,0,0,0,4,3.0,8.0,32.0,0.0,0,False,False,False,False,False,False,False,True,False,False,False,False,False,False,False,False,False,False,False,False,False,False,False,False,False,6052.241739805315,-653.2417398053149
Hp Elitebook 840 G5 I5-8 8gb 256gb Ssd Reacondicionado (Reacondicionado),7399.0,8.0,256.0,SSD,No especificado,0,,No especificado,No especificado,No especificado,Intel,,Estandar,1,0,1,0,0,0,0,0,4,3.0,8.0,32.0,0.0,0,False,False,False,False,False,False,False,True,False,False,False,False,False,False,False,False,False,False,False,False,False,False,False,False,False,6052.241739805315,1346.7582601946851
"Notebook Hp Probook 440 G11 de 14"" Intel Ultra 7 8Gb RAM 512Gb NVME, Win11 Pro",22000.0,8.0,512.0,SSD,No especificado,0,14.0,No especificado,No especificado,No especificado,Intel,14.0,Estandar,0,0,1,0,0,0,0,0,5,3.0,9.0,40.0,0.0,0,False,False,False,False,False,False,False,True,False,False,False,False,False,False,False,False,False,False,False,False,False,False,False,False,False,17732.769976451924,4267.230023548076
Laptop Hpprobook 630 G8 I5-11 8gbram 128 Ssd Reacondicionado (Reacondicionado),6499.0,8.0,128.0,SSD,No especificado,0,,No especificado,No especificado,No especificado,Intel,,Estandar,1,0,1,0,0,0,0,0,4,3.0,7.0,32.0,0.0,0,False,False,False,False,False,False,False,True,False,False,False,False,False,False,False,False,False,False,False,False,False,False,False,False,False,5020.325129154552,1478.674870845448
Hp Laptop Ryzen3 12gb-ram 256gb-ssd W11 Fhd 15.6'' Seminueva,7997.0,12.0,256.0,SSD,Ryzen3,0,15.6,AMD Ryzen 3,No especificado,No especificado,AMD,15.6,Estandar,0,0,0,0,0,0,0,0,2,3.584962500721156,8.0,24.0,0.0,0,False,False,False,False,False,False,False,True,False,False,False,False,False,False,False,False,False,False,False,False,False,False,False,False,False,10025.21550149492,-2028.2155014949203
Laptop Hp Victus Intel Core I5 8gb 256gb Win 11 16-d0503la Color Azul,12000.0,8.0,256.0,SSD,Core I5,0,,Intel Core i5,No especificado,No especificado,Intel,16.0,Grande,0,1,0,0,0,0,0,0,4,3.0,8.0,32.0,0.0,0,False,False,False,False,False,False,False,True,False,False,False,False,False,False,False,False,False,False,False,False,False,False,False,False,False,19540.047517780626,-7540.047517780626
"Hp Laptop 14-dq2533la, Core I5, 8gb, 512 Ssd, hd 14 Plata Color Plateado",10000.0,8.0,512.0,SSD,Core I5,0,,Intel Core i5,No especificado,No especificado,Intel,14.0,Estandar,0,0,0,0,0,0,0,0,4,3.0,9.0,32.0,0.0,0,False,False,False,False,False,False,False,True,False,False,False,False,False,False,False,False,False,False,False,False,False,False,False,False,False,13053.852103794592,-3053.852103794592
"Laptop HP Gaming Victus 15-fb2002la, AMD Ryzen 5, 8GB RAM, GPU de portátil NVIDIA GeForce RTX 3050 (GDDR6 de 6 GB dedicada), 512 GB SSD, 15.6"", FHD, Windows 11 Home (Nuevo con caja abierta)",16000.0,8.0,512.0,SSD,Ryzen 5,1,15.6,AMD Ryzen 5,No especificado,No especificado,AMD,15.6,Estandar,1,1,0,0,0,0,0,2,4,3.0,9.0,32.0,16.0,2,False,False,False,False,False,False,False,True,False,False,False,False,False,False,False,False,False,False,False,False,False,False,False,False,False,17730.38855945443,-1730.38855945443
"Laptop Hp Ryzen 3 7320u Ram 8gb Ssd 512gb, 15.6 W 11 H Rosa (Nuevo con caja abierta)",8000.0,8.0,512.0,SSD,Ryzen 3,0,15.6,AMD Ryzen 3 7320U,4,Serie 7000 (Zen 2),AMD,15.6,Estandar,1,0,0,0,0,0,0,0,3,3.0,9.0,24.0,0.0,0,False,False,False,False,False,False,False,True,False,False,False,False,False,False,False,False,False,False,False,False,False,False,False,False,False,10748.903982889979,-2748.9039828899786
"Laptop Hp 240 G10, Intel I7, 8gb Ram, 512gb Ssd",16504.0,8.0,512.0,SSD,No especificado,0,,No especificado,No especificado,No especificado,Intel,,Estandar,0,0,0,0,0,0,0,0,5,3.0,9.0,40.0,0.0,0,False,False,False,False,False,False,False,True,False,False,False,False,False,False,False,False,False,False,False,False,False,False,False,False,False,14265.7377771829,2238.2622228171003
Laptop Hp 14-em0001la Amd Ryzen 3 8 Gb Ram 256 Gb Ssd 14 Moonlight Blue,7200.0,8.0,256.0,SSD,Ryzen 3,0,,AMD Ryzen 3,No especificado,No especificado,AMD,14.0,Estandar,0,0,0,0,0,0,0,0,3,3.0,8.0,24.0,0.0,0,False,False,False,False,False,False,False,True,False,False,False,False,False,False,False,False,False,False,False,False,False,False,False,False,False,10454.363186473598,-3254.363186473598
"Laptop HP 14-em0017la, 14"", AMD Ryzen™ 5, 8GB RAM, 512GB SSD, FHD, Windows 11 Home Single Language",9999.0,8.0,512.0,SSD,No especificado,0,14.0,No especificado,No especificado,No especificado,AMD,14.0,Estandar,0,0,0,0,0,0,0,0,2,3.0,9.0,16.0,0.0,0,False,False,False,False,False,False,False,True,False,False,False,False,False,False,False,False,False,False,False,False,False,False,False,False,False,12333.815203088721,-2334.8152030887213
HP ENVY x360 Amd Ryzen 7 8840HS Gamer 16Gb Ram 1TB SSD Pantalla 16 WUXGA Touch 2en1 Laptop 16-AD0023DX Incluye Windows (Nuevo con caja abierta),25899.0,16.0,1024.0,SSD,Ryzen 7,0,,AMD Ryzen 7 8840HS,8,Serie 8000 (Zen 4),AMD,16.0,Grande,1,1,0,0,1,0,0,0,5,4.0,10.0,80.0,0.0,0,False,False,False,False,False,False,False,True,False,False,False,False,False,False,False,False,False,False,False,False,False,False,False,False,False,25301.36818328099,597.6318167190111
Notebook 14 Chromebook Celeron N3350 4 GB RAM/64 GB SSD HP Cor Negro (Nuevo con caja abierta),2950.0,4.0,64.0,SSD,Celeron,0,,No especificado,No especificado,No especificado,Intel,14.0,Estandar,1,0,0,0,0,0,0,0,1,2.0,6.0,4.0,0.0,0,False,False,False,False,False,False,False,True,False,False,False,False,False,False,False,False,False,False,False,False,False,False,False,False,False,4219.390506557859,-1269.3905065578592
"Notebook HP Victus Gaming con AMD Ryzen 7, NVIDIA RTX 4070, 64 GB RAM y 1 TB SSD",34990.0,64.0,1024.0,SSD,Ryzen 7,1,,No especificado,No especificado,No especificado,AMD,,Estandar,0,1,0,0,0,0,0,4,5,6.0,10.0,320.0,256.0,4,False,False,False,False,False,False,False,True,False,False,False,False,False,False,False,False,False,False,False,False,False,False,False,False,False,34837.50589285712,152.4941071428766
Notebook Hp 15-gw0010wm Ryzen 3 128gb Ssd + 1tb Hdd 4gb Ram (Nuevo con caja abierta),5000.0,128.0,1024.0,SSD,Ryzen 3,0,,AMD Ryzen 3,No especificado,No especificado,AMD,,Estandar,1,0,0,0,0,0,0,0,3,7.0,10.0,384.0,0.0,0,False,False,False,False,False,False,False,True,False,False,False,False,False,False,False,False,False,False,False,False,False,False,False,False,False,13959.642074321728,-8959.642074321728
Notebook Hp Intel Core I3-n305 8gb De Ram 512gb Ssd Pcie Nvme 14'' 1366 X 768 Hd Windows 11 Home Azul Claro,8000.0,8.0,512.0,SSD,Core I3,0,,Intel Core i3-N305,8,Alder Lake-N,Intel,14.0,Estandar,0,0,0,0,0,0,0,0,3,3.0,9.0,24.0,0.0,0,False,False,False,False,False,False,False,True,False,False,False,False,False,False,False,False,False,False,False,False,False,False,False,False,False,12944.669713710266,-4944.669713710266
"Notebook HP 250 G10 con Intel Core i5, 8 GB RAM y 512 GB SSD (Nuevo con caja abierta)",8000.0,8.0,512.0,SSD,Core I5,0,,Intel Core i5,No especificado,No especificado,Intel,,Estandar,1,0,0,0,0,0,0,0,4,3.0,9.0,32.0,0.0,0,False,False,False,False,False,False,False,True,False,False,False,False,False,False,False,False,False,False,False,False,False,False,False,False,False,10129.634913061127,-2129.634913061127
Laptop Hp 15-dy10113la- Intel Core I7-ram 8gb 512 Ssd,12000.0,8.0,512.0,SSD,Core I7,0,,Intel Core i7,No especificado,No especificado,Intel,,Estandar,0,0,0,0,0,0,0,0,5,3.0,9.0,40.0,0.0,0,False,False,False,False,False,False,False,True,False,False,False,False,False,False,False,False,False,False,False,False,False,False,False,False,False,14265.7377771829,-2265.7377771828997
"Notebook HP 240 G8 con Intel Core i5, 16GB de RAM y SSD de 256GB",13000.0,16.0,256.0,SSD,Core I5,0,,Intel Core i5,No especificado,No especificado,Intel,,Estandar,0,0,0,0,0,0,0,0,4,4.0,8.0,64.0,0.0,0,False,False,False,False,False,False,False,True,False,False,False,False,False,False,False,False,False,False,False,False,False,False,False,False,False,15155.325498866327,-2155.3254988663266
Notebook Hp 15.6 15-fc0057wm Amd 7 7730u 16gb 512gb Ssd (Nuevo con caja abierta),12000.0,16.0,512.0,SSD,No especificado,0,15.6,No especificado,No especificado,No especificado,AMD,15.6,Estandar,1,0,0,0,0,0,0,0,2,4.0,9.0,32.0,0.0,0,False,False,False,False,False,False,False,True,False,False,False,False,False,False,False,False,False,False,False,False,False,False,False,False,False,11701.07789164489,298.92210835510923
Laptop Hp 15-dy2052la Windows 11 Intel Corei5-1135g7 8gb Ram 256gb 15.6,12000.0,8.0,256.0,SSD,Corei5,0,15.6,Intel Core i5-1135G7,4,11ª Gen (Tiger Lake),Intel,15.6,Estandar,0,0,0,0,0,0,0,0,4,3.0,8.0,32.0,0.0,0,False,False,False,False,False,False,False,True,False,False,False,False,False,False,False,False,False,False,False,False,False,False,False,False,False,13088.007397006842,-1088.0073970068424
Laptop Hp Probook 440 G9 Intel Core I7 8gb Ram 256 Ssd,11900.0,8.0,256.0,SSD,Core I7,0,,Intel Core i7,No especificado,No especificado,Intel,,Estandar,0,0,1,0,0,0,0,0,5,3.0,8.0,40.0,0.0,0,False,False,False,False,False,False,False,True,False,False,False,False,False,False,False,False,False,False,False,False,False,False,False,False,False,10775.868812468841,1124.1311875311585
Notebook HP HP Laptop HP Laptop 14-dq0522la Plata 1920 px x 1080 px disco SSD PCIe 128 GB Intel N4120 4GB de Ram,9000.0,128.0,128.0,SSD,Intel N4120,0,,No especificado,No especificado,No especificado,Intel,14.0,Estandar,0,0,0,0,0,0,0,0,2,7.0,7.0,256.0,0.0,0,False,False,False,False,False,False,False,True,False,False,False,False,False,False,False,False,False,False,False,False,False,False,False,False,False,7469.683395816365,1530.3166041836348
Laptop Hp 245 G7 Ryzen 5 Ram 8gb Dd 1tb (Nuevo con caja abierta),16000.0,8.0,1024.0,SSD,Ryzen 5,0,,AMD Ryzen 5,No especificado,No especificado,AMD,,Estandar,1,0,0,0,0,0,0,0,4,3.0,10.0,32.0,0.0,0,False,False,False,False,False,False,False,True,False,False,False,False,False,False,False,False,False,False,False,False,False,False,False,False,False,11082.15289698374,4917.84710301626
Laptop Hp Envy 16-h1003la Intel Core I9 32gb Ram 1 Tb Ssd Color Plateado (Nuevo con caja abierta),32000.0,32.0,1024.0,SSD,Core I9,0,,No especificado,No especificado,No especificado,Intel,16.0,Grande,1,0,0,0,0,0,0,0,6,5.0,10.0,192.0,0.0,0,False,False,False,False,False,False,False,True,False,False,False,False,False,False,False,False,False,False,False,False,False,False,False,False,False,26217.956416541794,5782.043583458206
"Hp Laptop 14-dq5007la, Intel Core I3, 16gb,512ssd, Plata,14",11500.0,16.0,512.0,SSD,Core I3,0,,Intel Core i3,No especificado,No especificado,Intel,14.0,Estandar,0,0,0,0,0,0,0,0,3,4.0,9.0,48.0,0.0,0,False,False,False,False,False,False,False,True,False,False,False,False,False,False,False,False,False,False,False,False,False,False,False,False,False,16074.740055814691,-4574.740055814691
"Laptop Hp 240 G10: Intel Core I3, 16gb, Ssd 1tb, 14 , W11h Color Plateado (Nuevo con caja abierta)",9000.0,16.0,1024.0,SSD,Core I3,0,,Intel Core i3,No especificado,No especificado,Intel,14.0,Estandar,1,0,0,0,0,0,0,0,3,4.0,10.0,48.0,0.0,0,False,False,False,False,False,False,False,True,False,False,False,False,False,False,False,False,False,False,False,False,False,False,False,False,False,12378.911583899448,-3378.9115838994476
"Laptop Gamer HP Omen 16 Intel Core Ultra 7 con 16GB RAM y 1TB SSD, Pantalla Full HD+ de 16"" a 144Hz (Nuevo con caja abierta)",39000.0,16.0,1024.0,SSD,No especificado,0,16.0,No especificado,No especificado,No especificado,Intel,16.0,Grande,1,1,0,0,0,0,0,0,5,4.0,10.0,80.0,0.0,0,False,False,False,False,False,False,False,True,False,False,False,False,False,False,False,False,False,False,False,False,False,False,False,False,False,25615.251910369545,13384.748089630455
Portátil HP 15-ef2033dx Ryzen 3 5300u 8 Gb Ddr4 256 Gb SSD para Prateado,8999.0,8.0,256.0,SSD,Ryzen 3,0,,AMD Ryzen 3 5300U,4,Serie 5000 (Zen 2),AMD,,Estandar,0,0,0,0,0,0,0,0,3,3.0,8.0,24.0,0.0,0,False,False,False,False,False,False,False,True,False,False,False,False,False,False,False,False,False,False,False,False,False,False,False,False,False,10454.363186473598,-1455.363186473598
Hp Envy 2-en-1 16 Wuxga Touch Intel Core Ultra 7 32gb 2tb Color Glacier Silver,29770.0,32.0,2048.0,SSD,No especificado,0,,No especificado,No especificado,No especificado,Intel,16.0,Grande,0,0,0,0,1,0,0,0,5,5.0,11.0,160.0,0.0,0,False,False,False,False,False,False,False,True,False,False,False,False,False,False,False,False,False,False,False,False,False,False,False,False,False,31691.682143375197,-1921.6821433751975
"Notebook HP 240 G8 para Trabajo y Estudio con Intel Celeron N4020, 4 GB RAM y 500 GB SSD de 14"" (Nuevo con caja abierta)",5000.0,4.0,500.0,SSD,Celeron,0,14.0,No especificado,No especificado,No especificado,Intel,14.0,Estandar,1,0,1,0,0,0,0,0,1,2.0,8.965784284662087,4.0,0.0,0,False,False,False,False,False,False,False,True,False,False,False,False,False,False,False,False,False,False,False,False,False,False,False,False,False,4820.943178571428,179.05682142857222
Laptop Hp 15-eg0528la Intel Core I5 8gb 512gb Freedos Plateado,12999.0,8.0,512.0,SSD,Core I5,0,,Intel Core i5,No especificado,No especificado,Intel,,Estandar,0,0,0,0,0,0,0,0,4,3.0,9.0,32.0,0.0,0,False,False,False,False,False,False,False,True,False,False,False,False,False,False,False,False,False,False,False,False,False,False,False,False,False,13053.852103794592,-54.85210379459204
"Laptop Gamer HP Victus 15 con Intel Core i5 y RTX 4050, 16 GB RAM y 512 GB SSD (Nuevo con caja abierta)",21580.0,16.0,512.0,SSD,Core I5,1,,Intel Core i5,No especificado,No especificado,Intel,16.0,Grande,1,1,0,0,0,0,0,2,4,4.0,9.0,64.0,32.0,2,False,False,False,False,False,False,False,True,False,False,False,False,False,False,False,False,False,False,False,False,False,False,False,False,False,23058.429596862625,-1478.4295968626247
Notebook Hp 250 G10 I3-1315u 8 Gb Ram 256gb Ssd Windows (Nuevo con caja abierta),8000.0,8.0,256.0,SSD,No especificado,0,,Intel Core i3-1315U,6,13ª Gen (Raptor Lake),Intel,,Estandar,1,0,0,0,0,0,0,0,3,3.0,8.0,24.0,0.0,0,False,False,False,False,False,False,False,True,False,False,False,False,False,False,False,False,False,False,False,False,False,False,False,False,False,9427.662034571564,-1427.6620345715637
"Notebook Hp Victus 15-fa2013dx, Intel Core I5-13420h, 8gb De Ram Ddr4, 512gb Ssd Nvme Pcie M.2, Graficos Nvidia Geforce Rtx 3050, Full Hd 15.6'', 1920 Px X 1080 Px, Panel Ips, 144hz, Windows 11 Home",12999.0,8.0,512.0,SSD,Core I5,1,15.6,Intel Core i5-13420H,8,13ª Gen (Raptor Lake),Intel,15.6,Estandar,0,1,0,0,0,0,0,2,4,3.0,9.0,32.0,16.0,2,False,False,False,False,False,False,False,True,False,False,False,False,False,False,False,False,False,False,False,False,False,False,False,False,False,20345.209119395793,-7346.209119395793
Laptop HP 15-fd0083wm 15.6 Pentium N200 4gb RAM 128gb SSD Ufs W11 Rojo,12500.0,4.0,128.0,SSD,No especificado,0,15.6,Intel Processor N200,4,Alder Lake-N,Intel,15.6,Estandar,0,0,0,0,0,0,0,0,1,2.0,7.0,4.0,0.0,0,False,False,False,False,False,False,False,True,False,False,False,False,False,False,False,False,False,False,False,False,False,False,False,False,False,7495.881336415224,5004.118663584776
Laptop Hp Elitebook 860 G11 Intel Ultra 7  16 Gb Ram 512 Ssd (Reacondicionado),16290.0,16.0,512.0,SSD,No especificado,0,,No especificado,No especificado,No especificado,Intel,11.0,Ultraportatil,1,0,1,0,0,0,0,0,5,4.0,9.0,80.0,0.0,0,False,False,False,False,False,False,False,True,False,False,False,False,False,False,False,False,False,False,False,False,False,False,False,False,False,14130.737994135246,2159.2620058647535
Laptop Hp Probook 450 G4 Core I5-7200u/8gb Ram/240gb Ssd/w11 (Reacondicionado),4929.0,8.0,240.0,SSD,Core I5,0,,Intel Core i5,No especificado,No especificado,Intel,,Estandar,1,0,1,0,0,0,0,0,4,3.0,7.906890595608519,32.0,0.0,0,False,False,False,False,False,False,False,True,False,False,False,False,False,False,False,False,False,False,False,False,False,False,False,False,False,5289.352382950199,-360.35238295019917
Laptop Hp Pavilion 15 Core I5 7th 12gb Ram 256gb Ssd Webcam,2600.0,12.0,256.0,SSD,Core I5,0,,Intel Core i5,No especificado,No especificado,Intel,,Estandar,0,0,0,0,0,0,0,0,4,3.584962500721156,8.0,48.0,0.0,0,False,False,False,False,False,False,False,True,False,False,False,False,False,False,False,False,False,False,False,False,False,False,False,False,False,14199.77643320611,-11599.77643320611
"Notebook Hp 15,6` I3 N305 8gb Ram 256gb Ssd Windows 11 Amv Color Plateado",8499.0,8.0,256.0,SSD,No especificado,0,15.6,Intel Core i3-N305,8,Alder Lake-N,Intel,15.6,Estandar,0,0,0,0,0,0,0,0,3,3.0,8.0,24.0,0.0,0,False,False,False,False,False,False,False,True,False,False,False,False,False,False,False,False,False,False,False,False,False,False,False,False,False,10454.363186473598,-1955.363186473598
Laptop Hp Pavilion G7 Core I3 6gb Ram 128gb Ssd Webcam 17.3,2400.0,6.0,128.0,SSD,Core I3,0,17.3,Intel Core i3,No especificado,No especificado,Intel,17.3,Grande,0,0,0,0,0,0,0,0,3,2.584962500721156,7.0,18.0,0.0,0,False,False,False,False,False,False,False,True,False,False,False,False,False,False,False,False,False,False,False,False,False,False,False,False,False,3827.1521857942594,-1427.1521857942594
"Laptop Hp 240 G10 De 14 , Intel® Core I5, 8gb Ram, 512gb Ssd",10865.0,8.0,512.0,SSD,Core I5,0,,Intel Core i5,No especificado,No especificado,Intel,14.0,Estandar,0,0,0,0,0,0,0,0,4,3.0,9.0,32.0,0.0,0,False,False,False,False,False,False,False,True,False,False,False,False,False,False,False,False,False,False,False,False,False,False,False,False,False,13053.852103794592,-2188.852103794592
Remate Laptop Hp Probook 450 Core I5 7ma Gen-8gbram-120gbssd (Reacondicionado),4799.0,8.0,120.0,SSD,Core I5,0,,Intel Core i5,No especificado,No especificado,Intel,,Estandar,1,0,1,0,0,0,0,0,4,3.0,6.906890595608519,32.0,0.0,0,False,False,False,False,False,False,False,True,False,False,False,False,False,False,False,False,False,False,False,False,False,False,False,False,False,4649.330183734083,149.66981626591678
Laptop Hp Omnibook 5 14-he0000la Snapdragon 16gb Ram 512gb,30679.0,16.0,512.0,SSD,No especificado,0,,No especificado,No especificado,No especificado,Otros,14.0,Estandar,0,0,0,1,0,0,0,0,2,4.0,9.0,32.0,0.0,0,False,False,False,False,False,False,False,True,False,False,False,False,False,False,False,False,False,False,False,False,False,False,False,False,False,21014.404054996445,9664.595945003555
Laptop Hp 240r G10 14  Fhd Intel Core 3 100u 8gb 512gb W11,9349.0,8.0,512.0,SSD,No especificado,0,,No especificado,No especificado,No especificado,Intel,14.0,Estandar,0,0,0,0,0,0,0,0,2,3.0,9.0,16.0,0.0,0,False,False,False,False,False,False,False,True,False,False,False,False,False,False,False,False,False,False,False,False,False,False,False,False,False,12333.815203088721,-2984.8152030887213
Notebook Fullhd Hp Probook 440 G9 I5 1235u 8gb 256gb W11 Prm Color Plateado,19299.0,8.0,256.0,SSD,No especificado,0,,Intel Core i5-1235U,10,12ª Gen (Alder Lake),Intel,,Estandar,0,0,1,0,0,0,0,0,4,3.0,8.0,32.0,0.0,0,False,False,False,False,False,False,False,True,False,False,False,False,False,False,False,False,False,False,False,False,False,False,False,False,False,8963.918026397178,10335.081973602822
Laptop Hp Stream 11-r010nr Celeron 2gb Ram 32gb Ssd 11'',1700.0,2.0,32.0,SSD,Celeron,0,,No especificado,No especificado,No especificado,Intel,11.0,Ultraportatil,0,0,0,0,0,0,0,0,1,1.0,5.0,2.0,0.0,0,False,False,False,False,False,False,False,True,False,False,False,False,False,False,False,False,False,False,False,False,False,False,False,False,False,4071.3048033104005,-2371.3048033104005
"Laptop Hp 245 G5, Amd A8, 8 Gb, 1 Tb, 14 Pulgadas,windows 10",3000.0,8.0,1024.0,SSD,No especificado,0,14.0,No especificado,No especificado,No especificado,AMD,14.0,Estandar,0,0,0,0,0,0,0,0,2,3.0,10.0,16.0,0.0,0,False,False,False,False,False,False,False,True,False,False,False,False,False,False,False,False,False,False,False,False,False,False,False,False,False,9426.118294494328,-6426.118294494328
"2 en 1 HP Envy x360 de 13.3"" Táctil, Intel Core i5, 8 GB RAM, 256 GB SSD",23165.0,8.0,256.0,SSD,Core I5,0,13.3,Intel Core i5,No especificado,No especificado,Intel,13.3,Ultraportatil,0,0,0,0,1,0,0,0,4,3.0,8.0,32.0,0.0,0,False,False,False,False,False,False,False,True,False,False,False,False,False,False,False,False,False,False,False,False,False,False,False,False,False,18190.362118887777,4974.637881112223
Hp Elite Dragonfly Chrome 13.5' Core I7-12th 32gb Ram 512ssd,11999.0,32.0,512.0,SSD,Core I7,0,13.5,Intel Core i7,No especificado,No especificado,Intel,13.5,Ultraportatil,0,0,0,0,0,0,0,0,5,5.0,9.0,160.0,0.0,0,False,False,False,False,False,False,False,True,False,False,False,False,False,False,False,False,False,False,False,False,False,False,False,False,False,18548.326222881493,-6549.326222881493
Hp 14-dq0527la Intel Celeron 8gb Ram 256gb Ssd W11 Plateado,3799.0,8.0,256.0,SSD,Celeron,0,,No especificado,No especificado,No especificado,Intel,14.0,Estandar,0,0,0,0,0,0,0,0,1,3.0,8.0,8.0,0.0,0,False,False,False,False,False,False,False,True,False,False,False,False,False,False,False,False,False,False,False,False,False,False,False,False,False,9316.651061180744,-5517.651061180744
Hp 14-ep1001la Intel Core Ultra 5 125h 8gb Ram 512gb Ssd,7700.0,8.0,512.0,SSD,No especificado,0,,No especificado,No especificado,No especificado,Intel,14.0,Estandar,0,0,0,0,0,0,0,0,4,3.0,9.0,32.0,0.0,0,False,False,False,False,False,False,False,True,False,False,False,False,False,False,False,False,False,False,False,False,False,False,False,False,False,13053.852103794592,-5353.852103794592
Hp Zbook Studio G4 Xeon E3-1505m V6 Ram De 16gb 250ssd,4500.0,16.0,250.0,SSD,No especificado,0,,No especificado,No especificado,No especificado,Intel,,Estandar,0,0,1,0,0,0,0,0,2,4.0,7.965784284662087,32.0,0.0,0,False,False,False,False,False,False,False,True,False,False,False,False,False,False,False,False,False,False,False,False,False,False,False,False,False,6221.682264271145,-1721.682264271145
Kit: Laptop Hp Intel N200 128gb 4gb Ram Granate + Reloj Timex Mujer Correa Plateada,8066.0,128.0,128.0,SSD,Intel N200,0,,Intel Processor N200,4,Alder Lake-N,Intel,,Estandar,0,0,0,0,0,0,0,0,1,7.0,7.0,128.0,0.0,0,False,False,False,False,False,False,False,True,False,False,False,False,False,False,False,False,False,False,False,False,False,False,False,False,False,6972.807782439977,1093.192217560023
"Portatil Hp Probook 6470b Corei5 3a Generacion, 4gb Y 500gb",3770.0,4.0,500.0,SSD,Corei5,0,,Intel Core i5,No especificado,No especificado,Intel,,Estandar,0,0,1,0,0,0,0,0,4,2.0,8.965784284662087,16.0,0.0,0,False,False,False,False,False,False,False,True,False,False,False,False,False,False,False,False,False,False,False,False,False,False,False,False,False,2526.002189754691,1243.9978102453092
"Laptop Hp 15 Amd Ryzen 5, 8gb Ram 512gb Ssd",5500.0,8.0,512.0,SSD,Ryzen 5,0,,AMD Ryzen 5,No especificado,No especificado,AMD,,Estandar,0,0,0,0,0,0,0,0,4,3.0,9.0,32.0,0.0,0,False,False,False,False,False,False,False,True,False,False,False,False,False,False,False,False,False,False,False,False,False,False,False,False,False,13053.852103794592,-7553.852103794592
Hp Elitebook 845 G8 Ryzen 5 24gb Ram 512gb Ssd Nvme Remate,6490.0,24.0,512.0,SSD,Ryzen 5,0,,AMD Ryzen 5,No especificado,No especificado,AMD,,Estandar,0,0,1,0,0,0,0,0,4,4.584962500721156,9.0,96.0,0.0,0,False,False,False,False,False,False,False,True,False,False,False,False,False,False,False,False,False,False,False,False,False,False,False,False,False,18971.26193872696,-12481.261938726959
Hp Probook 650 G2 Intel Core I5 8gb 256gb Ssd Win11,7500.0,8.0,256.0,SSD,Core I5,0,,Intel Core i5,No especificado,No especificado,Intel,,Estandar,0,0,1,0,0,0,0,0,4,3.0,8.0,32.0,0.0,0,False,False,False,False,False,False,False,True,False,False,False,False,False,False,False,False,False,False,False,False,False,False,False,False,False,8963.918026397178,-1463.9180263971775
Hp Zbook 15u G3 Core I7 6ta Gen 16gb 240gb Win11 Pro,7500.0,16.0,240.0,SSD,Core I7,0,,Intel Core i7,No especificado,No especificado,Intel,,Estandar,0,0,1,0,0,0,0,0,5,4.0,7.906890595608519,80.0,0.0,0,False,False,False,False,False,False,False,True,False,False,False,False,False,False,False,False,False,False,False,False,False,False,False,False,False,5970.6694449700635,1529.3305550299365
Hp Elitebook 745 G6 Plateado 16gb 256gb Ryzen 5 Pro,5900.0,16.0,256.0,SSD,Ryzen 5,0,,AMD Ryzen 5,No especificado,No especificado,AMD,,Estandar,0,0,1,0,0,0,0,0,4,4.0,8.0,64.0,0.0,0,False,False,False,False,False,False,False,True,False,False,False,False,False,False,False,False,False,False,False,False,False,False,False,False,False,11308.675456726656,-5408.675456726656
Hp Probook 450 G7 16gb 256gb Ssd Core I5 Win11 Pro,8500.0,16.0,256.0,SSD,Core I5,0,,Intel Core i5,No especificado,No especificado,Intel,,Estandar,0,0,1,0,0,0,0,0,4,4.0,8.0,64.0,0.0,0,False,False,False,False,False,False,False,True,False,False,False,False,False,False,False,False,False,False,False,False,False,False,False,False,False,11308.675456726656,-2808.675456726656
Hp Elitebook 2560p | Core I7 | 8gb Ram | 500gb Hdd | 12.5 (Reacondicionado),2500.0,8.0,500.0,SSD,Core I7,0,12.5,Intel Core i7,No especificado,No especificado,Intel,12.5,Ultraportatil,1,0,1,0,0,0,0,0,5,3.0,8.965784284662087,40.0,0.0,0,False,False,False,False,False,False,False,True,False,False,False,False,False,False,False,False,False,False,False,False,False,False,False,False,False,4022.17685199457,-1522.17685199457
Laptop Hp Stream 14'' Intel N4120 16gb 128gb -rosa,10700.0,16.0,128.0,SSD,Intel N4120,0,,No especificado,No especificado,No especificado,Intel,14.0,Estandar,0,0,0,0,0,0,0,0,2,4.0,7.0,32.0,0.0,0,False,False,False,False,False,False,False,True,False,False,False,False,False,False,False,False,False,False,False,False,False,False,False,False,False,9520.837305335288,1179.162694664712
Notebook Hp Probook 655 G1 Amd A8 8gb 120gb Ssd Buena (Reacondicionado),2381.0,8.0,120.0,SSD,No especificado,0,,No especificado,No especificado,No especificado,AMD,,Estandar,1,0,1,0,0,0,0,0,2,3.0,6.906890595608519,16.0,0.0,0,False,False,False,False,False,False,False,True,False,False,False,False,False,False,False,False,False,False,False,False,False,False,False,False,False,4568.721141992587,-2187.721141992587
Laptop Hp Probook 6460p Core I5 4gb Ram 120gb Ssd 14.1,2200.0,4.0,120.0,SSD,Core I5,0,14.1,Intel Core i5,No especificado,No especificado,Intel,14.1,Estandar,0,0,1,0,0,0,0,0,4,2.0,6.906890595608519,16.0,0.0,0,False,False,False,False,False,False,False,True,False,False,False,False,False,False,False,False,False,False,False,False,False,False,False,False,False,2384.562108766235,-184.56210876623481
Hp 14-dq0001dx 14 Celeron 4gb Ram 64gb Ssd Jet Black Fact A,4999.0,4.0,64.0,SSD,Celeron,0,,No especificado,No especificado,No especificado,Intel,14.0,Estandar,0,0,0,0,0,0,0,0,1,2.0,6.0,4.0,0.0,0,False,False,False,False,False,False,False,True,False,False,False,False,False,False,False,False,False,False,False,False,False,False,False,False,False,6761.548569844263,-1762.5485698442626
"Laptop HP OmniBook 3 14-hy0030la AMD Ryzen 3 8GB RAM 512GB SSD 14"" 2K",16999.0,8.0,512.0,SSD,Ryzen 3,0,14.0,AMD Ryzen 3,No especificado,No especificado,AMD,14.0,Estandar,0,0,0,1,0,0,0,0,3,3.0,9.0,24.0,0.0,0,False,False,False,False,False,False,False,True,False,False,False,False,False,False,False,False,False,False,False,False,False,False,False,False,False,13921.975948042313,3077.0240519576873
Hp Zbook 15 G6 Core I7 32gb 1tb Ssd Quadro T1000 W11 Pro (Reacondicionado),13000.0,32.0,1024.0,SSD,Core I7,1,,Intel Core i7,No especificado,No especificado,Intel,,Estandar,1,0,1,0,0,0,0,0,5,5.0,10.0,160.0,0.0,0,False,False,False,False,False,False,False,True,False,False,False,False,False,False,False,False,False,False,False,False,False,False,False,False,False,15728.154313145189,-2728.154313145189
"Laptop Hp 255r: Ryzen 5, Ram 16gb, Ssd 512gb, W 11 Home",12999.0,16.0,512.0,SSD,Ryzen 5,0,,AMD Ryzen 5,No especificado,No especificado,AMD,,Estandar,0,0,0,0,0,0,0,0,4,4.0,9.0,64.0,0.0,0,False,False,False,False,False,False,False,True,False,False,False,False,False,False,False,False,False,False,False,False,False,False,False,False,False,17364.92034604292,-4365.92034604292
Laptop Hp 250 G7 Core I3 7th 8gb Ram 128gb Ssd 15.6 Win11,3000.0,8.0,128.0,SSD,Core I3,0,15.6,Intel Core i3,No especificado,No especificado,Intel,15.6,Estandar,0,0,0,0,0,0,0,0,3,3.0,7.0,24.0,0.0,0,False,False,False,False,False,False,False,True,False,False,False,False,False,False,False,False,False,False,False,False,False,False,False,False,False,8587.560709053341,-5587.560709053341
"Laptop HP 15-FD0095WM Intel Core i5 8GB RAM 256GB SSD 15.6"" Windows 11 Home - Excelente (Reacondicionado)",11499.0,8.0,256.0,SSD,Core I5,0,15.6,Intel Core i5,No especificado,No especificado,Intel,15.6,Estandar,1,0,0,0,0,0,0,0,4,3.0,8.0,32.0,0.0,0,False,False,False,False,False,False,False,True,False,False,False,False,False,False,False,False,False,False,False,False,False,False,False,False,False,6062.794747837063,5436.205252162937
Laptop Hp Pavilion Core I7 1355u 16gb 1tb Ssd Fhd 15-fd82 Color Gris,21123.0,16.0,1024.0,SSD,Core I7,0,,Intel Core i7-1355U,10,13ª Gen (Raptor Lake),Intel,,Estandar,0,0,0,0,0,0,0,0,5,4.0,10.0,80.0,0.0,0,False,False,False,False,False,False,False,True,False,False,False,False,False,False,False,False,False,False,False,False,False,False,False,False,False,23083.791095077275,-1960.7910950772748
Laptop Hp Probook 455 Amd A6 4gb Ram 500gb Hdd Webcam 15.6,2000.0,4.0,500.0,SSD,No especificado,0,15.6,No especificado,No especificado,No especificado,AMD,15.6,Estandar,0,0,1,0,0,0,0,0,2,2.0,8.965784284662087,8.0,0.0,0,False,False,False,False,False,False,False,True,False,False,False,False,False,False,False,False,False,False,False,False,False,False,False,False,False,3658.774350198412,-1658.7743501984119
Hp Envy 17  I7 Intel 12 Gb Ram  1 Tb Hd Touchscreen,6840.0,12.0,1024.0,SSD,No especificado,0,,No especificado,No especificado,No especificado,Intel,,Estandar,0,0,0,0,1,0,0,0,5,3.584962500721156,10.0,60.0,0.0,0,False,False,False,False,False,False,False,True,False,False,False,False,False,False,False,False,False,False,False,False,False,False,False,False,False,16779.67799044322,-9939.677990443219
Laptop Hp Probook 6475b Amd A6 4gb Ram 120gb Ssd 14.1 Win 10,2500.0,4.0,120.0,SSD,No especificado,0,14.1,No especificado,No especificado,No especificado,AMD,14.1,Estandar,0,0,1,0,0,0,0,0,2,2.0,6.906890595608519,8.0,0.0,0,False,False,False,False,False,False,False,True,False,False,False,False,False,False,False,False,False,False,False,False,False,False,False,False,False,2973.6760465817247,-473.6760465817247
Hp Pavilion 14 Intel Core I3-1215u 8gb 512gb Ssd,11999.0,8.0,512.0,SSD,Core I3,0,,Intel Core i3-1215U,6,12ª Gen (Alder Lake),Intel,14.0,Estandar,0,0,0,0,0,0,0,0,3,3.0,9.0,24.0,0.0,0,False,False,False,False,False,False,False,True,False,False,False,False,False,False,False,False,False,False,False,False,False,False,False,False,False,12944.669713710266,-945.6697137102656
"Laptop HP 15-fd1254la Intel Core Ultra 5 8GB RAM 512GB SSD 15.6"" Pantalla Touch FHD - Excelente (Reacondicionado)",15199.0,8.0,512.0,SSD,No especificado,0,15.6,No especificado,No especificado,No especificado,Intel,15.6,Estandar,1,0,0,0,1,0,0,0,4,3.0,9.0,32.0,0.0,0,False,False,False,False,False,False,False,True,False,False,False,False,False,False,False,False,False,False,False,False,False,False,False,False,False,10643.156091601106,4555.843908398894
Laptop Hp 15.6 Fhd I5-1135g7 8gb Ram 256gb Ssd 15-dy2795wm,14500.0,8.0,256.0,SSD,No especificado,0,15.6,Intel Core i5-1135G7,4,11ª Gen (Tiger Lake),Intel,15.6,Estandar,0,0,0,0,0,0,0,0,4,3.0,8.0,32.0,0.0,0,False,False,False,False,False,False,False,True,False,False,False,False,False,False,False,False,False,False,False,False,False,False,False,False,False,13088.007397006842,1411.9926029931576
Laptop Hp Probook 440 G10 Intel Core I5 16gb 512ssd Plateado,19357.0,16.0,512.0,SSD,Core I5,0,,Intel Core i5,No especificado,No especificado,Intel,10.0,Ultraportatil,0,0,1,0,0,0,0,0,4,4.0,9.0,64.0,0.0,0,False,False,False,False,False,False,False,True,False,False,False,False,False,False,False,False,False,False,False,False,False,False,False,False,False,24227.79222711143,-4870.792227111429
Notebook Gamer HP Omen 17-db0006la AMD Ryzen 7 16GB Ram Nvidia RTX4050 1TB Ssd 17.3 pulgadas,41999.0,16.0,1024.0,SSD,Ryzen 7,1,17.3,No especificado,No especificado,No especificado,AMD,17.3,Grande,0,1,0,0,0,0,0,2,5,4.0,10.0,80.0,32.0,2,False,False,False,False,False,False,False,True,False,False,False,False,False,False,False,False,False,False,False,False,False,False,False,False,False,30953.849848011803,11045.150151988197
Laptop Hp Pavilion 10 E010nr Amd 2gb Ram 250gb 10.1 Webcam,1800.0,2.0,250.0,SSD,No especificado,0,10.1,No especificado,No especificado,No especificado,AMD,10.1,Ultraportatil,0,0,0,0,0,0,0,0,2,1.0,7.965784284662087,4.0,0.0,0,False,False,False,False,False,False,False,True,False,False,False,False,False,False,False,False,False,False,False,False,False,False,False,False,False,5539.812614991862,-3739.8126149918617
Laptop Hp 625 Amd Athlon Dual Core 3gb Ram 160 Gb Hdd Webcam,2000.0,3.0,160.0,SSD,Athlon,0,,No especificado,No especificado,No especificado,AMD,,Estandar,0,0,0,0,0,0,0,0,1,1.584962500721156,7.321928094887363,3.0,0.0,0,False,False,False,False,False,False,False,True,False,False,False,False,False,False,False,False,False,False,False,False,False,False,False,False,False,5306.972871670675,-3306.972871670675
Hp Elitebook 840 G7 Core I5 16gb 512gb Ssd Win 11 Pro (Reacondicionado),7999.0,16.0,512.0,SSD,Core I5,0,,Intel Core i5,No especificado,No especificado,Intel,,Estandar,1,0,1,0,0,0,0,0,4,4.0,9.0,64.0,0.0,0,False,False,False,False,False,False,False,True,False,False,False,False,False,False,False,False,False,False,False,False,False,False,False,False,False,11837.666930250034,-3838.666930250034
Hp Omnibook X Flip 16  Oled 2k Oled Ryzen Ai 9 32 Gb 512 Ssd,24293.0,32.0,512.0,SSD,No especificado,0,,No especificado,No especificado,No especificado,AMD,16.0,Grande,0,0,0,1,0,1,0,0,2,5.0,9.0,64.0,0.0,0,False,False,False,False,False,False,False,True,False,False,False,False,False,False,False,False,False,False,False,False,False,False,False,False,False,25060.27306648522,-767.2730664852206
Laptop Hp 250 G10 15.6 | Intel Core I3 8gb Ram | 512gb Ssd,9019.0,8.0,512.0,SSD,Core I3,0,15.6,Intel Core i3,No especificado,No especificado,Intel,15.6,Estandar,0,0,0,0,0,0,0,0,3,3.0,9.0,24.0,0.0,0,False,False,False,False,False,False,False,True,False,False,False,False,False,False,False,False,False,False,False,False,False,False,False,False,False,12944.669713710266,-3925.6697137102656
Laptop Amd A8 Economica 8gb+250gb Hdd Escolar W-10+office (Reacondicionado),2599.0,8.0,250.0,SSD,No especificado,0,,No especificado,No especificado,No especificado,AMD,,Estandar,1,0,0,0,0,0,0,0,2,3.0,7.965784284662087,16.0,0.0,0,False,False,False,False,False,False,False,False,False,False,False,False,False,False,False,False,False,False,False,False,False,False,True,False,False,5504.145222536375,-2905.1452225363746
Laptop Hp 14-dk1010la Amd Athlon 3050u 4gb Ram 500gb Negra,7999.0,4.0,500.0,SSD,Athlon,0,,No especificado,No especificado,No especificado,AMD,14.0,Estandar,0,0,0,0,0,0,0,0,1,2.0,8.965784284662087,4.0,0.0,0,False,False,False,False,False,False,False,True,False,False,False,False,False,False,False,False,False,False,False,False,False,False,False,False,False,5744.023771559628,2254.9762284403723
Laptop Hp 14 Intel N150 4gb Ram 128gb Ssd Windows 11 Verde,6708.0,4.0,128.0,SSD,Intel N150,0,,No especificado,No especificado,No especificado,Intel,14.0,Estandar,0,0,0,0,0,0,0,0,1,2.0,7.0,4.0,0.0,0,False,False,False,False,False,False,False,True,False,False,False,False,False,False,False,False,False,False,False,False,False,False,False,False,False,7495.881336415224,-787.8813364152238
Laptop Hp Elitebook 840 G5 Core I5 8va Ram 8gb + 256gb Ssd (Reacondicionado),6499.0,8.0,256.0,SSD,Core I5,0,,Intel Core i5,No especificado,No especificado,Intel,,Estandar,1,0,1,0,0,0,0,0,4,3.0,8.0,32.0,0.0,0,False,False,False,False,False,False,False,True,False,False,False,False,False,False,False,False,False,False,False,False,False,False,False,False,False,6052.241739805315,446.75826019468514
Laptop Hp Elitebook 8440p Core I5 4gb Ram 250gb Hdd Webcam,2299.0,4.0,250.0,SSD,Core I5,0,,Intel Core i5,No especificado,No especificado,Intel,,Estandar,0,0,1,0,0,0,0,0,4,2.0,7.965784284662087,16.0,0.0,0,False,False,False,False,False,False,False,True,False,False,False,False,False,False,False,False,False,False,False,False,False,False,False,False,False,2361.585508477632,-62.585508477632175
Laptop Hp Intel Core I5-1334u Ram 8gb Ssd 256gb 15.6 Fhd Msi,10999.0,8.0,256.0,SSD,Core I5,0,15.6,Intel Core i5,No especificado,No especificado,Intel,15.6,Estandar,0,0,0,0,0,0,0,0,4,3.0,8.0,32.0,0.0,0,False,False,False,False,False,False,False,True,False,False,False,False,False,False,False,False,False,False,False,False,False,False,False,False,False,13088.007397006842,-2089.0073970068424
Laptop Hp 14 Intel 4gb 128gb 14'' Ufs W11h N150 + Regalo,8999.0,4.0,128.0,SSD,No especificado,0,,No especificado,No especificado,No especificado,Intel,14.0,Estandar,0,0,0,0,0,0,0,0,1,2.0,7.0,4.0,0.0,0,False,False,False,False,False,False,False,True,False,False,False,False,False,False,False,False,False,False,False,False,False,False,False,False,False,7495.881336415224,1503.1186635847762
Laptop Hp 450 Core I5 5th 4gb Ram 128gb Ssd Webcam Win10,2500.0,4.0,128.0,SSD,Core I5,0,,Intel Core i5,No especificado,No especificado,Intel,,Estandar,0,0,0,0,0,0,0,0,4,2.0,7.0,16.0,0.0,0,False,False,False,False,False,False,False,True,False,False,False,False,False,False,False,False,False,False,False,False,False,False,False,False,False,3342.284883379971,-842.2848833799708
Laptop Hp Elitebook 840g7 Core I5 - 10210u 16gb Y 256gb (Reacondicionado),7799.0,16.0,256.0,SSD,Core I5,0,,Intel Core i5,No especificado,No especificado,Intel,,Estandar,1,0,1,0,0,0,0,0,4,4.0,8.0,64.0,0.0,0,False,False,False,False,False,False,False,True,False,False,False,False,False,False,False,False,False,False,False,False,False,False,False,False,False,6671.75293620626,1127.2470637937404
Hp Omnibook 3 17.3 Full Hd Intel Ultra 7 16gb Ram 1tb Ssd,27999.0,16.0,1024.0,SSD,No especificado,0,17.3,No especificado,No especificado,No especificado,Intel,17.3,Grande,0,0,0,1,0,0,0,0,5,4.0,10.0,80.0,0.0,0,False,False,False,False,False,False,False,True,False,False,False,False,False,False,False,False,False,False,False,False,False,False,False,False,False,26991.88565586938,1007.1143441306194
Hp Workstation Zbook 17 Core I7 32gb Ram 800gb Ssd Nvidia,6499.0,32.0,800.0,SSD,Core I7,0,,Intel Core i7,No especificado,No especificado,Intel,,Estandar,0,0,1,0,0,0,0,0,5,5.0,9.643856189774725,160.0,0.0,0,False,False,False,False,False,False,False,True,False,False,False,False,False,False,False,False,False,False,False,False,False,False,False,False,False,24443.023248689584,-17944.023248689584
Laptop Hp 14 Intel 4gb 128gb 14'' Ufs W11h N150 + Regulador,8999.0,4.0,128.0,SSD,No especificado,0,,No especificado,No especificado,No especificado,Intel,14.0,Estandar,0,0,0,0,0,0,0,0,1,2.0,7.0,4.0,0.0,0,False,False,False,False,False,False,False,True,False,False,False,False,False,False,False,False,False,False,False,False,False,False,False,False,False,7495.881336415224,1503.1186635847762
Notebook Hp Probook 440 G5 Core I5 8250 1tb 8gb Win10 Pro,4549.0,8.0,1024.0,SSD,Core I5,0,,Intel Core i5,No especificado,No especificado,Intel,,Estandar,0,0,1,0,0,0,0,0,4,3.0,10.0,32.0,0.0,0,False,False,False,False,False,False,False,True,False,False,False,False,False,False,False,False,False,False,False,False,False,False,False,False,False,17488.393702782352,-12939.393702782352
Hp Laptop 14-em0000la Amd Athlon 8gb 128gb Ssd Color Dorado,5990.0,8.0,128.0,SSD,Athlon,0,,No especificado,No especificado,No especificado,AMD,14.0,Estandar,0,0,0,0,0,0,0,0,1,3.0,7.0,8.0,0.0,0,False,False,False,False,False,False,False,True,False,False,False,False,False,False,False,False,False,False,False,False,False,False,False,False,False,8705.603752867748,-2715.603752867748
Laptop Hp Probook 6570b Core I5 4gb Ram 320gb Hdd Win10 Wifi,2300.0,4.0,320.0,SSD,Core I5,0,,Intel Core i5,No especificado,No especificado,Intel,,Estandar,0,0,1,0,0,0,0,0,4,2.0,8.321928094887362,16.0,0.0,0,False,False,False,False,False,False,False,True,False,False,False,False,False,False,False,False,False,False,False,False,False,False,False,False,False,3075.8552767349543,-775.8552767349543
Laptop Hp Probook 450 G2 Core I5 5th 4gb Ram 128gb Ssd 15.6,2900.0,4.0,128.0,SSD,Core I5,0,15.6,Intel Core i5,No especificado,No especificado,Intel,15.6,Estandar,0,0,1,0,0,0,0,0,4,2.0,7.0,16.0,0.0,0,False,False,False,False,False,False,False,True,False,False,False,False,False,False,False,False,False,False,False,False,False,False,False,False,False,2569.6374572510827,330.36254274891735
Laptop Hp Probook 11 Core I3 6th 4gb Ram 320gb Webcam 11.6,2500.0,4.0,320.0,SSD,Core I3,0,11.6,Intel Core i3,No especificado,No especificado,Intel,11.6,Ultraportatil,0,0,1,0,0,0,0,0,3,2.0,8.321928094887362,12.0,0.0,0,False,False,False,False,False,False,False,True,False,False,False,False,False,False,False,False,False,False,False,False,False,False,False,False,False,6285.857469420602,-3785.857469420602
Laptop Hp Probook 470 G5 Core I5 8th 8gb Ram 120gb Ssd 15.6,3800.0,8.0,120.0,SSD,Core I5,0,15.6,Intel Core i5,No especificado,No especificado,Intel,15.6,Estandar,0,0,1,0,0,0,0,0,4,3.0,6.906890595608519,32.0,0.0,0,False,False,False,False,False,False,False,True,False,False,False,False,False,False,False,False,False,False,False,False,False,False,False,False,False,5084.048648254895,-1284.048648254895
Hp 14-ep1001la Intel Core Ultra 5 125h 8gb Ram 512gb Ssd 14,7400.0,8.0,512.0,SSD,No especificado,0,,No especificado,No especificado,No especificado,Intel,14.0,Estandar,0,0,0,0,0,0,0,0,4,3.0,9.0,32.0,0.0,0,False,False,False,False,False,False,False,True,False,False,False,False,False,False,False,False,False,False,False,False,False,False,False,False,False,13053.852103794592,-5653.852103794592
Laptop Hp Elitebook 8440p Core I5 4gb Ram 250gb Hdd14.0,2000.0,4.0,250.0,SSD,Core I5,0,,Intel Core i5,No especificado,No especificado,Intel,,Estandar,0,0,1,0,0,0,0,0,4,2.0,7.965784284662087,16.0,0.0,0,False,False,False,False,False,False,False,True,False,False,False,False,False,False,False,False,False,False,False,False,False,False,False,False,False,2361.585508477632,-361.5855084776322
Laptop Hp 245 G8 Amd Ryzen 3 5300 Win10 Pro 8gb 1tb Hdd,5838.0,8.0,1024.0,SSD,Ryzen 3,0,,AMD Ryzen 3,No especificado,No especificado,AMD,,Estandar,0,0,0,0,0,0,0,0,3,3.0,10.0,24.0,0.0,0,False,False,False,False,False,False,False,True,False,False,False,False,False,False,False,False,False,False,False,False,False,False,False,False,False,10986.012645208075,-5148.012645208075
Laptop HP 15.6 Pulgadas Intel Core i3-N305 8GB RAM 128GB Ssd Windows 11 Home Natural Silver Modelo 15-fd0113dx,16000.0,8.0,128.0,SSD,Core I3,0,15.6,Intel Core i3-N305,8,Alder Lake-N,Intel,15.6,Estandar,0,0,0,0,0,0,0,0,3,3.0,7.0,24.0,0.0,0,False,False,False,False,False,False,False,True,False,False,False,False,False,False,False,False,False,False,False,False,False,False,False,False,False,8587.560709053341,7412.439290946659
Laptop Hp Probook 5330m Core I5 6gb Ram 500gb Hdd Webcam 14,2200.0,6.0,500.0,SSD,Core I5,0,,Intel Core i5,No especificado,No especificado,Intel,14.0,Estandar,0,0,1,0,0,0,0,0,4,2.584962500721156,8.965784284662087,24.0,0.0,0,False,False,False,False,False,False,False,True,False,False,False,False,False,False,False,False,False,False,False,False,False,False,False,False,False,2907.2112579365094,-707.2112579365094
Laptop Hp 15 Core I7 1355u 16gb 512gb Pantalla 15.6  Touch (Reacondicionado),19899.0,16.0,512.0,SSD,Core I7,0,15.6,Intel Core i7-1355U,10,13ª Gen (Raptor Lake),Intel,15.6,Estandar,1,0,0,0,1,0,0,0,5,4.0,9.0,80.0,0.0,0,False,False,False,False,False,False,False,True,False,False,False,False,False,False,False,False,False,False,False,False,False,False,False,False,False,18400.902306469055,1498.0976935309445
"Laptop HP 255 G10 con AMD Ryzen 3 7335U, 24 GB RAM y 1 TB SSD",15299.0,24.0,1024.0,SSD,Ryzen 3,0,,AMD Ryzen 3,No especificado,No especificado,AMD,,Estandar,0,0,0,0,0,0,0,0,3,4.584962500721156,10.0,72.0,0.0,0,False,False,False,False,False,False,False,True,False,False,False,False,False,False,False,False,False,False,False,False,False,False,False,False,False,18917.43992179785,-3618.43992179785
Hp Elitebook 840 G5 Core I5 8gb 256gb Ssd Win 11 Pro (Reacondicionado),4999.0,8.0,256.0,SSD,Core I5,0,,Intel Core i5,No especificado,No especificado,Intel,,Estandar,1,0,1,0,0,0,0,0,4,3.0,8.0,32.0,0.0,0,False,False,False,False,False,False,False,True,False,False,False,False,False,False,False,False,False,False,False,False,False,False,False,False,False,6052.241739805315,-1053.2417398053149
Laptop Hp 250 G4 15.6 Core I3 4 Gb Ram 120 Gb Sdd Bt Webcam,2700.0,4.0,120.0,SSD,Core I3,0,15.6,Intel Core i3,No especificado,No especificado,Intel,15.6,Estandar,0,0,0,0,0,0,0,0,3,2.0,6.906890595608519,12.0,0.0,0,False,False,False,False,False,False,False,True,False,False,False,False,False,False,False,False,False,False,False,False,False,False,False,False,False,3412.0239888794454,-712.0239888794454
"Laptop Hp Probook 440 G11, Intel Core Ultra 5 Ram 8gb 512gb - Plateado",31429.0,8.0,512.0,SSD,No especificado,0,,No especificado,No especificado,No especificado,Intel,,Estandar,0,0,1,0,0,0,0,0,4,3.0,9.0,32.0,0.0,0,False,False,False,False,False,False,False,True,False,False,False,False,False,False,False,False,False,False,False,False,False,False,False,False,False,17142.863474327583,14286.136525672417
Laptop Hp Pavilion G7 Core I5 4gb Ram 500gb Hdd Radeon 17.3,2300.0,4.0,500.0,SSD,Core I5,0,17.3,Intel Core i5,No especificado,No especificado,Intel,17.3,Grande,0,0,0,0,0,0,0,1,4,2.0,8.965784284662087,16.0,4.0,0,False,False,False,False,False,False,False,True,False,False,False,False,False,False,False,False,False,False,False,False,False,False,False,False,False,3422.229782092906,-1122.2297820929061
Laptop Hp Ryzen 5 7520u 8gb 512gb 14hd W11 1 Año Garantia Mx,14999.0,8.0,512.0,SSD,Ryzen 5,0,,AMD Ryzen 5 7520U,4,Serie 7000 (Zen 2),AMD,,Estandar,0,0,0,0,0,0,0,0,4,3.0,9.0,32.0,0.0,0,False,False,False,False,False,False,False,True,False,False,False,False,False,False,False,False,False,False,False,False,False,False,False,False,False,13053.852103794592,1945.147896205408
Hp Probook 650 G5 Core I7 16gb 240gb Ssd Windows 11 Pro (Reacondicionado),9000.0,16.0,240.0,SSD,Core I7,0,,Intel Core i7,No especificado,No especificado,Intel,,Estandar,1,0,1,0,0,0,0,0,5,4.0,7.906890595608519,80.0,0.0,0,False,False,False,False,False,False,False,True,False,False,False,False,False,False,False,False,False,False,False,False,False,False,False,False,False,6745.114142520427,2254.885857479573
Notebook Hp 245 G9 Ryzen 3 3250u 8gb M.2 512gb Ssd 14 7f213lt Color Negro - Excelente (Reacondicionado),10499.0,8.0,512.0,SSD,Ryzen 3,0,,AMD Ryzen 3 3250U,2,Serie 3000 (Zen+),AMD,14.0,Estandar,1,0,0,0,0,0,0,0,3,3.0,9.0,24.0,0.0,0,False,False,False,False,False,False,False,True,False,False,False,False,False,False,False,False,False,False,False,False,False,False,False,False,False,10748.903982889979,-249.90398288997858
Laptop Hp 635 Amd Phenom 4gb Ram 120gb Ssd 15.6 Webcam Wifi,1600.0,4.0,120.0,SSD,No especificado,0,15.6,No especificado,No especificado,No especificado,AMD,15.6,Estandar,0,0,0,0,0,0,0,0,2,2.0,6.906890595608519,8.0,0.0,0,False,False,False,False,False,False,False,True,False,False,False,False,False,False,False,False,False,False,False,False,False,False,False,False,False,3249.8304038072147,-1649.8304038072147
Portatil Hp 15-fd1252la Intel Core Ultra 5 125h 16gb 512gb Fhd Ips 15.6,22014.0,16.0,512.0,SSD,No especificado,0,15.6,No especificado,No especificado,No especificado,Intel,15.6,Estandar,0,0,0,0,0,0,0,0,4,4.0,9.0,64.0,0.0,0,False,False,False,False,False,False,False,True,False,False,False,False,False,False,False,False,False,False,False,False,False,False,False,False,False,17364.92034604292,4649.07965395708
Laptop Hp X360 Intel Pentium Táctil 14 4gb Ram 500 Ssd,3500.0,4.0,500.0,SSD,No especificado,0,,No especificado,No especificado,No especificado,Intel,14.0,Estandar,0,0,0,0,1,0,0,0,1,2.0,8.965784284662087,4.0,0.0,0,False,False,False,False,False,False,False,True,False,False,False,False,False,False,False,False,False,False,False,False,False,False,False,False,False,6123.156084584842,-2623.1560845848417
Laptop Hp Presario Cq57 Celeron 4gb Ram 160gb Webcam Win10,1700.0,4.0,160.0,SSD,Celeron,0,,No especificado,No especificado,No especificado,Intel,,Estandar,0,0,0,0,0,0,0,0,1,2.0,7.321928094887363,4.0,0.0,0,False,False,False,False,False,False,False,True,False,False,False,False,False,False,False,False,False,False,False,False,False,False,False,False,False,6460.604133474257,-4760.604133474257
Hp Laptop 14-em0000la Amd Athlon 8gb 128gb Color Dorado,5990.0,8.0,128.0,SSD,Athlon,0,,No especificado,No especificado,No especificado,AMD,14.0,Estandar,0,0,0,0,0,0,0,0,1,3.0,7.0,8.0,0.0,0,False,False,False,False,False,False,False,True,False,False,False,False,False,False,False,False,False,False,False,False,False,False,False,False,False,8705.603752867748,-2715.603752867748
Notebook Hp 15 Ryzen 7 7730u 8gb 512gb Ssd 15.6 Fhd W11 Cx Color Plateado Natural,17697.0,8.0,512.0,SSD,Ryzen 7,0,15.6,AMD Ryzen 7 7730U,8,Serie 7000 (Zen 3),AMD,15.6,Estandar,0,0,0,0,0,0,0,0,5,3.0,9.0,40.0,0.0,0,False,False,False,False,False,False,False,True,False,False,False,False,False,False,False,False,False,False,False,False,False,False,False,False,False,14265.7377771829,3431.2622228171003
"Laptop Hp Probook 4ai G1i, Intel Core Ultra 5,16gb,512gb,16",27019.0,16.0,512.0,SSD,No especificado,0,,No especificado,No especificado,No especificado,Intel,16.0,Grande,0,0,1,0,0,0,0,0,4,4.0,9.0,64.0,0.0,0,False,False,False,False,False,False,False,True,False,False,False,False,False,False,False,False,False,False,False,False,False,False,False,False,False,24227.79222711143,2791.2077728885706
Laptop Hp X360 Core I7 Nueva Gen 16gb Ram 256gb Ssd Touch (Reacondicionado),14199.0,16.0,256.0,SSD,Core I7,0,,Intel Core i7,No especificado,No especificado,Intel,,Estandar,1,0,0,0,1,0,0,0,5,4.0,8.0,80.0,0.0,0,False,False,False,False,False,False,False,True,False,False,False,False,False,False,False,False,False,False,False,False,False,False,False,False,False,14701.694769841271,-502.6947698412714
"Laptop Hp 240r G9 14 , Core I3 13va Gen, Ram 8gb, Ssd 512gb (Nuevo con caja abierta)",8700.0,8.0,512.0,SSD,Core I3,0,,Intel Core i3,No especificado,No especificado,Intel,14.0,Estandar,1,0,0,0,0,0,0,0,3,3.0,9.0,24.0,0.0,0,False,False,False,False,False,False,False,True,False,False,False,False,False,False,False,False,False,False,False,False,False,False,False,False,False,10748.903982889979,-2048.9039828899786
"Laptop Hp 14-dq0532la: Intel Celeron N4120, SSD 128GB, RAM 4gb, UHD Graphics 600, W11 Home",5565.0,128.0,128.0,SSD,Celeron,0,,No especificado,No especificado,No especificado,Intel,14.0,Estandar,0,0,0,0,0,0,0,1,1,7.0,7.0,128.0,128.0,0,False,False,False,False,False,False,False,True,False,False,False,False,False,False,False,False,False,False,False,False,False,False,False,False,False,10441.743151101173,-4876.743151101173
Laptop Hp Elitebook 8540p Core I5 4gb Ram 120gb Ssd Nvidia,2300.0,4.0,120.0,SSD,Core I5,0,,Intel Core i5,No especificado,No especificado,Intel,,Estandar,0,0,1,0,0,0,0,0,4,2.0,6.906890595608519,16.0,0.0,0,False,False,False,False,False,False,False,True,False,False,False,False,False,False,False,False,False,False,False,False,False,False,False,False,False,2384.562108766235,-84.56210876623481
Ordenador Portátil Hp Ryzen 5 7430u 17 Fhd 32 Gb Ram 2 Tb Ss,30276.0,32.0,2048.0,SSD,Ryzen 5,0,,AMD Ryzen 5,No especificado,No especificado,AMD,,Estandar,0,0,0,0,0,0,0,0,4,5.0,11.0,128.0,0.0,0,False,False,False,False,False,False,False,True,False,False,False,False,False,False,False,False,False,False,False,False,False,False,False,False,False,32317.846673964024,-2041.8466739640244
Ordenador Portátil Hp 17.3 I5 32 Gb Ram 1 Tb Ssd Windows 11,31174.0,32.0,1024.0,SSD,No especificado,0,17.3,No especificado,No especificado,No especificado,Intel,17.3,Grande,0,0,0,0,0,0,0,0,4,5.0,10.0,128.0,0.0,0,False,False,False,False,False,False,False,True,False,False,False,False,False,False,False,False,False,False,False,False,False,False,False,False,False,23109.239698028472,8064.760301971528
Laptop Hp Elitebook 8440p Core I5 2.4ghz 4gb Ram Hdd 320gb,3500.0,4.0,320.0,SSD,Core I5,0,,Intel Core i5,No especificado,No especificado,Intel,,Estandar,0,0,1,0,0,0,0,0,4,2.0,8.321928094887362,16.0,0.0,0,False,False,False,False,False,False,False,True,False,False,False,False,False,False,False,False,False,False,False,False,False,False,False,False,False,3075.8552767349543,424.14472326504574
"Hp Laptop Multifuncional, Core I5-8th 8gb Ram 256 Ssd W11 (Reacondicionado)",4735.0,8.0,256.0,SSD,Core I5,0,,Intel Core i5,No especificado,No especificado,Intel,,Estandar,1,0,0,0,0,0,0,0,4,3.0,8.0,32.0,0.0,0,False,False,False,False,False,False,False,True,False,False,False,False,False,False,False,False,False,False,False,False,False,False,False,False,False,6062.794747837063,-1327.7947478370634
Laptop Hp 14-ep1000la Intel Core Ultra 5 16gb Ram 512 Gb Ssd,11999.0,16.0,512.0,SSD,No especificado,0,,No especificado,No especificado,No especificado,Intel,14.0,Estandar,0,0,0,0,0,0,0,0,4,4.0,9.0,64.0,0.0,0,False,False,False,False,False,False,False,True,False,False,False,False,False,False,False,False,False,False,False,False,False,False,False,False,False,17364.92034604292,-5365.92034604292
"Laptop Hp Multitareas, Core I5-8th 8gb Ram 256gb Ssd W11 (Reacondicionado)",4735.0,8.0,256.0,SSD,Core I5,0,,Intel Core i5,No especificado,No especificado,Intel,,Estandar,1,0,0,0,0,0,0,0,4,3.0,8.0,32.0,0.0,0,False,False,False,False,False,False,False,True,False,False,False,False,False,False,False,False,False,False,False,False,False,False,False,False,False,6062.794747837063,-1327.7947478370634
Hp Core I5 8va 8gb 256gb Ssd Rápida Windows 11 (Reacondicionado),4735.0,8.0,256.0,SSD,Core I5,0,,Intel Core i5,No especificado,No especificado,Intel,,Estandar,1,0,0,0,0,0,0,0,4,3.0,8.0,32.0,0.0,0,False,False,False,False,False,False,False,True,False,False,False,False,False,False,False,False,False,False,False,False,False,False,False,False,False,6062.794747837063,-1327.7947478370634
Hp Core I5 8va 8gb 256ssd Alto Rendimiento W11 (Reacondicionado),4735.0,8.0,256.0,SSD,Core I5,0,,Intel Core i5,No especificado,No especificado,Intel,,Estandar,1,0,0,0,0,0,0,0,4,3.0,8.0,32.0,0.0,0,False,False,False,False,False,False,False,True,False,False,False,False,False,False,False,False,False,False,False,False,False,False,False,False,False,6062.794747837063,-1327.7947478370634
"Hp Laptop Gran Potencia, Core I5-8th 8gb Ram 256 Ssd W11 (Reacondicionado)",4735.0,8.0,256.0,SSD,Core I5,0,,Intel Core i5,No especificado,No especificado,Intel,,Estandar,1,0,0,0,0,0,0,0,4,3.0,8.0,32.0,0.0,0,False,False,False,False,False,False,False,True,False,False,False,False,False,False,False,False,False,False,False,False,False,False,False,False,False,6062.794747837063,-1327.7947478370634
Laptop Hp Core I5 8va 8gb 256ssd Windows 11 (Reacondicionado),4735.0,8.0,256.0,SSD,Core I5,0,,Intel Core i5,No especificado,No especificado,Intel,,Estandar,1,0,0,0,0,0,0,0,4,3.0,8.0,32.0,0.0,0,False,False,False,False,False,False,False,True,False,False,False,False,False,False,False,False,False,False,False,False,False,False,False,False,False,6062.794747837063,-1327.7947478370634
"Hp Laptop Potente, Core I5-8th 8gb Ram 256 Ssd W11 (Reacondicionado)",4735.0,8.0,256.0,SSD,Core I5,0,,Intel Core i5,No especificado,No especificado,Intel,,Estandar,1,0,0,0,0,0,0,0,4,3.0,8.0,32.0,0.0,0,False,False,False,False,False,False,False,True,False,False,False,False,False,False,False,False,False,False,False,False,False,False,False,False,False,6062.794747837063,-1327.7947478370634
Laptop Ia Pc Hp Omnibook 5 Ryzen Ai 7 350 Npu 16gb 1tb 16  (Reacondicionado),21999.0,16.0,1024.0,SSD,No especificado,0,,No especificado,No especificado,No especificado,AMD,16.0,Grande,1,0,0,1,0,0,0,0,5,4.0,10.0,80.0,0.0,0,False,False,False,False,False,False,False,True,False,False,False,False,False,False,False,False,False,False,False,False,False,False,False,False,False,22650.90997229056,-651.9099722905594
Laptop Hp Victus Core I5-12450h 64gb Ram 1tb Ssd - Negro,40000.0,64.0,1024.0,SSD,Core I5,0,,Intel Core i5-12450H,8,12ª Gen (Alder Lake),Intel,,Estandar,0,1,0,0,0,0,0,0,4,6.0,10.0,256.0,0.0,0,False,False,False,False,False,False,False,True,False,False,False,False,False,False,False,False,False,False,False,False,False,False,False,False,False,37993.240647455816,2006.7593525441844
Hp (15-dw3071cl) 15.6 I7-1165g7 8gb 512gb Ssd W11 Plata Color Plateado - Excelente (Reacondicionado),11499.0,8.0,512.0,SSD,No especificado,0,15.6,Intel Core i7-1165G7,4,11ª Gen (Tiger Lake),Intel,15.6,Estandar,1,0,0,0,0,0,0,0,5,3.0,9.0,40.0,0.0,0,False,False,False,False,False,False,False,True,False,False,False,False,False,False,False,False,False,False,False,False,False,False,False,False,False,9813.068974699945,1685.931025300055
Laptop Hp 15-ef1300wm Amd Ryzen 3 3250u 12gb 128gb Ssd 15.6  (Reacondicionado),10999.0,12.0,128.0,SSD,Ryzen 3,0,15.6,AMD Ryzen 3 3250U,2,Serie 3000 (Zen+),AMD,15.6,Estandar,1,0,0,0,0,0,0,0,3,3.584962500721156,7.0,36.0,0.0,0,False,False,False,False,False,False,False,True,False,False,False,False,False,False,False,False,False,False,False,False,False,False,False,False,False,8457.008951076898,2541.9910489231024
Hp Elitebook 850 G7 Core I5 10ma Gen 8gb Ram 256gb Ssd (Reacondicionado),7799.0,8.0,256.0,SSD,Core I5,0,,Intel Core i5,No especificado,No especificado,Intel,,Estandar,1,0,1,0,0,0,0,0,4,3.0,8.0,32.0,0.0,0,False,False,False,False,False,False,False,True,False,False,False,False,False,False,False,False,False,False,False,False,False,False,False,False,False,6052.241739805315,1746.7582601946851
Hp Elitebook 8 G1i Intel Core 5 Ultra 24gb 512gb,30999.0,24.0,512.0,SSD,No especificado,0,,No especificado,No especificado,No especificado,Intel,,Estandar,0,0,1,0,0,0,0,0,2,4.584962500721156,9.0,48.0,0.0,0,False,False,False,False,False,False,False,True,False,False,False,False,False,False,False,False,False,False,False,False,False,False,False,False,False,19722.99279502002,11276.007204979978
"Laptop HP con Pantalla Táctil de 17.3"" HD+, Ryzen 5, 16 GB RAM y 1 TB SSD - Excelente (Reacondicionado)",11407.0,16.0,1024.0,SSD,Ryzen 5,0,17.3,AMD Ryzen 5,No especificado,No especificado,AMD,17.3,Grande,1,0,0,0,1,0,0,0,4,4.0,10.0,64.0,0.0,0,False,False,False,False,False,False,False,True,False,False,False,False,False,False,False,False,False,False,False,False,False,False,False,False,False,16415.092796624733,-5008.092796624733
"Notebook HP 240R G10, 14"" HD, INTEL CORE 5 120U, 8GB RAM, 512GB SSD, Windows 11 Home, ESPAÑOL",14999.0,8.0,512.0,SSD,No especificado,0,14.0,No especificado,No especificado,No especificado,Intel,14.0,Estandar,0,0,0,0,0,0,0,0,2,3.0,9.0,16.0,0.0,0,False,False,False,False,False,False,False,True,False,False,False,False,False,False,False,False,False,False,False,False,False,False,False,False,False,12333.815203088721,2665.1847969112787
Laptop Hp 250 G4 Pentium 4gb Ram 120ssd Webcam Win10 Bt,2300.0,4.0,120.0,SSD,No especificado,0,,No especificado,No especificado,No especificado,Intel,,Estandar,0,0,0,0,0,0,0,0,1,2.0,6.906890595608519,4.0,0.0,0,False,False,False,False,False,False,False,True,False,False,False,False,False,False,False,False,False,False,False,False,False,False,False,False,False,4592.665476190244,-2292.6654761902437
Laptop  Hp En Oferta  645 G1 Amd A8 8gb Ram 320gb Hdd (Reacondicionado),2699.0,8.0,320.0,SSD,No especificado,0,,No especificado,No especificado,No especificado,AMD,,Estandar,1,0,0,0,0,0,0,0,2,3.0,8.321928094887362,16.0,0.0,0,False,False,False,False,False,False,False,True,False,False,False,False,False,False,False,False,False,False,False,False,False,False,False,False,False,8450.837476310378,-5751.837476310378
Laptop Hp Elitebook 840 G3 Core I5 8gb Ram 500gb Hdd Win10 (Reacondicionado),3254.0,8.0,500.0,SSD,Core I5,0,,Intel Core i5,No especificado,No especificado,Intel,,Estandar,1,0,1,0,0,0,0,0,4,3.0,8.965784284662087,32.0,0.0,0,False,False,False,False,False,False,False,True,False,False,False,False,False,False,False,False,False,False,False,False,False,False,False,False,False,3846.132352752545,-592.1323527525451
Laptop Hp 245 Athlon 3020e 16gb 1tb 14  W10h Reacondicionado (Reacondicionado),10999.0,16.0,1024.0,SSD,Athlon,0,,No especificado,No especificado,No especificado,AMD,14.0,Estandar,1,0,0,0,0,0,0,0,1,4.0,10.0,16.0,0.0,0,False,False,False,False,False,False,False,True,False,False,False,False,False,False,False,False,False,False,False,False,False,False,False,False,False,12715.525821927924,-1716.525821927924
Notebook Hp 14-dq0003dx Celeron N4020 4gb 64gb Fhd W10 Cuota,5999.0,4.0,64.0,SSD,Celeron,0,,No especificado,No especificado,No especificado,Intel,14.0,Estandar,0,0,0,0,0,0,0,0,1,2.0,6.0,4.0,0.0,0,False,False,False,False,False,False,False,True,False,False,False,False,False,False,False,False,False,False,False,False,False,False,False,False,False,6761.548569844263,-762.5485698442626
Laptop Hp Probook 440 Intel Core I 5 4th Ram8gb Hdd500gb (Reacondicionado),3800.0,8.0,500.0,HDD,No especificado,0,,No especificado,No especificado,No especificado,Intel,,Estandar,1,0,1,0,0,0,0,0,2,3.0,8.965784284662087,16.0,0.0,0,False,False,False,False,False,False,False,True,False,False,False,False,False,False,False,False,False,False,False,False,False,False,False,False,False,4421.3364950962105,-621.3364950962105
"Laptop Hp Omen, Ryzen 7, 8gb/512gb Ssd, Nvidia, W11, Negro",19999.0,8.0,512.0,SSD,Ryzen 7,0,,No especificado,No especificado,No especificado,AMD,,Estandar,0,0,0,0,0,0,0,0,5,3.0,9.0,40.0,0.0,0,False,False,False,False,False,False,False,True,False,False,False,False,False,False,False,False,False,False,False,False,False,False,False,False,False,14265.7377771829,5733.2622228171
"Laptop Hp Elitebook 8 G1i, Intel Core Ultra 5,32gb,512gb,14",40699.0,32.0,512.0,SSD,No especificado,0,,No especificado,No especificado,No especificado,Intel,14.0,Estandar,0,0,1,0,0,0,0,0,4,5.0,9.0,128.0,0.0,0,False,False,False,False,False,False,False,True,False,False,False,False,False,False,False,False,False,False,False,False,False,False,False,False,False,26781.567188425342,13917.432811574658
Hp Probook 4 G1q Laptop Snapdragon X1 16gb Ram 512gb Ssd,21749.0,16.0,512.0,SSD,No especificado,0,,No especificado,No especificado,No especificado,Otros,,Estandar,0,0,1,0,0,0,0,0,2,4.0,9.0,32.0,0.0,0,False,False,False,False,False,False,False,True,False,False,False,False,False,False,False,False,False,False,False,False,False,False,False,False,False,20606.419597927354,1142.5804020726464
Hp Zbook 8 G1i 16  Intel Ultra 7 Rtx500 16gb 512gb Ssd Win11,45250.0,16.0,512.0,SSD,No especificado,1,,No especificado,No especificado,No especificado,Intel,16.0,Grande,0,1,1,0,0,0,0,0,5,4.0,9.0,80.0,0.0,0,False,False,False,False,False,False,False,True,False,False,False,False,False,False,False,False,False,False,False,False,False,False,False,False,False,29967.608482595435,15282.391517404565
"Hp Probook 640 G5, Core I7-8th, 16gb Ram, 1tb + 256 Ssd",4999.0,16.0,1024.0,SSD,Core I7,0,,Intel Core i7,No especificado,No especificado,Intel,,Estandar,0,0,1,0,0,0,0,0,5,4.0,10.0,80.0,0.0,0,False,False,False,False,False,False,False,True,False,False,False,False,False,False,False,False,False,False,False,False,False,False,False,False,False,23655.197516350636,-18656.197516350636
Laptop Hp Zbook 17 Xeon 32gb Ram 1tb Ssd Nvidia 16gb Vram,12995.0,32.0,1024.0,SSD,No especificado,0,,No especificado,No especificado,No especificado,Intel,,Estandar,0,0,1,0,0,0,0,0,2,5.0,10.0,64.0,0.0,0,False,False,False,False,False,False,False,True,False,False,False,False,False,False,False,False,False,False,False,False,False,False,False,False,False,17995.55540109426,-5000.5554010942615
Laptop Hp 14-em0001la Amd Ryzen 3 8gb Ram 256gb Sellada,7000.0,8.0,256.0,SSD,Ryzen 3,0,,AMD Ryzen 3,No especificado,No especificado,AMD,14.0,Estandar,0,0,0,0,0,0,0,0,3,3.0,8.0,24.0,0.0,0,False,False,False,False,False,False,False,True,False,False,False,False,False,False,False,False,False,False,False,False,False,False,False,False,False,10454.363186473598,-3454.363186473598
"Laptop HP 15-fd0333la Intel Core 3 8GB RAM 512GB SSD 15.6"" Táctil FHD",15999.0,8.0,512.0,SSD,No especificado,0,15.6,No especificado,No especificado,No especificado,Intel,15.6,Estandar,0,0,0,0,1,0,0,0,2,3.0,9.0,16.0,0.0,0,False,False,False,False,False,False,False,True,False,False,False,False,False,False,False,False,False,False,False,False,False,False,False,False,False,14909.779149528775,1089.2208504712253
Ordenador Portátil Hp 17.3 Fhd Touch Ryzen 5 16 Gb 512 Gb Ss,24826.0,16.0,512.0,SSD,Ryzen 5,0,17.3,AMD Ryzen 5,No especificado,No especificado,AMD,17.3,Grande,0,0,0,0,1,0,0,0,4,4.0,9.0,64.0,0.0,0,False,False,False,False,False,False,False,True,False,False,False,False,False,False,False,False,False,False,False,False,False,False,False,False,False,18955.797086511262,5870.202913488738
Laptop Hp G60 Pentium 2gb Ram 120gb Ssd 15.6 Webcam Hdmi,2000.0,2.0,120.0,SSD,No especificado,0,15.6,No especificado,No especificado,No especificado,Intel,15.6,Estandar,0,0,0,0,0,0,0,0,1,1.0,6.906890595608519,2.0,0.0,0,False,False,False,False,False,False,False,True,False,False,False,False,False,False,False,False,False,False,False,False,False,False,False,False,False,3302.0224964433237,-1302.0224964433237
Laptop Hp Omnibook X Flip 14 2k Intel Ultra 5 16gb 512gb Ssd,24999.0,16.0,512.0,SSD,No especificado,0,,No especificado,No especificado,No especificado,Intel,14.0,Estandar,0,0,0,1,0,0,0,0,4,4.0,9.0,64.0,0.0,0,False,False,False,False,False,False,False,True,False,False,False,False,False,False,False,False,False,False,False,False,False,False,False,False,False,23895.803435232687,1103.1965647673132
Portátil Hp Pavilion 15.6  32gb Ram 1tb Ssd Intel Wifi6,12238.0,32.0,1024.0,SSD,No especificado,0,15.6,No especificado,No especificado,No especificado,Intel,15.6,Estandar,0,0,0,0,0,0,0,0,2,5.0,10.0,64.0,0.0,0,False,False,False,False,False,False,False,True,False,False,False,False,False,False,False,False,False,False,False,False,False,False,False,False,False,19688.690496502382,-7450.690496502382
Laptop Para Juegos Hp Victus 15 Intel I5-12450h 32gb 1tb Rtx,36143.0,32.0,1024.0,SSD,No especificado,1,,Intel Core i5-12450H,8,12ª Gen (Alder Lake),Intel,15.0,Estandar,0,1,0,0,0,0,0,0,4,5.0,10.0,128.0,0.0,0,False,False,False,False,False,False,False,True,False,False,False,False,False,False,False,False,False,False,False,False,False,False,False,False,False,35839.89417301604,303.1058269839632
Laptop Gamer Hp Victus 15.6  I5-12450h 32gb Ram 1tb Ssd Rtx,35002.0,32.0,1024.0,SSD,No especificado,1,15.6,Intel Core i5-12450H,8,12ª Gen (Alder Lake),Intel,15.6,Estandar,0,1,0,0,0,0,0,0,4,5.0,10.0,128.0,0.0,0,False,False,False,False,False,False,False,True,False,False,False,False,False,False,False,False,False,False,False,False,False,False,False,False,False,35839.89417301604,-837.8941730160368
Ordenador Portátil Hp Elitebook 6 16 Ryzen 5 32 Gb 1 Tb Ssd,20031.0,32.0,1024.0,SSD,Ryzen 5,0,,AMD Ryzen 5,No especificado,No especificado,AMD,16.0,Grande,0,0,1,0,0,0,0,0,4,5.0,10.0,128.0,0.0,0,False,False,False,False,False,False,False,True,False,False,False,False,False,False,False,False,False,False,False,False,False,False,False,False,False,21795.00216009308,-1764.0021600930813
Economica Laptop Hp 640 G2 Core I7-6th 8 Gb Ram 256 Ssd W11 (Reacondicionado),5070.0,8.0,256.0,SSD,Core I7,0,,Intel Core i7,No especificado,No especificado,Intel,,Estandar,1,0,0,0,0,0,0,0,5,3.0,8.0,40.0,0.0,0,False,False,False,False,False,False,False,True,False,False,False,False,False,False,False,False,False,False,False,False,False,False,False,False,False,7104.692564641154,-2034.6925646411537
Laptop Hp 440 G4 Core I5 7th Ram8gb Hdd 500gb (Reacondicionado),3800.0,8.0,500.0,HDD,Core I5,0,,Intel Core i5,No especificado,No especificado,Intel,,Estandar,1,0,0,0,0,0,0,0,4,3.0,8.965784284662087,32.0,0.0,0,False,False,False,False,False,False,False,True,False,False,False,False,False,False,False,False,False,False,False,False,False,False,False,False,False,3876.5346129867858,-76.53461298678576
Laptop Hp 14 Intel N150 16gb Ram 128gb Ufs Verde,8651.0,16.0,128.0,SSD,Intel N150,0,,No especificado,No especificado,No especificado,Intel,14.0,Estandar,0,0,0,0,0,0,0,0,1,4.0,7.0,16.0,0.0,0,False,False,False,False,False,False,False,True,False,False,False,False,False,False,False,False,False,False,False,False,False,False,False,False,False,10160.519054818593,-1509.5190548185928
Laptop Hp Elitebook 830 G6 Core I5 - 8va Ram 8gb + 256gb Ssd (Reacondicionado),6499.0,8.0,256.0,SSD,Core I5,0,,Intel Core i5,No especificado,No especificado,Intel,,Estandar,1,0,1,0,0,0,0,0,4,3.0,8.0,32.0,0.0,0,False,False,False,False,False,False,False,True,False,False,False,False,False,False,False,False,False,False,False,False,False,False,False,False,False,6052.241739805315,446.75826019468514
Laptop Hp 250r G10 Intel I5 8gb Ssd 512gb 15.6  Ips Hd W11,11759.0,8.0,512.0,SSD,No especificado,0,15.6,No especificado,No especificado,No especificado,Intel,15.6,Estandar,0,0,0,0,0,0,0,0,4,3.0,9.0,32.0,0.0,0,False,False,False,False,False,False,False,True,False,False,False,False,False,False,False,False,False,False,False,False,False,False,False,False,False,13053.852103794592,-1294.852103794592
Laptop Elitebook 840 G5 16gb Ram 512gb Ssd Corei5 (Reacondicionado),5473.0,16.0,512.0,SSD,Corei5,0,,Intel Core i5,No especificado,No especificado,Intel,,Estandar,1,0,1,0,0,0,0,0,4,4.0,9.0,64.0,0.0,0,False,False,False,False,False,False,False,False,False,False,False,False,False,False,False,False,False,False,False,False,False,False,True,False,False,5771.552200473138,-298.5522004731383
Laptop Escolar Elitebook 840 G5 16gb Ram 512ssd Core I5 (Reacondicionado),5473.0,16.0,512.0,SSD,Core I5,0,,Intel Core i5,No especificado,No especificado,Intel,,Estandar,1,0,1,0,0,0,0,0,4,4.0,9.0,64.0,0.0,0,False,False,False,False,False,False,False,False,False,False,False,False,False,False,False,False,False,False,False,False,False,False,True,False,False,5771.552200473138,-298.5522004731383
Laptop Hp 240 G8 Intel I3-1115g4 8gb 256gb M.2 Ssd 14 Led Color Negro,7500.0,8.0,256.0,SSD,No especificado,0,,Intel Core i3-1115G4,2,11ª Gen (Tiger Lake),Intel,14.0,Estandar,0,0,0,0,0,0,0,0,3,3.0,8.0,24.0,0.0,0,False,False,False,False,False,False,False,True,False,False,False,False,False,False,False,False,False,False,False,False,False,False,False,False,False,10454.363186473598,-2954.363186473598
Accesible Laptop Elitebook 840 G5 16gb Ram 512ssd Core I5 (Reacondicionado),5473.0,16.0,512.0,SSD,Core I5,0,,Intel Core i5,No especificado,No especificado,Intel,,Estandar,1,0,1,0,0,0,0,0,4,4.0,9.0,64.0,0.0,0,False,False,False,False,False,False,False,False,False,False,False,False,False,False,False,False,False,False,False,False,False,False,True,False,False,5771.552200473138,-298.5522004731383
Laptop Hp 2740p Core I5 4gb Ram 250gb Hdd 12.1 Webcam,2400.0,4.0,250.0,SSD,Core I5,0,12.1,Intel Core i5,No especificado,No especificado,Intel,12.1,Ultraportatil,0,0,0,0,0,0,0,0,4,2.0,7.965784284662087,16.0,0.0,0,False,False,False,False,False,False,False,True,False,False,False,False,False,False,False,False,False,False,False,False,False,False,False,False,False,2994.515283008659,-594.515283008659
Laptop Elitebook 840 G5 Corei5 16gb Ram 512gb Ssd (Reacondicionado),5473.0,16.0,512.0,SSD,Corei5,0,,Intel Core i5,No especificado,No especificado,Intel,,Estandar,1,0,1,0,0,0,0,0,4,4.0,9.0,64.0,0.0,0,False,False,False,False,False,False,False,False,False,False,False,False,False,False,False,False,False,False,False,False,False,False,True,False,False,5771.552200473138,-298.5522004731383
Laptop Hp Zbook Firefly 14 G8 Core I5 8gb Ram 256gb Ssd (Reacondicionado),7860.0,8.0,256.0,SSD,Core I5,0,,Intel Core i5,No especificado,No especificado,Intel,14.0,Estandar,1,0,1,0,0,0,0,0,4,3.0,8.0,32.0,0.0,0,False,False,False,False,False,False,False,True,False,False,False,False,False,False,False,False,False,False,False,False,False,False,False,False,False,6052.241739805315,1807.7582601946851
Increible Hp Zbook Firefly 14 G8 Core I5 8gb Ram 256gb Ssd (Reacondicionado),7860.0,8.0,256.0,SSD,Core I5,0,,Intel Core i5,No especificado,No especificado,Intel,14.0,Estandar,1,0,1,0,0,0,0,0,4,3.0,8.0,32.0,0.0,0,False,False,False,False,False,False,False,True,False,False,False,False,False,False,False,False,False,False,False,False,False,False,False,False,False,6052.241739805315,1807.7582601946851
Hp 6460b Corei5 4 Gb En Ram Y 500gb Disco Duro (Reacondicionado),3665.0,4.0,500.0,SSD,Corei5,0,,Intel Core i5,No especificado,No especificado,Intel,,Estandar,1,0,0,0,0,0,0,0,4,2.0,8.965784284662087,16.0,0.0,0,False,False,False,False,False,False,False,True,False,False,False,False,False,False,False,False,False,False,False,False,False,False,False,False,False,3383.471844516593,281.52815548340686
Laptop Hp 255 G10 Amd Ryzen 7 32gb Ram 512gb Ssd (Reacondicionado),21199.0,32.0,512.0,SSD,Ryzen 7,0,,No especificado,No especificado,No especificado,AMD,,Estandar,1,0,0,0,0,0,0,0,5,5.0,9.0,160.0,0.0,0,False,False,False,False,False,False,False,True,False,False,False,False,False,False,False,False,False,False,False,False,False,False,False,False,False,18017.20925840754,3181.79074159246
Laptop Hp Probook 640 G4 8gb Ram M2 512gb Core I5 7300u 2.8 (Reacondicionado),6120.0,8.0,512.0,SSD,Core I5,0,,Apple M2,8,Apple Silicon (2ª Gen),Apple,,Estandar,1,0,1,0,0,0,0,0,5,3.0,9.0,40.0,0.0,0,False,False,False,False,False,False,False,True,False,False,False,False,False,False,False,False,False,False,False,False,False,False,False,False,False,6364.70659199134,-244.70659199134025
"Laptop Hp Ominibook 5: Ryzen Ai 7, 16 Gb, 512gb, W11 Home",17039.0,16.0,512.0,SSD,No especificado,0,,No especificado,No especificado,No especificado,AMD,16.0,Grande,0,0,0,0,0,0,0,0,5,4.0,9.0,80.0,0.0,0,False,False,False,False,False,False,False,True,False,False,False,False,False,False,False,False,False,False,False,False,False,False,False,False,False,19185.422668678584,-2146.422668678584
Portátil Hp 17.3  Fhd Ryzen 5 16gb Ram 1.5tb Ssd Windows1,21351.0,16.0,1536.0,SSD,Ryzen 5,0,17.3,AMD Ryzen 5,No especificado,No especificado,AMD,17.3,Grande,0,0,0,0,0,0,0,0,4,4.0,10.584962500721156,64.0,0.0,0,False,False,False,False,False,False,False,True,False,False,False,False,False,False,False,False,False,False,False,False,False,False,False,False,False,24016.3305732487,-2665.330573248699
Laptop Hp 17.3  Core I3 N305 16gb 512gb Ssd Plata,18444.0,16.0,512.0,SSD,Core I3,0,17.3,Intel Core i3-N305,8,Alder Lake-N,Intel,17.3,Grande,0,0,0,0,0,0,0,0,3,4.0,9.0,48.0,0.0,0,False,False,False,False,False,False,False,True,False,False,False,False,False,False,False,False,False,False,False,False,False,False,False,False,False,16074.740055814691,2369.259944185309
Laptop Hp 17t 17.3  Con Pantalla Táctil I5 16 Gb 512 Gb Ssd,21139.0,16.0,512.0,SSD,No especificado,0,17.3,No especificado,No especificado,No especificado,Intel,17.3,Grande,0,0,0,0,1,0,0,0,4,4.0,9.0,64.0,0.0,0,False,False,False,False,False,False,False,True,False,False,False,False,False,False,False,False,False,False,False,False,False,False,False,False,False,18955.797086511262,2183.202913488738
Portátil Hp 43.9cm Ryzen5 8gb Ram 1.5tb Ssd Windows11p,24982.0,8.0,1536.0,SSD,Ryzen5,0,,AMD Ryzen 5,No especificado,No especificado,AMD,,Estandar,0,0,0,0,0,0,0,0,2,3.0,10.584962500721156,16.0,0.0,0,False,False,False,False,False,False,False,True,False,False,False,False,False,False,False,False,False,False,False,False,False,False,False,False,False,16830.98999072049,8151.010009279511
Laptop Hp Elitebook 840 G5 Core I5 Vpro 8th Ram16gb Ssd256gb (Reacondicionado),5300.0,16.0,256.0,SSD,Core I5,0,,Apple M1,8,Apple Silicon (1ª Gen),Apple,,Estandar,1,0,1,0,0,0,0,0,4,4.0,8.0,64.0,0.0,0,False,False,False,False,False,False,False,True,False,False,False,False,False,False,False,False,False,False,False,False,False,False,False,False,False,6671.75293620626,-1371.7529362062596
"Hp Elitebook 845 G7, Amd Ryzen 5 16gb Ram, 256gb Ssd, Plata",6999.0,16.0,256.0,SSD,Ryzen 5,0,,AMD Ryzen 5,No especificado,No especificado,AMD,,Estandar,0,0,1,0,0,0,0,0,4,4.0,8.0,64.0,0.0,0,False,False,False,False,False,False,False,True,False,False,False,False,False,False,False,False,False,False,False,False,False,False,False,False,False,11308.675456726656,-4309.675456726656
Notebook Hp Stream 14'' Hd 4gb Ram 64gb Emmc Intel Celeron Color Azul (Nuevo con caja abierta),4217.0,4.0,64.0,SSD,Celeron,0,,No especificado,No especificado,No especificado,Intel,14.0,Estandar,1,0,0,0,0,0,0,0,1,2.0,6.0,4.0,0.0,0,False,False,False,False,False,False,False,True,False,False,False,False,False,False,False,False,False,False,False,False,False,False,False,False,False,4219.390506557859,-2.3905065578592257
Laptop Hp 15.6  Hd Touchscreen I3-1215u 8gb 512gb Ssd,21951.0,8.0,512.0,SSD,No especificado,0,15.6,Intel Core i3-1215U,6,12ª Gen (Alder Lake),Intel,15.6,Estandar,0,0,0,0,1,0,0,0,3,3.0,9.0,24.0,0.0,0,False,False,False,False,False,False,False,True,False,False,False,False,False,False,False,False,False,False,False,False,False,False,False,False,False,14829.538524887286,7121.461475112714
Laptop Hp Chromebook 14  Intel N200 4 Gb 640 Gb Chromeos,11596.0,4.0,640.0,SSD,Intel N200,0,,Intel Processor N200,4,Alder Lake-N,Intel,14.0,Estandar,0,0,0,0,0,0,0,0,1,2.0,9.321928094887362,4.0,0.0,0,False,False,False,False,False,False,False,True,False,False,False,False,False,False,False,False,False,False,False,False,False,False,False,False,False,8786.189166372367,2809.8108336276327
Portátil Hp Probook 4 G1a 16 Ryzen 5 16 Gb 256 Gb Ssd,25701.0,16.0,256.0,SSD,Ryzen 5,0,,AMD Ryzen 5,No especificado,No especificado,AMD,16.0,Grande,0,0,1,0,0,0,0,0,4,4.0,8.0,64.0,0.0,0,False,False,False,False,False,False,False,True,False,False,False,False,False,False,False,False,False,False,False,False,False,False,False,False,False,11308.675456726656,14392.324543273344
"Computadora Hp De 15,6 Pulgadas Intel N200 4 Gb Ram 128 Gb W Plateado",7286.0,4.0,128.0,SSD,Intel N200,0,15.6,Intel Processor N200,4,Alder Lake-N,Intel,15.6,Estandar,0,0,0,0,0,0,0,0,1,2.0,7.0,4.0,0.0,0,False,False,False,False,False,False,False,True,False,False,False,False,False,False,False,False,False,False,False,False,False,False,False,False,False,7495.881336415224,-209.8813364152238
Notebook Hp Omnibook 3 14  Fhd Ryzen Ai 7 16gb/512gb Ssd Plateado,34354.0,16.0,512.0,SSD,No especificado,0,,No especificado,No especificado,No especificado,AMD,14.0,Estandar,0,0,0,1,0,0,0,0,5,4.0,9.0,80.0,0.0,0,False,False,False,False,False,False,False,True,False,False,False,False,False,False,False,False,False,False,False,False,False,False,False,False,False,22844.05955035976,11509.940449640239
"Laptop Hp Stream 14  Hd, Intel N150, 16gb Ram, 416gb, Rosa Plata",9692.0,16.0,416.0,SSD,Intel N150,0,,No especificado,No especificado,No especificado,Intel,14.0,Estandar,0,0,0,0,0,0,0,0,1,4.0,8.700439718141093,16.0,0.0,0,False,False,False,False,False,False,False,True,False,False,False,False,False,False,False,False,False,False,False,False,False,False,False,False,False,10076.41564807641,-384.41564807641043
Elegante Laptop Hp Ryzen 5 Uso Diario 8gb 256gb Ssd Win11 (Reacondicionado),5935.0,8.0,256.0,SSD,Ryzen 5,0,,AMD Ryzen 5,No especificado,No especificado,AMD,,Estandar,1,0,0,0,0,0,0,0,4,3.0,8.0,32.0,0.0,0,False,False,False,False,False,False,False,True,False,False,False,False,False,False,False,False,False,False,False,False,False,False,False,False,False,6062.794747837063,-127.79474783706337
Hp Omnibook 3 14in 2k Oled Snapdragon 8gb 256gb Plata Nouvelle Silver,14612.0,8.0,256.0,SSD,No especificado,0,14.0,No especificado,No especificado,No especificado,Otros,14.0,Estandar,0,0,0,1,0,1,0,0,1,3.0,8.0,8.0,0.0,0,False,False,False,False,False,False,False,True,False,False,False,False,False,False,False,False,False,False,False,False,False,False,False,False,False,9316.651061180744,5295.348938819256
Portátil Hp 14 Compacto Y Ligero Intel N150 De 4 Gb 128 Gb W Violeta,7068.0,4.0,128.0,SSD,Intel N150,0,,No especificado,No especificado,No especificado,Intel,14.0,Estandar,0,0,0,0,0,0,0,0,1,2.0,7.0,4.0,0.0,0,False,False,False,False,False,False,False,True,False,False,False,False,False,False,False,False,False,False,False,False,False,False,False,False,False,7495.881336415224,-427.8813364152238
Laptop Hp 15-dy2095wm 15.6 Core I5 8gb Ram 256gb Ssd Ob,8299.0,8.0,256.0,SSD,Core I5,0,15.6,Intel Core i5,No especificado,No especificado,Intel,15.6,Estandar,0,0,0,0,0,0,0,0,4,3.0,8.0,32.0,0.0,0,False,False,False,False,False,False,False,True,False,False,False,False,False,False,False,False,False,False,False,False,False,False,False,False,False,13088.007397006842,-4789.007397006842
"Laptop Hp 15-fc0079la, Amd Ryzen 5, 8 Gb, 512 Gb Ssd, 15.6",15251.0,8.0,512.0,SSD,Ryzen 5,0,15.6,AMD Ryzen 5,No especificado,No especificado,AMD,15.6,Estandar,0,0,0,0,0,0,0,0,4,3.0,9.0,32.0,0.0,0,False,False,False,False,False,False,False,True,False,False,False,False,False,False,False,False,False,False,False,False,False,False,False,False,False,13053.852103794592,2197.147896205408
Laptop Hp 450 G4 Core I3 6th 128gb Ssd 4gb Ram 15.6 Hdmi Bt,3000.0,128.0,128.0,SSD,Core I3,0,15.6,Intel Core i3,No especificado,No especificado,Intel,15.6,Estandar,0,0,0,0,0,0,0,0,3,7.0,7.0,384.0,0.0,0,False,False,False,False,False,False,False,True,False,False,False,False,False,False,False,False,False,False,False,False,False,False,False,False,False,7669.593652782769,-4669.593652782769
Hp Laptop 14-dq5000la Intel Core I5 8gb Ram 512gb Ssd fhd Plateado Natural - Excelente (Reacondicionado),5000.0,8.0,512.0,SSD,Core I5,0,,Intel Core i5,No especificado,No especificado,Intel,14.0,Estandar,1,0,0,0,0,0,0,0,4,3.0,9.0,32.0,0.0,0,False,False,False,False,False,False,False,True,False,False,False,False,False,False,False,False,False,False,False,False,False,False,False,False,False,10129.634913061127,-5129.634913061127
Laptop Hp 15-fc0043la Ryzen 3 8gb 512gb Ssd Win 11 Home,6999.0,8.0,512.0,SSD,Ryzen 3,0,,AMD Ryzen 3,No especificado,No especificado,AMD,,Estandar,0,0,0,0,0,0,0,0,3,3.0,9.0,24.0,0.0,0,False,False,False,False,False,False,False,True,False,False,False,False,False,False,False,False,False,False,False,False,False,False,False,False,False,12944.669713710266,-5945.669713710266
Laptop Hp 15-fc0043la Dorado Amd Ryzen 3 8gb 512gb Ssd W11,8549.0,8.0,512.0,SSD,Ryzen 3,0,,AMD Ryzen 3,No especificado,No especificado,AMD,,Estandar,0,0,0,0,0,0,0,0,3,3.0,9.0,24.0,0.0,0,False,False,False,False,False,False,False,True,False,False,False,False,False,False,False,False,False,False,False,False,False,False,False,False,False,12944.669713710266,-4395.669713710266
Laptop Hp 240 G9 Negra 8gb 512gb Ssd Core I3-1215u,6699.0,8.0,512.0,SSD,Core I3,0,,Intel Core i3-1215U,6,12ª Gen (Alder Lake),Intel,,Estandar,0,0,0,0,0,0,0,0,3,3.0,9.0,24.0,0.0,0,False,False,False,False,False,False,False,True,False,False,False,False,False,False,False,False,False,False,False,False,False,False,False,False,False,12944.669713710266,-6245.669713710266
Notebook Hp 17-cn2283st Core I3-1215u 8gb 512gb Ssd,13076.0,8.0,512.0,SSD,Core I3,0,,Intel Core i3-1215U,6,12ª Gen (Alder Lake),Intel,,Estandar,0,0,0,0,0,0,0,0,3,3.0,9.0,24.0,0.0,0,False,False,False,False,False,False,False,True,False,False,False,False,False,False,False,False,False,False,False,False,False,False,False,False,False,12944.669713710266,131.33028628973443
Ordenador Portátil Hp 15.6 Fhd Amd Ryzen 5 8 Gb Ram 512 Gb S,14038.0,8.0,512.0,SSD,Ryzen 5,0,15.6,AMD Ryzen 5,No especificado,No especificado,AMD,15.6,Estandar,0,0,0,0,0,0,0,0,4,3.0,9.0,32.0,0.0,0,False,False,False,False,False,False,False,True,False,False,False,False,False,False,False,False,False,False,False,False,False,False,False,False,False,13053.852103794592,984.147896205408
Laptop Hp 14 Pulgadas Intel Celeron 4gb Ram 128gb Sky Blue,5934.0,4.0,128.0,SSD,Celeron,0,14.0,No especificado,No especificado,No especificado,Intel,14.0,Estandar,0,0,0,0,0,0,0,0,1,2.0,7.0,4.0,0.0,0,False,False,False,False,False,False,False,True,False,False,False,False,False,False,False,False,False,False,False,False,False,False,False,False,False,7495.881336415224,-1561.8813364152238
Hp Probook 465 G11 Ryzen 5 24gb Ram 512gb Ssd Windows 11 Pro,17949.0,24.0,512.0,SSD,Ryzen 5,0,,AMD Ryzen 5,No especificado,No especificado,AMD,,Estandar,0,0,1,0,0,0,0,0,4,4.584962500721156,9.0,96.0,0.0,0,False,False,False,False,False,False,False,True,False,False,False,False,False,False,False,False,False,False,False,False,False,False,False,False,False,18971.26193872696,-1022.2619387269588
Laptop Hp Elitebook 840 G7 Core I5 10ma Ram 8gb+256gb Ssd (Reacondicionado),8499.0,8.0,256.0,SSD,Core I5,0,,Intel Core i5,No especificado,No especificado,Intel,,Estandar,1,0,1,0,0,0,0,0,4,3.0,8.0,32.0,0.0,0,False,False,False,False,False,False,False,True,False,False,False,False,False,False,False,False,False,False,False,False,False,False,False,False,False,6052.241739805315,2446.758260194685
Laptop Hp Elitebook 1040g3 Core I7 - 6ta Ram 8gb + 256gb Ssd (Reacondicionado),5699.0,8.0,256.0,SSD,Core I7,0,,Intel Core i7,No especificado,No especificado,Intel,,Estandar,1,0,1,0,0,0,0,0,5,3.0,8.0,40.0,0.0,0,False,False,False,False,False,False,False,True,False,False,False,False,False,False,False,False,False,False,False,False,False,False,False,False,False,6320.33202362069,-621.33202362069
Hp 15-fc0288la Ryzen 7 16gb 512gb Incluye Office 365,18999.0,16.0,512.0,SSD,Ryzen 7,0,,No especificado,No especificado,No especificado,AMD,,Estandar,0,0,0,0,0,0,0,0,5,4.0,9.0,80.0,0.0,0,False,False,False,False,False,False,False,True,False,False,False,False,False,False,False,False,False,False,False,False,False,False,False,False,False,19185.422668678584,-186.42266867858416
Zbook Firefly 14 G8 Hp Core I5 11va 8gb Ssd 256gb Windows 11 (Reacondicionado),6349.0,8.0,256.0,SSD,Core I5,0,,Intel Core i5,No especificado,No especificado,Intel,14.0,Estandar,1,0,1,0,0,0,0,0,4,3.0,8.0,32.0,0.0,0,False,False,False,False,False,False,False,True,False,False,False,False,False,False,False,False,False,False,False,False,False,False,False,False,False,6052.241739805315,296.75826019468514
"Laptop Omen 16-c0501la Amd Ryzen R5-5600h 8gb 512gb Ssd (aumento Máximo De Hasta 4,2 Ghz, 16 Mb De Caché L3, 6 Núcleos, 12 Subprocesos)",29990.0,8.0,512.0,SSD,No especificado,0,,No especificado,No especificado,No especificado,AMD,16.0,Grande,0,0,0,0,0,0,0,0,2,3.0,9.0,16.0,0.0,0,False,False,False,False,False,False,False,False,False,False,False,False,False,False,False,False,False,False,False,False,False,False,True,False,False,17060.337037251746,12929.662962748254
Laptop Hp 17.3  Fhd Ryzen 5 7430u 16gb 512gb Win11,20695.0,16.0,512.0,SSD,Ryzen 5,0,17.3,AMD Ryzen 5,No especificado,No especificado,AMD,17.3,Grande,0,0,0,0,0,0,0,0,4,4.0,9.0,64.0,0.0,0,False,False,False,False,False,False,False,True,False,False,False,False,False,False,False,False,False,False,False,False,False,False,False,False,False,17364.92034604292,3330.07965395708
Ordenador Portátil Hp 17.3 Touch Amd Ryzen 5 16 Gb 512 Gb Ss,17689.0,16.0,512.0,SSD,Ryzen 5,0,17.3,AMD Ryzen 5,No especificado,No especificado,AMD,17.3,Grande,0,0,0,0,1,0,0,0,4,4.0,9.0,64.0,0.0,0,False,False,False,False,False,False,False,True,False,False,False,False,False,False,False,False,False,False,False,False,False,False,False,False,False,18955.797086511262,-1266.797086511262
Portátil Hp Omnibook 5 16  Ryzen Ai 7 16gb 1tb Ssd Plata,27802.0,16.0,1024.0,SSD,No especificado,0,,No especificado,No especificado,No especificado,AMD,16.0,Grande,0,0,0,1,0,0,0,0,5,4.0,10.0,80.0,0.0,0,False,False,False,False,False,False,False,True,False,False,False,False,False,False,False,False,False,False,False,False,False,False,False,False,False,26991.88565586938,810.1143441306194
Laptor Hp Victus 15 Corei5 8gb 512 Ssd Geforce Rtx  + Regalo,17999.0,8.0,512.0,SSD,Corei5,1,,Intel Core i5,No especificado,No especificado,Intel,,Estandar,0,1,0,0,0,0,0,0,4,3.0,9.0,32.0,0.0,0,False,False,False,False,False,False,False,True,False,False,False,False,False,False,False,False,False,False,False,False,False,False,False,False,False,15527.051462292788,2471.9485377072124
"Laptop Hp 255r: Ryzen 5, 16gb, Ssd 1tb, 15.6 , W11h",11999.0,16.0,1024.0,SSD,Ryzen 5,0,15.6,AMD Ryzen 5,No especificado,No especificado,AMD,15.6,Estandar,0,0,0,0,0,0,0,0,4,4.0,10.0,64.0,0.0,0,False,False,False,False,False,False,False,True,False,False,False,False,False,False,False,False,False,False,False,False,False,False,False,False,False,21253.870278577335,-9254.870278577335
Laptop Hp 15.6  Intel N100 16 Gb Ram 512 Gb Ssd Windows 11 P,16800.0,16.0,512.0,SSD,Intel N100,0,15.6,Intel Processor N100,4,Alder Lake-N,Intel,15.6,Estandar,0,0,0,0,0,0,0,0,1,4.0,9.0,16.0,0.0,0,False,False,False,False,False,False,False,True,False,False,False,False,False,False,False,False,False,False,False,False,False,False,False,False,False,13478.951727340898,3321.0482726591017
"Hp Chromebook 14a-nf0019nr, Intel N100, 4gb Ram, 64gb Emmc",6247.0,4.0,64.0,SSD,Intel N100,0,,Intel Processor N100,4,Alder Lake-N,Intel,,Estandar,0,0,0,0,0,0,0,0,1,2.0,6.0,4.0,0.0,0,False,False,False,False,False,False,False,True,False,False,False,False,False,False,False,False,False,False,False,False,False,False,False,False,False,6761.548569844263,-514.5485698442626
Laptop Hp 14'' Intel Celeron 16gb Ram 64gb Emmc Blanca,9052.0,16.0,64.0,SSD,Celeron,0,,No especificado,No especificado,No especificado,Intel,14.0,Estandar,0,0,0,0,0,0,0,0,1,4.0,6.0,16.0,0.0,0,False,False,False,False,False,False,False,True,False,False,False,False,False,False,False,False,False,False,False,False,False,False,False,False,False,9750.734500735207,-698.7345007352069
Laptop Hp Stream 14'' Intel N150 4gb Ram 1.12tb Púrpura,7280.0,4.0,1152.0,SSD,Intel N150,0,,No especificado,No especificado,No especificado,Intel,14.0,Estandar,0,0,0,0,0,0,0,0,1,2.0,10.169925001442312,4.0,0.0,0,False,False,False,False,False,False,False,True,False,False,False,False,False,False,False,False,False,False,False,False,False,False,False,False,False,9419.14664450763,-2139.1466445076294
"Laptop Hp Probook 4 Aig1i, Intel Core Ultra 5,24gb,512gb,16",26149.0,24.0,512.0,SSD,No especificado,0,,No especificado,No especificado,No especificado,Intel,16.0,Grande,0,0,1,0,0,0,0,0,4,4.584962500721156,9.0,96.0,0.0,0,False,False,False,False,False,False,False,True,False,False,False,False,False,False,False,False,False,False,False,False,False,False,False,False,False,18971.26193872696,7177.738061273041
Notebook Hp Amd Ryzen Ai 7 350 16gb 1tb Ssd 13.3  2k,25872.0,16.0,1024.0,SSD,No especificado,0,13.3,No especificado,No especificado,No especificado,AMD,13.3,Ultraportatil,0,0,0,0,0,0,0,0,5,4.0,10.0,80.0,0.0,0,False,False,False,False,False,False,False,True,False,False,False,False,False,False,False,False,False,False,False,False,False,False,False,False,False,23083.791095077275,2788.208904922725
Notebook Hp Omnibook 3 16 Amd Ryzen 5-4000 16gb 256gb Ssd Radeon 610m 1920x1200 Ips Touch W11 Glacier Silver D10e8ua#aba,14999.0,16.0,256.0,SSD,Ryzen 5,0,,AMD Ryzen 5,No especificado,No especificado,AMD,16.0,Grande,0,0,0,1,1,0,0,1,4,4.0,8.0,64.0,16.0,0,False,False,False,False,False,False,False,True,False,False,False,False,False,False,False,False,False,False,False,False,False,False,False,False,False,15668.828083604567,-669.8280836045669
"Laptop Hp 14-dq5037la Core I3,16 Gb Ram, 512 Gb Ssd, 14 W11",6899.0,16.0,512.0,SSD,Core I3,0,,Intel Core i3,No especificado,No especificado,Intel,14.0,Estandar,0,0,0,0,0,0,0,0,3,4.0,9.0,48.0,0.0,0,False,False,False,False,False,False,False,True,False,False,False,False,False,False,False,False,False,False,False,False,False,False,False,False,False,16074.740055814691,-9175.740055814691
Laptop Hp 14  Intel N150 8gb Ram 128gb Windows 11,10815.0,8.0,128.0,SSD,Intel N150,0,,No especificado,No especificado,No especificado,Intel,14.0,Estandar,0,0,0,0,0,0,0,0,1,3.0,7.0,8.0,0.0,0,False,False,False,False,False,False,False,True,False,False,False,False,False,False,False,False,False,False,False,False,False,False,False,False,False,8705.603752867748,2109.396247132252
Notebook Hp 17-cn400 17.3  Touch Intel I5 16gb 1tb Ssd,24474.0,16.0,1024.0,SSD,No especificado,0,17.3,No especificado,No especificado,No especificado,Intel,17.3,Grande,0,0,0,0,1,0,0,0,4,4.0,10.0,64.0,0.0,0,False,False,False,False,False,False,False,True,False,False,False,False,False,False,False,False,False,False,False,False,False,False,False,False,False,19613.198923811113,4860.801076188887
"Ordenador Portátil Hp Ryzen 7 15.6 Fhd De 16 Gb De Ram, 1 Tb",23110.0,16.0,1024.0,SSD,Ryzen 7,0,15.6,No especificado,No especificado,No especificado,AMD,15.6,Estandar,0,0,0,0,0,0,0,0,5,4.0,10.0,80.0,0.0,0,False,False,False,False,False,False,False,True,False,False,False,False,False,False,False,False,False,False,False,False,False,False,False,False,False,23083.791095077275,26.208904922725196
Laptop Hp 17.3  Fhd Ryzen 5 7430u 16gb 1tb Ssd Win11,21353.0,16.0,1024.0,SSD,Ryzen 5,0,17.3,AMD Ryzen 5,No especificado,No especificado,AMD,17.3,Grande,0,0,0,0,0,0,0,0,4,4.0,10.0,64.0,0.0,0,False,False,False,False,False,False,False,True,False,False,False,False,False,False,False,False,False,False,False,False,False,False,False,False,False,21253.870278577335,99.12972142266517
Laptop Hp 14  Intel N150 16 Gb De Ram 128 Gb Ufs Wifi 6,11348.0,16.0,128.0,SSD,Intel N150,0,,No especificado,No especificado,No especificado,Intel,14.0,Estandar,0,0,0,0,0,0,0,0,1,4.0,7.0,16.0,0.0,0,False,False,False,False,False,False,False,True,False,False,False,False,False,False,False,False,False,False,False,False,False,False,False,False,False,10160.519054818593,1187.4809451814072
Laptop Hp 17.3  Fhd Ips Ryzen 5 7430u 8gb 256gb,17549.0,8.0,256.0,SSD,Ryzen 5,0,17.3,AMD Ryzen 5,No especificado,No especificado,AMD,17.3,Grande,0,0,0,0,0,0,0,0,4,3.0,8.0,32.0,0.0,0,False,False,False,False,False,False,False,True,False,False,False,False,False,False,False,False,False,False,False,False,False,False,False,False,False,13088.007397006842,4460.992602993158
Laptop Hp 14-em0001la Amd Ryzen 3 8gb Ram 256gb,6990.0,8.0,256.0,SSD,Ryzen 3,0,,AMD Ryzen 3,No especificado,No especificado,AMD,14.0,Estandar,0,0,0,0,0,0,0,0,3,3.0,8.0,24.0,0.0,0,False,False,False,False,False,False,False,True,False,False,False,False,False,False,False,False,False,False,False,False,False,False,False,False,False,10454.363186473598,-3464.363186473598
Hp Probook 460 G11 Intel Core Ultra 5 24gb Ram 512gb Ssd,22179.0,24.0,512.0,SSD,No especificado,0,,No especificado,No especificado,No especificado,Intel,11.0,Ultraportatil,0,0,1,0,0,0,0,0,4,4.584962500721156,9.0,96.0,0.0,0,False,False,False,False,False,False,False,True,False,False,False,False,False,False,False,False,False,False,False,False,False,False,False,False,False,18971.26193872696,3207.7380612730412
Fluida Lap Hp Probook 445 G7 Ryzen 5 + 8gb 512gb Ssd Win11 (Reacondicionado),6560.0,8.0,512.0,SSD,Ryzen 5,0,,AMD Ryzen 5,No especificado,No especificado,AMD,,Estandar,1,0,1,0,0,0,0,0,4,3.0,9.0,32.0,0.0,0,False,False,False,False,False,False,False,True,False,False,False,False,False,False,False,False,False,False,False,False,False,False,False,False,False,6605.433746753247,-45.43374675324685
HP Athlon Silver 7120u 4 GB DDR5 RAM 256 GB SSD Screen 14 HD AMD Radeon Graphics Incluye Windows 11 Laptop 14-em0012,12105.0,4.0,256.0,SSD,Athlon,0,,No especificado,No especificado,No especificado,AMD,14.0,Estandar,0,0,0,0,0,0,0,1,1,2.0,8.0,4.0,4.0,0,False,False,False,False,False,False,False,True,False,False,False,False,False,False,False,False,False,False,False,False,False,False,False,False,False,10032.8924006316,2072.1075993684008
Hp Elitebook 640-g9  Core I7-1265u 32gb 512gb 14fhd W11 Pro (Reacondicionado),13900.0,32.0,512.0,SSD,Core I7,0,,Intel Core i7,No especificado,No especificado,Intel,,Estandar,1,0,1,0,0,0,0,0,5,5.0,9.0,160.0,0.0,0,False,False,False,False,False,False,False,True,False,False,False,False,False,False,False,False,False,False,False,False,False,False,False,False,False,15505.708579073762,-1605.708579073762
Laptop Rapido Rendimiento Hp Ryzen 5 + 8gb 256gb Ssd Win11 (Reacondicionado),5935.0,8.0,256.0,SSD,Ryzen 5,0,,AMD Ryzen 5,No especificado,No especificado,AMD,,Estandar,1,0,0,0,0,0,0,0,4,3.0,8.0,32.0,0.0,0,False,False,False,False,False,False,False,True,False,False,False,False,False,False,False,False,False,False,False,False,False,False,False,False,False,6062.794747837063,-127.79474783706337
Hp 17-cn3327dx 17.3 Fhd Core I7 16gb 1tb Pcle Pla,24999.0,16.0,1024.0,SSD,Core I7,0,17.3,Intel Core i7,No especificado,No especificado,Intel,17.3,Grande,0,0,0,0,0,0,0,0,5,4.0,10.0,80.0,0.0,0,False,False,False,False,False,False,False,True,False,False,False,False,False,False,False,False,False,False,False,False,False,False,False,False,False,23083.791095077275,1915.2089049227252
Laptop Hp Pavilion Dv6500 Amd 4gb Ssd 120gb Funciona Bien,1600.0,4.0,120.0,SSD,No especificado,0,,No especificado,No especificado,No especificado,AMD,,Estandar,0,0,0,0,0,0,0,0,2,2.0,6.906890595608519,8.0,0.0,0,False,False,False,False,False,False,False,True,False,False,False,False,False,False,False,False,False,False,False,False,False,False,False,False,False,3249.8304038072147,-1649.8304038072147
Notebook Hp 15 Core I3-1315u 8gb 512gb Ssd 15.6  Fhd Win 11,17851.0,8.0,512.0,SSD,Core I3,0,15.6,Intel Core i3-1315U,6,13ª Gen (Raptor Lake),Intel,15.6,Estandar,0,0,0,0,0,0,0,0,3,3.0,9.0,24.0,0.0,0,False,False,False,False,False,False,False,True,False,False,False,False,False,False,False,False,False,False,False,False,False,False,False,False,False,12944.669713710266,4906.330286289734
Laptop Hp I3-1315u 15.6  Táctil 8gb 256gb Ssd,24095.0,8.0,256.0,SSD,No especificado,0,15.6,Intel Core i3-1315U,6,13ª Gen (Raptor Lake),Intel,15.6,Estandar,0,0,0,0,1,0,0,0,3,3.0,8.0,24.0,0.0,0,False,False,False,False,False,False,False,True,False,False,False,False,False,False,False,False,False,False,False,False,False,False,False,False,False,15344.148761853185,8750.851238146815
Laptop Hp 15-dy2223od 15.5pulg Core I3 256ssd 8gb Ram 11gen,6499.0,8.0,256.0,SSD,Core I3,0,15.5,Intel Core i3,No especificado,No especificado,Intel,15.5,Estandar,0,0,0,0,0,0,0,0,3,3.0,8.0,24.0,0.0,0,False,False,False,False,False,False,False,True,False,False,False,False,False,False,False,False,False,False,False,False,False,False,False,False,False,10454.363186473598,-3955.363186473598
Laptop Hp 14 Dq5032la Intel Core I3 8gb Ssd 512gb 14 Hd W11 Color Plateado,9999.0,8.0,512.0,SSD,Core I3,0,,Intel Core i3,No especificado,No especificado,Intel,14.0,Estandar,0,0,0,0,0,0,0,0,3,3.0,9.0,24.0,0.0,0,False,False,False,False,False,False,False,True,False,False,False,False,False,False,False,False,False,False,False,False,False,False,False,False,False,12944.669713710266,-2945.6697137102656
Excelente Ryzen 5 Hp Probook 445 Agil - 16gb 512gb Ssd Win11 (Reacondicionado),7185.0,16.0,512.0,SSD,Ryzen 5,0,,AMD Ryzen 5,No especificado,No especificado,AMD,,Estandar,1,0,1,0,0,0,0,0,4,4.0,9.0,64.0,0.0,0,False,False,False,False,False,False,False,True,False,False,False,False,False,False,False,False,False,False,False,False,False,False,False,False,False,11837.666930250034,-4652.666930250034
Laptop Hp Omnibook Ryzen Ai 7 350 16gb 512gb Ssd Con Regalo,27933.0,16.0,512.0,SSD,No especificado,0,,No especificado,No especificado,No especificado,AMD,,Estandar,0,0,0,1,0,0,0,0,5,4.0,9.0,80.0,0.0,0,False,False,False,False,False,False,False,True,False,False,False,False,False,False,False,False,False,False,False,False,False,False,False,False,False,22844.05955035976,5088.9404496402385
Laptop Hp Omnibook Ryzen Ai 7 350 16gb 512gb Ssd,16479.0,16.0,512.0,SSD,No especificado,0,,No especificado,No especificado,No especificado,AMD,,Estandar,0,0,0,1,0,0,0,0,5,4.0,9.0,80.0,0.0,0,False,False,False,False,False,False,False,True,False,False,False,False,False,False,False,False,False,False,False,False,False,False,False,False,False,22844.05955035976,-6365.0595503597615
Laptop Hp Elitebook 850 G8 15 Core I7 16gb Ram 512gb Ssd (Reacondicionado),17899.0,16.0,512.0,SSD,Core I7,0,,Intel Core i7,No especificado,No especificado,Intel,,Estandar,1,0,1,0,0,0,0,0,5,4.0,9.0,80.0,0.0,0,False,False,False,False,False,False,False,True,False,False,False,False,False,False,False,False,False,False,False,False,False,False,False,False,False,14130.737994135246,3768.2620058647535
Laptop Hp Elitebook 850 G5 Core I5 8va Ram 8gb + 256gb Sdd (Reacondicionado),5499.0,8.0,256.0,SSD,Core I5,0,,Intel Core i5,No especificado,No especificado,Intel,,Estandar,1,0,1,0,0,0,0,0,4,3.0,8.0,32.0,0.0,0,False,False,False,False,False,False,False,True,False,False,False,False,False,False,False,False,False,False,False,False,False,False,False,False,False,6052.241739805315,-553.2417398053149
Laptop Hp 245 G8 Amd Ryzen 5 5500u 12gb 1tb 14  (Reacondicionado),11499.0,12.0,1024.0,SSD,Ryzen 5,0,,AMD Ryzen 5 5500U,6,Serie 5000 (Zen 2),AMD,14.0,Estandar,1,0,0,0,0,0,0,0,4,3.584962500721156,10.0,48.0,0.0,0,False,False,False,False,False,False,False,True,False,False,False,False,False,False,False,False,False,False,False,False,False,False,False,False,False,11314.501103852104,184.49889614789572
Laptop Hp 17.3  Core I5-1334u 16gb 1tb Ssd Win 11,22789.0,16.0,1024.0,SSD,Core I5,0,17.3,Intel Core i5,No especificado,No especificado,Intel,17.3,Grande,0,0,0,0,0,0,0,0,4,4.0,10.0,64.0,0.0,0,False,False,False,False,False,False,False,True,False,False,False,False,False,False,False,False,False,False,False,False,False,False,False,False,False,21253.870278577335,1535.1297214226652
Laptop Hp 15.6  Fhd Intel Core I7 150u 16 Gb 256 Gb Ssd,22253.0,16.0,256.0,SSD,Core I7,0,15.6,Intel Core i7,No especificado,No especificado,Intel,15.6,Estandar,0,0,0,0,0,0,0,0,5,4.0,8.0,80.0,0.0,0,False,False,False,False,False,False,False,True,False,False,False,False,False,False,False,False,False,False,False,False,False,False,False,False,False,16867.36028982028,5385.639710179719
Hp Probook 445 G7 Innovadora Ryzen 5 + 8gb 512gb Ssd Win11 (Reacondicionado),6560.0,8.0,512.0,SSD,Ryzen 5,0,,AMD Ryzen 5,No especificado,No especificado,AMD,,Estandar,1,0,1,0,0,0,0,0,4,3.0,9.0,32.0,0.0,0,False,False,False,False,False,False,False,True,False,False,False,False,False,False,False,False,False,False,False,False,False,False,False,False,False,6605.433746753247,-45.43374675324685
Ordenador Portátil Hp 15.6 Intel N200 8 Gb 128 Gb Wi-fi 6 Wi,10593.0,8.0,128.0,SSD,Intel N200,0,15.6,Intel Processor N200,4,Alder Lake-N,Intel,15.6,Estandar,0,0,0,0,0,0,0,0,1,3.0,7.0,8.0,0.0,0,False,False,False,False,False,False,False,True,False,False,False,False,False,False,False,False,False,False,False,False,False,False,False,False,False,8705.603752867748,1887.396247132252
Lap Hp Probook 445 Profesional Ryzen 5- 16gb 512gb Ssd Win11 (Reacondicionado),7185.0,16.0,512.0,SSD,Ryzen 5,0,,AMD Ryzen 5,No especificado,No especificado,AMD,,Estandar,1,0,1,0,0,0,0,0,4,4.0,9.0,64.0,0.0,0,False,False,False,False,False,False,False,True,False,False,False,False,False,False,False,False,False,False,False,False,False,False,False,False,False,11837.666930250034,-4652.666930250034
Laptop Hp Elitebook 840 G5 Core I7-8va Ram 8gb + 256gb Ssd (Reacondicionado),6499.0,8.0,256.0,SSD,Core I7,0,,Intel Core i7,No especificado,No especificado,Intel,,Estandar,1,0,1,0,0,0,0,0,5,3.0,8.0,40.0,0.0,0,False,False,False,False,False,False,False,True,False,False,False,False,False,False,False,False,False,False,False,False,False,False,False,False,False,6320.33202362069,178.66797637930995
"Hp 14-dk1013dx, Amd Athlon Silver, 8gb Ram, 128gb Ssd Win11",2799.0,8.0,128.0,SSD,Athlon,0,,No especificado,No especificado,No especificado,AMD,14.0,Estandar,0,0,0,0,0,0,0,0,1,3.0,7.0,8.0,0.0,0,False,False,False,False,False,False,False,True,False,False,False,False,False,False,False,False,False,False,False,False,False,False,False,False,False,8705.603752867748,-5906.603752867748
Hp Laptop Probook 445 Ryzen 5 Completa--16gb 256gb Ssd Win11 (Reacondicionado),6560.0,16.0,256.0,SSD,Ryzen 5,0,,AMD Ryzen 5,No especificado,No especificado,AMD,,Estandar,1,0,1,0,0,0,0,0,4,4.0,8.0,64.0,0.0,0,False,False,False,False,False,False,False,True,False,False,False,False,False,False,False,False,False,False,False,False,False,False,False,False,False,6671.75293620626,-111.75293620625962
Laptop Hp 17 Laptop 17.3'' Hd+ Intel I3-1125g4 16gb Ram 1tb,19149.0,16.0,1024.0,SSD,No especificado,0,17.3,No especificado,No especificado,No especificado,Intel,17.3,Grande,0,0,0,0,0,0,0,0,3,4.0,10.0,48.0,0.0,0,False,False,False,False,False,False,False,True,False,False,False,False,False,False,False,False,False,False,False,False,False,False,False,False,False,17240.747269985008,1908.2527300149923
Laptop Hp 17.3  Fhd Ryzen 5 7430u 16 Gb 512 Gb Ssd Win11,23287.0,16.0,512.0,SSD,Ryzen 5,0,17.3,AMD Ryzen 5,No especificado,No especificado,AMD,17.3,Grande,0,0,0,0,0,0,0,0,4,4.0,9.0,64.0,0.0,0,False,False,False,False,False,False,False,True,False,False,False,False,False,False,False,False,False,False,False,False,False,False,False,False,False,17364.92034604292,5922.07965395708
Laptop Hp Stream 14'' Intel Celeron 16gb Ram 288gb Rosa,9967.0,16.0,288.0,SSD,Celeron,0,,No especificado,No especificado,No especificado,Intel,14.0,Estandar,0,0,0,0,0,0,0,0,1,4.0,8.169925001442312,16.0,0.0,0,False,False,False,False,False,False,False,True,False,False,False,False,False,False,False,False,False,False,False,False,False,False,False,False,False,10156.522687550616,-189.52268755061596
Portátil Hp 15.6  Ryzen 5-5500u 16gb 512gb Ssd Windows11,21190.0,16.0,512.0,SSD,Ryzen 5,0,15.6,AMD Ryzen 5 5500U,6,Serie 5000 (Zen 2),AMD,15.6,Estandar,0,0,0,0,0,0,0,0,4,4.0,9.0,64.0,0.0,0,False,False,False,False,False,False,False,True,False,False,False,False,False,False,False,False,False,False,False,False,False,False,False,False,False,17364.92034604292,3825.07965395708
Portátil Hp 15.6  Ryzen 5-5500u 16gb 512gb Ssd Windows11,21194.0,16.0,512.0,SSD,Ryzen 5,0,15.6,AMD Ryzen 5 5500U,6,Serie 5000 (Zen 2),AMD,15.6,Estandar,0,0,0,0,0,0,0,0,4,4.0,9.0,64.0,0.0,0,False,False,False,False,False,False,False,True,False,False,False,False,False,False,False,False,False,False,False,False,False,False,False,False,False,17364.92034604292,3829.07965395708
Ordenador Portátil Hp 14 Intel 4 Gb Ram 64 Gb Ssd Win11 Blan,9311.0,4.0,64.0,SSD,No especificado,0,,No especificado,No especificado,No especificado,Intel,14.0,Estandar,0,0,0,0,0,0,0,0,2,2.0,6.0,8.0,0.0,0,False,False,False,False,False,False,False,True,False,False,False,False,False,False,False,False,False,False,False,False,False,False,False,False,False,5751.168461768231,3559.8315382317687
Ordenador Portátil Hp 14 I3 8 Gb Ram 128 Gb Ufs Win 11 Offic,10658.0,8.0,128.0,SSD,No especificado,0,,No especificado,No especificado,No especificado,Intel,14.0,Estandar,0,0,0,0,0,0,0,0,3,3.0,7.0,24.0,0.0,0,False,False,False,False,False,False,False,True,False,False,False,False,False,False,False,False,False,False,False,False,False,False,False,False,False,8587.560709053341,2070.4392909466587
"Laptop Hp Essential De 15.6  Hd, I5-1235u, 8 Gb, 256 Gb Ssd",18837.0,8.0,256.0,SSD,No especificado,0,15.6,Intel Core i5-1235U,10,12ª Gen (Alder Lake),Intel,15.6,Estandar,0,0,0,0,0,0,0,0,4,3.0,8.0,32.0,0.0,0,False,False,False,False,False,False,False,True,False,False,False,False,False,False,False,False,False,False,False,False,False,False,False,False,False,13088.007397006842,5748.992602993158
Ordenador Portátil Hp I3-1215u 15.6 Fhd 16 Gb 512 Gb Ssd Wi-,16398.0,16.0,512.0,SSD,No especificado,0,15.6,Intel Core i3-1215U,6,12ª Gen (Alder Lake),Intel,15.6,Estandar,0,0,0,0,0,0,0,0,3,4.0,9.0,48.0,0.0,0,False,False,False,False,False,False,False,True,False,False,False,False,False,False,False,False,False,False,False,False,False,False,False,False,False,16074.740055814691,323.259944185309
Laptop Hp Omnibook 5 16  Ryzen Ai 7 350 16 Gb 1 Tb Ssd,27250.0,16.0,1024.0,SSD,No especificado,0,,No especificado,No especificado,No especificado,AMD,16.0,Grande,0,0,0,1,0,0,0,0,5,4.0,10.0,80.0,0.0,0,False,False,False,False,False,False,False,True,False,False,False,False,False,False,False,False,False,False,False,False,False,False,False,False,False,26991.88565586938,258.11434413061943
Portátil Hp 14  Intel 16gb Ram 1.1tb Ssd Win11 Azul Cielo,12006.0,16.0,1126.0,SSD,No especificado,0,,No especificado,No especificado,No especificado,Intel,14.0,Estandar,0,0,0,0,0,0,0,0,2,4.0,10.13699111208023,32.0,0.0,0,False,False,False,False,False,False,False,True,False,False,False,False,False,False,False,False,False,False,False,False,False,False,False,False,False,13554.438497035673,-1548.4384970356732
Laptop Hp 17.3  Intel Core I5 64 Gb Ram 2 Tb Ssd,40005.0,64.0,2048.0,SSD,Core I5,0,17.3,Intel Core i5,No especificado,No especificado,Intel,17.3,Grande,0,0,0,0,0,0,0,0,4,6.0,11.0,256.0,0.0,0,False,False,False,False,False,False,False,True,False,False,False,False,False,False,False,False,False,False,False,False,False,False,False,False,False,33401.86429382332,6603.135706176683
Portátil Hp Ryzen5 De 17.3  32gb Ram 1tb Ssd Windows11,22854.0,32.0,1024.0,SSD,Ryzen5,0,17.3,AMD Ryzen 5,No especificado,No especificado,AMD,17.3,Grande,0,0,0,0,0,0,0,0,2,5.0,10.0,64.0,0.0,0,False,False,False,False,False,False,False,True,False,False,False,False,False,False,False,False,False,False,False,False,False,False,False,False,False,19688.690496502382,3165.3095034976177
Laptop Hp Probook 465 G11 16  Fhd+ Ryzen 7 32gb 512gb,39179.0,32.0,512.0,SSD,Ryzen 7,0,,No especificado,No especificado,No especificado,AMD,16.0,Grande,0,0,1,0,0,0,0,0,5,5.0,9.0,160.0,0.0,0,False,False,False,False,False,False,False,True,False,False,False,False,False,False,False,False,False,False,False,False,False,False,False,False,False,22754.63334951932,16424.36665048068
Portátil Hp Victus 15.6  I5-13420h 16gb 2tb Rtx4050 Windo,37495.0,16.0,2048.0,SSD,No especificado,1,15.6,Intel Core i5-13420H,8,13ª Gen (Raptor Lake),Intel,15.6,Estandar,0,1,0,0,0,0,0,2,4,4.0,11.0,64.0,32.0,2,False,False,False,False,False,False,False,True,False,False,False,False,False,False,False,False,False,False,False,False,False,False,False,False,False,34761.155536489976,2733.844463510024
Laptop Hp Pavilion 15.6  Intel N100 32 Gb De Ram 1 Tb Ssd,15203.0,32.0,1024.0,SSD,Intel N100,0,15.6,Intel Processor N100,4,Alder Lake-N,Intel,15.6,Estandar,0,0,0,0,0,0,0,0,1,5.0,10.0,32.0,0.0,0,False,False,False,False,False,False,False,True,False,False,False,False,False,False,False,False,False,False,False,False,False,False,False,False,False,14805.003723963046,397.99627603695444
"Ordenador Portátil Hp 15.6 Intel Ultra 5 8 Gb 1,5 Tb Ssd Win",20293.0,8.0,1536.0,SSD,No especificado,0,15.6,No especificado,No especificado,No especificado,Intel,15.6,Estandar,0,0,0,0,0,0,0,0,4,3.0,10.584962500721156,32.0,0.0,0,False,False,False,False,False,False,False,True,False,False,False,False,False,False,False,False,False,False,False,False,False,False,False,False,False,20020.5063201832,272.49367981679825
Laptop Gamer Hp Victus 15 I5-13420h 32 Gb 1 Tb Rtx 3050,38326.0,32.0,1024.0,SSD,No especificado,1,,Intel Core i5-13420H,8,13ª Gen (Raptor Lake),Intel,,Estandar,0,1,0,0,0,0,0,2,4,5.0,10.0,128.0,64.0,2,False,False,False,False,False,False,False,True,False,False,False,False,False,False,False,False,False,False,False,False,False,False,False,False,False,33300.360375639386,5025.639624360614
Laptop Hp 14  2026 Intel N150 8 Gb 128 Gb Ufs + Disco Duro P,10442.0,8.0,128.0,SSD,Intel N150,0,,No especificado,No especificado,No especificado,Intel,14.0,Estandar,0,0,0,0,0,0,0,0,1,3.0,7.0,8.0,0.0,0,False,False,False,False,False,False,False,True,False,False,False,False,False,False,False,False,False,False,False,False,False,False,False,False,False,8705.603752867748,1736.396247132252
Laptop Hp 15.6  Fhd I7-1355u 16gb Ram 1tb Ssd Wi-fi 6,23175.0,16.0,1024.0,SSD,No especificado,0,15.6,Intel Core i7-1355U,10,13ª Gen (Raptor Lake),Intel,15.6,Estandar,0,0,0,0,0,0,0,0,5,4.0,10.0,80.0,0.0,0,False,False,False,False,False,False,False,True,False,False,False,False,False,False,False,False,False,False,False,False,False,False,False,False,False,23083.791095077275,91.2089049227252
Laptop Hp 15.6'' Ryzen 7 16gb Ram 512gb Ssd Windows 11 Plata,14351.0,16.0,512.0,SSD,Ryzen 7,0,15.6,No especificado,No especificado,No especificado,AMD,15.6,Estandar,0,0,0,0,0,0,0,0,5,4.0,9.0,80.0,0.0,0,False,False,False,False,False,False,False,True,False,False,False,False,False,False,False,False,False,False,False,False,False,False,False,False,False,19185.422668678584,-4834.422668678584
Laptop Hp 14 Pulgadas Intel Celeron 4gb Ram 128gb Verde,6360.0,4.0,128.0,SSD,Celeron,0,14.0,No especificado,No especificado,No especificado,Intel,14.0,Estandar,0,0,0,0,0,0,0,0,1,2.0,7.0,4.0,0.0,0,False,False,False,False,False,False,False,True,False,False,False,False,False,False,False,False,False,False,False,False,False,False,False,False,False,7495.881336415224,-1135.8813364152238
Ordenador Portátil Hp 32 Gb Ram 1 Tb Ssd +128 Gb Intel Copil,23021.0,32.0,1024.0,SSD,No especificado,0,,No especificado,No especificado,No especificado,Intel,,Estandar,0,0,0,0,0,0,0,0,2,5.0,10.0,64.0,0.0,0,False,False,False,False,False,False,False,True,False,False,False,False,False,False,False,False,False,False,False,False,False,False,False,False,False,19688.690496502382,3332.3095034976177
Laptop Hp 14  Fhd I3 16 Gb Ram 512 Gb Ssd Windows 11,16198.0,16.0,512.0,SSD,No especificado,0,,No especificado,No especificado,No especificado,Intel,14.0,Estandar,0,0,0,0,0,0,0,0,3,4.0,9.0,48.0,0.0,0,False,False,False,False,False,False,False,True,False,False,False,False,False,False,False,False,False,False,False,False,False,False,False,False,False,16074.740055814691,123.259944185309
Laptop Hp 17.3  Ryzen5 32gb Ram 2tb Ssd Windows11pro Pl,33672.0,32.0,2048.0,SSD,Ryzen5,0,17.3,AMD Ryzen 5,No especificado,No especificado,AMD,17.3,Grande,0,0,0,0,0,0,0,0,2,5.0,11.0,64.0,0.0,0,False,False,False,False,False,False,False,True,False,False,False,False,False,False,False,False,False,False,False,False,False,False,False,False,False,24259.252680341393,9412.747319658607
Portátil Hp 17.3  Core I5-120u 16gb 512gb Ssd Wifi6,20693.0,16.0,512.0,SSD,Core I5,0,17.3,Intel Core i5,No especificado,No especificado,Intel,17.3,Grande,0,0,0,0,0,0,0,0,4,4.0,9.0,64.0,0.0,0,False,False,False,False,False,False,False,True,False,False,False,False,False,False,False,False,False,False,False,False,False,False,False,False,False,17364.92034604292,3328.07965395708
Laptop Hp 15.6  Intel N100 16gb Ram 512gb Ssd Win11 Pro,16729.0,16.0,512.0,SSD,Intel N100,0,15.6,Intel Processor N100,4,Alder Lake-N,Intel,15.6,Estandar,0,0,0,0,0,0,0,0,1,4.0,9.0,16.0,0.0,0,False,False,False,False,False,False,False,True,False,False,False,False,False,False,False,False,False,False,False,False,False,False,False,False,False,13478.951727340898,3250.0482726591017
Ordenador Portátil Hp I3-1215u 15.6 Fhd 16 Gb 512 Gb Ssd Wi-,16394.0,16.0,512.0,SSD,No especificado,0,15.6,Intel Core i3-1215U,6,12ª Gen (Alder Lake),Intel,15.6,Estandar,0,0,0,0,0,0,0,0,3,4.0,9.0,48.0,0.0,0,False,False,False,False,False,False,False,True,False,False,False,False,False,False,False,False,False,False,False,False,False,False,False,False,False,16074.740055814691,319.259944185309
Notebook Hp Probook 465 G11 De 16  Ryzen 7 16 Gb 512 Gb Ssd,29896.0,16.0,512.0,SSD,Ryzen 7,0,,No especificado,No especificado,No especificado,AMD,16.0,Grande,0,0,1,0,0,0,0,0,5,4.0,9.0,80.0,0.0,0,False,False,False,False,False,False,False,True,False,False,False,False,False,False,False,False,False,False,False,False,False,False,False,False,False,25085.88409957713,4810.115900422868
Ordenador Portátil Hp Pavilion 15.6 Touch I5 16 Gb 672 Gb Ss,21951.0,16.0,672.0,SSD,No especificado,0,15.6,No especificado,No especificado,No especificado,Intel,15.6,Estandar,0,0,0,0,1,0,0,0,4,4.0,9.39231742277876,64.0,0.0,0,False,False,False,False,False,False,False,True,False,False,False,False,False,False,False,False,False,False,False,False,False,False,False,False,False,19137.79002213051,2813.20997786949
Laptop Hp 14  Intel Pentium N5030 16gb Ram 512gb Ssd Con W,23930.0,16.0,512.0,SSD,No especificado,0,,No especificado,No especificado,No especificado,Intel,14.0,Estandar,0,0,0,0,0,0,0,0,1,4.0,9.0,16.0,0.0,0,False,False,False,False,False,False,False,True,False,False,False,False,False,False,False,False,False,False,False,False,False,False,False,False,False,13478.951727340898,10451.048272659102
Laptop Hp 2023 Ryzen 5 17.3  Pantalla Táctil 16gb 1tb Ssd,20898.0,16.0,1024.0,SSD,Ryzen 5,0,17.3,AMD Ryzen 5,No especificado,No especificado,AMD,17.3,Grande,0,0,0,0,1,0,0,0,4,4.0,10.0,64.0,0.0,0,False,False,False,False,False,False,False,True,False,False,False,False,False,False,False,False,False,False,False,False,False,False,False,False,False,19613.198923811113,1284.8010761888872
Laptop Hp 14 Pulgadas Intel Celeron 8gb Ram 128gb Honey,6360.0,8.0,128.0,SSD,Celeron,0,14.0,No especificado,No especificado,No especificado,Intel,14.0,Estandar,0,0,0,0,0,0,0,0,1,3.0,7.0,8.0,0.0,0,False,False,False,False,False,False,False,True,False,False,False,False,False,False,False,False,False,False,False,False,False,False,False,False,False,8705.603752867748,-2345.603752867748
Ordenador Portátil Hp Ryzen 5 17.3 32 Gb Ram 1 Tb Ssd Window,22850.0,32.0,1024.0,SSD,Ryzen 5,0,17.3,AMD Ryzen 5,No especificado,No especificado,AMD,17.3,Grande,0,0,0,0,0,0,0,0,4,5.0,10.0,128.0,0.0,0,False,False,False,False,False,False,False,True,False,False,False,False,False,False,False,False,False,False,False,False,False,False,False,False,False,23109.239698028472,-259.23969802847205
Portátil Hp 17.3  I3-n305 8gb Ram 512gb Ssd Plata,19716.0,8.0,512.0,SSD,No especificado,0,17.3,Intel Core i3-N305,8,Alder Lake-N,Intel,17.3,Grande,0,0,0,0,0,0,0,0,3,3.0,9.0,24.0,0.0,0,False,False,False,False,False,False,False,True,False,False,False,False,False,False,False,False,False,False,False,False,False,False,False,False,False,12944.669713710266,6771.330286289734
Laptop Hp 14  Intel Celeron N4500 16gb 576gb Windows 11,9868.0,16.0,576.0,SSD,Celeron,0,,No especificado,No especificado,No especificado,Intel,14.0,Estandar,0,0,0,0,0,0,0,0,1,4.0,9.169925001442312,16.0,0.0,0,False,False,False,False,False,False,False,True,False,False,False,False,False,False,False,False,False,False,False,False,False,False,False,False,False,11654.734600427006,-1786.7346004270057
Laptop Hp 15.6  Ryzen 3 64gb Ram 1tb Ssd Windows 11,30248.0,64.0,1024.0,SSD,Ryzen 3,0,15.6,AMD Ryzen 3,No especificado,No especificado,AMD,15.6,Estandar,0,0,0,0,0,0,0,0,3,6.0,10.0,192.0,0.0,0,False,False,False,False,False,False,False,True,False,False,False,False,False,False,False,False,False,False,False,False,False,False,False,False,False,28477.3337180231,1770.6662819769008
"Laptop Hp 17.3  Intel Ultra 5, 32gb Ram, 2tb Ssd, Windows",35635.0,32.0,2048.0,SSD,No especificado,0,17.3,No especificado,No especificado,No especificado,Intel,17.3,Grande,0,0,0,0,0,0,0,0,4,5.0,11.0,128.0,0.0,0,False,False,False,False,False,False,False,True,False,False,False,False,False,False,False,False,False,False,False,False,False,False,False,False,False,32317.846673964024,3317.1533260359756
"Portátil Hp , 15,6 Pulgadas, 4 Gb Ram, 128 Gb Rom, Intel N20",6716.0,4.0,128.0,SSD,Intel N20,0,15.6,No especificado,No especificado,No especificado,Intel,15.6,Estandar,0,0,0,0,0,0,0,0,2,2.0,7.0,8.0,0.0,0,False,False,False,False,False,False,False,True,False,False,False,False,False,False,False,False,False,False,False,False,False,False,False,False,False,6994.8363460367955,-278.8363460367955
Laptop Hp 14-dq6011dx 14'' Intel 16gb Ram 128gb Ssd Plata,9097.0,16.0,128.0,SSD,No especificado,0,,No especificado,No especificado,No especificado,Intel,14.0,Estandar,0,0,0,0,0,0,0,0,2,4.0,7.0,32.0,0.0,0,False,False,False,False,False,False,False,True,False,False,False,False,False,False,False,False,False,False,False,False,False,False,False,False,False,9520.837305335288,-423.83730533528797
Laptop Hp Stream 14'' Intel 4gb Ram 1.12tb Ssd Rosa,7972.0,4.0,1152.0,SSD,No especificado,0,,No especificado,No especificado,No especificado,Intel,14.0,Estandar,0,0,0,0,0,0,0,0,2,2.0,10.169925001442312,8.0,0.0,0,False,False,False,False,False,False,False,True,False,False,False,False,False,False,False,False,False,False,False,False,False,False,False,False,False,7921.955322365318,50.04467763468165
Ordenador Portátil Hp Elitebook 6 G1a Ryzen 5 16 32 Gb 1 Tb,21243.0,32.0,1024.0,SSD,Ryzen 5,0,,AMD Ryzen 5,No especificado,No especificado,AMD,16.0,Grande,0,0,1,0,0,0,0,0,4,5.0,10.0,128.0,0.0,0,False,False,False,False,False,False,False,True,False,False,False,False,False,False,False,False,False,False,False,False,False,False,False,False,False,21795.00216009308,-552.0021600930813
Ordenador Portátil Hp 17.3 14ª Generación I5 32 Gb Ram 1 Tb,19791.0,32.0,1024.0,SSD,No especificado,0,17.3,No especificado,No especificado,No especificado,Intel,17.3,Grande,0,0,0,0,0,0,0,0,4,5.0,10.0,128.0,0.0,0,False,False,False,False,False,False,False,True,False,False,False,False,False,False,False,False,False,False,False,False,False,False,False,False,False,23109.239698028472,-3318.239698028472
Ordenador Portátil Hp 17.3 I3-n305 16 Gb De Ram 512 Gb Ssd W,22411.0,16.0,512.0,SSD,No especificado,0,17.3,Intel Core i3-N305,8,Alder Lake-N,Intel,17.3,Grande,0,0,0,0,0,0,0,0,3,4.0,9.0,48.0,0.0,0,False,False,False,False,False,False,False,True,False,False,False,False,False,False,False,False,False,False,False,False,False,False,False,False,False,16074.740055814691,6336.259944185309
Portátil Hp 17.3  Ryzen 5 16gb Ram 1tb Ssd Con Windows 11,24680.0,16.0,1024.0,SSD,Ryzen 5,0,17.3,AMD Ryzen 5,No especificado,No especificado,AMD,17.3,Grande,0,0,0,0,0,0,0,0,4,4.0,10.0,64.0,0.0,0,False,False,False,False,False,False,False,True,False,False,False,False,False,False,False,False,False,False,False,False,False,False,False,False,False,21253.870278577335,3426.129721422665
Ordenador Portátil Hp Elitebook 6 16 Ryzen 5 16 Gb 512 Gb Ss,22726.0,16.0,512.0,SSD,Ryzen 5,0,,AMD Ryzen 5,No especificado,No especificado,AMD,16.0,Grande,0,0,1,0,0,0,0,0,4,4.0,9.0,64.0,0.0,0,False,False,False,False,False,False,False,True,False,False,False,False,False,False,False,False,False,False,False,False,False,False,False,False,False,24227.79222711143,-1501.7922271114294
Ordenador Portátil Hp Ryzen 5 17.3 Touch 16 Gb Ram 512 Gb Ss,24788.0,16.0,512.0,SSD,Ryzen 5,0,17.3,AMD Ryzen 5,No especificado,No especificado,AMD,17.3,Grande,0,0,0,0,1,0,0,0,4,4.0,9.0,64.0,0.0,0,False,False,False,False,False,False,False,True,False,False,False,False,False,False,False,False,False,False,False,False,False,False,False,False,False,18955.797086511262,5832.202913488738
Portátil Hp 35cm Intel N150 8gb Ram 128gb Ufs Windows11,10955.0,8.0,128.0,SSD,Intel N150,0,,No especificado,No especificado,No especificado,Intel,,Estandar,0,0,0,0,0,0,0,0,1,3.0,7.0,8.0,0.0,0,False,False,False,False,False,False,False,True,False,False,False,False,False,False,False,False,False,False,False,False,False,False,False,False,False,8705.603752867748,2249.396247132252
Portátil Hp 17.3  I3-n305 8 Gb Ram 512 Gb Ssd Win11,19716.0,8.0,512.0,SSD,No especificado,0,17.3,Intel Core i3-N305,8,Alder Lake-N,Intel,17.3,Grande,0,0,0,0,0,0,0,0,3,3.0,9.0,24.0,0.0,0,False,False,False,False,False,False,False,True,False,False,False,False,False,False,False,False,False,False,False,False,False,False,False,False,False,12944.669713710266,6771.330286289734
Ordenador Portátil Hp Victus 15.6 I5-13420h 32 Gb 1 Tb Ssd R,37727.0,32.0,1024.0,SSD,No especificado,0,15.6,Intel Core i5-13420H,8,13ª Gen (Raptor Lake),Intel,15.6,Estandar,0,1,0,0,0,0,0,0,4,5.0,10.0,128.0,0.0,0,False,False,False,False,False,False,False,True,False,False,False,False,False,False,False,False,False,False,False,False,False,False,False,False,False,35839.89417301604,1887.1058269839632
Ordenador Portátil Hp Premium 14 Hd Ips I3 4 Gb 128 Gb Ssd,7302.0,4.0,128.0,SSD,No especificado,0,,No especificado,No especificado,No especificado,Intel,14.0,Estandar,0,0,0,0,0,0,0,0,3,2.0,7.0,12.0,0.0,0,False,False,False,False,False,False,False,True,False,False,False,False,False,False,False,False,False,False,False,False,False,False,False,False,False,7170.237837794174,131.76216220582592
Ordenador Portátil Hp 15.6 Intel N100 16 Gb Ram 512 Gb Ssd W,16797.0,16.0,512.0,SSD,Intel N100,0,15.6,Intel Processor N100,4,Alder Lake-N,Intel,15.6,Estandar,0,0,0,0,0,0,0,0,1,4.0,9.0,16.0,0.0,0,False,False,False,False,False,False,False,True,False,False,False,False,False,False,False,False,False,False,False,False,False,False,False,False,False,13478.951727340898,3318.0482726591017
Portátil Hp 14  Intel N150 4gb Ram 128gb Ufs Windows11,8583.0,4.0,128.0,SSD,Intel N150,0,,No especificado,No especificado,No especificado,Intel,14.0,Estandar,0,0,0,0,0,0,0,0,1,2.0,7.0,4.0,0.0,0,False,False,False,False,False,False,False,True,False,False,False,False,False,False,False,False,False,False,False,False,False,False,False,False,False,7495.881336415224,1087.1186635847762
Ordenador Portátil Hp 17.3 I7-1355u 16 Gb Ram 2 Tb Ssd Win 1,30946.0,16.0,2048.0,SSD,No especificado,0,17.3,Intel Core i7-1355U,10,13ª Gen (Raptor Lake),Intel,17.3,Grande,0,0,0,0,0,0,0,0,5,4.0,11.0,80.0,0.0,0,False,False,False,False,False,False,False,True,False,False,False,False,False,False,False,False,False,False,False,False,False,False,False,False,False,31933.938101387663,-987.9381013876628
Laptop Hp 2025 I7-1355u 15.6  Fhd Táctil 8gb 128gb Ssd,30817.0,8.0,128.0,SSD,No especificado,0,15.6,Intel Core i7-1355U,10,13ª Gen (Raptor Lake),Intel,15.6,Estandar,0,0,0,0,1,0,0,0,5,3.0,7.0,40.0,0.0,0,False,False,False,False,False,False,False,True,False,False,False,False,False,False,False,False,False,False,False,False,False,False,False,False,False,17974.636768441076,12842.363231558924
Ordenador Portátil Hp 14 I3 8 Gb Ram 128 Gb Ufs Win 11 Offic,10662.0,8.0,128.0,SSD,No especificado,0,,No especificado,No especificado,No especificado,Intel,14.0,Estandar,0,0,0,0,0,0,0,0,3,3.0,7.0,24.0,0.0,0,False,False,False,False,False,False,False,True,False,False,False,False,False,False,False,False,False,False,False,False,False,False,False,False,False,8587.560709053341,2074.4392909466587
Portátil Hp 15.6  Fhd Intel N100 8gb Ram 256gb Ssd,10145.0,8.0,256.0,SSD,Intel N100,0,15.6,Intel Processor N100,4,Alder Lake-N,Intel,15.6,Estandar,0,0,0,0,0,0,0,0,1,3.0,8.0,8.0,0.0,0,False,False,False,False,False,False,False,True,False,False,False,False,False,False,False,False,False,False,False,False,False,False,False,False,False,9316.651061180744,828.3489388192556
Laptop Hp Ultrabook 14  Intel N150 8gb 128gb Ssd,11407.0,8.0,128.0,SSD,Intel N150,0,,No especificado,No especificado,No especificado,Intel,14.0,Estandar,0,0,0,0,0,0,0,0,1,3.0,7.0,8.0,0.0,0,False,False,False,False,False,False,False,True,False,False,False,False,False,False,False,False,False,False,False,False,False,False,False,False,False,8705.603752867748,2701.396247132252
Laptop Hp 15.6  Touchscreen I3-1315u 16gb 512gb Ssd,23856.0,16.0,512.0,SSD,No especificado,0,15.6,Intel Core i3-1315U,6,13ª Gen (Raptor Lake),Intel,15.6,Estandar,0,0,0,0,1,0,0,0,3,4.0,9.0,48.0,0.0,0,False,False,False,False,False,False,False,True,False,False,False,False,False,False,False,False,False,False,False,False,False,False,False,False,False,16546.009333883067,7309.990666116933
Lenovo Ideapad Slim 3 15irh10 Intel Core I5 8gb 512gb Ssd Azul,10599.0,8.0,512.0,SSD,Core I5,0,,Intel Core i5,No especificado,No especificado,Intel,10.0,Ultraportatil,0,0,0,0,0,0,0,0,4,3.0,9.0,32.0,0.0,0,False,False,False,False,False,False,False,False,False,False,False,False,False,False,True,False,False,False,False,False,False,False,False,False,False,13321.441696988275,-2722.441696988275
Notebook Lenovo Ideapad 1i Intel Core I5-1335u 16gb Memory 256gb Ssd 15.6 Full Hd Cloud Grrey,11999.0,16.0,256.0,SSD,Core I5,0,15.6,Intel Core i5-1335U,10,13ª Gen (Raptor Lake),Intel,15.6,Estandar,0,0,0,0,0,0,0,0,4,4.0,8.0,64.0,0.0,0,False,False,False,False,False,False,False,False,False,False,False,False,False,False,True,False,False,False,False,False,False,False,False,False,False,16230.680260696998,-4231.680260696998
Laptop Lenovo V15 15.6 Amd Ryzen 3 7320u 16gb Ram 512gb Ssd Negro,11659.0,16.0,512.0,SSD,Ryzen 3,0,15.6,AMD Ryzen 3 7320U,4,Serie 7000 (Zen 2),AMD,15.6,Estandar,0,0,0,0,0,0,0,0,3,4.0,9.0,48.0,0.0,0,False,False,False,False,False,False,False,False,False,False,False,False,False,False,True,False,False,False,False,False,False,False,False,False,False,15494.599485700684,-3835.5994857006845
Lenovo Thinkpad T490s Laptop Core I7 8565 16gb Ram 256gb Ssd (Reacondicionado),19778.0,16.0,256.0,SSD,Core I7,0,,Intel Core i7,No especificado,No especificado,Intel,,Estandar,1,0,0,0,0,0,0,0,5,4.0,8.0,80.0,0.0,0,False,False,False,False,False,False,False,False,False,False,False,False,False,False,True,False,False,False,False,False,False,False,False,False,False,10900.576567257714,8877.423432742286
Lenovo Thinkpad T14 Gen 2 Core I5 1145g7 16gb Ram 512gb Ssd (Reacondicionado),19998.0,16.0,512.0,SSD,Core I5,0,,Intel Core i5,No especificado,No especificado,Intel,,Estandar,1,0,0,0,0,0,0,0,4,4.0,9.0,64.0,0.0,0,False,False,False,False,False,False,False,False,False,False,False,False,False,False,True,False,False,False,False,False,False,False,False,False,False,15615.696513860858,4382.3034861391425
"Notebook LENOVO Ideapad Slim 3I 15.6"" FHD 128GB / 8GB RAM Intel N150 W11",7667.0,128.0,128.0,SSD,Intel N150,0,15.6,No especificado,No especificado,No especificado,Intel,15.6,Estandar,0,0,0,0,0,0,0,0,1,7.0,7.0,128.0,0.0,0,False,False,False,False,False,False,False,False,False,False,False,False,False,False,True,False,False,False,False,False,False,False,False,False,False,10786.509396542393,-3119.509396542393
Lenovo Thinkpad X1 Carbon Gen 8 Core I7 10th 16gb 512gb Ssd (Reacondicionado),14655.0,16.0,512.0,SSD,Core I7,0,,Intel Core i7,No especificado,No especificado,Intel,,Estandar,1,0,0,0,0,0,0,0,5,4.0,9.0,80.0,0.0,0,False,False,False,False,False,False,False,False,False,False,False,False,False,False,True,False,False,False,False,False,False,False,False,False,False,16012.620353859116,-1357.6203538591162
Lenovo Slim 3 Ryzen 7 16gb 512gb Ssd Táctil 1080p W11 Color Gris,22855.0,16.0,512.0,SSD,Ryzen 7,0,,No especificado,No especificado,No especificado,AMD,,Estandar,0,0,0,0,1,0,0,0,5,4.0,9.0,80.0,0.0,0,False,False,False,False,False,False,False,False,False,False,False,False,False,False,True,False,False,False,False,False,False,False,False,False,False,24262.873235058287,-1407.8732350582868
Laptop Lenovo Ideapad Slim 5 14Q8X9 Snapdragon X Plus| 16gb Ram 512gb Ssd Gris,28999.0,16.0,512.0,SSD,No especificado,0,,No especificado,No especificado,No especificado,Otros,,Estandar,0,0,0,0,0,0,0,0,2,4.0,9.0,32.0,0.0,0,False,False,False,False,False,False,False,False,False,False,False,False,False,False,True,False,False,False,False,False,False,False,False,False,False,25233.682061344956,3765.3179386550437
Lenovo Thinkpad X13 G1 Amd Ryzen 5 4650 32gb 256gb 13.3in (Reacondicionado),14999.0,32.0,256.0,SSD,Ryzen 5,0,13.3,AMD Ryzen 5,No especificado,No especificado,AMD,13.3,Ultraportatil,1,0,0,0,0,0,0,0,4,5.0,8.0,128.0,0.0,0,False,False,False,False,False,False,False,False,False,False,False,False,False,False,True,False,False,False,False,False,False,False,False,False,False,11794.763594195976,3204.236405804024
Lenovo Thinkpad Yoga X13 Gen 3 Intel I7-1265u 32gb 512gb Fhd (Reacondicionado),14999.0,32.0,512.0,SSD,No especificado,0,,No especificado,No especificado,No especificado,Intel,,Estandar,1,0,0,0,0,0,0,0,5,5.0,9.0,160.0,0.0,0,False,False,False,False,False,False,False,False,False,False,False,False,False,False,True,False,False,False,False,False,False,False,False,False,False,17563.742397834525,-2564.742397834525
"Laptop Lenovo IdeaPad Slim 3 14IAN8 14"" Intel N100 4GB RAM 128GB UFS Windows 11 Home Abyss Blue",4999.0,4.0,128.0,SSD,Intel N100,0,14.0,Intel Processor N100,4,Alder Lake-N,Intel,14.0,Estandar,0,0,0,0,0,0,0,0,1,2.0,7.0,4.0,0.0,0,False,False,False,False,False,False,False,False,False,False,False,False,False,False,True,False,False,False,False,False,False,False,False,False,False,6011.029216679209,-1012.0292166792087
Lenovo Thinkpad X390 Core I5 8365 16gb Ram 256gb Ssd Touch (Reacondicionado),9999.0,16.0,256.0,SSD,Core I5,0,,Intel Core i5,No especificado,No especificado,Intel,,Estandar,1,0,0,0,1,0,0,0,4,4.0,8.0,64.0,0.0,0,False,False,False,False,False,False,False,False,False,False,False,False,False,False,True,False,False,False,False,False,False,False,False,False,False,11095.867600430596,-1096.8676004305962
Lenovo Thinkpad X13 Yoga Gen 2 Core I7 1185g7 16gb 512gb Ssd (Reacondicionado),14999.0,16.0,512.0,SSD,Core I7,0,,Intel Core i7,No especificado,No especificado,Intel,,Estandar,1,0,0,0,0,0,0,0,5,4.0,9.0,80.0,0.0,0,False,False,False,False,False,False,False,False,False,False,False,False,False,False,True,False,False,False,False,False,False,False,False,False,False,16012.620353859116,-1013.6203538591162
Laptop Lenovo Ideapad Slim 3 15.6  Core I5 16gb Ram 256gb,25999.0,16.0,256.0,SSD,Core I5,0,15.6,Intel Core i5,No especificado,No especificado,Intel,15.6,Estandar,0,0,0,0,0,0,0,0,4,4.0,8.0,64.0,0.0,0,False,False,False,False,False,False,False,False,False,False,False,False,False,False,True,False,False,False,False,False,False,False,False,False,False,16230.680260696998,9768.319739303002
"Notebook Lenovo IdeaPad de 14"" HD con Intel Celeron, 4 GB RAM y 128 GB SSD",4699.0,4.0,128.0,SSD,Celeron,0,14.0,No especificado,No especificado,No especificado,Intel,14.0,Estandar,0,0,0,0,0,0,0,0,1,2.0,7.0,4.0,0.0,0,False,False,False,False,False,False,False,False,False,False,False,False,False,False,True,False,False,False,False,False,False,False,False,False,False,6011.029216679209,-1312.0292166792087
"Laptop Lenovo Ideapad 15,3 Snapdragon X 24gb + 512gb Con IA",19999.0,24.0,512.0,SSD,No especificado,0,15.3,No especificado,No especificado,No especificado,Otros,15.3,Estandar,0,0,0,0,0,0,0,0,2,4.584962500721156,9.0,48.0,0.0,0,False,False,False,False,False,False,False,False,False,False,False,False,False,False,True,False,False,False,False,False,False,False,False,False,False,17140.532478088164,2858.4675219118362
"Laptop Lenovo IdeaPad Slim 3 Copilot+ PC de 15.3"" con Snapdragon X, 16GB RAM y 512GB SSD",17999.0,16.0,512.0,SSD,No especificado,0,15.3,No especificado,No especificado,No especificado,Otros,15.3,Estandar,0,0,0,1,0,0,0,0,2,4.0,9.0,32.0,0.0,0,False,False,False,False,False,False,False,False,False,False,False,False,False,False,True,False,False,False,False,False,False,False,False,False,False,24606.695143410972,-6607.695143410972
Laptop Lenovo Ideapad Slim3 Core Ultra7 Serie 3 24gb 1tb Ssd Gris,35999.0,24.0,1024.0,SSD,No especificado,0,,Apple M3,8,Apple Silicon (3ª Gen),Apple,,Estandar,0,0,0,0,0,0,0,0,5,4.584962500721156,10.0,120.0,0.0,0,False,False,False,False,False,False,False,False,False,False,False,False,False,False,True,False,False,False,False,False,False,False,False,False,False,27583.894351004357,8415.105648995643
Laptop Lenovo Loq Core I5 8gb 512gb Rtx 3050 1 Año Garantía,25999.0,8.0,512.0,SSD,Core I5,1,,Intel Core i5,No especificado,No especificado,Intel,,Estandar,0,1,0,0,0,0,0,2,4,3.0,9.0,32.0,16.0,2,False,False,False,False,False,False,False,False,False,False,False,False,False,False,True,False,False,False,False,False,False,False,False,False,False,21038.932028049632,4960.067971950368
Portátil Lenovo Thinkpad L14 G6 Ryzen 7 Pro 32gb 1tb + Ai Negro,40600.0,32.0,1024.0,SSD,Ryzen 7,0,,No especificado,No especificado,No especificado,AMD,,Estandar,0,0,0,0,0,0,0,0,5,5.0,10.0,160.0,0.0,0,False,False,False,False,False,False,False,False,False,False,False,False,False,False,True,False,False,False,False,False,False,False,False,False,False,42207.33955721285,-1607.3395572128502
"Laptop Lenovo IdeaPad Slim 3 de 15.3"" Táctil con Intel Core i5, 8GB RAM y 512GB SSD en Azul Polar",11599.0,8.0,512.0,SSD,Core I5,0,15.3,Intel Core i5,No especificado,No especificado,Intel,15.3,Estandar,0,0,0,0,1,0,0,0,4,3.0,9.0,32.0,0.0,0,False,False,False,False,False,False,False,False,False,False,False,False,False,False,True,False,False,False,False,False,False,False,False,False,False,13747.316993678918,-2148.316993678918
"Laptop Gamer Lenovo Legion 5 16IAX10 con Intel Core Ultra 9, RTX 5060, 32GB RAM y SSD de 1TB",57999.0,32.0,1024.0,SSD,No especificado,1,,No especificado,No especificado,No especificado,Intel,,Estandar,0,1,0,0,0,0,0,3,6,5.0,10.0,192.0,96.0,3,False,False,False,False,False,False,False,False,False,False,False,False,False,False,True,False,False,False,False,False,False,False,False,False,False,55277.68728138525,2721.3127186147467
Lenovo Thinkpad L13yoga G2 Core I5 1135g7 16gb Ram 512gb Ssd (Reacondicionado),19998.0,16.0,512.0,SSD,Core I5,0,,Intel Core i5,No especificado,No especificado,Intel,,Estandar,1,0,0,0,0,0,0,0,4,4.0,9.0,64.0,0.0,0,False,False,False,False,False,False,False,False,False,False,False,False,False,False,True,False,False,False,False,False,False,False,False,False,False,15615.696513860858,4382.3034861391425
Laptop Intel Pentium Gold 6500Y 16GB Ram 256GB Ssd 15.6inch 1920X1080px Computadoras Notebook,5094.0,16.0,256.0,SSD,No especificado,0,15.6,No especificado,No especificado,No especificado,Intel,15.6,Estandar,0,0,0,0,0,0,0,0,1,4.0,8.0,16.0,0.0,0,False,False,False,False,False,False,False,False,False,False,False,False,False,False,False,False,False,False,False,False,False,False,True,False,False,8126.604498851945,-3032.604498851945
Msi Cyborg Laptop Intel I7 144hz Rtx 5060 16gb 512gb Ssd,27999.0,16.0,512.0,SSD,No especificado,1,,No especificado,No especificado,No especificado,Intel,,Estandar,0,1,0,0,0,0,0,3,5,4.0,9.0,80.0,48.0,3,False,False,False,False,False,False,False,False,False,False,False,False,False,False,False,False,False,False,False,True,False,False,False,False,False,26851.05089855177,1147.94910144823
"Laptop 2 en 1 Lenovo IdeaPad Slim 3 de 15.3"" Táctil con Intel Core i5, 24GB RAM y 1.5TB SSD en Polar Blue",22499.0,24.0,1536.0,SSD,Core I5,0,15.3,Intel Core i5,No especificado,No especificado,Intel,15.3,Estandar,0,0,0,0,1,0,0,0,4,4.584962500721156,10.584962500721156,96.0,0.0,0,False,False,False,False,False,False,False,False,False,False,False,False,False,False,True,False,False,False,False,False,False,False,False,False,False,20562.98011227799,1936.01988772201
"Laptop Gamer MSI Cyborg A15 AI de 15.6"" Full HD con AMD Ryzen 9, NVIDIA RTX 5060, 64 GB RAM y 1 TB SSD",43999.0,64.0,1024.0,SSD,Ryzen 9,1,15.6,No especificado,No especificado,No especificado,AMD,15.6,Estandar,0,1,0,0,0,0,0,3,6,6.0,10.0,384.0,192.0,3,False,False,False,False,False,False,False,False,False,False,False,False,False,False,False,False,False,False,False,True,False,False,False,False,False,51450.338357142864,-7451.338357142864
Lenovo Thinkpad T14s Gen 6 Intel Core Ultra 7 32 GB 1tb SSD Negro,52432.0,32.0,1024.0,SSD,No especificado,0,,No especificado,No especificado,No especificado,Intel,,Estandar,0,0,0,0,0,0,0,0,5,5.0,10.0,160.0,0.0,0,False,False,False,False,False,False,False,False,False,False,False,False,False,False,True,False,False,False,False,False,False,False,False,False,False,42207.33955721285,10224.66044278715
"Laptop Lenovo IdeaPad Slim 3 de 15.3"" Táctil, Intel Core i5, 16GB RAM, 512GB SSD, Windows 11 Home, Azul",15199.0,16.0,512.0,SSD,Core I5,0,15.3,Intel Core i5,No especificado,No especificado,Intel,15.3,Estandar,0,0,0,0,1,0,0,0,4,4.0,9.0,64.0,0.0,0,False,False,False,False,False,False,False,False,False,False,False,False,False,False,True,False,False,False,False,False,False,False,False,False,False,16603.079366951108,-1404.0793669511077
Laptop Intel I7 13620h 32gb Ram 1tb Ssd Rtx3050 16in Plateado,26665.0,32.0,1024.0,SSD,No especificado,1,16.0,No especificado,No especificado,No especificado,Intel,16.0,Grande,0,1,0,0,0,0,0,2,5,5.0,10.0,160.0,64.0,2,False,False,False,False,False,False,False,False,False,False,False,False,False,False,False,False,False,False,False,False,False,False,True,False,False,29141.539095356027,-2476.5390953560272
"Notebook Gamer MSI Crosshair A16 HX con Ryzen 9 8940HX, RTX 5060, 32GB RAM y 1TB SSD",48999.0,32.0,1024.0,SSD,Ryzen 9,1,,No especificado,No especificado,No especificado,AMD,,Estandar,0,1,0,0,0,0,0,3,6,5.0,10.0,192.0,96.0,3,False,False,False,False,False,False,False,False,False,False,False,False,False,False,False,False,False,False,False,True,False,False,False,False,False,50023.99440079365,-1024.9944007936501
Laptop Dell 15 Dc15255 Amd Ryzen 5 8gb 512gb 15.6'' Fhd Windows 11 Home Platinum Silver,9500.0,8.0,512.0,SSD,Ryzen 5,0,15.6,AMD Ryzen 5,No especificado,No especificado,AMD,15.6,Estandar,0,0,0,0,0,0,0,0,4,3.0,9.0,32.0,0.0,0,False,False,False,True,False,False,False,False,False,False,False,False,False,False,False,False,False,False,False,False,False,False,False,False,False,13233.523072965878,-3733.523072965878
Laptop Intel 4405u 16gb Ram 1024gb Ssd Windows11 Pro 14.1',6629.0,16.0,1024.0,SSD,No especificado,0,14.1,No especificado,No especificado,No especificado,Intel,14.1,Estandar,0,0,0,0,0,0,0,0,2,4.0,10.0,32.0,0.0,0,False,False,False,False,False,False,False,False,False,False,False,False,False,False,False,False,False,False,False,False,False,False,True,False,False,11800.215228697285,-5171.215228697285
Asus Gamer Core I7 16gb Ram 512gb Ssd Pantalla 16 Wuxga 1920 X 1200 Intel Iris Xe Graphics Laptop F1605vabs74 Con Regalo,20652.0,16.0,512.0,SSD,Core I7,0,,Intel Core i7,No especificado,No especificado,Intel,16.0,Grande,0,1,0,0,0,0,0,1,5,4.0,9.0,80.0,16.0,1,False,False,True,False,False,False,False,False,False,False,False,False,False,False,False,False,False,False,False,False,False,False,False,False,False,28612.575698312543,-7960.575698312543
"Notebook Gamer Ghia Libero con Intel Core i5, RTX 3050, 32GB RAM y 1TB SSD",19899.0,32.0,1024.0,SSD,Core I5,1,,Intel Core i5,No especificado,No especificado,Intel,,Estandar,0,1,0,0,0,0,0,2,4,5.0,10.0,128.0,64.0,2,False,False,False,False,False,False,False,False,False,False,False,False,False,False,False,False,False,False,False,False,False,False,True,False,False,27185.48336259778,-7286.483362597781
"Laptop Lenovo IdeaPad Slim 3 con Pantalla Táctil 15.3"" Intel Core i5 24GB RAM 1TB SSD Azul",18599.0,24.0,1024.0,SSD,Core I5,0,15.3,Intel Core i5,No especificado,No especificado,Intel,15.3,Estandar,0,0,0,0,1,0,0,0,4,4.584962500721156,10.0,96.0,0.0,0,False,False,False,False,False,False,False,False,False,False,False,False,False,False,True,False,False,False,False,False,False,False,False,False,False,18851.29861474561,-252.2986147456104
Laptops 2 En 1 Ligero Intel N95 15.6 32gb Ram 2048gb Ssd,7850.0,32.0,2048.0,SSD,Intel N95,0,15.6,No especificado,No especificado,No especificado,Intel,15.6,Estandar,0,0,0,0,1,0,0,0,2,5.0,11.0,64.0,0.0,0,False,False,False,False,False,False,False,False,False,False,False,False,False,False,False,False,False,False,False,False,False,False,True,False,False,18248.168003395214,-10398.168003395214
Lenovo Ideapad Slim 3 15irh10 Intel Core I5 8gb 512gb Ssd Azul,10499.0,8.0,512.0,SSD,Core I5,0,,Intel Core i5,No especificado,No especificado,Intel,10.0,Ultraportatil,0,0,0,0,0,0,0,0,4,3.0,9.0,32.0,0.0,0,False,False,False,False,False,False,False,False,False,False,False,False,False,False,True,False,False,False,False,False,False,False,False,False,False,13321.441696988275,-2822.441696988275
Lenovo Laptop Gaming 15.6'' 15ach6 Ryzen 5 8gb + 256gb Rtx Color Shadow black,19999.0,8.0,256.0,SSD,Ryzen 5,1,15.6,AMD Ryzen 5,No especificado,No especificado,AMD,15.6,Estandar,0,1,0,0,0,0,0,0,4,3.0,8.0,32.0,0.0,0,False,False,False,False,False,False,False,False,False,False,False,False,False,False,True,False,False,False,False,False,False,False,False,False,False,20654.26388414956,-655.2638841495609
Notebook Vivobook Asus Vivobook 14 14 Plateado 16gb De Ram - 512gb Ssd - 0mb Hdd - Intel Core I7,25999.0,16.0,512.0,SSD,Core I7,0,,Intel Core i7,No especificado,No especificado,Intel,14.0,Estandar,0,0,0,0,0,0,0,0,5,4.0,9.0,80.0,0.0,0,False,False,True,False,False,False,False,False,False,False,False,False,False,False,False,False,False,False,False,False,False,False,False,False,False,21159.522933262335,4839.477066737665
"Laptop Lenovo V15 G5 Irl: Core I5, Ram 16gb, Ssd 512 Gb W11p",15049.0,16.0,512.0,SSD,Core I5,0,,Intel Core i5,No especificado,No especificado,Intel,,Estandar,0,0,0,0,0,0,0,0,4,4.0,9.0,64.0,0.0,0,False,False,False,False,False,False,False,False,False,False,False,False,False,False,True,False,False,False,False,False,False,False,False,False,False,18805.246120438092,-3756.2461204380925
Portátil Lenovo Thinkpad E14 G7 Amd Ryzen 5 16gb 512gb + Ai Negro,27316.0,16.0,512.0,SSD,Ryzen 5,0,,AMD Ryzen 5,No especificado,No especificado,AMD,,Estandar,0,0,0,0,0,0,0,0,4,4.0,9.0,64.0,0.0,0,False,False,False,False,False,False,False,False,False,False,False,False,False,False,True,False,False,False,False,False,False,False,False,False,False,18805.246120438092,8510.753879561908
Laptop Gamer MSI Thin 15 NVIDIA GeForce RTX 4050 Intel Core i5 16GB RAM 512GB SSD Windows 11 Home,19999.0,16.0,512.0,SSD,Core I5,1,,Intel Core i5,No especificado,No especificado,Intel,,Estandar,0,1,0,0,0,0,0,2,4,4.0,9.0,64.0,32.0,2,False,False,False,False,False,False,False,False,False,False,False,False,False,False,False,False,False,False,False,True,False,False,False,False,False,20933.42843213267,-934.4284321326704
Acer Gadget E10 ETBook Intel Core I5-12450h 16gb 512gb Ssd Win11 Color Gris,13606.0,16.0,512.0,SSD,Core I5,0,,Intel Core i5-12450H,8,12ª Gen (Alder Lake),Intel,,Estandar,0,0,0,0,0,0,0,0,4,4.0,9.0,64.0,0.0,0,False,False,False,False,False,False,False,False,False,False,False,False,False,False,False,False,False,False,False,False,False,False,False,False,False,17612.699983021626,-4006.6999830216264
Portátil Lenovo Core I7 16 GB 256 GB Ssd Win11 Pro Wifi Hdmi Color Negro - Excelente (Reacondicionado),6500.0,16.0,256.0,SSD,Core I7,0,,Intel Core i7,No especificado,No especificado,Intel,16.0,Grande,1,0,0,0,0,0,0,0,5,4.0,8.0,80.0,0.0,0,False,False,False,False,False,False,False,False,False,False,False,False,False,False,True,False,False,False,False,False,False,False,False,False,False,10900.576567257714,-4400.5765672577145
Laptop Gamer Acer Nitro V15 Ryzen 16gb 512gb Nvidia Rtx305 Negro,28949.0,16.0,512.0,SSD,Ryzen 1,1,,No especificado,No especificado,No especificado,AMD,,Estandar,0,1,0,0,0,0,0,0,2,4.0,9.0,32.0,0.0,0,False,False,False,False,False,False,False,False,False,False,False,False,False,False,False,False,False,False,False,False,False,False,False,False,False,29417.390172590356,-468.3901725903561
Dell Latitude 5511 Core I7 10850h Geforce Mx250 16gb 256gb (Reacondicionado),14998.0,16.0,256.0,SSD,Core I7,1,,Intel Core i7,No especificado,No especificado,Intel,,Estandar,1,0,1,0,0,0,0,0,5,4.0,8.0,80.0,0.0,0,False,False,False,True,False,False,False,False,False,False,False,False,False,False,False,False,False,False,False,False,False,False,False,False,False,11214.308527777777,3783.6914722222227
"Laptop 2 en 1 Lenovo IdeaPad Slim 3 de 15.3"" Táctil con Intel Core i5, 16 GB RAM y 1 TB SSD en Azul",16999.0,16.0,1024.0,SSD,Core I5,0,15.3,Intel Core i5,No especificado,No especificado,Intel,15.3,Estandar,0,0,0,0,1,0,0,0,4,4.0,10.0,64.0,0.0,0,False,False,False,False,False,False,False,False,False,False,False,False,False,False,True,False,False,False,False,False,False,False,False,False,False,17757.101140218925,-758.1011402189251
Notebook Gamer Asus Rog Strix G18 G815JMR-SS74 18 Rtx 5060 Intel Core i7-14650HX 16 GB RAM 1 TB SSD Windows 11 Grey,30020.0,16.0,1024.0,SSD,Core I7,1,,Intel Core i7,No especificado,No especificado,Intel,16.0,Grande,0,1,0,0,0,0,0,3,5,4.0,10.0,80.0,48.0,3,False,False,True,False,False,False,False,False,False,False,False,False,False,False,False,False,False,False,False,False,False,False,False,False,False,30886.767786421962,-866.7677864219622
Laptop Lenovo Ideapad Slim 3 Touch Ryzen 7 16gb 512gb Ssd,19299.0,16.0,512.0,SSD,Ryzen 7,0,,No especificado,No especificado,No especificado,AMD,,Estandar,0,0,0,0,1,0,0,0,5,4.0,9.0,80.0,0.0,0,False,False,False,False,False,False,False,False,False,False,False,False,False,False,True,False,False,False,False,False,False,False,False,False,False,24262.873235058287,-4963.873235058287
Asus 2 en 1 Core I5 8gb Ram 512gb Ssd Pantalla Táctil 16 Wuxga 1920 Px X 1200 Px Incluye Windows Instalado Intel Iris Xe Graphics Laptop Gamer Tp3604va Con Regalo,22355.0,8.0,512.0,SSD,Core I5,0,,Intel Core i5,No especificado,No especificado,Intel,16.0,Grande,0,1,0,0,1,0,0,1,4,3.0,9.0,32.0,8.0,1,False,False,True,False,False,False,False,False,False,False,False,False,False,False,False,False,False,False,False,False,False,False,False,False,False,19655.370693070818,2699.6293069291823
Notebook Lenovo Gaming Loq Intel Core I5 16gb 1tb Nvidia Rtx Color Gris,49999.0,16.0,1024.0,SSD,Core I5,1,,Intel Core i5,No especificado,No especificado,Intel,,Estandar,0,1,0,0,0,0,0,0,4,4.0,10.0,64.0,0.0,0,False,False,False,False,False,False,False,False,False,False,False,False,False,False,True,False,False,False,False,False,False,False,False,False,False,34495.563932465964,15503.436067534036
"Asus Gamer Core I5 16gb Ram 512gb Ssd Pantalla 15,6 Fhd 1920 Px X 1080 Px Intel Iris Xe Graphics Windows 11 Instalado Laptop Gamer X1502VACS51 Más Regalo",18031.0,16.0,512.0,SSD,Core I5,0,15.6,Intel Core i5,No especificado,No especificado,Intel,15.6,Estandar,0,1,0,0,0,0,0,1,4,4.0,9.0,64.0,16.0,1,False,False,True,False,False,False,False,False,False,False,False,False,False,False,False,False,False,False,False,False,False,False,False,False,False,22708.38230879053,-4677.382308790529
Asus Expertbook P1503cva Core I5 16gb 512gb Win11 Pro Gris,12499.0,16.0,512.0,SSD,Core I5,0,,Intel Core i5,No especificado,No especificado,Intel,,Estandar,0,0,0,0,0,0,0,0,4,4.0,9.0,64.0,0.0,0,False,False,True,False,False,False,False,False,False,False,False,False,False,False,False,False,False,False,False,False,False,False,False,False,False,19870.13918781208,-7371.139187812081
"Laptop Gamer Lenovo LOQ 15ARP9 con RTX 4050, Ryzen 5, 32GB de RAM y SSD de 512GB",30999.0,32.0,512.0,SSD,Ryzen 5,1,,AMD Ryzen 5,No especificado,No especificado,AMD,,Estandar,0,1,0,0,0,0,0,2,4,5.0,9.0,128.0,64.0,2,False,False,False,False,False,False,False,False,False,False,False,False,False,False,True,False,False,False,False,False,False,False,False,False,False,34422.777289682526,-3423.7772896825263
Laptop Gamer GIGABYTE Gaming A16 NVIDIA GeForce RTX 5050 Intel Core i7 16GB RAM 512GB SSD Windows 11 Home,31999.0,16.0,512.0,SSD,Core I7,1,,Intel Core i7,No especificado,No especificado,Intel,,Estandar,0,1,0,0,0,0,0,0,5,4.0,9.0,80.0,0.0,0,False,False,False,False,False,True,False,False,False,False,False,False,False,False,False,False,False,False,False,False,False,False,False,False,False,26941.378227381683,5057.621772618317
"Laptop Gamer MSI Vector 16 HX AI Con Intel Core Ultra 7, NVIDIA RTX 5070 Ti de 12GB y 64GB RAM",64999.0,12.0,64.0,SSD,No especificado,1,,No especificado,No especificado,No especificado,Intel,16.0,Grande,0,1,0,0,0,0,0,4,5,3.584962500721156,6.0,60.0,48.0,4,False,False,False,False,False,False,False,False,False,False,False,False,False,False,False,False,False,False,False,True,False,False,False,False,False,38521.284454365086,26477.715545634914
Macbook Pro Apple 2018 Core I7 2.6 16gb Ram 512gb Ssd 15inch (Reacondicionado),11888.0,16.0,512.0,SSD,Core I7,0,15.0,Intel Core i7,No especificado,No especificado,Intel,15.0,Estandar,1,0,0,1,0,0,1,0,5,4.0,9.0,80.0,0.0,0,False,True,False,False,False,False,False,False,False,False,False,False,False,False,False,False,False,False,False,False,False,False,False,False,False,22323.715791666677,-10435.715791666677
Macbook Pro 2019 I7 2.6ghz 16gb Ram 512gb Ssd 16'' Touch Bar (Reacondicionado),21999.0,16.0,512.0,SSD,No especificado,0,,No especificado,No especificado,No especificado,Intel,16.0,Grande,1,0,0,1,1,0,1,0,5,4.0,9.0,80.0,0.0,0,False,True,False,False,False,False,False,False,False,False,False,False,False,False,False,False,False,False,False,False,False,False,False,False,False,22615.335257575764,-616.3352575757635
Lenovo Loq 15irx10 Intel Core I7 16gb 1tb Ssd Gris,42999.0,16.0,1024.0,SSD,Core I7,0,,Intel Core i7,No especificado,No especificado,Intel,10.0,Ultraportatil,0,1,0,0,0,0,0,0,5,4.0,10.0,80.0,0.0,0,False,False,False,False,False,False,False,False,False,False,False,False,False,False,True,False,False,False,False,False,False,False,False,False,False,40632.36651677105,2366.6334832289504
Dell Precision 7540 Intel I7 16gb Y 1tb Ssd Nvida T1000 (Reacondicionado),14500.0,16.0,1024.0,SSD,No especificado,0,,No especificado,No especificado,No especificado,Intel,,Estandar,1,0,1,0,0,0,0,0,5,4.0,10.0,80.0,0.0,0,False,False,False,True,False,False,False,False,False,False,False,False,False,False,False,False,False,False,False,False,False,False,False,False,False,17309.476170573056,-2809.476170573056
Portátil Lenovo Core I7 16 GB 256 GB Ssd Win11 Pro Wifi Hdmi Color Negro - Bueno (Reacondicionado),6200.0,16.0,256.0,SSD,Core I7,0,,Intel Core i7,No especificado,No especificado,Intel,16.0,Grande,1,0,0,0,0,0,0,0,5,4.0,8.0,80.0,0.0,0,False,False,False,False,False,False,False,False,False,False,False,False,False,False,True,False,False,False,False,False,False,False,False,False,False,10900.576567257714,-4700.5765672577145
"Notebook Gamer Gigabyte Core I7 4.9ghz, 16gb,1tb,16",31999.0,16.0,1024.0,SSD,Core I7,0,,Intel Core i7,No especificado,No especificado,Intel,16.0,Grande,0,1,0,0,0,0,0,0,5,4.0,10.0,80.0,0.0,0,False,False,False,False,False,True,False,False,False,False,False,False,False,False,False,False,False,False,False,False,False,False,False,False,False,36643.32552392973,-4644.325523929729
Dell Intel Core 7 150U 16GB Ram 1 TB SSD Pantalla Táctil 16 Intel Graphics Incluye Windows Instalado Laptop Gamer LDC16250 Con Regalo,30960.0,16.0,1024.0,SSD,No especificado,0,,No especificado,No especificado,No especificado,Intel,16.0,Grande,0,1,0,0,1,0,0,1,2,4.0,10.0,32.0,16.0,1,False,False,False,True,False,False,False,False,False,False,False,False,False,False,False,False,False,False,False,False,False,False,False,False,False,28475.235895074693,2484.764104925307
Laptop Asus Vivobook 16 Intel Core Ultra 5 32gb 512gb Ssd,26999.0,32.0,512.0,SSD,No especificado,0,,No especificado,No especificado,No especificado,Intel,16.0,Grande,0,0,0,0,0,0,0,0,4,5.0,9.0,128.0,0.0,0,False,False,True,False,False,False,False,False,False,False,False,False,False,False,False,False,False,False,False,False,False,False,False,False,False,26148.122437559785,850.8775624402151
"Laptop Gamer Asus TUF A16 con RTX 5060, Ryzen 7, 32GB RAM y 1TB SSD",49899.0,32.0,1024.0,SSD,Ryzen 7,1,,No especificado,No especificado,No especificado,AMD,,Estandar,0,1,0,0,0,0,0,3,5,5.0,10.0,160.0,96.0,3,False,False,True,False,False,False,False,False,False,False,False,False,False,False,False,False,False,False,False,False,False,False,False,False,False,47825.563817460294,2073.4361825397064
"Laptop Gamer Thunderobot RZ16 con Intel Core i7 14700HX, RTX 5070, 32GB RAM y 1TB SSD",45748.0,32.0,1024.0,SSD,Core I7,1,,Intel Core i7,No especificado,No especificado,Intel,,Estandar,0,1,0,0,0,0,0,4,5,5.0,10.0,160.0,128.0,4,False,False,False,False,False,False,False,False,False,False,False,False,False,False,False,False,False,False,False,False,False,False,True,False,False,37743.51812211398,8004.481877886021
"Notebook Gamer MSI Katana 15 con Intel Core i7 14650HX, NVIDIA GeForce RTX 5070, 16GB RAM y 1TB SSD",32299.0,16.0,1024.0,SSD,Core I7,1,,Intel Core i7,No especificado,No especificado,Intel,,Estandar,0,1,0,0,0,0,0,4,5,4.0,10.0,80.0,64.0,4,False,False,False,False,False,False,False,False,False,False,False,False,False,False,False,False,False,False,False,True,False,False,False,False,False,40455.98568037519,-8156.98568037519
"Laptop Lenovo V14 G5 Core I5, 16gb Ram, 512gb Ssd, W11p",29999.0,16.0,512.0,SSD,Core I5,0,,Intel Core i5,No especificado,No especificado,Intel,,Estandar,0,0,0,0,0,0,0,0,4,4.0,9.0,64.0,0.0,0,False,False,False,False,False,False,False,False,False,False,False,False,False,False,True,False,False,False,False,False,False,False,False,False,False,18805.246120438092,11193.753879561908
"Laptop Alienware M15 Amd Ryzen 7 16gb Ram 512gb Ssd, Negro Negro",25999.0,16.0,512.0,SSD,Ryzen 7,0,,Apple M1,8,Apple Silicon (1ª Gen),Apple,,Estandar,0,1,0,0,0,0,0,0,5,4.0,9.0,80.0,0.0,0,True,False,False,False,False,False,False,False,False,False,False,False,False,False,False,False,False,False,False,False,False,False,False,False,False,25966.311825159555,32.688174840444844
Laptop Lenovo Ideapad 2en1 Intel U5 16gb 512gb Ssd Con Ia Gris Luna,24130.0,16.0,512.0,SSD,No especificado,0,,No especificado,No especificado,No especificado,Intel,,Estandar,0,0,0,0,0,0,0,0,2,4.0,9.0,32.0,0.0,0,False,False,False,False,False,False,False,False,False,False,False,False,False,False,True,False,False,False,False,False,False,False,False,False,False,25233.682061344956,-1103.6820613449563
Laptop Gamer ASUS TUF Gaming F15 NVIDIA GeForce RTX 4060 Intel Core i7 16GB RAM 1TB SSD Windows 11 Home,29250.0,16.0,1024.0,SSD,Core I7,1,,Intel Core i7,No especificado,No especificado,Intel,,Estandar,0,1,0,0,0,0,0,3,5,4.0,10.0,80.0,48.0,3,False,False,True,False,False,False,False,False,False,False,False,False,False,False,False,False,False,False,False,False,False,False,False,False,False,30886.767786421962,-1636.7677864219622
Laptop LENOVO Ideapad Slim 3 Intel Core i5 8GB RAM 512GB SSD Windows 11 Home,10999.0,8.0,512.0,SSD,Core I5,0,,Intel Core i5,No especificado,No especificado,Intel,,Estandar,0,0,0,0,0,0,0,0,4,3.0,9.0,32.0,0.0,0,False,False,False,False,False,False,False,False,False,False,False,False,False,False,True,False,False,False,False,False,False,False,False,False,False,13321.441696988275,-2322.441696988275
Lenovo Ideapad Slim 3 15irh10 Intel Core I5 8gb 512gb Ssd,10599.0,8.0,512.0,SSD,Core I5,0,,Intel Core i5,No especificado,No especificado,Intel,10.0,Ultraportatil,0,0,0,0,0,0,0,0,4,3.0,9.0,32.0,0.0,0,False,False,False,False,False,False,False,False,False,False,False,False,False,False,True,False,False,False,False,False,False,False,False,False,False,13321.441696988275,-2722.441696988275
"Notebook Msi Cyborg 15,6 Fhd 1tb / 16gb Ram Ryzen 9 270 Rtx5060",26999.0,16.0,1024.0,SSD,Ryzen 9,1,15.6,No especificado,No especificado,No especificado,AMD,15.6,Estandar,0,1,0,0,0,0,0,3,6,4.0,10.0,96.0,48.0,3,False,False,False,False,False,False,False,False,False,False,False,False,False,False,False,False,False,False,False,True,False,False,False,False,False,29909.153049718792,-2910.1530497187923
"Laptop Gamer MSI Vector de 16"" con Intel Core Ultra 7, GeForce RTX 5070 Ti de 12 GB, 16 GB RAM y SSD de 1 TB",48999.0,12.0,1024.0,SSD,No especificado,1,16.0,No especificado,No especificado,No especificado,Intel,16.0,Grande,0,1,0,0,0,0,0,4,5,3.584962500721156,10.0,60.0,48.0,4,False,False,False,False,False,False,False,False,False,False,False,False,False,False,False,False,False,False,False,True,False,False,False,False,False,42971.65127831888,6027.348721681119
Laptop Gamer Dell Alienware M15 R7 Core i7-12700H 16GB 1TB SSD RTX 3070 Ti 8GB 15.6'' FHD 165Hz,41399.0,16.0,1024.0,SSD,Core I7,1,15.6,Intel Core i7-12700H,14,12ª Gen (Alder Lake),Intel,15.6,Estandar,0,1,0,0,0,0,0,4,5,4.0,10.0,80.0,64.0,4,False,False,False,True,False,False,False,False,False,False,False,False,False,False,False,False,False,False,False,False,False,False,False,False,False,41110.00719751082,288.99280248917785
"Laptop Gaming VICTUS 15-fa2701la Intel Core i5 16GB RAM GPU NVIDIA GeForce RTX 4050 512GB SSD 15.6"" FHD",29999.0,16.0,512.0,SSD,Core I5,1,15.6,Intel Core i5,No especificado,No especificado,Intel,15.6,Estandar,0,1,0,0,0,0,0,2,4,4.0,9.0,64.0,32.0,2,False,False,False,False,False,False,False,False,False,False,False,False,False,False,False,False,False,False,False,False,False,False,True,False,False,23838.740002506314,6160.259997493686
Laptop Dell Precision 3551 Corei5-10400h 8gb 128gb Ref (Reacondicionado),9799.0,8.0,128.0,SSD,Corei5,0,,Intel Core i5,No especificado,No especificado,Intel,,Estandar,1,0,1,0,0,0,0,0,4,3.0,7.0,32.0,0.0,0,False,False,False,True,False,False,False,False,False,False,False,False,False,False,False,False,False,False,False,False,False,False,False,False,False,6679.207562950937,3119.7924370490628
Lenovo Ideapad Slim 3 14arp10 Amd Ryzen 7 8gb Ram 1tb Ssd Azul,29499.0,8.0,1024.0,SSD,Ryzen 7,0,,No especificado,No especificado,No especificado,AMD,,Estandar,0,0,0,0,0,0,0,0,5,3.0,10.0,40.0,0.0,0,False,False,False,False,False,False,False,False,False,False,False,False,False,False,True,False,False,False,False,False,False,False,False,False,False,18301.852939911754,11197.147060088246
Notebook Gigabyte Aero X16 Ryzen Ai 9 Hx 370 32gb 1tb Geforce Rtx 5070 Wqxga 165hz 2560x1600,55999.0,32.0,1024.0,SSD,No especificado,1,,No especificado,No especificado,No especificado,AMD,,Estandar,0,1,0,0,0,0,0,4,2,5.0,10.0,64.0,128.0,4,False,False,False,False,False,True,False,False,False,False,False,False,False,False,False,False,False,False,False,False,False,False,False,False,False,53466.89807449493,2532.1019255050705
Laptop Intel I7 9750h 16gb Ram 512gb Ssd Win 11 15.6in,15165.0,16.0,512.0,SSD,No especificado,0,15.6,No especificado,No especificado,No especificado,Intel,15.6,Estandar,0,0,0,0,0,0,0,0,5,4.0,9.0,80.0,0.0,0,False,False,False,False,False,False,False,False,False,False,False,False,False,False,False,False,False,False,False,False,False,False,True,False,False,19148.189839699276,-3983.1898396992765
Asus Rog Strix G16 Core I9 13980hx 32gb 1tb Rtx4060 8gb 16' Color Eclipse Grey - Excelente (Reacondicionado),46900.0,32.0,1024.0,SSD,Core I9,1,,No especificado,No especificado,No especificado,Intel,16.0,Grande,1,1,0,0,0,0,0,3,6,5.0,10.0,192.0,96.0,3,False,False,True,False,False,False,False,False,False,False,False,False,False,False,False,False,False,False,False,False,False,False,False,False,False,49017.46868452381,-2117.46868452381
"Lenovo Thinkbook 14 G8 Intel Core I7, 16gb Ram, 512gb Ssd",22499.0,16.0,512.0,SSD,Core I7,0,,Intel Core i7,No especificado,No especificado,Intel,14.0,Estandar,0,0,0,0,0,0,0,0,5,4.0,9.0,80.0,0.0,0,False,False,False,False,False,False,False,False,False,False,False,False,False,False,True,False,False,False,False,False,False,False,False,False,False,22346.942275634836,152.05772436516418
"Laptop Gamer Gigabyte A16: Ryzen 7, 16gb, 512gb, Rtx 5060",29900.0,16.0,512.0,SSD,Ryzen 7,1,,No especificado,No especificado,No especificado,AMD,,Estandar,0,1,0,0,0,0,0,3,5,4.0,9.0,80.0,48.0,3,False,False,False,False,False,True,False,False,False,False,False,False,False,False,False,False,False,False,False,False,False,False,False,False,False,24540.09909146878,5359.900908531221
Notebook Lenovo Legion Pro Intel Core i7 16gb 1tb SSD Color Gris,45999.0,16.0,1024.0,SSD,Core I7,0,,Intel Core i7,No especificado,No especificado,Intel,,Estandar,0,1,0,0,0,0,0,0,5,4.0,10.0,80.0,0.0,0,False,False,False,False,False,False,False,False,False,False,False,False,False,False,True,False,False,False,False,False,False,False,False,False,False,40632.36651677105,5366.63348322895
"Laptop Gamer Msi Cyborg 15,6'' Intel Core I7 13620H 16gb Ram 512Gb Ssd Nvidia GeForce Rtx 4050 - Negro",39999.0,16.0,512.0,SSD,Core I7,1,15.6,Intel Core i7,No especificado,No especificado,Intel,15.6,Estandar,0,1,0,0,0,0,0,2,5,4.0,9.0,80.0,32.0,2,False,False,False,False,False,False,False,False,False,False,False,False,False,False,False,False,False,False,False,True,False,False,False,False,False,28307.90638579089,11691.093614209109
Laptop Ideapad S3 15.3 Intel Core I7 16gb 512gb Ssd Lenovo,17679.0,16.0,512.0,SSD,Core I7,0,15.3,Intel Core i7,No especificado,No especificado,Intel,15.3,Estandar,0,0,0,0,0,0,0,0,5,4.0,9.0,80.0,0.0,0,False,False,False,False,False,False,False,False,False,False,False,False,False,False,True,False,False,False,False,False,False,False,False,False,False,22346.942275634836,-4667.942275634836
"RTX 5050 8GB VRAM Intel i7-13620H Laptop Gamer Machenike L17 DLSS 4.5 16GB DDR5 512GB SSD 17.3"" FHD 144Hz Windows 11 Pro Español Latino",30960.0,8.0,512.0,SSD,No especificado,1,17.3,No especificado,No especificado,No especificado,Intel,17.3,Grande,0,1,0,0,0,0,0,0,5,3.0,9.0,40.0,0.0,0,False,False,False,False,False,False,False,False,False,False,False,False,False,False,False,False,False,False,False,False,False,False,True,False,False,24672.705594108276,6287.294405891724
Lenovo Ideapad Slim 3 Core I7 24gb 1tb Ssd 15.3 W11 Gris,22989.0,24.0,1024.0,SSD,Core I7,0,15.3,Intel Core i7,No especificado,No especificado,Intel,15.3,Estandar,0,0,0,0,0,0,0,0,5,4.584962500721156,10.0,120.0,0.0,0,False,False,False,False,False,False,False,False,False,False,False,False,False,False,True,False,False,False,False,False,False,False,False,False,False,27583.894351004357,-4594.894351004357
RTX 3050 Intel i7 13620H Laptop Gamer Thunderobot 911T 16GB 512GB SSD Alta Velocidad Juegos y Oficina Win 11 Pro,21471.0,16.0,512.0,SSD,No especificado,1,,No especificado,No especificado,No especificado,Intel,,Estandar,0,1,0,0,0,0,0,2,5,4.0,9.0,80.0,32.0,2,False,False,False,False,False,False,False,False,False,False,False,False,False,False,False,False,False,False,False,False,False,False,True,False,False,22452.151336984614,-981.1513369846143
Laptop Huawei Matebook D 16 Intel 13th Core I5 16gb + 512gb Gris,22000.0,16.0,512.0,SSD,Core I5,0,,Intel Core i5,No especificado,No especificado,Intel,16.0,Grande,0,0,0,0,0,0,0,0,4,4.0,9.0,64.0,0.0,0,False,False,False,False,False,False,False,False,True,False,False,False,False,False,False,False,False,False,False,False,False,False,False,False,False,18619.820634051463,3380.1793659485375
"Laptop ASUS TUF A16 AMD Ryzen 7 170 16GB 512GB RTX 4050 6GB 16"" WUXGA 144Hz Windows 11",29999.0,16.0,512.0,SSD,Ryzen 7,1,16.0,No especificado,No especificado,No especificado,AMD,16.0,Grande,0,1,0,0,0,0,0,2,5,4.0,9.0,80.0,32.0,2,False,False,True,False,False,False,False,False,False,False,False,False,False,False,False,False,False,False,False,False,False,False,False,False,False,26641.70390512481,3357.2960948751897
"Laptop Lenovo Ideapad 15,3 Intel Core I5 24gb Ram 1tb Ssd (Nuevo con caja abierta)",28499.0,24.0,1024.0,SSD,Core I5,0,15.3,Intel Core i5,No especificado,No especificado,Intel,15.3,Estandar,1,0,0,0,0,0,0,0,4,4.584962500721156,10.0,96.0,0.0,0,False,False,False,False,False,False,False,False,False,False,False,False,False,False,True,False,False,False,False,False,False,False,False,False,False,22178.732902904958,6320.267097095042
"Notebook Gamer Gigabyte A16 con Intel Core i7, NVIDIA RTX 5050 de 8GB y 32GB RAM",37999.0,8.0,32.0,SSD,Core I7,1,,Intel Core i7,No especificado,No especificado,Intel,,Estandar,0,1,0,0,0,0,0,0,5,3.0,5.0,40.0,0.0,0,False,False,False,False,False,True,False,False,False,False,False,False,False,False,False,False,False,False,False,False,False,False,False,False,False,28610.10390576739,9388.896094232608
Lenovo Thinkpad E14 Gen 7 Intel Core 7 16gb 512gb Ssd,31088.0,16.0,512.0,SSD,No especificado,0,,No especificado,No especificado,No especificado,Intel,,Estandar,0,0,0,0,0,0,0,0,2,4.0,9.0,32.0,0.0,0,False,False,False,False,False,False,False,False,False,False,False,False,False,False,True,False,False,False,False,False,False,False,False,False,False,25233.682061344956,5854.317938655044
Hp Omnibook Ryzen Ai 7 16gb 512gb Ssd Laptop Gamer 16 Wuxga,29239.0,16.0,512.0,SSD,No especificado,0,,No especificado,No especificado,No especificado,AMD,16.0,Grande,0,1,0,1,0,0,0,0,5,4.0,9.0,80.0,0.0,0,False,False,False,False,False,False,False,True,False,False,False,False,False,False,False,False,False,False,False,False,False,False,False,False,False,28364.382940981723,874.6170590182774
"Laptop Asus Zenbook 14 OLED, Intel Core Ultra 5, 16gb, 1tb Ssd, Plateada Plateado",36799.0,16.0,1024.0,SSD,No especificado,0,,No especificado,No especificado,No especificado,Intel,14.0,Estandar,0,0,0,1,0,1,0,0,4,4.0,10.0,64.0,0.0,0,False,False,True,False,False,False,False,False,False,False,False,False,False,False,False,False,False,False,False,False,False,False,False,False,False,33280.0788293872,3518.921170612797
"Notebook Asus VivoBook de 16"" WUXGA IPS con Intel Core i9 13900H, 16 GB de RAM y 1 TB SSD",21299.0,16.0,1024.0,SSD,Core I9,0,16.0,No especificado,No especificado,No especificado,Intel,16.0,Grande,0,0,0,0,0,0,0,0,6,4.0,10.0,96.0,0.0,0,False,False,True,False,False,False,False,False,False,False,False,False,False,False,False,False,False,False,False,False,False,False,False,False,False,28415.371460074042,-7116.371460074042
Laptop Asus Expertbook P1 15.6 Procesador Core I7 13620h Memoria Ram 16gb Almacenamiento Ssd 512gb Windows 11 Pro,24999.0,16.0,512.0,SSD,Core I7,0,15.6,Intel Core i7,No especificado,No especificado,Intel,15.6,Estandar,0,0,0,0,0,0,0,0,5,4.0,9.0,80.0,0.0,0,False,False,True,False,False,False,False,False,False,False,False,False,False,False,False,False,False,False,False,False,False,False,False,False,False,21159.522933262335,3839.477066737665
Laptop Touch Dell Veloz Core I3 Ram 8 Gb Hdmi Practica 256gb (Reacondicionado),3899.0,8.0,256.0,SSD,Core I3,0,,Intel Core i3,No especificado,No especificado,Intel,,Estandar,1,0,0,0,1,0,0,0,3,3.0,8.0,24.0,0.0,0,False,False,False,True,False,False,False,False,False,False,False,False,False,False,False,False,False,False,False,False,False,False,False,False,False,6280.379065323567,-2381.3790653235674
"Notebook Gamer MSI Cyborg 15 con Intel Core Ultra 7, 16 GB RAM, 1 TB SSD y RTX 5070",30999.0,16.0,1024.0,SSD,No especificado,1,,No especificado,No especificado,No especificado,Intel,16.0,Grande,0,1,0,0,0,0,0,4,5,4.0,10.0,80.0,64.0,4,False,False,False,False,False,False,False,False,False,False,False,False,False,False,False,False,False,False,False,True,False,False,False,False,False,40455.98568037519,-9456.98568037519
"Notebook Gaming Dell G5520 Core I7 16gb Ram 512gb Ssd, Negro",30693.0,16.0,512.0,SSD,Core I7,0,,Intel Core i7,No especificado,No especificado,Intel,,Estandar,0,1,0,0,0,0,0,0,5,4.0,9.0,80.0,0.0,0,False,False,False,True,False,False,False,False,False,False,False,False,False,False,False,False,False,False,False,False,False,False,False,False,False,22878.996576881156,7814.003423118844
Hp Spectre X360 Touch Intel I7-13700h 16gb 1tb 3k 16 Iris (Reacondicionado),26729.0,16.0,1024.0,SSD,No especificado,0,,Intel Core i7-13700H,14,13ª Gen (Raptor Lake),Intel,16.0,Grande,1,0,0,1,1,0,0,1,5,4.0,10.0,80.0,16.0,0,False,False,False,False,False,False,False,True,False,False,False,False,False,False,False,False,False,False,False,False,False,False,False,False,False,24695.162176548365,2033.837823451635
Laptop Lenovo Thinkbook 16 Gen 9 Intel Core 5 16gb 512gb,41760.0,16.0,512.0,SSD,No especificado,0,,No especificado,No especificado,No especificado,Intel,16.0,Grande,0,0,0,0,0,0,0,0,2,4.0,9.0,32.0,0.0,0,False,False,False,False,False,False,False,False,False,False,False,False,False,False,True,False,False,False,False,False,False,False,False,False,False,25233.682061344956,16526.317938655044
"Laptop Lenovo V15 G5 Irl: Core I5, Ram 16gb, Ssd 512 Gb W11p Plateado",18469.0,16.0,512.0,SSD,Core I5,0,,Intel Core i5,No especificado,No especificado,Intel,,Estandar,0,0,0,0,0,0,0,0,4,4.0,9.0,64.0,0.0,0,False,False,False,False,False,False,False,False,False,False,False,False,False,False,True,False,False,False,False,False,False,False,False,False,False,18805.246120438092,-336.2461204380925
Laptop Gamer Asus Tuf Gaming F16 Nvidia Geforce Rtx 3050 Intel Core 5 16gb Ram 512gb Ssd Windows 11 Home Control Dxt,27999.0,16.0,512.0,SSD,No especificado,1,,No especificado,No especificado,No especificado,Intel,,Estandar,0,1,0,0,0,0,0,2,2,4.0,9.0,32.0,32.0,2,False,False,True,False,False,False,False,False,False,False,False,False,False,False,False,False,False,False,False,False,False,False,False,False,False,26865.661112173042,1133.338887826958
Laptop Ia Msi Geforce Rtx 5060 Ryzen 9 64gb 1tb 16  Ips,60899.0,64.0,1024.0,SSD,Ryzen 9,1,,No especificado,No especificado,No especificado,AMD,16.0,Grande,0,1,0,0,0,0,0,3,6,6.0,10.0,384.0,192.0,3,False,False,False,False,False,False,False,False,False,False,False,False,False,False,False,False,False,False,False,True,False,False,False,False,False,51450.338357142864,9448.661642857136
Laptop Gamer Alienware M15 R6 Ci7-11va 16gb 1tb Rtx3070 Ref Negro,49999.0,16.0,1024.0,SSD,No especificado,1,,Apple M1,8,Apple Silicon (1ª Gen),Apple,,Estandar,0,1,0,0,0,0,0,4,5,4.0,10.0,80.0,64.0,4,True,False,False,False,False,False,False,False,False,False,False,False,False,False,False,False,False,False,False,False,False,False,False,False,False,43207.91647132034,6791.083528679657
Asus Tuf A18 Ryzen 7 260 Rtx 5050 1tb Ssd 16gb Ddr5 144hz Negro,26599.0,16.0,1024.0,SSD,Ryzen 7,1,,No especificado,No especificado,No especificado,AMD,,Estandar,0,1,0,0,0,0,0,0,5,4.0,10.0,80.0,0.0,0,False,False,True,False,False,False,False,False,False,False,False,False,False,False,False,False,False,False,False,False,False,False,False,False,False,33939.46022124511,-7340.460221245106
Laptop Dell G5 5525 6600h 16gb 512gb Ryzen 5 Nvidiagrtx 3050,16999.0,16.0,512.0,SSD,Ryzen 5,1,,AMD Ryzen 5,No especificado,No especificado,AMD,,Estandar,0,1,0,0,0,0,0,2,4,4.0,9.0,64.0,32.0,2,False,False,False,True,False,False,False,False,False,False,False,False,False,False,False,False,False,False,False,False,False,False,False,False,False,21742.61529272083,-4743.615292720831
Apple Macbook Pro (16 Pulgadas) I7 A2141 32gb 512gb Ssd (Reacondicionado),11799.0,32.0,512.0,SSD,No especificado,0,16.0,No especificado,No especificado,No especificado,Apple,16.0,Grande,1,0,0,1,0,0,1,0,5,5.0,9.0,160.0,0.0,0,False,True,False,False,False,False,False,False,False,False,False,False,False,False,False,False,False,False,False,False,False,False,False,False,False,21551.172704365075,-9752.172704365075
"Laptop Gamer Msi Cyborg A15: Ryzen 9, 16gb, 1tb, Rtx 5060",26999.0,16.0,1024.0,SSD,Ryzen 9,1,,No especificado,No especificado,No especificado,AMD,,Estandar,0,1,0,0,0,0,0,3,6,4.0,10.0,96.0,48.0,3,False,False,False,False,False,False,False,False,False,False,False,False,False,False,False,False,False,False,False,True,False,False,False,False,False,29909.153049718792,-2910.1530497187923
Laptop Dell Latitude 5511 Core I7 10850h 16gb Ram 256gb Ssd (Reacondicionado),14998.0,16.0,256.0,SSD,Core I7,0,,Intel Core i7,No especificado,No especificado,Intel,,Estandar,1,0,1,0,0,0,0,0,5,4.0,8.0,80.0,0.0,0,False,False,False,True,False,False,False,False,False,False,False,False,False,False,False,False,False,False,False,False,False,False,False,False,False,11214.308527777777,3783.6914722222227
Laptop Lenovo Thinkbook 16 Gen 8 Intel Core Ultra 7 32gb 1tb,48442.0,32.0,1024.0,SSD,No especificado,0,,No especificado,No especificado,No especificado,Intel,16.0,Grande,0,0,0,0,0,0,0,0,5,5.0,10.0,160.0,0.0,0,False,False,False,False,False,False,False,False,False,False,False,False,False,False,True,False,False,False,False,False,False,False,False,False,False,42207.33955721285,6234.66044278715
Msi Thin A15 Laptop Gamer Ryzen 5 Rtx 4050 8gb 512gb,19299.0,8.0,512.0,SSD,Ryzen 5,1,,AMD Ryzen 5,No especificado,No especificado,AMD,,Estandar,0,1,0,0,0,0,0,2,4,3.0,9.0,32.0,16.0,2,False,False,False,False,False,False,False,False,False,False,False,False,False,False,False,False,False,False,False,True,False,False,False,False,False,22560.460531295095,-3261.4605312950953
"Dell Latitude 5501. Intel Core I7-9na Gen. 16gb Ram, 256 Ssd (Reacondicionado)",6999.0,16.0,256.0,SSD,Core I7,0,,Intel Core i7,No especificado,No especificado,Intel,,Estandar,1,0,1,0,0,0,0,0,5,4.0,8.0,80.0,0.0,0,False,False,False,True,False,False,False,False,False,False,False,False,False,False,False,False,False,False,False,False,False,False,False,False,False,11214.308527777777,-4215.308527777777
Laptop Auusda Amd Ryzen 7 4800h 32gb Ram 1tb Ssd Windows 11,20026.0,32.0,1024.0,SSD,Ryzen 7,0,,No especificado,No especificado,No especificado,AMD,,Estandar,0,0,0,0,0,0,0,0,5,5.0,10.0,160.0,0.0,0,False,False,False,False,False,False,False,False,False,False,False,False,False,False,False,False,False,False,False,False,False,False,True,False,False,26665.939087856965,-6639.939087856965
"Laptop Gamer Alienware de 15.3"" con Ryzen 5, RTX 4050, 32GB RAM y 512GB SSD",35999.0,32.0,512.0,SSD,Ryzen 5,1,15.3,AMD Ryzen 5,No especificado,No especificado,AMD,15.3,Estandar,0,1,0,0,0,0,0,2,4,5.0,9.0,128.0,64.0,2,True,False,False,False,False,False,False,False,False,False,False,False,False,False,False,False,False,False,False,False,False,False,False,False,False,32000.878289573164,3998.121710426836
Laptop Dell Precision 7560 Intel I7 32 Gb 1tb Nvidia T1200 (Reacondicionado),16689.0,32.0,1024.0,SSD,No especificado,0,,No especificado,No especificado,No especificado,Intel,,Estandar,1,0,1,0,0,0,0,0,5,5.0,10.0,160.0,0.0,0,False,False,False,True,False,False,False,False,False,False,False,False,False,False,False,False,False,False,False,False,False,False,False,False,False,17821.43978951604,-1132.43978951604
Lenovo Ideapad Slim 3 15irh10 Intel Corei5 8gb 512gbssd Azul,11499.0,8.0,512.0,SSD,Corei5,0,,Intel Core i5,No especificado,No especificado,Intel,10.0,Ultraportatil,0,0,0,0,0,0,0,0,4,3.0,9.0,32.0,0.0,0,False,False,False,False,False,False,False,False,False,False,False,False,False,False,True,False,False,False,False,False,False,False,False,False,False,13321.441696988275,-1822.441696988275
MSI Thin GF63 THINGF6312436 Laptop 16GB RAM 512GB SSD Ddr4 Intel Core i7 Color Negro,26684.0,16.0,512.0,SSD,Core I7,0,,Intel Core i7,No especificado,No especificado,Intel,,Estandar,0,1,0,0,0,0,0,0,5,4.0,9.0,80.0,0.0,0,False,False,False,False,False,False,False,False,False,False,False,False,False,False,False,False,False,False,False,True,False,False,False,False,False,24604.466668743204,2079.5333312567964
Laptop Dell Precision 7560 Intel I7 32 Gb 512gb Nvidia T1200 (Reacondicionado),14989.0,32.0,512.0,SSD,No especificado,0,,No especificado,No especificado,No especificado,Intel,,Estandar,1,0,1,0,0,0,0,0,5,5.0,9.0,160.0,0.0,0,False,False,False,True,False,False,False,False,False,False,False,False,False,False,False,False,False,False,False,False,False,False,False,False,False,16503.201915212703,-1514.2019152127032
Laptop Asus Vivobook 16 Core I9 13900h 24gb 1tb Pantalla 16,46999.0,24.0,1024.0,SSD,Core I9,0,,No especificado,No especificado,No especificado,Intel,16.0,Grande,0,0,0,0,0,0,0,0,6,4.584962500721156,10.0,144.0,0.0,0,False,False,True,False,False,False,False,False,False,False,False,False,False,False,False,False,False,False,False,False,False,False,False,False,False,36673.15025886632,10325.84974113368
"Notebook Lenovo ThinkBook 16 G7 con AMD Ryzen 7, 16 GB de RAM y 512 GB SSD",19793.0,16.0,512.0,SSD,Ryzen 7,0,,No especificado,No especificado,No especificado,AMD,16.0,Grande,0,0,0,0,0,0,0,0,5,4.0,9.0,80.0,0.0,0,False,False,False,False,False,False,False,False,False,False,False,False,False,False,True,False,False,False,False,False,False,False,False,False,False,22346.942275634836,-2553.942275634836
Dell Inspiron G5 15 4k  Intel I7 8th 16gb Y 1tb Ssd Gtx1060 (Reacondicionado),12000.0,16.0,1024.0,SSD,No especificado,1,,No especificado,No especificado,No especificado,Intel,,Estandar,1,1,0,0,0,0,0,2,5,4.0,10.0,80.0,32.0,2,False,False,False,True,False,False,False,False,False,False,False,False,False,False,False,False,False,False,False,False,False,False,False,False,False,18361.48630290298,-6361.48630290298
"Laptop Gamer Msi Cyborg 15: Core I7, 32gb Ram, 1tb Ssd, W11h",33599.0,32.0,1024.0,SSD,Core I7,0,,Intel Core i7,No especificado,No especificado,Intel,,Estandar,0,1,0,0,0,0,0,0,5,5.0,10.0,160.0,0.0,0,False,False,False,False,False,False,False,False,False,False,False,False,False,False,False,False,False,False,False,True,False,False,False,False,False,35739.86338611206,-2140.8633861120616
Laptop Asus Tuf Gaming A15 Amd R5 Rtx2050 16gb 512gb Negro,19990.0,16.0,512.0,SSD,No especificado,1,,No especificado,No especificado,No especificado,AMD,,Estandar,0,1,0,0,0,0,0,2,2,4.0,9.0,32.0,32.0,2,False,False,True,False,False,False,False,False,False,False,False,False,False,False,False,False,False,False,False,False,False,False,False,False,False,26865.661112173042,-6875.661112173042
"Lenovo IdeaPad Core i5 1035G1 8GB 256GB SSD 15.6"" Win 10 Azul (Nuevo con caja abierta)",9999.0,8.0,256.0,SSD,Core I5,0,15.6,Intel Core i5,No especificado,No especificado,Intel,15.6,Estandar,1,0,0,0,0,0,0,0,4,3.0,8.0,32.0,0.0,0,False,False,False,False,False,False,False,False,False,False,False,False,False,False,True,False,False,False,False,False,False,False,False,False,False,8518.53073010386,1480.4692698961408
Laptop Gamer Vove N4000 Intel 12gb 256gb Ssd Windows 11 Pro,7999.0,12.0,256.0,SSD,No especificado,0,,No especificado,No especificado,No especificado,Intel,,Estandar,0,1,0,0,0,0,0,0,2,3.584962500721156,8.0,24.0,0.0,0,False,False,False,False,False,False,False,False,False,False,False,False,False,False,False,False,False,False,False,False,False,False,True,False,False,13889.45875487204,-5890.458754872039
Laptop Lenovo Gamer Loq G10 Intel Core I7 24gb 1tb Rtx 5060,44999.0,24.0,1024.0,SSD,Core I7,1,,Intel Core i7,No especificado,No especificado,Intel,10.0,Ultraportatil,0,1,0,0,0,0,0,3,5,4.584962500721156,10.0,120.0,72.0,3,False,False,False,False,False,False,False,False,False,False,False,False,False,False,True,False,False,False,False,False,False,False,False,False,False,42159.13581139973,2839.8641886002733
Laptop Gamer Msi Katana Rtx 5070 Core I7 16gb Ddr5 1tb 15.6,41999.0,16.0,1024.0,SSD,Core I7,1,15.6,Intel Core i7,No especificado,No especificado,Intel,15.6,Estandar,0,1,0,0,0,0,0,4,5,4.0,10.0,80.0,64.0,4,False,False,False,False,False,False,False,False,False,False,False,False,False,False,False,False,False,False,False,True,False,False,False,False,False,40455.98568037519,1543.01431962481
Notebook Thinkbook 14 Gen 8 Intel Core I5 16gb 512gb 14 Gris,30299.0,16.0,512.0,SSD,Core I5,0,,Intel Core i5,No especificado,No especificado,Intel,14.0,Estandar,0,0,0,0,0,0,0,0,4,4.0,9.0,64.0,0.0,0,False,False,False,False,False,False,False,False,False,False,False,False,False,False,False,False,False,False,False,False,False,False,True,False,False,17023.14261325995,13275.857386740048
"Laptop Gamer Gigabyte A16: Ryzen 7, 16gb, 512gb, Rtx 5060",24599.0,16.0,512.0,SSD,Ryzen 7,1,,No especificado,No especificado,No especificado,AMD,,Estandar,0,1,0,0,0,0,0,3,5,4.0,9.0,80.0,48.0,3,False,False,False,False,False,True,False,False,False,False,False,False,False,False,False,False,False,False,False,False,False,False,False,False,False,24540.09909146878,58.90090853122092
Notebook Gamer Acer Nitro V 15 Intel Core i5 16GB RAM 512GB SSD RTX 5050,20999.0,16.0,512.0,SSD,Core I5,1,,Intel Core i5,No especificado,No especificado,Intel,15.0,Estandar,0,1,0,0,0,0,0,0,4,4.0,9.0,64.0,0.0,0,False,False,False,False,False,False,False,False,False,False,False,False,False,False,False,False,False,False,False,False,False,False,False,False,False,23873.971571700447,-2874.9715717004474
Laptop Gamer Msi Thin Gf63 Nvidia Geforce Rtx 2050 Intel Core I5 8gb Ram 1tb Ssd Windows 11 Home,20999.0,8.0,1024.0,SSD,Core I5,1,,Intel Core i5,No especificado,No especificado,Intel,,Estandar,0,1,0,0,0,0,0,2,4,3.0,10.0,32.0,16.0,2,False,False,False,False,False,False,False,False,False,False,False,False,False,False,False,False,False,False,False,True,False,False,False,False,False,22005.628149531014,-1006.6281495310141
Dell Xps 15 9510 Intel 32gb Y 2tb Ssd Rtx 3050 Ti (Reacondicionado),25000.0,32.0,2048.0,SSD,No especificado,1,,No especificado,No especificado,No especificado,Intel,10.0,Ultraportatil,1,1,0,1,0,0,0,2,2,5.0,11.0,64.0,64.0,2,False,False,False,True,False,False,False,False,False,False,False,False,False,False,False,False,False,False,False,False,False,False,False,False,False,26330.701704004336,-1330.7017040043356
Laptop Dell Vostro 15-5510 Core I7 11va 16gb Ram 512gb Ssd (Reacondicionado),12799.0,16.0,512.0,SSD,Core I7,0,,Intel Core i7,No especificado,No especificado,Intel,,Estandar,1,0,0,0,0,0,0,0,5,4.0,9.0,80.0,0.0,0,False,False,False,True,False,False,False,False,False,False,False,False,False,False,False,False,False,False,False,False,False,False,False,False,False,16662.346162863512,-3863.3461628635123
Notebook Gamer Dell Intel Core I5 8 GB Ssd 240 GB - Color Negro - Bueno (Reacondicionado),4200.0,8.0,240.0,SSD,Core I5,0,,Intel Core i5,No especificado,No especificado,Intel,,Estandar,1,1,0,0,0,0,0,0,4,3.0,7.906890595608519,32.0,0.0,0,False,False,False,True,False,False,False,False,False,False,False,False,False,False,False,False,False,False,False,False,False,False,False,False,False,11441.621416274398,-7241.621416274398
Laptop Gamer Asus Tuf A16 Ryzen 7 170 16gb Ram 512gb Rtx4050,22799.0,16.0,512.0,SSD,Ryzen 7,1,,No especificado,No especificado,No especificado,AMD,,Estandar,0,1,0,0,0,0,0,2,5,4.0,9.0,80.0,32.0,2,False,False,True,False,False,False,False,False,False,False,False,False,False,False,False,False,False,False,False,False,False,False,False,False,False,26641.70390512481,-3842.7039051248103
Laptop Lenovo Loq 15iax9e Gamer Intel Ci5 8gb 512gb W11h Color Luna Grey,15799.0,8.0,512.0,SSD,No especificado,0,,No especificado,No especificado,No especificado,Intel,,Estandar,0,1,0,0,0,0,0,0,4,3.0,9.0,32.0,0.0,0,False,False,False,False,False,False,False,False,False,False,False,False,False,False,True,False,False,False,False,False,False,False,False,False,False,20070.912912078085,-4271.912912078085
Laptop Lenovo Thinkbook 14 Gen 9 Intel Core 5 16gb 512gb,26680.0,16.0,512.0,SSD,No especificado,0,,No especificado,No especificado,No especificado,Intel,14.0,Estandar,0,0,0,0,0,0,0,0,2,4.0,9.0,32.0,0.0,0,False,False,False,False,False,False,False,False,False,False,False,False,False,False,True,False,False,False,False,False,False,False,False,False,False,25233.682061344956,1446.3179386550437
Laptop Asus Vivobook Intel Core I9-13900h 1tb Ssd 16gb Ram,26999.0,16.0,1024.0,SSD,Core I9,0,,No especificado,No especificado,No especificado,Intel,,Estandar,0,0,0,0,0,0,0,0,6,4.0,10.0,96.0,0.0,0,False,False,True,False,False,False,False,False,False,False,False,False,False,False,False,False,False,False,False,False,False,False,False,False,False,28415.371460074042,-1416.3714600740423
Laptop Gamer Alienware M16 Rtx 4050 Core I5 16gb Ddr5 512gb,29899.0,16.0,512.0,SSD,Core I5,1,,Apple M1,8,Apple Silicon (1ª Gen),Apple,,Estandar,0,1,0,0,0,0,0,2,4,4.0,9.0,64.0,32.0,2,True,False,False,False,False,False,False,False,False,False,False,False,False,False,False,False,False,False,False,False,False,False,False,False,False,27535.576317777,2363.4236822230014
Laptop Gamer Lenovo Loq G10 Intel Core I7 32gb 1tb Rtx 5060,59999.0,32.0,1024.0,SSD,Core I7,1,,Intel Core i7,No especificado,No especificado,Intel,10.0,Ultraportatil,0,1,0,0,0,0,0,3,5,5.0,10.0,160.0,96.0,3,False,False,False,False,False,False,False,False,False,False,False,False,False,False,True,False,False,False,False,False,False,False,False,False,False,54759.5007694805,5239.499230519497
Laptop Lenovo Thinkbook 14  Intel Core 7 16gb 512gb,42700.0,16.0,512.0,SSD,No especificado,0,,No especificado,No especificado,No especificado,Intel,14.0,Estandar,0,0,0,0,0,0,0,0,2,4.0,9.0,32.0,0.0,0,False,False,False,False,False,False,False,False,False,False,False,False,False,False,True,False,False,False,False,False,False,False,False,False,False,25233.682061344956,17466.317938655044
Laptop Gamer Lenovo Legion Pro 5 82WM0047LM Rtx 4060 Ryzen 7 16GB 512GB Gris,45999.0,16.0,512.0,SSD,Ryzen 7,1,,No especificado,No especificado,No especificado,AMD,,Estandar,0,1,0,0,0,0,0,3,5,4.0,9.0,80.0,48.0,3,False,False,False,False,False,False,False,False,False,False,False,False,False,False,True,False,False,False,False,False,False,False,False,False,False,37918.36670634918,8080.633293650819
Laptop Dell Precisión Core I7 9na 32gb Ram 480 Ssd 8gb Video (Reacondicionado),16000.0,32.0,480.0,SSD,Core I7,0,,Intel Core i7,No especificado,No especificado,Intel,,Estandar,1,0,0,0,0,0,0,0,5,5.0,8.906890595608518,160.0,0.0,0,False,False,False,True,False,False,False,False,False,False,False,False,False,False,False,False,False,False,False,False,False,False,False,False,False,13814.558950396828,2185.4410496031724
Acer Nitro V15 Ryzen 5 7535hs Ram 16gb Ssd 512gb Rtx 4050 Color Negro 144 HZ,19999.0,16.0,512.0,SSD,Ryzen 5,1,,AMD Ryzen 5,No especificado,No especificado,AMD,,Estandar,0,1,0,0,0,0,0,2,4,4.0,9.0,64.0,32.0,2,False,False,False,False,False,False,False,False,False,False,False,False,False,False,False,False,False,False,False,False,False,False,False,False,False,25415.008421523507,-5416.008421523507
"Notebook Gamer Lenovo Legion 5i con Intel Ultra 7, 32 GB RAM y 1 TB SSD, RTX 5070 de 8 GB y Pantalla OLED de 15.1"" WQXGA a 165 Hz",40000.0,32.0,1024.0,SSD,No especificado,1,15.1,No especificado,No especificado,No especificado,Intel,15.1,Estandar,0,1,0,0,0,1,0,4,5,5.0,10.0,160.0,128.0,4,False,False,False,False,False,False,False,False,False,False,False,False,False,False,True,False,False,False,False,False,False,False,False,False,False,44593.8678400072,-4593.867840007202
Microsoft Surface Notebook Studio Gen 2 14.4 1tb 32gb I7 2023 Color Plateado,40000.0,32.0,1024.0,SSD,No especificado,0,14.4,No especificado,No especificado,No especificado,Intel,14.4,Estandar,0,0,1,0,0,0,0,0,5,5.0,10.0,160.0,0.0,0,False,False,False,False,False,False,False,False,False,False,False,False,False,False,False,False,False,False,False,False,False,False,True,False,False,26422.769451798205,13577.230548201795
Laptop Gamer Asus Tuf Gaming A15 Rtx 3050 Ryzen 7 8gb 512gb Color Gris,16599.0,8.0,512.0,SSD,Ryzen 7,1,,No especificado,No especificado,No especificado,AMD,,Estandar,0,1,0,0,0,0,0,2,5,3.0,9.0,40.0,16.0,2,False,False,True,False,False,False,False,False,False,False,False,False,False,False,False,False,False,False,False,False,False,False,False,False,False,19592.747594835157,-2993.7475948351566
Portátil Lenovo Ideapad Slim 3 15irh10 Intel Core i5-13420H 8 GB 512 GB SSD Windows 11 15.3 - 83ns0002br Luna Grey,10200.0,8.0,512.0,SSD,Core I5,0,15.3,Intel Core i5-13420H,8,13ª Gen (Raptor Lake),Intel,15.3,Estandar,0,0,0,0,0,0,0,0,4,3.0,9.0,32.0,0.0,0,False,False,False,False,False,False,False,False,False,False,False,False,False,False,True,False,False,False,False,False,False,False,False,False,False,13321.441696988275,-3121.441696988275
Notebook Lenovo ThinkBook 14 Gen 7 ARP AMD Ryzen 5 16GB RAM 512GB SSD color gris (Nuevo con caja abierta),10000.0,16.0,512.0,SSD,Ryzen 5,0,,AMD Ryzen 5,No especificado,No especificado,AMD,14.0,Estandar,1,0,0,0,0,0,0,0,4,4.0,9.0,64.0,0.0,0,False,False,False,False,False,False,False,False,False,False,False,False,False,False,True,False,False,False,False,False,False,False,False,False,False,15615.696513860858,-5615.6965138608575
"Laptop Gamer Dell Alienware Aurora 16 Wqxga, Intel Core 7 240h, Nvidia Geforce Rtx 5050, 16gb, 512gb Ssd, Windows 11 Home (Nuevo con caja abierta)",27000.0,16.0,512.0,SSD,No especificado,1,,No especificado,No especificado,No especificado,Intel,16.0,Grande,1,1,0,0,0,0,0,0,2,4.0,9.0,32.0,0.0,0,False,False,False,True,False,False,False,False,False,False,False,False,False,False,False,False,False,False,False,False,False,False,False,False,False,26764.119780303048,235.88021969695183
"Laptop Gamer Dell Alienware Aurora 16 Wqxga, Intel Core 7 240h, Nvidia Geforce Rtx 5050, 16gb, 512gb Ssd, Windows 11 Home",29999.0,16.0,512.0,SSD,No especificado,1,,No especificado,No especificado,No especificado,Intel,16.0,Grande,0,1,0,0,0,0,0,0,2,4.0,9.0,32.0,0.0,0,False,False,False,True,False,False,False,False,False,False,False,False,False,False,False,False,False,False,False,False,False,False,False,False,False,28266.009862787552,1732.9901372124477
Laptop Lenovo Ideapad Slim 3 Gen 10 Amd Ryzen 7 16gb 1tb,27999.0,16.0,1024.0,SSD,Ryzen 7,0,,No especificado,No especificado,No especificado,AMD,,Estandar,0,0,0,0,0,0,0,0,5,4.0,10.0,80.0,0.0,0,False,False,False,False,False,False,False,False,False,False,False,False,False,False,True,False,False,False,False,False,False,False,False,False,False,24331.93323237788,3667.06676762212
Acer Nitro 5 Core I7 13620h Rtx4050 16gb Ram 1tb Ssd 16 Color Negro (Nuevo con caja abierta),25999.0,16.0,1024.0,SSD,Core I7,1,,Intel Core i7,No especificado,No especificado,Intel,16.0,Grande,1,1,0,0,0,0,0,2,5,4.0,10.0,80.0,32.0,2,False,False,False,False,False,False,False,False,False,False,False,False,False,False,False,False,False,False,False,False,False,False,False,False,False,24690.478589998304,1308.5214100016965
"Laptop Gamer ASUS TUF A15 NVIDIA GeForce RTX 3050 AMD Ryzen 7 8GB RAM 512GB SSD 15.6"" 144Hz Windows 11 Home - Excelente (Reacondicionado)",15900.0,8.0,512.0,SSD,Ryzen 7,1,15.6,No especificado,No especificado,No especificado,AMD,15.6,Estandar,1,1,0,0,0,0,0,2,5,3.0,9.0,40.0,16.0,2,False,False,True,False,False,False,False,False,False,False,False,False,False,False,False,False,False,False,False,False,False,False,False,False,False,16165.072750541125,-265.07275054112506
"Dell Latitude 5511 15,6' / Core I7 10850h Ram 16gb/ssd 512gb - Bueno (Reacondicionado)",7500.0,16.0,512.0,SSD,Core I7,0,15.6,Intel Core i7,No especificado,No especificado,Intel,15.6,Estandar,1,0,1,0,0,0,0,0,5,4.0,9.0,80.0,0.0,0,False,False,False,True,False,False,False,False,False,False,False,False,False,False,False,False,False,False,False,False,False,False,False,False,False,13929.933959694603,-6429.933959694603
"Portatil Gamer Lenovo Legion Go S Blanco 8 Gaming Handheld, Amd Ryzen 7 Z2 Go, 32gb De Ram, 1tb Ssd, Amd Radeon Rdna, 120hz Wuxga 1920px X 1200px, Windows 11 Home (Nuevo con caja abierta)",18500.0,32.0,1024.0,SSD,Ryzen 7,0,,No especificado,No especificado,No especificado,AMD,,Estandar,1,1,0,0,0,0,0,1,5,5.0,10.0,160.0,32.0,1,False,False,False,False,False,False,False,False,False,False,False,False,False,False,True,False,False,False,False,False,False,False,False,False,False,34665.66340026559,-16165.663400265592
"Notebook Gamer Msi Core I9 5.8ghz, 32gb, 1tb Ssd, 15.6 Color Negro",40000.0,32.0,1024.0,SSD,Core I9,0,15.6,No especificado,No especificado,No especificado,Intel,15.6,Estandar,0,1,0,0,0,0,0,0,6,5.0,10.0,192.0,0.0,0,False,False,False,False,False,False,False,False,False,False,False,False,False,False,False,False,False,False,False,True,False,False,False,False,False,36767.423098684216,3232.576901315784
"Notebook Gamer Lenovo Legion 5 de 17.3"" con AMD Ryzen 5, 8GB RAM, 256GB SSD y NVIDIA GeForce GTX 1650",26594.0,8.0,256.0,SSD,Ryzen 5,1,17.3,AMD Ryzen 5,No especificado,No especificado,AMD,17.3,Grande,0,1,0,0,0,0,0,2,4,3.0,8.0,32.0,16.0,2,False,False,False,False,False,False,False,False,False,False,False,False,False,False,True,False,False,False,False,False,False,False,False,False,False,22072.451035522427,4521.5489644775735
Huawei Matebook D16 Intel I5-13420h 16gb Ram 1tb Ssd Sin So Gris,20561.0,16.0,1024.0,SSD,No especificado,0,,Intel Core i5-13420H,8,13ª Gen (Raptor Lake),Intel,16.0,Grande,0,0,0,0,0,0,0,0,4,4.0,10.0,64.0,0.0,0,False,False,False,False,False,False,False,False,True,False,False,False,False,False,False,False,False,False,False,False,False,False,False,False,False,20710.38887164435,-149.38887164435073
Portátil Acer Aspire Go 15 Ag15-71p 15.6 Fhd I5 16 Gb 512 Gb,19535.0,16.0,512.0,SSD,No especificado,0,15.6,No especificado,No especificado,No especificado,Intel,15.6,Estandar,0,0,0,0,0,0,0,0,4,4.0,9.0,64.0,0.0,0,False,False,False,False,False,False,False,False,False,False,False,False,False,False,False,False,False,False,False,False,False,False,False,False,False,17612.699983021626,1922.3000169783736
Portátil Hp Victus 15.6  Fhd 144hz Ryzen5 16gb 512gb Ssd,36783.0,16.0,512.0,SSD,Ryzen5,0,15.6,AMD Ryzen 5,No especificado,No especificado,AMD,15.6,Estandar,0,1,0,0,0,0,0,0,2,4.0,9.0,32.0,0.0,0,False,False,False,False,False,False,False,True,False,False,False,False,False,False,False,False,False,False,False,False,False,False,False,False,False,29505.145698002594,7277.854301997406
Ordenador Portátil Lenovo Thinkpad E16 Ryzen 7 16 Gb 512 Gb,32251.0,16.0,512.0,SSD,Ryzen 7,0,,No especificado,No especificado,No especificado,AMD,16.0,Grande,0,0,0,0,0,0,0,0,5,4.0,9.0,80.0,0.0,0,False,False,False,False,False,False,False,False,False,False,False,False,False,False,True,False,False,False,False,False,False,False,False,False,False,22346.942275634836,9904.057724365164
Laptop Nimo N156 I5-12450h 15.6  Fhd 8gb 256gb Ssd,18695.0,8.0,256.0,SSD,No especificado,0,15.6,Intel Core i5-12450H,8,12ª Gen (Alder Lake),Intel,15.6,Estandar,0,0,0,0,0,0,0,0,4,3.0,8.0,32.0,0.0,0,False,False,False,False,False,False,False,False,False,False,False,False,False,False,False,False,False,False,False,False,False,False,True,False,False,14246.099204645572,4448.900795354428
Portátil Acer Swift Go 14\  Ryzen 7 16gb 1tb Ssd,32428.0,16.0,1024.0,SSD,Ryzen 7,0,,No especificado,No especificado,No especificado,AMD,14.0,Estandar,0,0,0,1,0,0,0,0,5,4.0,10.0,80.0,0.0,0,False,False,False,False,False,False,False,False,False,False,False,False,False,False,False,False,False,False,False,False,False,False,False,False,False,28448.817653985418,3979.1823460145824
Laptop Lenovo V14 Gen 4 Intel I7 16gb Ram 512gb Ssd 14'',16673.0,16.0,512.0,SSD,No especificado,0,,No especificado,No especificado,No especificado,Intel,14.0,Estandar,0,0,0,0,0,0,0,0,5,4.0,9.0,80.0,0.0,0,False,False,False,False,False,False,False,False,False,False,False,False,False,False,True,False,False,False,False,False,False,False,False,False,False,22346.942275634836,-5673.942275634836
Laptop Lenovo Legion 5 Ryzen 5 8gb Ram 1tb + 128gb Rtx2060 Color Negro (Nuevo con caja abierta),17500.0,8.0,1024.0,SSD,Ryzen 5,1,,AMD Ryzen 5,No especificado,No especificado,AMD,,Estandar,1,1,0,0,0,0,0,0,4,3.0,10.0,32.0,0.0,0,False,False,False,False,False,False,False,False,False,False,False,False,False,False,True,False,False,False,False,False,False,False,False,False,False,19288.34574746088,-1788.3457474608804
Laptop Asus Tuf Gaming Intel I5 16gb 512gb Rtx 3050 Con Moch Negro,21999.0,16.0,512.0,SSD,No especificado,1,,No especificado,No especificado,No especificado,Intel,,Estandar,0,1,0,0,0,0,0,2,4,4.0,9.0,64.0,32.0,2,False,False,True,False,False,False,False,False,False,False,False,False,False,False,False,False,False,False,False,False,False,False,False,False,False,22657.91574657445,-658.9157465744502
"Portátil Acer AN517-54-765V Gamer Nitro 5 Core I7 11600H 16 GB SSD 512 GB Tela 17,3"" Linux",23000.0,16.0,512.0,SSD,Core I7,0,17.3,Intel Core i7,No especificado,No especificado,Intel,17.3,Grande,0,1,0,0,0,0,0,0,5,4.0,9.0,80.0,0.0,0,False,False,False,False,False,False,False,False,False,False,False,False,False,False,False,False,False,False,False,False,False,False,False,False,False,25990.73770283981,-2990.7377028398114
Notebook Asus Tuf F15 Intel Core I5 12500h 16gb Ram Ddr4 1tb Ssd M.2 Nvme Pcie 3.0 (15.6) Gráficos Nvidia Geforce Rtx 3050 4gb 144hz Full Hd 1920x1080 Px Wi-fi 6 Windows 11 Home Color Mecha Grey,27000.0,16.0,1024.0,SSD,Core I5,1,15.6,Intel Core i5,No especificado,No especificado,Intel,15.6,Estandar,0,1,0,0,0,0,0,2,4,4.0,10.0,64.0,32.0,2,False,False,True,False,False,False,False,False,False,False,False,False,False,False,False,False,False,False,False,False,False,False,False,False,False,25216.763886716413,1783.2361132835867
Msi Cyborg Laptop Intel I7 144hz Rtx 5060 16gb 512gb Ssd (Nuevo con caja abierta),28500.0,16.0,512.0,SSD,No especificado,1,,No especificado,No especificado,No especificado,Intel,,Estandar,1,1,0,0,0,0,0,3,5,4.0,9.0,80.0,48.0,3,False,False,False,False,False,False,False,False,False,False,False,False,False,False,False,False,False,False,False,True,False,False,False,False,False,26611.11303656633,1888.8869634336697
Lenovo Ideapad Slim 3 Core I7 24gb 1tb Ssd 15.3 W11 Gris (Nuevo con caja abierta),17999.0,24.0,1024.0,SSD,Core I7,0,15.3,Intel Core i7,No especificado,No especificado,Intel,15.3,Estandar,1,0,0,0,0,0,0,0,5,4.584962500721156,10.0,120.0,0.0,0,False,False,False,False,False,False,False,False,False,False,False,False,False,False,True,False,False,False,False,False,False,False,False,False,False,22318.06556405491,-4319.0655640549085
Notebook VSAP Intel Core i7 13620H 32GB RAM 1TB SSD 15.6'' IPS Windows 11 Pro,16000.0,32.0,1024.0,SSD,Core I7,0,15.6,Intel Core i7,No especificado,No especificado,Intel,15.6,Estandar,0,0,0,0,0,0,0,0,5,5.0,10.0,160.0,0.0,0,False,False,False,False,False,False,False,False,False,False,False,False,False,False,False,False,False,False,False,False,False,False,True,False,False,26665.939087856965,-10665.939087856965
Vove Laptop Intel 12gb 256gb Ssd Windows 11 Pro,7899.0,12.0,256.0,SSD,No especificado,0,,No especificado,No especificado,No especificado,Intel,,Estandar,0,0,0,0,0,0,0,0,2,3.584962500721156,8.0,24.0,0.0,0,False,False,False,False,False,False,False,False,False,False,False,False,False,False,False,False,False,False,False,False,False,False,True,False,False,8757.759825633375,-858.7598256333749
Laptop Lenovo Thinkpad E16 G3 Intel Core Ultra 7 32gb 512gb,45240.0,32.0,512.0,SSD,No especificado,0,,No especificado,No especificado,No especificado,Intel,,Estandar,0,0,0,0,0,0,0,0,5,5.0,9.0,160.0,0.0,0,False,False,False,False,False,False,False,False,False,False,False,False,False,False,True,False,False,False,False,False,False,False,False,False,False,32318.6864843923,12921.3135156077
Lenovo Ideapad Slim 3 15irh10 Intel Core I5 8gb 512gb Ssd Azul - Excelente (Reacondicionado),13400.0,8.0,512.0,SSD,Core I5,0,,Intel Core i5,No especificado,No especificado,Intel,10.0,Ultraportatil,1,0,0,0,0,0,0,0,4,3.0,9.0,32.0,0.0,0,False,False,False,False,False,False,False,False,False,False,False,False,False,False,True,False,False,False,False,False,False,False,False,False,False,13418.416563833895,-18.416563833894543
Laptop Gamer Xpg Xenia Core I7 16gb 512gb Rtx 2070 15.6 - Excelente (Reacondicionado),15000.0,16.0,512.0,SSD,Core I7,1,15.6,Intel Core i7,No especificado,No especificado,Intel,15.6,Estandar,1,1,0,0,0,0,0,0,5,4.0,9.0,80.0,0.0,0,False,False,False,False,False,False,False,False,False,False,False,False,False,False,False,False,False,False,False,False,False,False,True,False,False,15171.241601213544,-171.24160121354362
"Notebook Asus TUF Gaming FX507ZM-BS74 con Intel Core i7, 16GB RAM y 1TB SSD",29747.0,16.0,1024.0,SSD,Core I7,0,,Intel Core i7,No especificado,No especificado,Intel,,Estandar,0,1,0,0,0,0,0,0,5,4.0,10.0,80.0,0.0,0,False,False,True,False,False,False,False,False,False,False,False,False,False,False,False,False,False,False,False,False,False,False,False,False,False,33939.46022124511,-4192.460221245106
Msi Ge75 Raider Gaming Core I7-1075h 1tb+512ssd 16 Gb 17.3 Color Negro,27500.0,16.0,1024.0,SSD,Core I7,0,17.3,Intel Core i7,No especificado,No especificado,Intel,17.3,Grande,0,1,0,0,0,0,0,0,5,4.0,10.0,80.0,0.0,0,False,False,False,False,False,False,False,False,False,False,False,False,False,False,False,False,False,False,False,True,False,False,False,False,False,35325.07613272423,-7825.076132724229
Laptop Lenovo Legion 7 Intel I7 32gb Ram 1tb Ssd Rtx 2080 8b Color Gris,55000.0,32.0,1024.0,SSD,No especificado,1,,No especificado,No especificado,No especificado,Intel,,Estandar,0,1,0,0,0,0,0,0,5,5.0,10.0,160.0,0.0,0,False,False,False,False,False,False,False,False,False,False,False,False,False,False,True,False,False,False,False,False,False,False,False,False,False,45238.734566646,9761.265433353998
Notebook Asus Tuf A15 Gaming Fa507nur 15.6 165hz Wqhd Ryzen 7 16gb 512gb Ssd Rtx4050 --gb Win11 (Nuevo con caja abierta),27000.0,16.0,512.0,SSD,Ryzen 7,1,15.6,No especificado,No especificado,No especificado,AMD,15.6,Estandar,1,1,0,0,0,0,0,2,5,4.0,9.0,80.0,32.0,2,False,False,True,False,False,False,False,False,False,False,False,False,False,False,False,False,False,False,False,False,False,False,False,False,False,24150.999515007683,2849.000484992317
Workstation Lenovo Thinkpad P14s 5gen 14 Intel u7 16gb 512gb (Nuevo con caja abierta),39860.0,16.0,512.0,SSD,No especificado,0,,No especificado,No especificado,No especificado,Intel,14.0,Estandar,1,0,1,0,0,0,0,0,2,4.0,9.0,32.0,0.0,0,False,False,False,False,False,False,False,False,False,False,False,False,False,False,True,False,False,False,False,False,False,False,False,False,False,21527.329357962586,18332.670642037414
Laptop Dell Inspiron 15 5510 Corei5-11300h 12gb Ram 512gb Plateado,22900.0,12.0,512.0,SSD,Corei5,0,,Intel Core i5,No especificado,No especificado,Intel,,Estandar,0,0,0,0,0,0,0,0,4,3.584962500721156,9.0,48.0,0.0,0,False,False,False,True,False,False,False,False,False,False,False,False,False,False,False,False,False,False,False,False,False,False,False,False,False,16440.91929400569,6459.080705994311
Laptop Gamer ASUS TUF Gaming A16 NVIDIA GeForce RTX 4050 AMD Ryzen 5 16GB RAM 512GB SSD Windows 11 Home,22000.0,16.0,512.0,SSD,Ryzen 5,1,,AMD Ryzen 5,No especificado,No especificado,AMD,,Estandar,0,1,0,0,0,0,0,2,4,4.0,9.0,64.0,32.0,2,False,False,True,False,False,False,False,False,False,False,False,False,False,False,False,False,False,False,False,False,False,False,False,False,False,22657.91574657445,-657.9157465744502
Lenovo Xiaoxin 16c Ryzen 7 8745hs 16GB 512GB 16 Pulgadas,30889.0,16.0,512.0,SSD,Ryzen 7,0,16.0,No especificado,No especificado,No especificado,AMD,16.0,Grande,0,0,0,0,0,0,0,0,5,4.0,9.0,80.0,0.0,0,False,False,False,False,False,False,False,False,False,False,False,False,False,False,True,False,False,False,False,False,False,False,False,False,False,22346.942275634836,8542.057724365164
Laptop Ia Msi Geforce Rtx 5060 Ryzen 9 64gb 1tb 16  Ips,59899.0,64.0,1024.0,SSD,Ryzen 9,1,,No especificado,No especificado,No especificado,AMD,16.0,Grande,0,1,0,0,0,0,0,3,6,6.0,10.0,384.0,192.0,3,False,False,False,False,False,False,False,False,False,False,False,False,False,False,False,False,False,False,False,True,False,False,False,False,False,51450.338357142864,8448.661642857136
Laptop Lenovo G8 Intel Ultra 7 32gb Ram 1tb Ssd Thinkbook,39398.0,32.0,1024.0,SSD,No especificado,0,,No especificado,No especificado,No especificado,Intel,,Estandar,0,0,0,0,0,0,0,0,5,5.0,10.0,160.0,0.0,0,False,False,False,False,False,False,False,False,False,False,False,False,False,False,True,False,False,False,False,False,False,False,False,False,False,42207.33955721285,-2809.33955721285
Dell Latitude 3490 Core I5 8gb 128gb Ssd Win11 Pro,7500.0,8.0,128.0,SSD,Core I5,0,,Intel Core i5,No especificado,No especificado,Intel,,Estandar,0,0,1,0,0,0,0,0,4,3.0,7.0,32.0,0.0,0,False,False,False,True,False,False,False,False,False,False,False,False,False,False,False,False,False,False,False,False,False,False,False,False,False,6405.359859687248,1094.640140312752
Dell Latitude 3590 Core I3 8gb 128gb Ssd Win11 Pro,7800.0,8.0,128.0,SSD,Core I3,0,,Intel Core i3,No especificado,No especificado,Intel,,Estandar,0,0,1,0,0,0,0,0,3,3.0,7.0,24.0,0.0,0,False,False,False,True,False,False,False,False,False,False,False,False,False,False,False,False,False,False,False,False,False,False,False,False,False,6522.530520864018,1277.4694791359816
"Laptop Lenovo IdeaPad Slim 3 con Intel Core i7, 24 GB RAM y SSD de 1 TB",25999.0,24.0,1024.0,SSD,Core I7,0,,Intel Core i7,No especificado,No especificado,Intel,,Estandar,0,0,0,0,0,0,0,0,5,4.584962500721156,10.0,120.0,0.0,0,False,False,False,False,False,False,False,False,False,False,False,False,False,False,True,False,False,False,False,False,False,False,False,False,False,27583.894351004357,-1584.8943510043573
Lenovo Ideapad Slim 3 15irh10 Intel Core I5 8gb512gbssd Azul,10999.0,8.0,512.0,SSD,Core I5,0,,Intel Core i5,No especificado,No especificado,Intel,10.0,Ultraportatil,0,0,0,0,0,0,0,0,4,3.0,9.0,32.0,0.0,0,False,False,False,False,False,False,False,False,False,False,False,False,False,False,True,False,False,False,False,False,False,False,False,False,False,13321.441696988275,-2322.441696988275
Latitude 5490 - Dell 14' / Core I5 / Ram 8gb / Ssd 256gb - Excelente (Reacondicionado),8400.0,8.0,256.0,SSD,Core I5,0,,Intel Core i5,No especificado,No especificado,Intel,14.0,Estandar,1,0,1,0,0,0,0,0,4,3.0,8.0,32.0,0.0,0,False,False,False,True,False,False,False,False,False,False,False,False,False,False,False,False,False,False,False,False,False,False,False,False,False,8680.155021776607,-280.1550217766071
Laptop Ideapad S3 15.3 Intel Core I7 16gb 512gb Ssd Lenovo,18999.0,16.0,512.0,SSD,Core I7,0,15.3,Intel Core i7,No especificado,No especificado,Intel,15.3,Estandar,0,0,0,0,0,0,0,0,5,4.0,9.0,80.0,0.0,0,False,False,False,False,False,False,False,False,False,False,False,False,False,False,True,False,False,False,False,False,False,False,False,False,False,22346.942275634836,-3347.942275634836
Lenovo Ideapad Slim 3 15irh10 Intel Core I5 8gb 512gb Ssd Az,13599.0,8.0,512.0,SSD,Core I5,0,,Intel Core i5,No especificado,No especificado,Intel,10.0,Ultraportatil,0,0,0,0,0,0,0,0,4,3.0,9.0,32.0,0.0,0,False,False,False,False,False,False,False,False,False,False,False,False,False,False,True,False,False,False,False,False,False,False,False,False,False,13321.441696988275,277.558303011725
Laptop Lenovo Ideapad Slim 3 I5-13420h 8gb 512gb W11,15825.0,8.0,512.0,SSD,No especificado,0,,Intel Core i5-13420H,8,13ª Gen (Raptor Lake),Intel,,Estandar,0,0,0,0,0,0,0,0,4,3.0,9.0,32.0,0.0,0,False,False,False,False,False,False,False,False,False,False,False,False,False,False,True,False,False,False,False,False,False,False,False,False,False,13321.441696988275,2503.558303011725
Laptop Lenovo Ideapad Slim 3 G10 Intel Core I7 16gb 512gb,27499.0,16.0,512.0,SSD,Core I7,0,,Intel Core i7,No especificado,No especificado,Intel,10.0,Ultraportatil,0,0,0,0,0,0,0,0,5,4.0,9.0,80.0,0.0,0,False,False,False,False,False,False,False,False,False,False,False,False,False,False,True,False,False,False,False,False,False,False,False,False,False,22346.942275634836,5152.057724365164
"Dell Laptop Alienware AM16 R2, NVIDIA GeForce RTX 4050 (6GB), 16"" QHD+ Ultra7-155H (16Cores), 16GB 1TB SSD, Color Negro (Nuevo con caja abierta)",52999.0,6.0,1024.0,SSD,No especificado,1,16.0,Apple M1,8,Apple Silicon (1ª Gen),Apple,16.0,Grande,1,1,0,0,0,0,0,2,4,2.584962500721156,10.0,24.0,12.0,2,False,False,False,True,False,False,False,False,False,False,False,False,False,False,False,False,False,False,False,False,False,False,False,False,False,36726.714940476195,16272.285059523805
"Macbook Pro 2019 (a2141). I9 32 Gb Ram, 500 Gb Ssd, Amd 4 Gb (Reacondicionado)",12899.0,32.0,500.0,SSD,No especificado,0,,No especificado,No especificado,No especificado,Intel,,Estandar,1,0,0,1,0,0,1,0,6,5.0,8.965784284662087,192.0,0.0,0,False,True,False,False,False,False,False,False,False,False,False,False,False,False,False,False,False,False,False,False,False,False,False,False,False,13889.599172619048,-990.5991726190477
Laptop Gamer Msi Rtx 2050 Core I5 16gb 1tb 15.6 Ips 144hz Negro,21999.0,16.0,1024.0,SSD,Core I5,1,15.6,Intel Core i5,No especificado,No especificado,Intel,15.6,Estandar,0,1,0,0,0,0,0,2,4,4.0,10.0,64.0,32.0,2,False,False,False,False,False,False,False,False,False,False,False,False,False,False,False,False,False,False,False,True,False,False,False,False,False,23559.000333692107,-1560.0003336921072
Notebook Dell Precision 7740 Core I7 16gb 256gb Nvme W11 (Reacondicionado),7999.0,16.0,256.0,SSD,Core I7,0,,Intel Core i7,No especificado,No especificado,Intel,,Estandar,1,0,1,0,0,0,0,0,5,4.0,8.0,80.0,0.0,0,False,False,False,True,False,False,False,False,False,False,False,False,False,False,False,False,False,False,False,False,False,False,False,False,False,11214.308527777777,-3215.3085277777773
Laptop Ai Gamer Msi Rtx 5060 8gb Ryzen 9 16gb 1tb,39999.0,8.0,1024.0,SSD,Ryzen 9,1,,No especificado,No especificado,No especificado,AMD,,Estandar,0,1,0,0,0,0,0,3,6,3.0,10.0,48.0,24.0,3,False,False,False,False,False,False,False,False,False,False,False,False,False,False,False,False,False,False,False,True,False,False,False,False,False,35525.433781834385,4473.566218165615
Laptop Gamer Msi Rtx 2050 Core I5 32gb 1tb 15.6 Ips 144hz,25999.0,32.0,1024.0,SSD,Core I5,1,15.6,Intel Core i5,No especificado,No especificado,Intel,15.6,Estandar,0,1,0,0,0,0,0,2,4,5.0,10.0,128.0,64.0,2,False,False,False,False,False,False,False,False,False,False,False,False,False,False,False,False,False,False,False,True,False,False,False,False,False,23826.44367912847,2172.5563208715284
"Dell Laptop Alienware AM16 R2, NVIDIA GeForce RTX 4050 (6GB), 16"" QHD+ Ultra7-155H (16Cores), 16GB 1TB SSD, Color Negro",49999.0,6.0,1024.0,SSD,No especificado,1,16.0,Apple M1,8,Apple Silicon (1ª Gen),Apple,16.0,Grande,0,1,0,0,0,0,0,2,4,2.584962500721156,10.0,24.0,12.0,2,False,False,False,True,False,False,False,False,False,False,False,False,False,False,False,False,False,False,False,False,False,False,False,False,False,37304.81522619048,12694.184773809517
"Laptop Gamer Gigabyte A16: Ryzen 7, 16gb, 512gb, Rtx 5050",21999.0,16.0,512.0,SSD,Ryzen 7,1,,No especificado,No especificado,No especificado,AMD,,Estandar,0,1,0,0,0,0,0,0,5,4.0,9.0,80.0,0.0,0,False,False,False,False,False,True,False,False,False,False,False,False,False,False,False,False,False,False,False,False,False,False,False,False,False,26941.378227381683,-4942.378227381683
Laptop Gamer Lenovo Loq Amd Ryzen 7 32gb 1tb Nvidia Rtx 5060,55999.0,32.0,1024.0,SSD,Ryzen 7,1,,No especificado,No especificado,No especificado,AMD,,Estandar,0,1,0,0,0,0,0,3,5,5.0,10.0,160.0,96.0,3,False,False,False,False,False,False,False,False,False,False,False,False,False,False,True,False,False,False,False,False,False,False,False,False,False,54759.5007694805,1239.4992305194974
Asus Tuf A17 Ryzen 7 Gtx 1660 Ti 6gb 16gb 512gb Ssd,20000.0,6.0,512.0,SSD,Ryzen 7,1,,No especificado,No especificado,No especificado,AMD,,Estandar,0,1,0,0,0,0,0,2,5,2.584962500721156,9.0,30.0,12.0,2,False,False,True,False,False,False,False,False,False,False,False,False,False,False,False,False,False,False,False,False,False,False,False,False,False,23728.136806223956,-3728.1368062239562
Laptop Dell Latitude 5501 Core I5 8gb 256gb Ssd Win 11 Pro (Reacondicionado),5199.0,8.0,256.0,SSD,Core I5,0,,Intel Core i5,No especificado,No especificado,Intel,,Estandar,1,0,1,0,0,0,0,0,4,3.0,8.0,32.0,0.0,0,False,False,False,True,False,False,False,False,False,False,False,False,False,False,False,False,False,False,False,False,False,False,False,False,False,8680.155021776607,-3481.155021776607
Laptop Gamer Lenovo Loq G10 Intel Core I5 16gb 512gb Rtx5050,34999.0,16.0,512.0,SSD,Core I5,1,,Intel Core i5,No especificado,No especificado,Intel,10.0,Ultraportatil,0,1,0,0,0,0,0,0,4,4.0,9.0,64.0,0.0,0,False,False,False,False,False,False,False,False,False,False,False,False,False,False,True,False,False,False,False,False,False,False,False,False,False,30755.239869416473,4243.760130583527
Laptop Lenovo Legion Pro 5 G10 Amd Ryzen 7 32gb 1tb Rtx 5060,57999.0,32.0,1024.0,SSD,Ryzen 7,1,,No especificado,No especificado,No especificado,AMD,,Estandar,0,1,0,0,0,0,0,3,5,5.0,10.0,160.0,96.0,3,False,False,False,False,False,False,False,False,False,False,False,False,False,False,True,False,False,False,False,False,False,False,False,False,False,54759.5007694805,3239.4992305194974
Laptop ASUS Vivobook 15 Intel Core i7 16GB RAM 512GB SSD Windows 11 Home,18499.0,16.0,512.0,SSD,Core I7,0,,Intel Core i7,No especificado,No especificado,Intel,15.0,Estandar,0,0,0,0,0,0,0,0,5,4.0,9.0,80.0,0.0,0,False,False,True,False,False,False,False,False,False,False,False,False,False,False,False,False,False,False,False,False,False,False,False,False,False,21159.522933262335,-2660.522933262335
Apple Macbook Pro 2018 I7 16gb 500gb Ssd Touchbar Como Nueva,9500.0,16.0,500.0,SSD,No especificado,0,,No especificado,No especificado,No especificado,Apple,,Estandar,0,0,0,1,1,0,1,0,5,4.0,8.965784284662087,80.0,0.0,0,False,True,False,False,False,False,False,False,False,False,False,False,False,False,False,False,False,False,False,False,False,False,False,False,False,12528.931849206343,-3028.931849206343
Workstation Lenovo Thinkpad P14s 5gen 14 Intel u7 16gb 512gb,35999.0,16.0,512.0,SSD,No especificado,0,,No especificado,No especificado,No especificado,Intel,14.0,Estandar,0,0,1,0,0,0,0,0,2,4.0,9.0,32.0,0.0,0,False,False,False,False,False,False,False,False,False,False,False,False,False,False,True,False,False,False,False,False,False,False,False,False,False,25626.954589956473,10372.045410043527
Msi Thin A15 Laptop Gamer Ryzen 5 Rtx 4050 8gb 512gb Ssd,28999.0,8.0,512.0,SSD,Ryzen 5,1,,AMD Ryzen 5,No especificado,No especificado,AMD,,Estandar,0,1,0,0,0,0,0,2,4,3.0,9.0,32.0,16.0,2,False,False,False,False,False,False,False,False,False,False,False,False,False,False,False,False,False,False,False,True,False,False,False,False,False,22560.460531295095,6438.539468704905
"Laptop Lenovo V14 Gen 4: Core I7, 16gb, 512gb, W11 Home",14299.0,16.0,512.0,SSD,Core I7,0,,Intel Core i7,No especificado,No especificado,Intel,,Estandar,0,0,0,0,0,0,0,0,5,4.0,9.0,80.0,0.0,0,False,False,False,False,False,False,False,False,False,False,False,False,False,False,True,False,False,False,False,False,False,False,False,False,False,22346.942275634836,-8047.942275634836
Laptop Gaming 15.6 Loq15arp10 Amd Ryzen 7 16gb 512gb Lenovo,30499.0,16.0,512.0,SSD,Ryzen 7,0,15.6,No especificado,No especificado,No especificado,AMD,15.6,Estandar,0,1,0,0,0,0,0,0,5,4.0,9.0,80.0,0.0,0,False,False,False,False,False,False,False,False,False,False,False,False,False,False,True,False,False,False,False,False,False,False,False,False,False,32882.166228564056,-2383.166228564056
Asus Expertbook Core I5 13a Gen 8gb 512gb Ssd Win 11 Pro Plateado,24999.0,8.0,512.0,SSD,Core I5,0,,Intel Core i5,No especificado,No especificado,Intel,,Estandar,0,0,0,0,0,0,0,0,4,3.0,9.0,32.0,0.0,0,False,False,True,False,False,False,False,False,False,False,False,False,False,False,False,False,False,False,False,False,False,False,False,False,False,15332.590178109807,9666.409821890193
Laptop Lenovo Thinkpad T16 Gen 4 Intel Core Ultra 7 32gb 1tb Negro,52200.0,32.0,1024.0,SSD,No especificado,0,,No especificado,No especificado,No especificado,Intel,,Estandar,0,0,0,0,0,0,0,0,5,5.0,10.0,160.0,0.0,0,False,False,False,False,False,False,False,False,False,False,False,False,False,False,True,False,False,False,False,False,False,False,False,False,False,42207.33955721285,9992.66044278715
Laptop Dell G16 Gaming Core I7-12700h Rtx 3060 16gb Ram 1tb,40736.0,16.0,1024.0,SSD,Core I7,1,,Intel Core i7-12700H,14,12ª Gen (Alder Lake),Intel,,Estandar,0,1,0,0,0,0,0,3,5,4.0,10.0,80.0,48.0,3,False,False,False,True,False,False,False,False,False,False,False,False,False,False,False,False,False,False,False,False,False,False,False,False,False,33566.14797350607,7169.852026493929
Laptop Gamer Msi Rtx 3050 Core I5 16gb 512gb 15.6 144hz Gris,21999.0,16.0,512.0,SSD,Core I5,1,15.6,Intel Core i5,No especificado,No especificado,Intel,15.6,Estandar,0,1,0,0,0,0,0,2,4,4.0,9.0,64.0,32.0,2,False,False,False,False,False,False,False,False,False,False,False,False,False,False,False,False,False,False,False,True,False,False,False,False,False,20933.42843213267,1065.5715678673296
Ordenador Portátil Lenovo 2026 Ryzen 5 7535hs 24 Gb 1 Tb 15.,27818.0,24.0,1024.0,SSD,Ryzen 5,0,,AMD Ryzen 5,No especificado,No especificado,AMD,,Estandar,0,0,0,0,0,0,0,0,4,4.584962500721156,10.0,96.0,0.0,0,False,False,False,False,False,False,False,False,False,False,False,False,False,False,True,False,False,False,False,False,False,False,False,False,False,22589.60502148782,5228.39497851218
"Laptop Kurietim De 16  Fhd Intel I7-13620h, 32 Gb, 1 Tb Ssd",21980.0,32.0,1024.0,SSD,No especificado,0,,No especificado,No especificado,No especificado,Intel,16.0,Grande,0,0,0,0,0,0,0,0,5,5.0,10.0,160.0,0.0,0,False,False,False,False,False,False,False,False,False,False,False,False,False,False,False,False,False,False,False,False,False,False,True,False,False,26665.939087856965,-4685.939087856965
Laptop Hp Omnibook Ryzen 7 16gb Ddr5 1tb Ssd Wuxga Touch,35846.0,16.0,1024.0,SSD,Ryzen 7,0,,No especificado,No especificado,No especificado,AMD,,Estandar,0,0,0,1,1,0,0,0,5,4.0,10.0,80.0,0.0,0,False,False,False,False,False,False,False,True,False,False,False,False,False,False,False,False,False,False,False,False,False,False,False,False,False,30409.31646218306,5436.683537816942
Laptop Gamer Dell Vostro 3405 Amd Ryzen 5 3450u 16gb 1tb 256gb Ssd (Nuevo con caja abierta),5000.0,16.0,1024.0,SSD,Ryzen 5,0,,AMD Ryzen 5,No especificado,No especificado,AMD,,Estandar,1,1,0,0,0,0,0,0,4,4.0,10.0,64.0,0.0,0,False,False,False,True,False,False,False,False,False,False,False,False,False,False,False,False,False,False,False,False,False,False,False,False,False,18063.757344079895,-13063.757344079895
"Notebook Gamer Acer Nitro V 15 con Intel Core i5 y RTX 5050, 32 GB RAM y SSD de 512 GB",31999.0,32.0,512.0,SSD,Core I5,1,,Intel Core i5,No especificado,No especificado,Intel,,Estandar,0,1,0,0,0,0,0,0,4,5.0,9.0,128.0,0.0,0,False,False,False,False,False,False,False,False,False,False,False,False,False,False,False,False,False,False,False,False,False,False,False,False,False,31724.089705409577,274.9102945904233
Laptop Msi Katana Gf66 15.6'' 144hz Fhd Intel I7 16gb 1tb Ss,38625.0,16.0,1024.0,SSD,No especificado,0,15.6,No especificado,No especificado,No especificado,Intel,15.6,Estandar,0,1,0,0,0,0,0,0,5,4.0,10.0,80.0,0.0,0,False,False,False,False,False,False,False,False,False,False,False,False,False,False,False,False,False,False,False,True,False,False,False,False,False,35325.07613272423,3299.923867275771
Laptop Gamer Asus Rog Zephyrus 5070ti 32gb 1tb Oled 3k Ryzen (Reacondicionado),49999.0,32.0,1024.0,SSD,No especificado,0,,No especificado,No especificado,No especificado,AMD,,Estandar,1,1,0,0,0,1,0,0,2,5.0,10.0,64.0,0.0,0,False,False,True,False,False,False,False,False,False,False,False,False,False,False,False,False,False,False,False,False,False,False,False,False,False,34560.70389631338,15438.296103686618
Apple Macbook Pro 2019 I7 16gb 500gb Ssd Cuenta Con Mdm,10000.0,16.0,500.0,SSD,No especificado,0,,No especificado,No especificado,No especificado,Apple,,Estandar,0,0,0,1,0,0,1,0,5,4.0,8.965784284662087,80.0,0.0,0,False,True,False,False,False,False,False,False,False,False,False,False,False,False,False,False,False,False,False,False,False,False,False,False,False,10925.936883852259,-925.9368838522587
Ordenador Portátil Hp Victus 15 I5-13420h 16 Gb 1 Tb Ssd Rtx,31738.0,16.0,1024.0,SSD,No especificado,1,,Intel Core i5-13420H,8,13ª Gen (Raptor Lake),Intel,16.0,Grande,0,1,0,0,0,0,0,0,4,4.0,10.0,64.0,0.0,0,False,False,False,False,False,False,False,True,False,False,False,False,False,False,False,False,False,False,False,False,False,False,False,False,False,31212.022731086705,525.9772689132951
Portatil Lenovo Loq Amd R5-7235hs 16 Gb 512 Gb Ssd Rtx4050 G,34999.0,16.0,512.0,SSD,No especificado,1,,No especificado,No especificado,No especificado,AMD,16.0,Grande,0,1,0,0,0,0,0,2,2,4.0,9.0,32.0,32.0,2,False,False,False,False,False,False,False,False,False,False,False,False,False,False,True,False,False,False,False,False,False,False,False,False,False,31550.09609226638,3448.90390773362
Lenovo LOQ 15IRX10 i7-13700HX 16GB RAM 1 TB SSD RTX 5060,35999.0,16.0,1024.0,SSD,No especificado,1,,Intel Core i7-13700H,14,13ª Gen (Raptor Lake),Intel,,Estandar,0,1,0,0,0,0,0,3,5,4.0,10.0,80.0,48.0,3,False,False,False,False,False,False,False,False,False,False,False,False,False,False,True,False,False,False,False,False,False,False,False,False,False,37582.095759992786,-1583.095759992786
"Laptop Msi 15,6´´ 8gb 256gb Core I5 Nvidia Gtx1650 Windows10 Color Negro (Nuevo con caja abierta)",19164.0,8.0,256.0,SSD,Core I5,1,15.6,Intel Core i5,No especificado,No especificado,Intel,15.6,Estandar,1,1,0,0,0,0,0,2,4,3.0,8.0,32.0,16.0,2,False,False,False,False,False,False,False,False,False,False,False,False,False,False,False,False,False,False,False,True,False,False,False,False,False,15839.798638708518,3324.2013612914816
Laptop Asus Expertbook P1 Ci5-13420h 8gb Ram 512gb Ssd W11p,24999.0,8.0,512.0,SSD,No especificado,0,,Intel Core i5-13420H,8,13ª Gen (Raptor Lake),Intel,,Estandar,0,0,0,0,0,0,0,0,4,3.0,9.0,32.0,0.0,0,False,False,True,False,False,False,False,False,False,False,False,False,False,False,False,False,False,False,False,False,False,False,False,False,False,15332.590178109807,9666.409821890193
Notebook Asus Tuf Gaming F15 Core I5 16gb Ram 512gb Ssd - Excelente (Reacondicionado),16999.0,16.0,512.0,SSD,Core I5,0,,Intel Core i5,No especificado,No especificado,Intel,,Estandar,1,1,0,0,0,0,0,0,4,4.0,9.0,64.0,0.0,0,False,False,True,False,False,False,False,False,False,False,False,False,False,False,False,False,False,False,False,False,False,False,False,False,False,19420.495564149896,-2421.4955641498964
Asus Rog Strix G16 Ryzen 9 16ram 512ssd Nvidia Rtx5050 8gb,31999.0,8.0,512.0,SSD,Ryzen 9,1,,No especificado,No especificado,No especificado,AMD,,Estandar,0,1,0,0,0,0,0,0,6,3.0,9.0,48.0,0.0,0,False,False,True,False,False,False,False,False,False,False,False,False,False,False,False,False,False,False,False,False,False,False,False,False,False,27856.57255610664,4142.427443893361
Lenovo Ideapad Slim 3 15irh10 Intel Core I5 8gb 512gb Touch,14399.0,8.0,512.0,SSD,Core I5,0,,Intel Core i5,No especificado,No especificado,Intel,10.0,Ultraportatil,0,0,0,0,1,0,0,0,4,3.0,9.0,32.0,0.0,0,False,False,False,False,False,False,False,False,False,False,False,False,False,False,True,False,False,False,False,False,False,False,False,False,False,13747.316993678918,651.6830063210818
Laptop Dell Latitude 5501 Core I5 16gb 512gb Ssd Win 11 Pro (Reacondicionado),6499.0,16.0,512.0,SSD,Core I5,0,,Intel Core i5,No especificado,No especificado,Intel,,Estandar,1,0,1,0,0,0,0,0,4,4.0,9.0,64.0,0.0,0,False,False,False,True,False,False,False,False,False,False,False,False,False,False,False,False,False,False,False,False,False,False,False,False,False,8172.946581168831,-1673.9465811688306
Notebook Lenovo 2026 Ryzen 5 7535hs 24gb 1tb 15.3,27209.0,24.0,1024.0,SSD,Ryzen 5,0,15.3,AMD Ryzen 5,No especificado,No especificado,AMD,15.3,Estandar,0,0,0,0,0,0,0,0,4,4.584962500721156,10.0,96.0,0.0,0,False,False,False,False,False,False,False,False,False,False,False,False,False,False,True,False,False,False,False,False,False,False,False,False,False,22589.60502148782,4619.39497851218
Laptop Lenovo V Series I5-13420h 15.6  Fhd 16gb 512gb Ssd,25435.0,16.0,512.0,SSD,No especificado,0,15.6,Intel Core i5-13420H,8,13ª Gen (Raptor Lake),Intel,15.6,Estandar,0,0,0,0,0,0,0,0,4,4.0,9.0,64.0,0.0,0,False,False,False,False,False,False,False,False,False,False,False,False,False,False,True,False,False,False,False,False,False,False,False,False,False,18805.246120438092,6629.7538795619075
"Notebook Gamer MSI Katana GF66 con Intel Core i7, 16GB RAM y 512GB SSD",27999.0,16.0,512.0,SSD,Core I7,0,,Intel Core i7,No especificado,No especificado,Intel,,Estandar,0,1,0,0,0,0,0,0,5,4.0,9.0,80.0,0.0,0,False,False,False,False,False,False,False,False,False,False,False,False,False,False,False,False,False,False,False,True,False,False,False,False,False,24604.466668743204,3394.5333312567964
Portátil Acer Nitro V I5-13420h Rtx 5050 16gb Ram 512gb Ss,33223.0,16.0,512.0,SSD,No especificado,1,,Intel Core i5-13420H,8,13ª Gen (Raptor Lake),Intel,,Estandar,0,1,0,0,0,0,0,0,4,4.0,9.0,64.0,0.0,0,False,False,False,False,False,False,False,False,False,False,False,False,False,False,False,False,False,False,False,False,False,False,False,False,False,23873.971571700447,9349.028428299553
Portátil Lenovo Ideapad Ryzen 7 15.3  24gb Ram 2tb Ssd,33172.0,24.0,2048.0,SSD,Ryzen 7,0,15.3,No especificado,No especificado,No especificado,AMD,15.3,Estandar,0,0,0,0,0,0,0,0,5,4.584962500721156,11.0,120.0,0.0,0,False,False,False,False,False,False,False,False,False,False,False,False,False,False,True,False,False,False,False,False,False,False,False,False,False,31306.29625916704,1865.7037408329597
Portátil Lenovo Ideapad Ryzen 7 De 15.3  16gb Ram 2tb,29583.0,16.0,2048.0,SSD,Ryzen 7,0,15.3,No especificado,No especificado,No especificado,AMD,15.3,Estandar,0,0,0,0,0,0,0,0,5,4.0,11.0,80.0,0.0,0,False,False,False,False,False,False,False,False,False,False,False,False,False,False,True,False,False,False,False,False,False,False,False,False,False,28777.4622718059,805.5377281941
Ordenador Portátil Lenovo Ideapad I5-13420h 16 8 Gb 512 Gb S,20284.0,8.0,512.0,SSD,No especificado,0,16.8,Intel Core i5-13420H,8,13ª Gen (Raptor Lake),Intel,16.8,Grande,0,0,0,0,0,0,0,0,4,3.0,9.0,32.0,0.0,0,False,False,False,False,False,False,False,False,False,False,False,False,False,False,True,False,False,False,False,False,False,False,False,False,False,13321.441696988275,6962.558303011725
Laptop Lenovo V Series I5-13420h 15.6  Fhd 16gb 512gb Ssd,25438.0,16.0,512.0,SSD,No especificado,0,15.6,Intel Core i5-13420H,8,13ª Gen (Raptor Lake),Intel,15.6,Estandar,0,0,0,0,0,0,0,0,4,4.0,9.0,64.0,0.0,0,False,False,False,False,False,False,False,False,False,False,False,False,False,False,True,False,False,False,False,False,False,False,False,False,False,18805.246120438092,6632.7538795619075
Ordenador Portátil Lenovo V14 14 I7 24 Gb Ram 2 Tb Ssd Win 1,29429.0,24.0,2048.0,SSD,No especificado,0,,No especificado,No especificado,No especificado,Intel,14.0,Estandar,0,0,0,0,0,0,0,0,5,4.584962500721156,11.0,120.0,0.0,0,False,False,False,False,False,False,False,False,False,False,False,False,False,False,True,False,False,False,False,False,False,False,False,False,False,31306.29625916704,-1877.2962591670403
"Ordenador Portátil Lenovo V14 14 I7 24 Gb Ram 1,16 Tb Ssd Wi",28535.0,24.0,1188.0,SSD,No especificado,0,,No especificado,No especificado,No especificado,Intel,14.0,Estandar,0,0,0,0,0,0,0,0,5,4.584962500721156,10.214319120800766,120.0,0.0,0,False,False,False,False,False,False,False,False,False,False,False,False,False,False,True,False,False,False,False,False,False,False,False,False,False,28021.3123847472,513.6876152527984
Ordenador Portátil Hp Victus 15 15.6 Ryzen 5 32 Gb 1 Tb Ssd,38580.0,32.0,1024.0,SSD,Ryzen 5,0,15.6,AMD Ryzen 5,No especificado,No especificado,AMD,15.6,Estandar,0,1,0,0,0,0,0,0,4,5.0,10.0,128.0,0.0,0,False,False,False,False,False,False,False,True,False,False,False,False,False,False,False,False,False,False,False,False,False,False,False,False,False,35839.89417301604,2740.105826983963
Ordenador Portátil Lenovo V14 14 I7 16 Gb Ram 2 Tb Ssd Win 1,27942.0,16.0,2048.0,SSD,No especificado,0,,No especificado,No especificado,No especificado,Intel,14.0,Estandar,0,0,0,0,0,0,0,0,5,4.0,11.0,80.0,0.0,0,False,False,False,False,False,False,False,False,False,False,False,False,False,False,True,False,False,False,False,False,False,False,False,False,False,28777.4622718059,-835.4622718059
Portátil Hp Victus 15.6  I5-13420h 16gb 2tb Rtx4050 Windo,37498.0,16.0,2048.0,SSD,No especificado,1,15.6,Intel Core i5-13420H,8,13ª Gen (Raptor Lake),Intel,15.6,Estandar,0,1,0,0,0,0,0,2,4,4.0,11.0,64.0,32.0,2,False,False,False,False,False,False,False,True,False,False,False,False,False,False,False,False,False,False,False,False,False,False,False,False,False,34761.155536489976,2736.844463510024
Ordenador Portátil Lenovo Ideapad 5 Ryzen 7 16 16 Gb 512 Gb,26681.0,16.0,512.0,SSD,Ryzen 7,0,,No especificado,No especificado,No especificado,AMD,16.0,Grande,0,0,0,0,0,0,0,0,5,4.0,9.0,80.0,0.0,0,False,False,False,False,False,False,False,False,False,False,False,False,False,False,True,False,False,False,False,False,False,False,False,False,False,22346.942275634836,4334.057724365164
"Ordenador Portátil Asus Vivobook 16 I9 16 Gb Ram 1,5 Tb Ssd",31695.0,16.0,1536.0,SSD,No especificado,0,,No especificado,No especificado,No especificado,Intel,16.0,Grande,0,0,0,0,0,0,0,0,6,4.0,10.584962500721156,96.0,0.0,0,False,False,True,False,False,False,False,False,False,False,False,False,False,False,False,False,False,False,False,False,False,False,False,False,False,29988.193876753,1706.806123246999
Ordenador Portátil Hp Victus 15 I5 16 Gb 2 Tb Ssd Rtx 3050 1,38326.0,16.0,2048.0,SSD,No especificado,1,,No especificado,No especificado,No especificado,Intel,16.0,Grande,0,1,0,0,0,0,0,2,4,4.0,11.0,64.0,32.0,2,False,False,False,False,False,False,False,True,False,False,False,False,False,False,False,False,False,False,False,False,False,False,False,False,False,34761.155536489976,3564.844463510024
Ordenador Portátil Lenovo Ideapad 5 Ryzen 7 16 16 Gb 512 Gb,26677.0,16.0,512.0,SSD,Ryzen 7,0,,No especificado,No especificado,No especificado,AMD,16.0,Grande,0,0,0,0,0,0,0,0,5,4.0,9.0,80.0,0.0,0,False,False,False,False,False,False,False,False,False,False,False,False,False,False,True,False,False,False,False,False,False,False,False,False,False,22346.942275634836,4330.057724365164
Ordenador Portátil Asus Vivobook 16x I9 24 Gb 1 Tb Ssd 16,31738.0,24.0,1024.0,SSD,No especificado,0,,No especificado,No especificado,No especificado,Intel,16.0,Grande,0,0,0,0,0,0,0,0,6,4.584962500721156,10.0,144.0,0.0,0,False,False,True,False,False,False,False,False,False,False,False,False,False,False,False,False,False,False,False,False,False,False,False,False,False,36673.15025886632,-4935.150258866321
Ordenador Portátil Asus Vivobook 17.3 I9 16 Gb 1 Tb Ssd Wi-f,35278.0,16.0,1024.0,SSD,No especificado,0,17.3,No especificado,No especificado,No especificado,Intel,17.3,Grande,0,0,0,0,0,0,0,0,6,4.0,10.0,96.0,0.0,0,False,False,True,False,False,False,False,False,False,False,False,False,False,False,False,False,False,False,False,False,False,False,False,False,False,28415.371460074042,6862.628539925958
Ordenador Portátil Asus Vivobook 16 X 16 I9 24 Gb 1 Tb Ssd W,31738.0,24.0,1024.0,SSD,No especificado,0,,No especificado,No especificado,No especificado,Intel,16.0,Grande,0,0,0,0,0,0,0,0,6,4.584962500721156,10.0,144.0,0.0,0,False,False,True,False,False,False,False,False,False,False,False,False,False,False,False,False,False,False,False,False,False,False,False,False,False,36673.15025886632,-4935.150258866321
Ordenador Portátil Asus Vivobook 17.3 I9 24 Gb 1 Tb Ssd Wi-f,36760.0,24.0,1024.0,SSD,No especificado,0,17.3,No especificado,No especificado,No especificado,Intel,17.3,Grande,0,0,0,0,0,0,0,0,6,4.584962500721156,10.0,144.0,0.0,0,False,False,True,False,False,False,False,False,False,False,False,False,False,False,False,False,False,False,False,False,False,False,False,False,False,36673.15025886632,86.84974113367934
Laptop Hp 15.6  Fhd I7-1355u 16gb Ram 1tb Ssd Wi-fi 6,23022.0,16.0,1024.0,SSD,No especificado,0,15.6,Intel Core i7-1355U,10,13ª Gen (Raptor Lake),Intel,15.6,Estandar,0,0,0,0,0,0,0,0,5,4.0,10.0,80.0,0.0,0,False,False,False,False,False,False,False,True,False,False,False,False,False,False,False,False,False,False,False,False,False,False,False,False,False,23083.791095077275,-61.791095077274804
"Ordenador Portátil Hp 15.6 Intel Ultra 5 16 Gb 1,5 Tb Ssd Wi",25083.0,16.0,1536.0,SSD,No especificado,0,15.6,No especificado,No especificado,No especificado,Intel,15.6,Estandar,0,0,0,0,0,0,0,0,4,4.0,10.584962500721156,64.0,0.0,0,False,False,False,False,False,False,False,True,False,False,False,False,False,False,False,False,False,False,False,False,False,False,False,False,False,24016.3305732487,1066.6694267513012
Ordenador Portátil Asus Vivobook 17.3 I9 16 Gb 1 Tb Ssd Wifi,35278.0,16.0,1024.0,SSD,No especificado,0,17.3,No especificado,No especificado,No especificado,Intel,17.3,Grande,0,0,0,0,0,0,0,0,6,4.0,10.0,96.0,0.0,0,False,False,True,False,False,False,False,False,False,False,False,False,False,False,False,False,False,False,False,False,False,False,False,False,False,28415.371460074042,6862.628539925958
Portátil Lenovo Ideapad I5-13420h 16gb 512gb Ssd 16,24219.0,16.0,512.0,SSD,No especificado,0,,Intel Core i5-13420H,8,13ª Gen (Raptor Lake),Intel,16.0,Grande,0,0,0,0,0,0,0,0,4,4.0,9.0,64.0,0.0,0,False,False,False,False,False,False,False,False,False,False,False,False,False,False,True,False,False,False,False,False,False,False,False,False,False,18805.246120438092,5413.7538795619075
Ordenador Portátil Lenovo Ideapad I5-13420h 16 8 Gb 512 Gb S,19749.0,8.0,512.0,SSD,No especificado,0,16.8,Intel Core i5-13420H,8,13ª Gen (Raptor Lake),Intel,16.8,Grande,0,0,0,0,0,0,0,0,4,3.0,9.0,32.0,0.0,0,False,False,False,False,False,False,False,False,False,False,False,False,False,False,True,False,False,False,False,False,False,False,False,False,False,13321.441696988275,6427.558303011725
Ordenador Portátil Asus Vivobook 16 I9 24 Gb Ram 2 Tb Ssd Pl,37088.0,24.0,2048.0,SSD,No especificado,0,,No especificado,No especificado,No especificado,Intel,16.0,Grande,0,0,0,0,0,0,0,0,6,4.584962500721156,11.0,144.0,0.0,0,False,False,True,False,False,False,False,False,False,False,False,False,False,False,False,False,False,False,False,False,False,False,False,False,False,36241.59870915872,846.4012908412769
Ordenador Portátil Hp 15.6 Intel Ultra 5 32 Gb 2 Tb Ssd Win,36880.0,32.0,2048.0,SSD,No especificado,0,15.6,No especificado,No especificado,No especificado,Intel,15.6,Estandar,0,0,0,0,0,0,0,0,4,5.0,11.0,128.0,0.0,0,False,False,False,False,False,False,False,True,False,False,False,False,False,False,False,False,False,False,False,False,False,False,False,False,False,32317.846673964024,4562.153326035976
Ordenador Portátil Asus Vivobook 17.3 I9 24 Gb 1 Tb Ssd Wi-f,36764.0,24.0,1024.0,SSD,No especificado,0,17.3,No especificado,No especificado,No especificado,Intel,17.3,Grande,0,0,0,0,0,0,0,0,6,4.584962500721156,10.0,144.0,0.0,0,False,False,True,False,False,False,False,False,False,False,False,False,False,False,False,False,False,False,False,False,False,False,False,False,False,36673.15025886632,90.84974113367934
"Ordenador Portátil Hp 15.6 Intel Ultra 5 16 Gb 1,5 Tb Ssd Wi",25087.0,16.0,1536.0,SSD,No especificado,0,15.6,No especificado,No especificado,No especificado,Intel,15.6,Estandar,0,0,0,0,0,0,0,0,4,4.0,10.584962500721156,64.0,0.0,0,False,False,False,False,False,False,False,True,False,False,False,False,False,False,False,False,False,False,False,False,False,False,False,False,False,24016.3305732487,1070.6694267513012
Ordenador Portátil Lenovo V15 Gen 5 15.6 I7 16 Gb 2 Tb Ssd W,27947.0,16.0,2048.0,SSD,No especificado,0,15.6,No especificado,No especificado,No especificado,Intel,15.6,Estandar,0,0,0,0,0,0,0,0,5,4.0,11.0,80.0,0.0,0,False,False,False,False,False,False,False,False,False,False,False,False,False,False,True,False,False,False,False,False,False,False,False,False,False,28777.4622718059,-830.4622718059
Laptop Nimo N156 15.6  Fhd Ips I5-12450h 32gb 1tb Ssd,17180.0,32.0,1024.0,SSD,No especificado,0,15.6,Intel Core i5-12450H,8,12ª Gen (Alder Lake),Intel,15.6,Estandar,0,0,0,0,0,0,0,0,4,5.0,10.0,128.0,0.0,0,False,False,False,False,False,False,False,False,False,False,False,False,False,False,False,False,False,False,False,False,False,False,True,False,False,24058.37193764202,-6878.3719376420195
Portátil Gamer Msi Thin 15 I5-13420h 16gb 1tb Rtx4050,34052.0,16.0,1024.0,SSD,No especificado,1,,Intel Core i5-13420H,8,13ª Gen (Raptor Lake),Intel,,Estandar,0,1,0,0,0,0,0,2,4,4.0,10.0,64.0,32.0,2,False,False,False,False,False,False,False,False,False,False,False,False,False,False,False,False,False,False,False,True,False,False,False,False,False,23559.000333692107,10492.999666307893
Laptop Gamer Asus Tuf Ryzen 7 32gb Ram 1tb Ssd 18'',40790.0,32.0,1024.0,SSD,Ryzen 7,0,,No especificado,No especificado,No especificado,AMD,18.0,Grande,0,1,0,0,0,0,0,0,5,5.0,10.0,160.0,0.0,0,False,False,True,False,False,False,False,False,False,False,False,False,False,False,False,False,False,False,False,False,False,False,False,False,False,38943.47541502248,1846.5245849775165
Portátil Lenovo Ideapad I5-13420h 16gb 1tb Ssd 16,14043.0,16.0,1024.0,SSD,No especificado,0,,Intel Core i5-13420H,8,13ª Gen (Raptor Lake),Intel,16.0,Grande,0,0,0,0,0,0,0,0,4,4.0,10.0,64.0,0.0,0,False,False,False,False,False,False,False,False,False,False,False,False,False,False,True,False,False,False,False,False,False,False,False,False,False,18736.2382774187,-4693.238277418699
Laptop Asus Gamer Core I7 13620h 16gb 512gb Ssd 16 Wuxga,20652.0,16.0,512.0,SSD,Core I7,0,,Intel Core i7,No especificado,No especificado,Intel,16.0,Grande,0,1,0,0,0,0,0,0,5,4.0,9.0,80.0,0.0,0,False,False,True,False,False,False,False,False,False,False,False,False,False,False,False,False,False,False,False,False,False,False,False,False,False,31869.138735385015,-11217.138735385015
Laptop Lenovo V15 Gen 4 15.6'' Intel Core I5 40 Gb Ram 1 Tb,29706.0,40.0,1024.0,SSD,Core I5,0,15.6,Intel Core i5,No especificado,No especificado,Intel,15.6,Estandar,0,0,0,0,0,0,0,0,4,5.321928094887363,10.0,160.0,0.0,0,False,False,False,False,False,False,False,False,False,False,False,False,False,False,True,False,False,False,False,False,False,False,False,False,False,35606.00495380578,-5900.004953805779
"Laptop Lenovo Thinkpad P1 G3, Intel I9 10ma, 32gb 2tb, T2000 (Reacondicionado)",22200.0,32.0,2048.0,SSD,No especificado,0,,No especificado,No especificado,No especificado,Intel,,Estandar,1,0,1,0,0,0,0,0,6,5.0,11.0,192.0,0.0,0,False,False,False,False,False,False,False,False,False,False,False,False,False,False,True,False,False,False,False,False,False,False,False,False,False,24829.375942466435,-2629.375942466435
Laptop Dell Xps 9340 Plus Ultra 7 32gb 1tb Ssd Intel Arc Plateado - Excelente (Reacondicionado),20808.0,32.0,1024.0,SSD,No especificado,0,,No especificado,No especificado,No especificado,Intel,,Estandar,1,0,0,1,0,0,0,0,5,5.0,10.0,160.0,0.0,0,False,False,False,True,False,False,False,False,False,False,False,False,False,False,False,False,False,False,False,False,False,False,False,False,False,21224.538038748837,-416.5380387488367
"Asus TUF Gaming F15 15.6"" Core i5 8GB RAM 512GB SSD RTX 2050 Graphite Black",19499.0,8.0,512.0,SSD,Core I5,1,15.6,Intel Core i5,No especificado,No especificado,Intel,15.6,Estandar,0,1,0,0,0,0,0,2,4,3.0,9.0,32.0,16.0,2,False,False,True,False,False,False,False,False,False,False,False,False,False,False,False,False,False,False,False,False,False,False,False,False,False,19830.5436663974,-331.54366639739965
Laptop Gamer MSI Thin A15 NVIDIA GeForce RTX 4060 AMD Ryzen 7 16GB RAM 1TB SSD Windows 11 Home,36999.0,16.0,1024.0,SSD,Ryzen 7,1,,No especificado,No especificado,No especificado,AMD,,Estandar,0,1,0,0,0,0,0,3,5,4.0,10.0,80.0,48.0,3,False,False,False,False,False,False,False,False,False,False,False,False,False,False,False,False,False,False,False,True,False,False,False,False,False,32738.199954300333,4260.800045699667
Asus Rog Strix G16 16 Amd Ryzen 9 Hx 16gb Rtx5070ti 1tb Ssd,58999.0,16.0,1024.0,SSD,Ryzen 9,1,,No especificado,No especificado,No especificado,AMD,16.0,Grande,0,1,0,0,0,0,0,4,6,4.0,10.0,96.0,64.0,4,False,False,True,False,False,False,False,False,False,False,False,False,False,False,False,False,False,False,False,False,False,False,False,False,False,42692.04251497114,16306.957485028863
Asus Expertbook 14in Corei5 13420h Ram 16gb 512gb Ssd,13499.0,16.0,512.0,SSD,Corei5,0,14.0,Intel Core i5-13420H,8,13ª Gen (Raptor Lake),Intel,14.0,Estandar,0,0,0,0,0,0,0,0,4,4.0,9.0,64.0,0.0,0,False,False,True,False,False,False,False,False,False,False,False,False,False,False,False,False,False,False,False,False,False,False,False,False,False,19870.13918781208,-6371.139187812081
"Laptop Huawei Matebook D 16 ,  Core I5 12th , 16gb , 1tb",9990.0,16.0,1024.0,SSD,Core I5,0,,Intel Core i5,No especificado,No especificado,Intel,16.0,Grande,0,0,0,0,0,0,0,0,4,4.0,10.0,64.0,0.0,0,False,False,False,False,False,False,False,False,True,False,False,False,False,False,False,False,False,False,False,False,False,False,False,False,False,20710.38887164435,-10720.38887164435
"Ultrabook Dell Xps 15 9500, Core I7, 16 Gb, 512 Ssd, Nvidia",11980.0,16.0,512.0,SSD,Core I7,0,,Intel Core i7,No especificado,No especificado,Intel,16.0,Grande,0,0,0,1,0,0,0,0,5,4.0,9.0,80.0,0.0,0,False,False,False,True,False,False,False,False,False,False,False,False,False,False,False,False,False,False,False,False,False,False,False,False,False,19041.088162277614,-7061.088162277614
Laptop Dell 5421 Core I5 11500h 16gb Ram 256gb Ssd 11th,5849.0,16.0,256.0,SSD,Core I5,0,,Intel Core i5,No especificado,No especificado,Intel,,Estandar,0,0,0,0,0,0,0,0,4,4.0,8.0,64.0,0.0,0,False,False,False,True,False,False,False,False,False,False,False,False,False,False,False,False,False,False,False,False,False,False,False,False,False,9951.66650847627,-4102.66650847627
Lenovo Ideapad Slim 3 Intel Core I5 8gb Ram 512gb Ssd,8850.0,8.0,512.0,SSD,Core I5,0,,Intel Core i5,No especificado,No especificado,Intel,,Estandar,0,0,0,0,0,0,0,0,4,3.0,9.0,32.0,0.0,0,False,False,False,False,False,False,False,False,False,False,False,False,False,False,True,False,False,False,False,False,False,False,False,False,False,13321.441696988275,-4471.441696988275
Laptop Gamer Dell G5 Ryzen 5 16gb Rx5600m 6gb Ssd 512gb,8299.0,16.0,512.0,SSD,Ryzen 5,0,,AMD Ryzen 5,No especificado,No especificado,AMD,,Estandar,0,1,0,0,0,0,0,0,4,4.0,9.0,64.0,0.0,0,False,False,False,True,False,False,False,False,False,False,False,False,False,False,False,False,False,False,False,False,False,False,False,False,False,18631.784060503443,-10332.784060503443
"Macbook Pro 16 Pulgadas, 16ram Intel I9, 2tb 5600m 8gb Video",20500.0,8.0,2048.0,SSD,No especificado,0,16.0,No especificado,No especificado,No especificado,Intel,16.0,Grande,0,0,0,1,0,0,1,0,6,3.0,11.0,48.0,0.0,0,False,True,False,False,False,False,False,False,False,False,False,False,False,False,False,False,False,False,False,False,False,False,False,False,False,22448.178454614826,-1948.1784546148265
Acer Aspire A315-51 15' Core I3-7th 8gb Ram 500gb +128gb Ssd,3499.0,8.0,128.0,SSD,Core I3,0,,Intel Core i3,No especificado,No especificado,Intel,,Estandar,0,0,0,0,0,0,0,0,3,3.0,7.0,24.0,0.0,0,False,False,False,False,False,False,False,False,False,False,False,False,False,False,False,False,False,False,False,False,False,False,False,False,False,8128.071436485994,-4629.071436485994
Apple Macbook Pro Core I7 16gb Ram 512gb Ssd Radeon 4gb,8500.0,16.0,512.0,SSD,Core I7,0,,Intel Core i7,No especificado,No especificado,Intel,,Estandar,0,0,0,1,0,0,1,1,5,4.0,9.0,80.0,16.0,0,False,True,False,False,False,False,False,False,False,False,False,False,False,False,False,False,False,False,False,False,False,False,False,False,False,15634.512196331925,-7134.512196331925
Apple Macbook Pro 16 2019 Core I7 16gb 512gb Ssd Radeon Pro,18778.0,16.0,512.0,SSD,Core I7,0,,Intel Core i7,No especificado,No especificado,Intel,16.0,Grande,0,0,0,1,0,0,1,1,5,4.0,9.0,80.0,16.0,0,False,True,False,False,False,False,False,False,False,False,False,False,False,False,False,False,False,False,False,False,False,False,False,False,False,15634.512196331925,3143.487803668075
Laptop Gamer Alienware M16 R1 Intel I7 32gb 1tb Rtx 4070,29899.0,32.0,1024.0,SSD,No especificado,1,,Apple M1,8,Apple Silicon (1ª Gen),Apple,,Estandar,0,1,0,0,0,0,0,4,5,5.0,10.0,160.0,128.0,4,True,False,False,False,False,False,False,False,False,False,False,False,False,False,False,False,False,False,False,False,False,False,False,False,False,38770.67953282827,-8871.679532828268
"Laptop Alienware M15 Amd Ryzen 7 16gb Ram 512gb Ssd, Negro",20000.0,16.0,512.0,SSD,Ryzen 7,0,,Apple M1,8,Apple Silicon (1ª Gen),Apple,,Estandar,0,1,0,0,0,0,0,0,5,4.0,9.0,80.0,0.0,0,True,False,False,False,False,False,False,False,False,False,False,False,False,False,False,False,False,False,False,False,False,False,False,False,False,25966.311825159555,-5966.311825159555
Macbook Pro Core I7 Radeon 4gb 16 Ram 512 Ssd 15.4 Touchbar,9000.0,4.0,512.0,SSD,Core I7,0,15.4,Intel Core i7,No especificado,No especificado,Intel,15.4,Estandar,0,0,0,1,1,0,1,1,5,2.0,9.0,20.0,4.0,0,False,True,False,False,False,False,False,False,False,False,False,False,False,False,False,False,False,False,False,False,False,False,False,False,False,15324.310717046767,-6324.3107170467665
"Lenovo Thinkpad L580 15.6' Core I5-8th, 8gb Ram, 256gb Ssd",5499.0,8.0,256.0,SSD,Core I5,0,15.6,Intel Core i5,No especificado,No especificado,Intel,15.6,Estandar,0,0,0,0,0,0,0,0,4,3.0,8.0,32.0,0.0,0,False,False,False,False,False,False,False,False,False,False,False,False,False,False,True,False,False,False,False,False,False,False,False,False,False,13015.447442431576,-7516.447442431576
Dell G15 5515 Ryzen 7 5800h 32gb 1tb Rtx3050ti Gray,18499.0,32.0,1024.0,SSD,Ryzen 7,1,,AMD Ryzen 7 5800H,8,Serie 5000 (Zen 3),AMD,,Estandar,0,1,0,0,0,0,0,2,5,5.0,10.0,160.0,64.0,2,False,False,False,True,False,False,False,False,False,False,False,False,False,False,False,False,False,False,False,False,False,False,False,False,False,26018.761419642866,-7519.761419642866
"Macbook Pro A1990 15.4  Core I9, 32 Gb Ram, 1 Tb Ssd Amd 4 G",19000.0,32.0,1024.0,SSD,Core I9,0,15.4,No especificado,No especificado,No especificado,Intel,15.4,Estandar,0,0,0,1,0,0,1,0,6,5.0,10.0,192.0,0.0,0,False,True,False,False,False,False,False,False,False,False,False,False,False,False,False,False,False,False,False,False,False,False,False,False,False,26720.662776250505,-7720.662776250505
"Dell Latitude 5411, 14, Core I7-10850h, 16 Gb, 256 Ssd",4950.0,16.0,256.0,SSD,Core I7,0,,Intel Core i7,No especificado,No especificado,Intel,14.0,Estandar,0,0,1,0,0,0,0,0,5,4.0,8.0,80.0,0.0,0,False,False,False,True,False,False,False,False,False,False,False,False,False,False,False,False,False,False,False,False,False,False,False,False,False,10131.04952976191,-5181.049529761911
Laptop Gamer Msi Thin Gf63 Rtx 2050 Core I5 8gb Ram 1tb Ssd,21999.0,8.0,1024.0,SSD,Core I5,1,,Intel Core i5,No especificado,No especificado,Intel,,Estandar,0,1,0,0,0,0,0,2,4,3.0,10.0,32.0,16.0,2,False,False,False,False,False,False,False,False,False,False,False,False,False,False,False,False,False,False,False,True,False,False,False,False,False,22005.628149531014,-6.62814953101406
Laptop Nimo N156 15.6  Fhd Ips I5-12450h 32gb 1tb Ssd,17565.0,32.0,1024.0,SSD,No especificado,0,15.6,Intel Core i5-12450H,8,12ª Gen (Alder Lake),Intel,15.6,Estandar,0,0,0,0,0,0,0,0,4,5.0,10.0,128.0,0.0,0,False,False,False,False,False,False,False,False,False,False,False,False,False,False,False,False,False,False,False,False,False,False,True,False,False,24058.37193764202,-6493.3719376420195
"Ordenador Portátil Asus Vivobook 16 I9 16 Gb Ram 1,5 Tb Ssd",32016.0,16.0,1536.0,SSD,No especificado,0,,No especificado,No especificado,No especificado,Intel,16.0,Grande,0,0,0,0,0,0,0,0,6,4.0,10.584962500721156,96.0,0.0,0,False,False,True,False,False,False,False,False,False,False,False,False,False,False,False,False,False,False,False,False,False,False,False,False,False,29988.193876753,2027.806123246999
Laptop Hp 15.6  Fhd I7-1355u 16gb Ram 1tb Ssd Wi-fi 6,24037.0,16.0,1024.0,SSD,No especificado,0,15.6,Intel Core i7-1355U,10,13ª Gen (Raptor Lake),Intel,15.6,Estandar,0,0,0,0,0,0,0,0,5,4.0,10.0,80.0,0.0,0,False,False,False,False,False,False,False,True,False,False,False,False,False,False,False,False,False,False,False,False,False,False,False,False,False,23083.791095077275,953.2089049227252
Ordenador Portátil Asus Vivobook 16 Ryzen 7 12 Gb 512 Gb Ssd,20787.0,12.0,512.0,SSD,Ryzen 7,0,,No especificado,No especificado,No especificado,AMD,16.0,Grande,0,0,0,0,0,0,0,0,5,3.584962500721156,9.0,60.0,0.0,0,False,False,True,False,False,False,False,False,False,False,False,False,False,False,False,False,False,False,False,False,False,False,False,False,False,17410.142130233446,3376.8578697665544
Ordenador Portátil Lenovo V14 G4 14 Fhd I7 16 Gb Ram 512 Gb,20072.0,16.0,512.0,SSD,No especificado,0,,No especificado,No especificado,No especificado,Intel,14.0,Estandar,0,0,0,0,0,0,0,0,5,4.0,9.0,80.0,0.0,0,False,False,False,False,False,False,False,False,False,False,False,False,False,False,True,False,False,False,False,False,False,False,False,False,False,22346.942275634836,-2274.942275634836
Portátil Lenovo Ideapad I5-13420h 16  8gb 512gb Ssd,20430.0,8.0,512.0,SSD,No especificado,0,,Intel Core i5-13420H,8,13ª Gen (Raptor Lake),Intel,16.0,Grande,0,0,0,0,0,0,0,0,4,3.0,9.0,32.0,0.0,0,False,False,False,False,False,False,False,False,False,False,False,False,False,False,True,False,False,False,False,False,False,False,False,False,False,13321.441696988275,7108.558303011725
Notebook Nimo N158 Ryzen 7 8745hs 64 Gb 1 Tb Ssd 15.6,29430.0,64.0,1024.0,SSD,Ryzen 7,0,15.6,No especificado,No especificado,No especificado,AMD,15.6,Estandar,0,0,0,0,0,0,0,0,5,6.0,10.0,320.0,0.0,0,False,False,False,False,False,False,False,False,False,False,False,False,False,False,False,False,False,False,False,False,False,False,True,False,False,26446.855260143457,2983.1447398565433
Portátil Hp Victus 15.6  I5-13420h 16gb 2tb Rtx4050 Windo,38795.0,16.0,2048.0,SSD,No especificado,1,15.6,Intel Core i5-13420H,8,13ª Gen (Raptor Lake),Intel,15.6,Estandar,0,1,0,0,0,0,0,2,4,4.0,11.0,64.0,32.0,2,False,False,False,False,False,False,False,True,False,False,False,False,False,False,False,False,False,False,False,False,False,False,False,False,False,34761.155536489976,4033.844463510024
"Ordenador Portátil Hp 15.6 Intel Ultra 5 8 Gb 1,5 Tb Ssd Win",20997.0,8.0,1536.0,SSD,No especificado,0,15.6,No especificado,No especificado,No especificado,Intel,15.6,Estandar,0,0,0,0,0,0,0,0,4,3.0,10.584962500721156,32.0,0.0,0,False,False,False,False,False,False,False,True,False,False,False,False,False,False,False,False,False,False,False,False,False,False,False,False,False,20020.5063201832,976.4936798167982
Ordenador Portátil Asus Vivobook 16 I9 24 Gb Ram 2 Tb Ssd Pl,38371.0,24.0,2048.0,SSD,No especificado,0,,No especificado,No especificado,No especificado,Intel,16.0,Grande,0,0,0,0,0,0,0,0,6,4.584962500721156,11.0,144.0,0.0,0,False,False,True,False,False,False,False,False,False,False,False,False,False,False,False,False,False,False,False,False,False,False,False,False,False,36241.59870915872,2129.401290841277
Ordenador Portátil Hp Victus 15 15.6 Ryzen 5 16 Gb 1 Tb Ssd,33722.0,16.0,1024.0,SSD,Ryzen 5,0,15.6,AMD Ryzen 5,No especificado,No especificado,AMD,15.6,Estandar,0,1,0,0,0,0,0,0,4,4.0,10.0,64.0,0.0,0,False,False,False,False,False,False,False,True,False,False,False,False,False,False,False,False,False,False,False,False,False,False,False,False,False,31212.022731086705,2509.977268913295
Portátil Hp 15.6  Intel Ultra 5 16gb 1.5tb Ssd Con Windows,25953.0,16.0,1536.0,SSD,No especificado,0,15.6,No especificado,No especificado,No especificado,Intel,15.6,Estandar,0,0,0,0,0,0,0,0,4,4.0,10.584962500721156,64.0,0.0,0,False,False,False,False,False,False,False,True,False,False,False,False,False,False,False,False,False,False,False,False,False,False,False,False,False,24016.3305732487,1936.6694267513012
Ordenador Portátil Asus Vivobook 17.3 I9 16 Gb 1 Tb Ssd Wifi,36501.0,16.0,1024.0,SSD,No especificado,0,17.3,No especificado,No especificado,No especificado,Intel,17.3,Grande,0,0,0,0,0,0,0,0,6,4.0,10.0,96.0,0.0,0,False,False,True,False,False,False,False,False,False,False,False,False,False,False,False,False,False,False,False,False,False,False,False,False,False,28415.371460074042,8085.628539925958
Ordenador Portátil Asus Vivobook 17.3 I9 16 Gb 1 Tb Ssd Wi-f,38035.0,16.0,1024.0,SSD,No especificado,0,17.3,No especificado,No especificado,No especificado,Intel,17.3,Grande,0,0,0,0,0,0,0,0,6,4.0,10.0,96.0,0.0,0,False,False,True,False,False,False,False,False,False,False,False,False,False,False,False,False,False,False,False,False,False,False,False,False,False,28415.371460074042,9619.628539925958
Ordenador Portátil Asus Vivobook 16 X 16 I9 24 Gb 1 Tb Ssd W,32839.0,24.0,1024.0,SSD,No especificado,0,,No especificado,No especificado,No especificado,Intel,16.0,Grande,0,0,0,0,0,0,0,0,6,4.584962500721156,10.0,144.0,0.0,0,False,False,True,False,False,False,False,False,False,False,False,False,False,False,False,False,False,False,False,False,False,False,False,False,False,36673.15025886632,-3834.1502588663207
Laptop Dell Latitude 7490 Core I5 8th Ram8gb Ddr3  Ssd 256gb (Reacondicionado),4200.0,8.0,256.0,SSD,Core I5,0,,Intel Core i5,No especificado,No especificado,Intel,,Estandar,1,0,1,0,0,0,0,0,4,3.0,8.0,32.0,0.0,0,False,False,False,True,False,False,False,False,False,False,False,False,False,False,False,False,False,False,False,False,False,False,False,False,False,8680.155021776607,-4480.155021776607
Laptops Intel 4405u 16gb Ram 1024gb Ssd Windows11 Pro 14.1',6618.0,16.0,1024.0,SSD,No especificado,0,14.1,No especificado,No especificado,No especificado,Intel,14.1,Estandar,0,0,0,0,0,0,0,0,2,4.0,10.0,32.0,0.0,0,False,False,False,False,False,False,False,False,False,False,False,False,False,False,False,False,False,False,False,False,False,False,True,False,False,11800.215228697285,-5182.215228697285
Kit Laptop Lenovo Core I5 Ram 8gb Ssd 512gb Garantia 3 Años,22499.0,8.0,512.0,SSD,Core I5,0,,Intel Core i5,No especificado,No especificado,Intel,,Estandar,0,0,0,0,0,0,0,0,4,3.0,9.0,32.0,0.0,0,False,False,False,False,False,False,False,False,False,False,False,False,False,False,True,False,False,False,False,False,False,False,False,False,False,13321.441696988275,9177.558303011725
Portátil Lenovo Ideapad 16  I5-13420h 8gb 512gb Ssd,19746.0,8.0,512.0,SSD,No especificado,0,,Intel Core i5-13420H,8,13ª Gen (Raptor Lake),Intel,16.0,Grande,0,0,0,0,0,0,0,0,4,3.0,9.0,32.0,0.0,0,False,False,False,False,False,False,False,False,False,False,False,False,False,False,True,False,False,False,False,False,False,False,False,False,False,13321.441696988275,6424.558303011725
"Laptop Lenovo ThinkPad Z16 de 16"" Plateada con Ryzen 7 PRO, 16 GB de RAM y 512 GB SSD",39999.0,16.0,512.0,SSD,Ryzen 7,0,16.0,No especificado,No especificado,No especificado,AMD,16.0,Grande,0,0,0,0,0,0,0,0,5,4.0,9.0,80.0,0.0,0,False,False,False,False,False,False,False,False,False,False,False,False,False,False,True,False,False,False,False,False,False,False,False,False,False,22346.942275634836,17652.057724365164
Laptop Asus Vivobook Core I5 8gb 512gb 16 Wuxga 2en1 Táctil,18056.0,8.0,512.0,SSD,Core I5,0,,Intel Core i5,No especificado,No especificado,Intel,16.0,Grande,0,0,0,0,1,0,0,0,4,3.0,9.0,32.0,0.0,0,False,False,True,False,False,False,False,False,False,False,False,False,False,False,False,False,False,False,False,False,False,False,False,False,False,15841.592596907196,2214.407403092804
Huawei Matebook D16 Intel I5-13420h 16gbram 512gbssd Sin So,20055.0,16.0,512.0,SSD,No especificado,0,,Intel Core i5-13420H,8,13ª Gen (Raptor Lake),Intel,16.0,Grande,0,0,0,0,0,0,0,0,4,4.0,9.0,64.0,0.0,0,False,False,False,False,False,False,False,False,True,False,False,False,False,False,False,False,False,False,False,False,False,False,False,False,False,18619.820634051463,1435.1793659485375
Laptop Gamer Asus Tuf A18 Rtx 5060 Ryzen 7 16gb Ddr5 1tb,36999.0,16.0,1024.0,SSD,Ryzen 7,1,,No especificado,No especificado,No especificado,AMD,,Estandar,0,1,0,0,0,0,0,3,5,4.0,10.0,80.0,48.0,3,False,False,True,False,False,False,False,False,False,False,False,False,False,False,False,False,False,False,False,False,False,False,False,False,False,30886.767786421962,6112.232213578038
Laptop Gamer Dell G15 5525 Ryzen 7-6800h 16gb 1tb Rtx3060 Gris,33490.0,16.0,1024.0,SSD,Ryzen 7,1,,No especificado,No especificado,No especificado,AMD,,Estandar,0,1,0,0,0,0,0,3,5,4.0,10.0,80.0,48.0,3,False,False,False,True,False,False,False,False,False,False,False,False,False,False,False,False,False,False,False,False,False,False,False,False,False,33566.14797350607,-76.14797350607114
Msi Cyborg 15  Core I5-12450h 16gb 1tb 15.6 Rtx 4050 6gb W11,16990.0,16.0,1024.0,SSD,Core I5,1,15.6,Intel Core i5-12450H,8,12ª Gen (Alder Lake),Intel,15.6,Estandar,0,1,0,0,0,0,0,2,4,4.0,10.0,64.0,32.0,2,False,False,False,False,False,False,False,False,False,False,False,False,False,False,False,False,False,False,False,True,False,False,False,False,False,23559.000333692107,-6569.000333692107
Portátil Lenovo Thinkbook 16 G7 Amd Ryzen 7 32gb 512gb Ssd,39179.0,32.0,512.0,SSD,Ryzen 7,0,,No especificado,No especificado,No especificado,AMD,16.0,Grande,0,0,0,0,0,0,0,0,5,5.0,9.0,160.0,0.0,0,False,False,False,False,False,False,False,False,False,False,False,False,False,False,True,False,False,False,False,False,False,False,False,False,False,32318.6864843923,6860.3135156077005
Laptop Msi Cyborg 15 Rtx5070 Core I7 13620h 1tb Ssd 32gb Fhd,38929.0,32.0,1024.0,SSD,Core I7,1,,Intel Core i7,No especificado,No especificado,Intel,,Estandar,0,1,0,0,0,0,0,4,5,5.0,10.0,160.0,128.0,4,False,False,False,False,False,False,False,False,False,False,False,False,False,False,False,False,False,False,False,True,False,False,False,False,False,36275.131675685414,2653.868324314586
Notebook gamer 15-EF2127WM 15.6 color silver 8 gb de ram 256 gb ssd AMD Ryzen 5 (Nuevo con caja abierta),10999.0,8.0,256.0,SSD,Ryzen 5,0,15.6,AMD Ryzen 5,No especificado,No especificado,AMD,15.6,Estandar,1,1,0,0,0,0,0,0,4,3.0,8.0,32.0,0.0,0,False,False,False,False,False,False,False,False,False,False,False,False,False,False,False,False,False,False,False,False,False,False,True,False,False,12479.695486348064,-1480.6954863480642
Laptop Gamer Gigabyte A16 Rtx 5050 Core I7 13620h 32gb 512gb,38999.0,32.0,512.0,SSD,Core I7,1,,Intel Core i7,No especificado,No especificado,Intel,,Estandar,0,1,0,0,0,0,0,0,5,5.0,9.0,160.0,0.0,0,False,False,False,False,False,True,False,False,False,False,False,False,False,False,False,False,False,False,False,False,False,False,False,False,False,32685.93302990428,6313.066970095719
Laptop Huawei Matebook 14 Ryzen 7 8gb 512gb Gris Espacial,10499.0,8.0,512.0,SSD,Ryzen 7,0,,No especificado,No especificado,No especificado,AMD,14.0,Estandar,0,0,0,0,0,0,0,0,5,3.0,9.0,40.0,0.0,0,False,False,False,False,False,False,False,False,True,False,False,False,False,False,False,False,False,False,False,False,False,False,False,False,False,14135.41025138576,-3636.4102513857597
Laptop Gaming Hp Amd Ryzen 5 8gb 512gb Victus Gaming Color Negro,18299.0,8.0,512.0,SSD,Ryzen 5,0,,AMD Ryzen 5,No especificado,No especificado,AMD,,Estandar,0,1,0,0,0,0,0,0,4,3.0,9.0,32.0,0.0,0,False,False,False,False,False,False,False,True,False,False,False,False,False,False,False,False,False,False,False,False,False,False,False,False,False,15527.051462292788,2771.9485377072124
Laptop Asus Zenbook 14 Ux34 Intel Core Ultra 5 16gb 512gb Plateado,23999.0,16.0,512.0,SSD,No especificado,0,,No especificado,No especificado,No especificado,Intel,14.0,Estandar,0,0,0,1,0,0,0,0,4,4.0,9.0,64.0,0.0,0,False,False,True,False,False,False,False,False,False,False,False,False,False,False,False,False,False,False,False,False,False,False,False,False,False,24169.11167370911,-170.11167370911062
Hp Elitebook 840 G6 Core I5 8va Gen 8gb 256gb Ssd (Reacondicionado),6000.0,8.0,256.0,SSD,Core I5,0,,Intel Core i5,No especificado,No especificado,Intel,,Estandar,1,0,1,0,0,0,0,0,4,3.0,8.0,32.0,0.0,0,False,False,False,False,False,False,False,True,False,False,False,False,False,False,False,False,False,False,False,False,False,False,False,False,False,6052.241739805315,-52.241739805314864
Notebook Nimo N159 Ryzen 7 7735hs 16gb 512gb Ssd 15.6,38523.0,16.0,512.0,SSD,Ryzen 7,0,15.6,No especificado,No especificado,No especificado,AMD,15.6,Estandar,0,0,0,0,0,0,0,0,5,4.0,9.0,80.0,0.0,0,False,False,False,False,False,False,False,False,False,False,False,False,False,False,False,False,False,False,False,False,False,False,True,False,False,19148.189839699276,19374.810160300724
Portátil Lenovo Thinkbook 16 Gen 8 Intel Ultra 7 32gb 1tb,40106.0,32.0,1024.0,SSD,No especificado,0,,No especificado,No especificado,No especificado,Intel,16.0,Grande,0,0,0,0,0,0,0,0,5,5.0,10.0,160.0,0.0,0,False,False,False,False,False,False,False,False,False,False,False,False,False,False,True,False,False,False,False,False,False,False,False,False,False,42207.33955721285,-2101.33955721285
Dell Latitude 3400 Intel Core I5 8va Gen 8gb 128gb Ssd (Reacondicionado),6000.0,8.0,128.0,SSD,Core I5,0,,Intel Core i5,No especificado,No especificado,Intel,,Estandar,1,0,1,0,0,0,0,0,4,3.0,7.0,32.0,0.0,0,False,False,False,True,False,False,False,False,False,False,False,False,False,False,False,False,False,False,False,False,False,False,False,False,False,6679.207562950937,-679.2075629509372
Dell Inspiron 15 7579 Core I5 4gb 256gb Win11 Táctil (Reacondicionado),6500.0,4.0,256.0,SSD,Core I5,0,,Intel Core i5,No especificado,No especificado,Intel,,Estandar,1,0,0,0,1,0,0,0,4,2.0,8.0,16.0,0.0,0,False,False,False,True,False,False,False,False,False,False,False,False,False,False,False,False,False,False,False,False,False,False,False,False,False,5262.917609668111,1237.0823903318887
Lenovo Thinkpad E570 Core I5 8gb 240gb Ssd Win11 Pro (Reacondicionado),4800.0,8.0,240.0,SSD,Core I5,0,,Intel Core i5,No especificado,No especificado,Intel,,Estandar,1,0,0,0,0,0,0,0,4,3.0,7.906890595608519,32.0,0.0,0,False,False,False,False,False,False,False,False,False,False,False,False,False,False,True,False,False,False,False,False,False,False,False,False,False,5314.148096618093,-514.1480966180934
Dell Latitude 3590 Core I5 8gb 128gb Ssd Win11 Pro (Reacondicionado),5000.0,8.0,128.0,SSD,Core I5,0,,Intel Core i5,No especificado,No especificado,Intel,,Estandar,1,0,1,0,0,0,0,0,4,3.0,7.0,32.0,0.0,0,False,False,False,True,False,False,False,False,False,False,False,False,False,False,False,False,False,False,False,False,False,False,False,False,False,6679.207562950937,-1679.2075629509372
Hp Probook 450 G6 Core I5 6gb 256gb Ssd Windows 11 Pro (Reacondicionado),7500.0,6.0,256.0,SSD,Core I5,0,,Intel Core i5,No especificado,No especificado,Intel,,Estandar,1,0,1,0,0,0,0,0,4,2.584962500721156,8.0,24.0,0.0,0,False,False,False,False,False,False,False,True,False,False,False,False,False,False,False,False,False,False,False,False,False,False,False,False,False,3572.3845038845666,3927.6154961154334
Laptop Nimo N153 Amd Ryzen 5 6600h 16gb Ddr5 1tb,23869.0,16.0,1024.0,SSD,Ryzen 5,0,,AMD Ryzen 5,No especificado,No especificado,AMD,,Estandar,0,0,0,0,0,0,0,0,4,4.0,10.0,64.0,0.0,0,False,False,False,False,False,False,False,False,False,False,False,False,False,False,False,False,False,False,False,False,False,False,True,False,False,19315.125031701642,4553.874968298358
Portatil Lenovo Loq Amd R5-7235hs 16 Gb 512 Gb Ssd Rtx4050 Gris (Nuevo con caja abierta),23000.0,16.0,512.0,SSD,No especificado,1,,No especificado,No especificado,No especificado,AMD,16.0,Grande,1,1,0,0,0,0,0,2,2,4.0,9.0,32.0,32.0,2,False,False,False,False,False,False,False,False,False,False,False,False,False,False,True,False,False,False,False,False,False,False,False,False,False,30224.18140155677,-7224.181401556769
MacBook Air Retina 13.3 Core I3 1.1ghz 8gb Ram 256 Gb Color Space Grey - Bueno (Reacondicionado),7799.0,8.0,256.0,SSD,Core I3,0,13.3,Intel Core i3,No especificado,No especificado,Intel,13.3,Ultraportatil,1,0,0,0,0,0,1,0,3,3.0,8.0,24.0,0.0,0,False,True,False,False,False,False,False,False,False,False,False,False,False,False,False,False,False,False,False,False,False,False,False,False,False,9708.620218864467,-1909.6202188644675
Asus Vivobook 16 Intel Core I9-13900h 16gb 1tb 11 Silver,27141.0,16.0,1024.0,SSD,Core I9,0,,No especificado,No especificado,No especificado,Intel,16.0,Grande,0,0,0,0,0,0,0,0,6,4.0,10.0,96.0,0.0,0,False,False,True,False,False,False,False,False,False,False,False,False,False,False,False,False,False,False,False,False,False,False,False,False,False,28415.371460074042,-1274.3714600740423
Notebook Gamer Asus Rog Zephyrus 14 Pulgadas Wqxga 120hz Amd Ryzen 9 6900hs 16 Gb Ram 1 Tb Ssd Radeon Rx 6700s 8 Gb Windows 11 Home,54192.0,16.0,1024.0,SSD,Ryzen 9,1,14.0,No especificado,No especificado,No especificado,AMD,14.0,Estandar,0,1,0,0,0,0,0,2,6,4.0,10.0,96.0,32.0,2,False,False,True,False,False,False,False,False,False,False,False,False,False,False,False,False,False,False,False,False,False,False,False,False,False,27632.96430541005,26559.03569458995
Apple Macbook Pro 15 A1990 I7 16gb 256gb Oficina (Reacondicionado),13999.0,16.0,256.0,SSD,No especificado,0,,No especificado,No especificado,No especificado,Apple,,Estandar,1,0,0,1,0,0,1,0,5,4.0,8.0,80.0,0.0,0,False,True,False,False,False,False,False,False,False,False,False,False,False,False,False,False,False,False,False,False,False,False,False,False,False,10710.708783730155,3288.291216269845
Laptop Lenovo Legion Intel I5 8gb Ram 512gb Sdd Rtx 2060 6gb,27999.0,8.0,512.0,SSD,No especificado,1,,No especificado,No especificado,No especificado,Intel,,Estandar,0,1,0,0,0,0,0,0,4,3.0,9.0,32.0,0.0,0,False,False,False,False,False,False,False,False,False,False,False,False,False,False,True,False,False,False,False,False,False,False,False,False,False,20070.912912078085,7928.087087921915
Laptop Nimo N179 Amd Ryzen 7 7735hs 8gb Ram 256gb,21094.0,8.0,256.0,SSD,Ryzen 7,0,,No especificado,No especificado,No especificado,AMD,,Estandar,0,0,0,0,0,0,0,0,5,3.0,8.0,40.0,0.0,0,False,False,False,False,False,False,False,False,False,False,False,False,False,False,False,False,False,False,False,False,False,False,True,False,False,16751.25063464244,4342.749365357558
Laptop Lenovo Thinkbook 16 Gen 7 Ryzen 5 16gb Ram 512gb Ssd,20777.0,16.0,512.0,SSD,Ryzen 5,0,,AMD Ryzen 5,No especificado,No especificado,AMD,16.0,Grande,0,0,0,0,0,0,0,0,4,4.0,9.0,64.0,0.0,0,False,False,False,False,False,False,False,False,False,False,False,False,False,False,True,False,False,False,False,False,False,False,False,False,False,18805.246120438092,1971.7538795619075
Laptop Alienware Geforce Rtx 4050 Ryzen 5 32gb 512gb 15.3,42899.0,32.0,512.0,SSD,Ryzen 5,1,15.3,AMD Ryzen 5,No especificado,No especificado,AMD,15.3,Estandar,0,1,0,0,0,0,0,2,4,5.0,9.0,128.0,64.0,2,True,False,False,False,False,False,False,False,False,False,False,False,False,False,False,False,False,False,False,False,False,False,False,False,False,32000.878289573164,10898.121710426836
Laptop Huawei Matebook D 16 Amd Ryzen 5 4600h 16gb 512gb Ssd Gris,19500.0,16.0,512.0,SSD,Ryzen 5,0,,AMD Ryzen 5,No especificado,No especificado,AMD,16.0,Grande,0,0,0,0,0,0,0,0,4,4.0,9.0,64.0,0.0,0,False,False,False,False,False,False,False,False,True,False,False,False,False,False,False,False,False,False,False,False,False,False,False,False,False,18619.820634051463,880.1793659485375
Laptop Gamer Acer Nitro V Rtx 5050 Core I5 24gb Ssd 512gb,26999.0,24.0,512.0,SSD,Core I5,1,,Intel Core i5,No especificado,No especificado,Intel,,Estandar,0,1,0,0,0,0,0,0,4,4.584962500721156,9.0,96.0,0.0,0,False,False,False,False,False,False,False,False,False,False,False,False,False,False,False,False,False,False,False,False,False,False,False,False,False,26731.40742359276,267.5925764072417
Laptop Acer Nitro 5 I5-12450h 8 Ram 512 Ssd Rtx 3050-4gb W11 Color Negro,17000.0,4.0,512.0,SSD,No especificado,1,,Intel Core i5-12450H,8,12ª Gen (Alder Lake),Intel,,Estandar,0,1,0,0,0,0,0,2,4,2.0,9.0,16.0,8.0,2,False,False,False,False,False,False,False,False,False,False,False,False,False,False,False,False,False,False,False,False,False,False,False,False,False,20815.80985021305,-3815.809850213049
Notebook Alienware 16 Aurora 16 Qhd 1tb / 32gb Ram Intel Core 7-240h Rtx5060,47995.0,32.0,1024.0,SSD,No especificado,1,,No especificado,No especificado,No especificado,Intel,16.0,Grande,0,1,0,0,0,0,0,3,2,5.0,10.0,64.0,96.0,3,True,False,False,False,False,False,False,False,False,False,False,False,False,False,False,False,False,False,False,False,False,False,False,False,False,49941.08328769841,-1946.0832876984132
"Msi Cyborg 15 Con Intel Core Ultra 7, 16 Gb , 1 Tb Rtx 5070",47141.0,16.0,1024.0,SSD,No especificado,1,,No especificado,No especificado,No especificado,Intel,16.0,Grande,0,1,0,0,0,0,0,4,5,4.0,10.0,80.0,64.0,4,False,False,False,False,False,False,False,False,False,False,False,False,False,False,False,False,False,False,False,True,False,False,False,False,False,40455.98568037519,6685.01431962481
Notebook Lenovo V14 Intel Core I7 24gb Ram 2tb,33524.0,24.0,2048.0,SSD,Core I7,0,,Intel Core i7,No especificado,No especificado,Intel,14.0,Estandar,0,0,0,0,0,0,0,0,5,4.584962500721156,11.0,120.0,0.0,0,False,False,False,False,False,False,False,False,False,False,False,False,False,False,True,False,False,False,False,False,False,False,False,False,False,31306.29625916704,2217.7037408329597
Notebook Asus F1605va Intel Core I9 16gb Ram 1tb,32477.0,16.0,1024.0,SSD,Core I9,0,,No especificado,No especificado,No especificado,Intel,,Estandar,0,0,0,0,0,0,0,0,6,4.0,10.0,96.0,0.0,0,False,False,True,False,False,False,False,False,False,False,False,False,False,False,False,False,False,False,False,False,False,False,False,False,False,28415.371460074042,4061.6285399259577
Notebook Lenovo V14 Intel Core I7 24gb Ram 1tb,30644.0,24.0,1024.0,SSD,Core I7,0,,Intel Core i7,No especificado,No especificado,Intel,14.0,Estandar,0,0,0,0,0,0,0,0,5,4.584962500721156,10.0,120.0,0.0,0,False,False,False,False,False,False,False,False,False,False,False,False,False,False,True,False,False,False,False,False,False,False,False,False,False,27583.894351004357,3060.1056489956427
Notebook Asus F1605va Intel Core I9 24gb Ram 2tb,37849.0,24.0,2048.0,SSD,Core I9,0,,No especificado,No especificado,No especificado,Intel,,Estandar,0,0,0,0,0,0,0,0,6,4.584962500721156,11.0,144.0,0.0,0,False,False,True,False,False,False,False,False,False,False,False,False,False,False,False,False,False,False,False,False,False,False,False,False,False,36241.59870915872,1607.401290841277
Notebook Lenovo V14 Intel Core I7 40gb Ram 2tb,38565.0,40.0,2048.0,SSD,Core I7,0,,Intel Core i7,No especificado,No especificado,Intel,14.0,Estandar,0,0,0,0,0,0,0,0,5,5.321928094887363,11.0,200.0,0.0,0,False,False,False,False,False,False,False,False,False,False,False,False,False,False,True,False,False,False,False,False,False,False,False,False,False,37845.47241614559,719.5275838544112
Nimo N158 Laptop Amd Ryzen 7 8745hs 32gb Ram 2tb,32922.0,32.0,2048.0,SSD,Ryzen 7,0,,No especificado,No especificado,No especificado,AMD,,Estandar,0,0,0,0,0,0,0,0,5,5.0,11.0,160.0,0.0,0,False,False,False,False,False,False,False,False,False,False,False,False,False,False,False,False,False,False,False,False,False,False,True,False,False,28628.968851784855,4293.031148215145
Laptop Nimo N158 Amd Ryzen 7 8745hs 16gb Ram 1tb,37483.0,16.0,1024.0,SSD,Ryzen 7,0,,No especificado,No especificado,No especificado,AMD,,Estandar,0,0,0,0,0,0,0,0,5,4.0,10.0,80.0,0.0,0,False,False,False,False,False,False,False,False,False,False,False,False,False,False,False,False,False,False,False,False,False,False,True,False,False,26000.175192952367,11482.824807047633
Laptop Asus Vivobook S16 Oled Intel Core Ultra 9 16gb 1tb,39920.0,16.0,1024.0,SSD,No especificado,0,,No especificado,No especificado,No especificado,Intel,,Estandar,0,0,0,0,0,1,0,0,6,4.0,10.0,96.0,0.0,0,False,False,True,False,False,False,False,False,False,False,False,False,False,False,False,False,False,False,False,False,False,False,False,False,False,28415.371460074042,11504.628539925958
Notebook Hp Hp Intel Ultra 5 125h 16gb Ram 1tb,31440.0,16.0,1024.0,SSD,No especificado,0,,No especificado,No especificado,No especificado,Intel,,Estandar,0,0,0,0,0,0,0,0,4,4.0,10.0,64.0,0.0,0,False,False,False,False,False,False,False,True,False,False,False,False,False,False,False,False,False,False,False,False,False,False,False,False,False,21253.870278577335,10186.129721422665
Notebook Hp Intel Ultra 5 125h 16gb Ram 1.5tb,26984.0,16.0,1536.0,SSD,No especificado,0,,No especificado,No especificado,No especificado,Intel,,Estandar,0,0,0,0,0,0,0,0,4,4.0,10.584962500721156,64.0,0.0,0,False,False,False,False,False,False,False,True,False,False,False,False,False,False,False,False,False,False,False,False,False,False,False,False,False,24016.3305732487,2967.669426751301
Notebook Lenovo V14 Intel Core I7 40gb Ram 1tb,32905.0,40.0,1024.0,SSD,Core I7,0,,Intel Core i7,No especificado,No especificado,Intel,14.0,Estandar,0,0,0,0,0,0,0,0,5,5.321928094887363,10.0,200.0,0.0,0,False,False,False,False,False,False,False,False,False,False,False,False,False,False,True,False,False,False,False,False,False,False,False,False,False,38165.19945204025,-5260.199452040251
Niakun Laptop Intel Core I9 11900h 32gb Ram 1tb,24900.0,32.0,1024.0,SSD,Core I9,0,,No especificado,No especificado,No especificado,Intel,,Estandar,0,0,0,0,0,0,0,0,6,5.0,10.0,192.0,0.0,0,False,False,False,False,False,False,False,False,False,False,False,False,False,False,False,False,False,False,False,False,False,False,True,False,False,28336.424308896127,-3436.4243088961266
Notebook Hp Intel Ultra 5 125h 32gb Ddr5 1tb Ssd,39538.0,32.0,1024.0,SSD,No especificado,0,,No especificado,No especificado,No especificado,Intel,,Estandar,0,0,0,0,0,0,0,0,4,5.0,10.0,128.0,0.0,0,False,False,False,False,False,False,False,True,False,False,False,False,False,False,False,False,False,False,False,False,False,False,False,False,False,23109.239698028472,16428.760301971528
Laptop Nimo N158 Amd Ryzen 7 8745hs 32gb Ram 1tb,30474.0,32.0,1024.0,SSD,Ryzen 7,0,,No especificado,No especificado,No especificado,AMD,,Estandar,0,0,0,0,0,0,0,0,5,5.0,10.0,160.0,0.0,0,False,False,False,False,False,False,False,False,False,False,False,False,False,False,False,False,False,False,False,False,False,False,True,False,False,26665.939087856965,3808.0609121430352
Nimo N158 Laptop Amd Ryzen 7 8745hs 32gb Ram 1tb,30474.0,32.0,1024.0,SSD,Ryzen 7,0,,No especificado,No especificado,No especificado,AMD,,Estandar,0,0,0,0,0,0,0,0,5,5.0,10.0,160.0,0.0,0,False,False,False,False,False,False,False,False,False,False,False,False,False,False,False,False,False,False,False,False,False,False,True,False,False,26665.939087856965,3808.0609121430352
Nimo N173 Laptop Amd Ryzen 5 6600h 32gb Ram 1tb,25790.0,32.0,1024.0,SSD,Ryzen 5,0,,AMD Ryzen 5,No especificado,No especificado,AMD,,Estandar,0,0,0,0,0,0,0,0,4,5.0,10.0,128.0,0.0,0,False,False,False,False,False,False,False,False,False,False,False,False,False,False,False,False,False,False,False,False,False,False,True,False,False,24058.37193764202,1731.6280623579805
Nimo N159 Laptop Amd Ryzen 7 7735hs 16gb Ram 1tb,23551.0,16.0,1024.0,SSD,Ryzen 7,0,,No especificado,No especificado,No especificado,AMD,,Estandar,0,0,0,0,0,0,0,0,5,4.0,10.0,80.0,0.0,0,False,False,False,False,False,False,False,False,False,False,False,False,False,False,False,False,False,False,False,False,False,False,True,False,False,26000.175192952367,-2449.175192952367
Notebook Hp Intel Ultra 5 125h 8gb Ram 512gb Ssd,21890.0,8.0,512.0,SSD,No especificado,0,,No especificado,No especificado,No especificado,Intel,,Estandar,0,0,0,0,0,0,0,0,4,3.0,9.0,32.0,0.0,0,False,False,False,False,False,False,False,True,False,False,False,False,False,False,False,False,False,False,False,False,False,False,False,False,False,13053.852103794592,8836.147896205408
Macbook Pro 2019 15 Core I9 16 Gb Ram 512 Ssd (a1990),25500.0,16.0,512.0,SSD,Core I9,0,,No especificado,No especificado,No especificado,Intel,16.0,Grande,0,0,0,1,0,0,1,0,6,4.0,9.0,96.0,0.0,0,False,True,False,False,False,False,False,False,False,False,False,False,False,False,False,False,False,False,False,False,False,False,False,False,False,19951.14265853905,5548.857341460949
"Macbook Pro Apple, Intel Core I7, 16 Gb Ram, 512 Gb Ssd, 16",25000.0,16.0,512.0,SSD,Core I7,0,,Intel Core i7,No especificado,No especificado,Intel,16.0,Grande,0,0,0,1,0,0,1,0,5,4.0,9.0,80.0,0.0,0,False,True,False,False,False,False,False,False,False,False,False,False,False,False,False,False,False,False,False,False,False,False,False,False,False,18728.6177522295,6271.3822477705
Notebook Dell 3501 Core I5 15.6 Hd 16gb 500gb Gamer Color,10000.0,16.0,500.0,SSD,Core I5,0,15.6,Intel Core i5,No especificado,No especificado,Intel,15.6,Estandar,0,1,0,0,0,0,0,0,4,4.0,8.965784284662087,64.0,0.0,0,False,False,False,True,False,False,False,False,False,False,False,False,False,False,False,False,False,False,False,False,False,False,False,False,False,15580.921617505423,-5580.921617505423
Laptop Ideapad Intel Core I5 24gb Ram 1tb Ssd Lenovo,28000.0,24.0,1024.0,SSD,Core I5,0,,Intel Core i5,No especificado,No especificado,Intel,,Estandar,0,0,0,0,0,0,0,0,4,4.584962500721156,10.0,96.0,0.0,0,False,False,False,False,False,False,False,False,False,False,False,False,False,False,True,False,False,False,False,False,False,False,False,False,False,22589.60502148782,5410.39497851218
Laptop Gamer 14.1'' Intel N4000 12gb+512gb Ssd Full Win11pro,10499.0,12.0,512.0,SSD,Intel N4000,0,14.1,No especificado,No especificado,No especificado,Intel,14.1,Estandar,0,1,0,0,0,0,0,0,2,3.584962500721156,9.0,24.0,0.0,0,False,False,False,False,False,False,False,False,False,False,False,False,False,False,False,False,False,False,False,False,False,False,True,False,False,17744.963737542505,-7245.9637375425045
Apple Macbook Pro A1990 I7 16gb 250gb Ssd 2880x1800,12000.0,16.0,250.0,SSD,No especificado,0,,No especificado,No especificado,No especificado,Apple,,Estandar,0,0,0,1,0,0,1,0,5,4.0,7.965784284662087,80.0,0.0,0,False,True,False,False,False,False,False,False,False,False,False,False,False,False,False,False,False,False,False,False,False,False,False,False,False,10592.591959165831,1407.4080408341688
Laptop Hp 15-ef2024nr 15.6 Ryzen 3 5300u 8gb Ram 256gb Ssd,7500.0,8.0,256.0,SSD,Ryzen 3,0,15.6,AMD Ryzen 3 5300U,4,Serie 5000 (Zen 2),AMD,15.6,Estandar,0,0,0,0,0,0,0,0,3,3.0,8.0,24.0,0.0,0,False,False,False,False,False,False,False,True,False,False,False,False,False,False,False,False,False,False,False,False,False,False,False,False,False,10454.363186473598,-2954.363186473598
Laptop Dell 3000 Core I5 15.6 Hd 8gb 256 Ssd G Color Plat,10800.0,8.0,256.0,SSD,Core I5,0,15.6,Intel Core i5,No especificado,No especificado,Intel,15.6,Estandar,0,0,0,0,0,0,0,0,4,3.0,8.0,32.0,0.0,0,False,False,False,True,False,False,False,False,False,False,False,False,False,False,False,False,False,False,False,False,False,False,False,False,False,9346.7119922848,1453.2880077152004
"Laptop Huawei Matebook 16, 2.5k, Ryzen 5, 16gb, 512gb, Gris",13880.0,16.0,512.0,SSD,Ryzen 5,0,,AMD Ryzen 5,No especificado,No especificado,AMD,16.0,Grande,0,0,0,0,0,0,0,0,4,4.0,9.0,64.0,0.0,0,False,False,False,False,False,False,False,False,True,False,False,False,False,False,False,False,False,False,False,False,False,False,False,False,False,18619.820634051463,-4739.820634051463
Asus Tuf A15 Ryzen 7 Nvidia Rtx 3050 16gb Ram 512gb Ssd,20000.0,16.0,512.0,SSD,Ryzen 7,1,,No especificado,No especificado,No especificado,AMD,,Estandar,0,1,0,0,0,0,0,2,5,4.0,9.0,80.0,32.0,2,False,False,True,False,False,False,False,False,False,False,False,False,False,False,False,False,False,False,False,False,False,False,False,False,False,26641.70390512481,-6641.70390512481
Laptop Gamer Ai Lenovo Loq Ryzen 5 Rtx 3050 8gb 512gb,17900.0,8.0,512.0,SSD,Ryzen 5,1,,AMD Ryzen 5,No especificado,No especificado,AMD,,Estandar,0,1,0,0,0,0,0,2,4,3.0,9.0,32.0,16.0,2,False,False,False,False,False,False,False,False,False,False,False,False,False,False,True,False,False,False,False,False,False,False,False,False,False,21038.932028049632,-3138.932028049632
Msi Thin 15 B13ve Gris I5 13420h 32gb 2tb Rtx 4050,15000.0,32.0,2048.0,SSD,No especificado,1,,Intel Core i5-13420H,8,13ª Gen (Raptor Lake),Intel,,Estandar,0,1,0,0,0,0,0,2,4,5.0,11.0,128.0,64.0,2,False,False,False,False,False,False,False,False,False,False,False,False,False,False,False,False,False,False,False,True,False,False,False,False,False,23758.72636715369,-8758.72636715369
Lenovo Loq Gamer Ai Ryzen 5 Rtx 3050 16gb 512gb + 1tb,23000.0,16.0,1024.0,SSD,Ryzen 5,1,,AMD Ryzen 5,No especificado,No especificado,AMD,,Estandar,0,1,0,0,0,0,0,2,4,4.0,10.0,64.0,32.0,2,False,False,False,False,False,False,False,False,False,False,False,False,False,False,True,False,False,False,False,False,False,False,False,False,False,28024.970307795957,-5024.970307795957
Hp Zbook Studio G9 Core I7 Vpro 12th 64gb 1tb Ssd Rtx A2000 (Reacondicionado),23500.0,64.0,1024.0,SSD,Core I7,1,,Intel Core i7,No especificado,No especificado,Intel,,Estandar,1,1,1,0,0,0,0,4,5,6.0,10.0,320.0,256.0,4,False,False,False,False,False,False,False,True,False,False,False,False,False,False,False,False,False,False,False,False,False,False,False,False,False,34430.9944345238,-10930.994434523796
Laptop Surface 4 13.5 Intel I7 16gb Ram 512gb Ssd,9592.0,16.0,512.0,SSD,No especificado,0,13.5,No especificado,No especificado,No especificado,Intel,13.5,Ultraportatil,0,0,0,0,0,0,0,0,5,4.0,9.0,80.0,0.0,0,False,False,False,False,False,False,False,False,False,False,False,False,False,False,False,False,False,False,False,False,False,False,True,False,False,19148.189839699276,-9556.189839699276
Laptop Dell Precision 3590 Core I7 Ultra 32gb 512gb Ssd,30000.0,32.0,512.0,SSD,Core I7,0,,Intel Core i7,No especificado,No especificado,Intel,,Estandar,0,0,1,0,0,0,0,0,5,5.0,9.0,160.0,0.0,0,False,False,False,True,False,False,False,False,False,False,False,False,False,False,False,False,False,False,False,False,False,False,False,False,False,25120.330348800388,4879.669651199612
Laptop Gamer Msi Raider Ge68 I9-14900 64gb Ram 4070 1tb (Reacondicionado),40000.0,64.0,1024.0,SSD,No especificado,0,,No especificado,No especificado,No especificado,Intel,,Estandar,1,1,0,0,0,0,0,0,6,6.0,10.0,384.0,0.0,0,False,False,False,False,False,False,False,False,False,False,False,False,False,False,False,False,False,False,False,True,False,False,False,False,False,33160.246714285706,6839.753285714294
Ordenador Portátil Asus Vivobook 15 I9 48 Gb Ram 2 Tb Ssd Wi,33209.0,48.0,2048.0,SSD,No especificado,0,,No especificado,No especificado,No especificado,Intel,,Estandar,0,0,0,0,0,0,0,0,6,5.584962500721156,11.0,288.0,0.0,0,False,False,True,False,False,False,False,False,False,False,False,False,False,False,False,False,False,False,False,False,False,False,False,False,False,34070.91016688035,-861.9101668803487
Ordenador Portátil Hp Victus 15.6 144 Hz Ryzen 5 16 Gb 1 Tb,32811.0,16.0,1024.0,SSD,Ryzen 5,0,15.6,AMD Ryzen 5,No especificado,No especificado,AMD,15.6,Estandar,0,1,0,0,0,0,0,0,4,4.0,10.0,64.0,0.0,0,False,False,False,False,False,False,False,True,False,False,False,False,False,False,False,False,False,False,False,False,False,False,False,False,False,31212.022731086705,1598.9772689132951
Laptop Gamer Acer Nitro 5 Ryzen 5 8gb 256ssd 1tb Hd Gtx1650,18000.0,8.0,1024.0,SSD,Ryzen 5,1,,AMD Ryzen 5,No especificado,No especificado,AMD,,Estandar,0,1,0,0,0,0,0,2,4,3.0,10.0,32.0,16.0,2,False,False,False,False,False,False,False,False,False,False,False,False,False,False,False,False,False,False,False,False,False,False,False,False,False,20114.372143265362,-2114.372143265362
Laptop Asus Vivobook S Core I5 12500h 8gb 512gb Ssd Verde,11500.0,8.0,512.0,SSD,Core I5,0,,Intel Core i5,No especificado,No especificado,Intel,,Estandar,0,0,0,0,0,0,0,0,4,3.0,9.0,32.0,0.0,0,False,False,True,False,False,False,False,False,False,False,False,False,False,False,False,False,False,False,False,False,False,False,False,False,False,15332.590178109807,-3832.5901781098073
Lenovo Ideapad Slim 3 15irh10 Intel Core I5 8gb 512gb Azul,12426.0,8.0,512.0,SSD,Core I5,0,,Intel Core i5,No especificado,No especificado,Intel,10.0,Ultraportatil,0,0,0,0,0,0,0,0,4,3.0,9.0,32.0,0.0,0,False,False,False,False,False,False,False,False,False,False,False,False,False,False,True,False,False,False,False,False,False,False,False,False,False,13321.441696988275,-895.441696988275
Notebook Asus Expertbook B1 Intel Core I7 16gb Ram 1tb Ssd,11000.0,16.0,1024.0,SSD,Core I7,0,,Intel Core i7,No especificado,No especificado,Intel,,Estandar,0,0,0,0,0,0,0,0,5,4.0,10.0,80.0,0.0,0,False,False,True,False,False,False,False,False,False,False,False,False,False,False,False,False,False,False,False,False,False,False,False,False,False,20676.14966273764,-9676.14966273764
"Laptop Dell Core I5 Octava Gen. 8ram, 2tb Nvidia 4gb Gamer P",12999.0,4.0,2048.0,SSD,Core I5,0,,Intel Core i5,No especificado,No especificado,Intel,,Estandar,0,1,0,0,0,0,0,0,4,2.0,11.0,16.0,0.0,0,False,False,False,True,False,False,False,False,False,False,False,False,False,False,False,False,False,False,False,False,False,False,False,False,False,27400.790357142858,-14401.790357142858
"Notebook Gamer MSI GF63 Thin de 15.6"" Full HD con Intel Core i5, 8GB de RAM y 256GB SSD",17000.0,8.0,256.0,SSD,Core I5,0,15.6,Intel Core i5,No especificado,No especificado,Intel,15.6,Estandar,0,1,0,0,0,0,0,0,4,3.0,8.0,32.0,0.0,0,False,False,False,False,False,False,False,False,False,False,False,False,False,False,False,False,False,False,False,True,False,False,False,False,False,16882.000678184042,117.99932181595796
Dell Latitude 7480 I7 32 Gb Ram 1tb Ssd Solildo,15000.0,32.0,1024.0,SSD,No especificado,0,,No especificado,No especificado,No especificado,Intel,,Estandar,0,0,1,0,0,0,0,0,5,5.0,10.0,160.0,0.0,0,False,False,False,True,False,False,False,False,False,False,False,False,False,False,False,False,False,False,False,False,False,False,False,False,False,24539.502562347407,-9539.502562347407
Acer Nitro V 15 Gamer Ryzen 5 7535hs 16gb 512gb Rtx 4050,32999.0,16.0,512.0,SSD,Ryzen 5,1,,AMD Ryzen 5,No especificado,No especificado,AMD,,Estandar,0,1,0,0,0,0,0,2,4,4.0,9.0,64.0,32.0,2,False,False,False,False,False,False,False,False,False,False,False,False,False,False,False,False,False,False,False,False,False,False,False,False,False,25415.008421523507,7583.991578476493
Portátil Lenovo Loq 15.6 Fhd 144 Hz Ryzen 7 16 Gb 512 Gb,34688.0,16.0,512.0,SSD,Ryzen 7,0,15.6,No especificado,No especificado,No especificado,AMD,15.6,Estandar,0,1,0,0,0,0,0,0,5,4.0,9.0,80.0,0.0,0,False,False,False,False,False,False,False,False,False,False,False,False,False,False,True,False,False,False,False,False,False,False,False,False,False,32882.166228564056,1805.833771435944
Laptop Asus Tuf Gaming A16 Ryzen 5 16gb 512gb 16'' Fhd+,23957.0,16.0,512.0,SSD,Ryzen 5,0,,AMD Ryzen 5,No especificado,No especificado,AMD,16.0,Grande,0,1,0,0,0,0,0,0,4,4.0,9.0,64.0,0.0,0,False,False,True,False,False,False,False,False,False,False,False,False,False,False,False,False,False,False,False,False,False,False,False,False,False,24981.08176836395,-1024.0817683639507
Laptop Nimo N158 Amd Ryzen 7 8745hs 32gb Ram 2tb,32922.0,32.0,2048.0,SSD,Ryzen 7,0,,No especificado,No especificado,No especificado,AMD,,Estandar,0,0,0,0,0,0,0,0,5,5.0,11.0,160.0,0.0,0,False,False,False,False,False,False,False,False,False,False,False,False,False,False,False,False,False,False,False,False,False,False,True,False,False,28628.968851784855,4293.031148215145
Laptop Gamer Lenovo Loq Rtx 5060 Ryzen 7 16gb 512gb 15.6,39999.0,16.0,512.0,SSD,Ryzen 7,1,15.6,No especificado,No especificado,No especificado,AMD,15.6,Estandar,0,1,0,0,0,0,0,3,5,4.0,9.0,80.0,48.0,3,False,False,False,False,False,False,False,False,False,False,False,False,False,False,True,False,False,False,False,False,False,False,False,False,False,37918.36670634918,2080.633293650819
Laptop Hp Victus 15.6  Fhd 144hz I5-12450h Rtx3050 16gb 1tb,29043.0,16.0,1024.0,SSD,No especificado,1,15.6,Intel Core i5-12450H,8,12ª Gen (Alder Lake),Intel,15.6,Estandar,0,1,0,0,0,0,0,2,4,4.0,10.0,64.0,32.0,2,False,False,False,False,False,False,False,True,False,False,False,False,False,False,False,False,False,False,False,False,False,False,False,False,False,31904.786530956895,-2861.786530956895
Asus Rog Zephyrus G14 3k Ryzen Ai 9 Hx370 32gb 1tb Rtx5070ti Blanco - Excelente (Reacondicionado),64000.0,32.0,1024.0,SSD,No especificado,1,,No especificado,No especificado,No especificado,AMD,,Estandar,1,1,0,0,0,0,0,4,2,5.0,10.0,64.0,128.0,4,False,False,True,False,False,False,False,False,False,False,False,False,False,False,False,False,False,False,False,False,False,False,False,False,False,54087.19813095238,9912.801869047616
Laptop Aoc Ams16 Amd Ryzen7 7735hs 16gb Ram 512gb Ssd 16,16799.0,16.0,512.0,SSD,Ryzen7,0,,No especificado,No especificado,No especificado,AMD,16.0,Grande,0,0,0,0,0,0,0,0,2,4.0,9.0,32.0,0.0,0,False,False,False,False,False,False,False,False,False,False,False,False,False,False,False,False,False,False,False,False,False,False,True,False,False,13966.324751055376,2832.6752489446244
Ordenador Portátil Hp Victus 15 I5-12450h/16 Gb/1 Tb Ssd 15.,30651.0,16.0,1024.0,SSD,No especificado,0,,Intel Core i5-12450H,8,12ª Gen (Alder Lake),Intel,16.0,Grande,0,1,0,0,0,0,0,0,4,4.0,10.0,64.0,0.0,0,False,False,False,False,False,False,False,True,False,False,False,False,False,False,False,False,False,False,False,False,False,False,False,False,False,31212.022731086705,-561.0227310867049
Laptop Lenovo Yoga Ai Ultra 16  2 En 1 Ryzen 7 16 Gb 512 Gb,28474.0,16.0,512.0,SSD,Ryzen 7,0,,No especificado,No especificado,No especificado,AMD,16.0,Grande,0,0,0,0,1,0,0,0,5,4.0,9.0,80.0,0.0,0,False,False,False,False,False,False,False,False,False,False,False,False,False,False,True,False,False,False,False,False,False,False,False,False,False,24262.873235058287,4211.126764941713
Lenovo Thinkpad P15v Core I7 10750h 32ram 512 Ssd Nvidia 4gb (Reacondicionado),17999.0,4.0,512.0,SSD,Core I7,0,,Intel Core i7,No especificado,No especificado,Intel,,Estandar,1,0,1,0,0,0,0,0,5,2.0,9.0,20.0,0.0,0,False,False,False,False,False,False,False,False,False,False,False,False,False,False,True,False,False,False,False,False,False,False,False,False,False,12484.400986440662,5514.599013559338
Laptop Asus Tuf Gaming A16 Ryzen 7 16gb 512gb Ssd 16,39103.0,16.0,512.0,SSD,Ryzen 7,0,,No especificado,No especificado,No especificado,AMD,16.0,Grande,0,1,0,0,0,0,0,0,5,4.0,9.0,80.0,0.0,0,False,False,True,False,False,False,False,False,False,False,False,False,False,False,False,False,False,False,False,False,False,False,False,False,False,31869.138735385015,7233.861264614985
Portátil Hp Victus 15.6  Fhd 144hz I5-13420h 16gb 1tb Rtx4,31142.0,16.0,1024.0,SSD,No especificado,1,15.6,Intel Core i5-13420H,8,13ª Gen (Raptor Lake),Intel,15.6,Estandar,0,1,0,0,0,0,0,0,4,4.0,10.0,64.0,0.0,0,False,False,False,False,False,False,False,True,False,False,False,False,False,False,False,False,False,False,False,False,False,False,False,False,False,31212.022731086705,-70.02273108670488
Laptop Gamer Hp Victus 15.6  I5-12450h 32gb Ram 1tb Ssd Rtx,34998.0,32.0,1024.0,SSD,No especificado,1,15.6,Intel Core i5-12450H,8,12ª Gen (Alder Lake),Intel,15.6,Estandar,0,1,0,0,0,0,0,0,4,5.0,10.0,128.0,0.0,0,False,False,False,False,False,False,False,True,False,False,False,False,False,False,False,False,False,False,False,False,False,False,False,False,False,35839.89417301604,-841.8941730160368
Laptop Lenovo Yoga Book 9 14iah10 Intel Core Ultra 7 32GB SSD 1TB con AI,61499.0,32.0,1024.0,SSD,No especificado,0,,No especificado,No especificado,No especificado,Intel,10.0,Ultraportatil,0,0,0,0,0,0,0,0,5,5.0,10.0,160.0,0.0,0,False,False,False,False,False,False,False,False,False,False,False,False,False,False,True,False,False,False,False,False,False,False,False,False,False,42207.33955721285,19291.66044278715
Laptop Gamer Asus Tuf A15 Ryzen 7 8gb Ram 512gb Ssd,23499.0,8.0,512.0,SSD,Ryzen 7,0,,No especificado,No especificado,No especificado,AMD,,Estandar,0,1,0,0,0,0,0,0,5,3.0,9.0,40.0,0.0,0,False,False,True,False,False,False,False,False,False,False,False,False,False,False,False,False,False,False,False,False,False,False,False,False,False,24335.97242122914,-836.9724212291403
Portátil Gamer Hp Victus 15 Ryzen 5 Rtx2050 16gb 512gb,21170.0,16.0,512.0,SSD,Ryzen 5,1,,AMD Ryzen 5,No especificado,No especificado,AMD,,Estandar,0,1,0,0,0,0,0,2,4,4.0,9.0,64.0,32.0,2,False,False,False,False,False,False,False,True,False,False,False,False,False,False,False,False,False,False,False,False,False,False,False,False,False,28253.427798596273,-7083.427798596273
Laptop Lenovo Ideapad Slim 3 15.3'' Ryzen 7 16gb 512gb Gris,15515.0,16.0,512.0,SSD,Ryzen 7,0,15.3,No especificado,No especificado,No especificado,AMD,15.3,Estandar,0,0,0,0,0,0,0,0,5,4.0,9.0,80.0,0.0,0,False,False,False,False,False,False,False,False,False,False,False,False,False,False,True,False,False,False,False,False,False,False,False,False,False,22346.942275634836,-6831.942275634836
Laptop Msi Thin 15 Rtx4050 Core I7 13620h 1tb Ssd 16gb Ddr4,24149.0,16.0,1024.0,SSD,Core I7,1,,Intel Core i7,No especificado,No especificado,Intel,,Estandar,0,1,0,0,0,0,0,2,5,4.0,10.0,80.0,32.0,2,False,False,False,False,False,False,False,False,False,False,False,False,False,False,False,False,False,False,False,True,False,False,False,False,False,26975.761091575394,-2826.761091575394
Laptop Ia Gamer Asus Tuf Rtx 5060 Ryzen 7 260 32gb 1tb 16,50399.0,32.0,1024.0,SSD,Ryzen 7,1,,No especificado,No especificado,No especificado,AMD,16.0,Grande,0,1,0,0,0,0,0,3,5,5.0,10.0,160.0,96.0,3,False,False,True,False,False,False,False,False,False,False,False,False,False,False,False,False,False,False,False,False,False,False,False,False,False,47825.563817460294,2573.4361825397064
Asus Rog Strix G16 Ryzen 9 Hx 64gb 2 Tb Ssd Rtx 5060,35000.0,64.0,2048.0,SSD,Ryzen 9,1,,No especificado,No especificado,No especificado,AMD,,Estandar,0,1,0,0,0,0,0,3,6,6.0,11.0,384.0,192.0,3,False,False,True,False,False,False,False,False,False,False,False,False,False,False,False,False,False,False,False,False,False,False,False,False,False,47630.97248809523,-12630.972488095227
Laptop Lenovo Ideapad Slim 3 15.3  Wuxga Corei7 24gb 1tb Ssd,23939.0,24.0,1024.0,SSD,Corei7,0,15.3,Intel Core i7,No especificado,No especificado,Intel,15.3,Estandar,0,0,0,0,0,0,0,0,5,4.584962500721156,10.0,120.0,0.0,0,False,False,False,False,False,False,False,False,False,False,False,False,False,False,True,False,False,False,False,False,False,False,False,False,False,27583.894351004357,-3644.8943510043573
Cyborg Laptop Intel I7 144hz Rtx 5060 32gb 512gb Ssd,14800.0,32.0,512.0,SSD,No especificado,1,,No especificado,No especificado,No especificado,Intel,,Estandar,0,1,0,0,0,0,0,3,5,5.0,9.0,160.0,96.0,3,False,False,False,False,False,False,False,False,False,False,False,False,False,False,False,False,False,False,False,False,False,False,True,False,False,32588.861305555558,-17788.861305555558
Laptop Msi Thin 15 I5 13420h 8gb Ram 512gb Ssd Rtx 3050,18499.0,8.0,512.0,SSD,No especificado,1,,Intel Core i5-13420H,8,13ª Gen (Raptor Lake),Intel,,Estandar,0,1,0,0,0,0,0,2,4,3.0,9.0,32.0,16.0,2,False,False,False,False,False,False,False,False,False,False,False,False,False,False,False,False,False,False,False,True,False,False,False,False,False,22560.460531295095,-4061.4605312950953
"Asus TUF Gaming F15 15.6"" Core i5 8GB RAM 512GB SSD RTX 2050 Graphite Black - Excelente (Reacondicionado)",10000.0,8.0,512.0,SSD,Core I5,1,15.6,Intel Core i5,No especificado,No especificado,Intel,15.6,Estandar,1,1,0,0,0,0,0,2,4,3.0,9.0,32.0,16.0,2,False,False,True,False,False,False,False,False,False,False,False,False,False,False,False,False,False,False,False,False,False,False,False,False,False,16083.91242316017,-6083.912423160171
Laptop Gamer 15.6'' Intel N4000 12gb+256gb Ssd Full Win11pro,11499.0,12.0,256.0,SSD,Intel N4000,0,15.6,No especificado,No especificado,No especificado,Intel,15.6,Estandar,0,1,0,0,0,0,0,0,2,3.584962500721156,8.0,24.0,0.0,0,False,False,False,False,False,False,False,False,False,False,False,False,False,False,False,False,False,False,False,False,False,False,True,False,False,13889.45875487204,-2390.458754872039
Msi Katana 17 Core I7 32gb 1tb Ssd Rtx 4070,25000.0,32.0,1024.0,SSD,Core I7,1,,Intel Core i7,No especificado,No especificado,Intel,,Estandar,0,1,0,0,0,0,0,4,5,5.0,10.0,160.0,128.0,4,False,False,False,False,False,False,False,False,False,False,False,False,False,False,False,False,False,False,False,True,False,False,False,False,False,36275.131675685414,-11275.131675685414
"Notebook Gamer MSI Claw A1M Intel Core Ultra 7 155H de 7"" Full HD Táctil con 16 GB de RAM y 512 GB SSD en Negro",15266.0,16.0,512.0,SSD,No especificado,0,,No especificado,No especificado,No especificado,Intel,16.0,Grande,0,1,0,0,1,0,0,0,5,4.0,9.0,80.0,0.0,0,False,False,False,False,False,False,False,False,False,False,False,False,False,False,False,False,False,False,False,True,False,False,False,False,False,23921.523545005388,-8655.523545005388
Laptop Gamer Lenovo 15.5 Core I5 8gb 512gb Rtx 3050 + Usb Lo,15999.0,8.0,512.0,SSD,Core I5,1,15.5,Intel Core i5,No especificado,No especificado,Intel,15.5,Estandar,0,1,0,0,0,0,0,2,4,3.0,9.0,32.0,16.0,2,False,False,False,False,False,False,False,False,False,False,False,False,False,False,True,False,False,False,False,False,False,False,False,False,False,21038.932028049632,-5039.932028049632
Laptop Lenovo Loq 15.6  Fhd Ryzen 5 12gb 512gb Ssd Rtx 4050,30271.0,12.0,512.0,SSD,Ryzen 5,1,15.6,AMD Ryzen 5,No especificado,No especificado,AMD,15.6,Estandar,0,1,0,0,0,0,0,2,4,3.584962500721156,9.0,48.0,24.0,2,False,False,False,False,False,False,False,False,False,False,False,False,False,False,True,False,False,False,False,False,False,False,False,False,False,29254.39606423006,1016.603935769941
Notebook Nimo N158 Amd Ryzen 7 16gb Ddr5 512gb,23551.0,16.0,512.0,SSD,Ryzen 7,0,,No especificado,No especificado,No especificado,AMD,,Estandar,0,0,0,0,0,0,0,0,5,4.0,9.0,80.0,0.0,0,False,False,False,False,False,False,False,False,False,False,False,False,False,False,False,False,False,False,False,False,False,False,True,False,False,19148.189839699276,4402.8101603007235
"Laptop Lenovo V14 G5 Core I7-13620h, 16gb 512gb 14  + Usb Lo",17599.0,16.0,512.0,SSD,Core I7,0,,Intel Core i7,No especificado,No especificado,Intel,14.0,Estandar,0,0,0,0,0,0,0,0,5,4.0,9.0,80.0,0.0,0,False,False,False,False,False,False,False,False,False,False,False,False,False,False,True,False,False,False,False,False,False,False,False,False,False,22346.942275634836,-4747.942275634836
Laptop Gamer Potente Core I7 32gb 512gb Ssd Gráfica 8gb (Reacondicionado),7199.0,32.0,512.0,SSD,Core I7,0,,Intel Core i7,No especificado,No especificado,Intel,,Estandar,1,1,0,0,0,0,0,0,5,5.0,9.0,160.0,0.0,0,False,False,False,False,False,False,False,False,False,False,False,False,False,False,False,False,False,False,False,False,False,False,True,False,False,17041.608500541126,-9842.608500541126
Laptop Gamer Hp Victus 15 15.6  Fhd 144 Hz I5 16 Gb 1 Tb,31276.0,16.0,1024.0,SSD,No especificado,0,15.6,No especificado,No especificado,No especificado,Intel,15.6,Estandar,0,1,0,0,0,0,0,0,4,4.0,10.0,64.0,0.0,0,False,False,False,False,False,False,False,True,False,False,False,False,False,False,False,False,False,False,False,False,False,False,False,False,False,31212.022731086705,63.97726891329512
Hp Victus 15-fb1013dx Amd Ryzen 5 8gb 512gb Ssd,16699.0,8.0,512.0,SSD,Ryzen 5,0,,AMD Ryzen 5,No especificado,No especificado,AMD,,Estandar,0,1,0,0,0,0,0,0,4,3.0,9.0,32.0,0.0,0,False,False,False,False,False,False,False,True,False,False,False,False,False,False,False,False,False,False,False,False,False,False,False,False,False,15527.051462292788,1171.9485377072124
Msi Vector Amd Ryzen 9 Rtx 5070ti 16gb 1tb Ssd 240hz 16,46999.0,16.0,1024.0,SSD,Ryzen 9,1,,No especificado,No especificado,No especificado,AMD,16.0,Grande,0,1,0,0,0,0,0,4,6,4.0,10.0,96.0,64.0,4,False,False,False,False,False,False,False,False,False,False,False,False,False,False,False,False,False,False,False,True,False,False,False,False,False,42165.53368037517,4833.466319624829
Portátil Acer Nitro V I5-13420h 15.6  Rtx 4050 8gb 512gb,21367.0,8.0,512.0,SSD,No especificado,1,15.6,Intel Core i5-13420H,8,13ª Gen (Raptor Lake),Intel,15.6,Estandar,0,1,0,0,0,0,0,2,4,3.0,9.0,32.0,16.0,2,False,False,False,False,False,False,False,False,False,False,False,False,False,False,False,False,False,False,False,False,False,False,False,False,False,21498.910869770418,-131.91086977041778
Laptop Gamer Lenovo Loq Rtx 5060 Ryzen 7 32gb 512gb 15.6,49999.0,32.0,512.0,SSD,Ryzen 7,1,15.6,No especificado,No especificado,No especificado,AMD,15.6,Estandar,0,1,0,0,0,0,0,3,5,5.0,9.0,160.0,96.0,3,False,False,False,False,False,False,False,False,False,False,False,False,False,False,True,False,False,False,False,False,False,False,False,False,False,47857.98660353535,2141.013396464652
Laptop Msi Cyborg A15 Ai Geforce Rtx 5060 Ryzen 9 64gb 1tb,44999.0,64.0,1024.0,SSD,Ryzen 9,1,,No especificado,No especificado,No especificado,AMD,,Estandar,0,1,0,0,0,0,0,3,6,6.0,10.0,384.0,192.0,3,False,False,False,False,False,False,False,False,False,False,False,False,False,False,False,False,False,False,False,True,False,False,False,False,False,51450.338357142864,-6451.338357142864
Laptop Msi Katana 15 Hx Rtx 5050 Core I7 16gb 512gb 15.6,35999.0,16.0,512.0,SSD,Core I7,1,15.6,Intel Core i7,No especificado,No especificado,Intel,15.6,Estandar,0,1,0,0,0,0,0,0,5,4.0,9.0,80.0,0.0,0,False,False,False,False,False,False,False,False,False,False,False,False,False,False,False,False,False,False,False,True,False,False,False,False,False,24604.466668743204,11394.533331256796
Laptop Msi Thin A15 Ryzen 5-7535hs 8gb Ram 512gb Ssd,22999.0,8.0,512.0,SSD,Ryzen 5,0,,AMD Ryzen 5,No especificado,No especificado,AMD,,Estandar,0,0,0,0,0,0,0,0,4,3.0,9.0,32.0,0.0,0,False,False,False,False,False,False,False,False,False,False,False,False,False,False,False,False,False,False,False,True,False,False,False,False,False,13619.028851950276,9379.971148049724
"Ordenador Portátil Hp 15.6 Intel Ultra 5 8 Gb 1,5 Tb Ssd Win",20196.0,8.0,1536.0,SSD,No especificado,0,15.6,No especificado,No especificado,No especificado,Intel,15.6,Estandar,0,0,0,0,0,0,0,0,4,3.0,10.584962500721156,32.0,0.0,0,False,False,False,False,False,False,False,True,False,False,False,False,False,False,False,False,False,False,False,False,False,False,False,False,False,20020.5063201832,175.49367981679825
Laptop Hp Pavilion Gaming 15.6'' Intel Core I5 8gb Ram 256gb,30333.0,8.0,256.0,SSD,Core I5,0,15.6,Intel Core i5,No especificado,No especificado,Intel,15.6,Estandar,0,1,0,0,0,0,0,0,4,3.0,8.0,32.0,0.0,0,False,False,False,False,False,False,False,True,False,False,False,False,False,False,False,False,False,False,False,False,False,False,False,False,False,19540.047517780626,10792.952482219374
Laptop Gamer Hp Victus Ryzen 7-7445h Rtx3050 16gb 512gb Ssd,21299.0,16.0,512.0,SSD,Ryzen 7,1,,No especificado,No especificado,No especificado,AMD,,Estandar,0,1,0,0,0,0,0,2,5,4.0,9.0,80.0,32.0,2,False,False,False,False,False,False,False,True,False,False,False,False,False,False,False,False,False,False,False,False,False,False,False,False,False,28180.001565312003,-6881.001565312003
Hp Victus Gaming 15-fb3703la 15.6  Hd Amd Ryzen 7 16gb 1tb,33899.0,16.0,1024.0,SSD,Ryzen 7,0,15.6,No especificado,No especificado,No especificado,AMD,15.6,Estandar,0,1,0,0,0,0,0,0,5,4.0,10.0,80.0,0.0,0,False,False,False,False,False,False,False,True,False,False,False,False,False,False,False,False,False,False,False,False,False,False,False,False,False,30410.690998015478,3488.309001984522
Laptop Dell 5401 Core I5 9th Ram8gb Ssd256gb Fotos Reales (Reacondicionado),6950.0,8.0,256.0,SSD,Core I5,0,,Intel Core i5,No especificado,No especificado,Intel,,Estandar,1,0,0,0,0,0,0,0,4,3.0,8.0,32.0,0.0,0,False,False,False,True,False,False,False,False,False,False,False,False,False,False,False,False,False,False,False,False,False,False,False,False,False,9095.795850287785,-2145.7958502877846
Laptop Dell 5401 Core I5 9th Ram16gb Ssd512gb Fotos Reales (Reacondicionado),8480.0,16.0,512.0,SSD,Core I5,0,,Apple M1,8,Apple Silicon (1ª Gen),Apple,,Estandar,1,0,0,0,0,0,0,0,4,4.0,9.0,64.0,0.0,0,False,False,False,True,False,False,False,False,False,False,False,False,False,False,False,False,False,False,False,False,False,False,False,False,False,12774.537484307359,-4294.537484307359
Laptop Lenovo Yoga 7 De 16  Táctil Ryzen 7 16 Gb 512 Gb Ssd,28132.0,16.0,512.0,SSD,Ryzen 7,0,,No especificado,No especificado,No especificado,AMD,16.0,Grande,0,0,0,0,1,0,0,0,5,4.0,9.0,80.0,0.0,0,False,False,False,False,False,False,False,False,False,False,False,False,False,False,True,False,False,False,False,False,False,False,False,False,False,24262.873235058287,3869.126764941713
Laptop Lenovo Yoga 7 16  Táctil Ryzen 7 16gb 512gb Ssd,29107.0,16.0,512.0,SSD,Ryzen 7,0,,No especificado,No especificado,No especificado,AMD,16.0,Grande,0,0,0,0,1,0,0,0,5,4.0,9.0,80.0,0.0,0,False,False,False,False,False,False,False,False,False,False,False,False,False,False,True,False,False,False,False,False,False,False,False,False,False,24262.873235058287,4844.126764941713
"Laptop Para Juegos Asus Tuf, 15,6\ Ips Nivel Full Hd, Procesador Amd Ryzen 5 3550h, Amd Radeon Rx 560x, Ddr4 De 8 Gb, Ssd Pcie Nvme De 256 Gb, Wifi Gigabit, Windows 10 - Fx505dy-es51 (Nuevo con caja a",19899.0,8.0,256.0,SSD,Ryzen 5,1,15.6,AMD Ryzen 5,No especificado,No especificado,AMD,15.6,Estandar,0,1,0,0,0,0,0,2,4,3.0,8.0,32.0,16.0,2,False,False,True,False,False,False,False,False,False,False,False,False,False,False,False,False,False,False,False,False,False,False,False,False,False,20506.757137392786,-607.7571373927858
Portátil Lenovo Ideapad Ryzen 7 15.3  16gb Ram 1tb Ssd,28290.0,16.0,1024.0,SSD,Ryzen 7,0,15.3,No especificado,No especificado,No especificado,AMD,15.3,Estandar,0,0,0,0,0,0,0,0,5,4.0,10.0,80.0,0.0,0,False,False,False,False,False,False,False,False,False,False,False,False,False,False,True,False,False,False,False,False,False,False,False,False,False,24331.93323237788,3958.06676762212
Laptop Dell Latitude 5511 Core I5 8gb Ram 256gb Ssd 15 Inch (Reacondicionado),5999.0,8.0,256.0,SSD,Core I5,0,15.0,Intel Core i5,No especificado,No especificado,Intel,15.0,Estandar,1,0,1,0,0,0,0,0,4,3.0,8.0,32.0,0.0,0,False,False,False,True,False,False,False,False,False,False,False,False,False,False,False,False,False,False,False,False,False,False,False,False,False,8680.155021776607,-2681.155021776607
Laptop Lenovo Thinkbook 14 Intel Core 7 16gb 1tb Ssd Pro,30287.0,16.0,1024.0,SSD,No especificado,0,,No especificado,No especificado,No especificado,Intel,14.0,Estandar,0,0,0,0,0,0,0,0,2,4.0,10.0,32.0,0.0,0,False,False,False,False,False,False,False,False,False,False,False,False,False,False,True,False,False,False,False,False,False,False,False,False,False,22668.024241026862,7618.975758973138
Laptop Asus Tuf Gaming A16 Ryzen 7 16 Gb 512 Gb Ssd,37132.0,16.0,512.0,SSD,Ryzen 7,0,,No especificado,No especificado,No especificado,AMD,16.0,Grande,0,1,0,0,0,0,0,0,5,4.0,9.0,80.0,0.0,0,False,False,True,False,False,False,False,False,False,False,False,False,False,False,False,False,False,False,False,False,False,False,False,False,False,31869.138735385015,5262.861264614985
Notebook Nimo N159 Amd Ryzen 7 16gb Ram 256gb Ssd,17880.0,16.0,256.0,SSD,Ryzen 7,0,,No especificado,No especificado,No especificado,AMD,,Estandar,0,0,0,0,0,0,0,0,5,4.0,8.0,80.0,0.0,0,False,False,False,False,False,False,False,False,False,False,False,False,False,False,False,False,False,False,False,False,False,False,True,False,False,16070.021559400026,1809.9784405999744
Laptop Huawei Matebook D16 Amd Ryzen 5 4600h 16gb 512gb Gris,11200.0,16.0,512.0,SSD,Ryzen 5,0,,AMD Ryzen 5,No especificado,No especificado,AMD,,Estandar,0,0,0,0,0,0,0,0,4,4.0,9.0,64.0,0.0,0,False,False,False,False,False,False,False,False,True,False,False,False,False,False,False,False,False,False,False,False,False,False,False,False,False,18619.820634051463,-7419.820634051463
Alienware M17r4 16gb Ram 1tb Nvme Rtx3060,25990.0,16.0,1024.0,SSD,No especificado,1,,Apple M1,8,Apple Silicon (1ª Gen),Apple,,Estandar,0,1,0,0,0,0,0,3,4,4.0,10.0,64.0,48.0,3,True,False,False,False,False,False,False,False,False,False,False,False,False,False,False,False,False,False,False,False,False,False,False,False,False,32739.442246139,-6749.442246138999
"Portátil Lenovo V14 14 Fhd Intel I7 16 Gb 1,16 Tb Ssd",26750.0,16.0,1188.0,SSD,No especificado,0,,No especificado,No especificado,No especificado,Intel,14.0,Estandar,0,0,0,0,0,0,0,0,5,4.0,10.214319120800766,80.0,0.0,0,False,False,False,False,False,False,False,False,False,False,False,False,False,False,True,False,False,False,False,False,False,False,False,False,False,25190.42478968067,1559.57521031933
Laptop Gamer Hp Victus 15 15.6  Fhd 144 Hz I5 16 Gb 1 Tb,31273.0,16.0,1024.0,SSD,No especificado,0,15.6,No especificado,No especificado,No especificado,Intel,15.6,Estandar,0,1,0,0,0,0,0,0,4,4.0,10.0,64.0,0.0,0,False,False,False,False,False,False,False,True,False,False,False,False,False,False,False,False,False,False,False,False,False,False,False,False,False,31212.022731086705,60.97726891329512
Notebook Acer Aspire Nitro 5 I5 10300h 16gb Ram 4gb Gpu 1tb (Reacondicionado),12999.0,16.0,1024.0,SSD,No especificado,0,,Intel Core i5-10300H,4,10ª Gen (Comet Lake),Intel,,Estandar,1,1,0,0,0,0,0,0,4,4.0,10.0,64.0,0.0,0,False,False,False,False,False,False,False,False,False,False,False,False,False,False,False,False,False,False,False,False,False,False,False,False,False,24656.74452291738,-11657.744522917379
Ordenador Portátil Asus Vivobook 16 Intel I9 32 Gb 1 Tb Ssd,39331.0,32.0,1024.0,SSD,No especificado,0,,No especificado,No especificado,No especificado,Intel,16.0,Grande,0,0,0,0,0,0,0,0,6,5.0,10.0,192.0,0.0,0,False,False,True,False,False,False,False,False,False,False,False,False,False,False,False,False,False,False,False,False,False,False,False,False,False,34282.37700846273,5048.622991537268
Dell Alienware M15 R5 Renovada Ryzen 9 16gb 1tb Ssd,36340.0,16.0,1024.0,SSD,Ryzen 9,0,,Apple M1,8,Apple Silicon (1ª Gen),Apple,,Estandar,0,1,0,0,0,0,0,0,6,4.0,10.0,96.0,0.0,0,False,False,False,True,False,False,False,False,False,False,False,False,False,False,False,False,False,False,False,False,False,False,False,False,False,34321.62632116845,2018.373678831551
Dell Alienware M15 R5 Renovada Ryzen 9 16gb 1tb Ssd,36344.0,16.0,1024.0,SSD,Ryzen 9,0,,Apple M1,8,Apple Silicon (1ª Gen),Apple,,Estandar,0,1,0,0,0,0,0,0,6,4.0,10.0,96.0,0.0,0,False,False,False,True,False,False,False,False,False,False,False,False,False,False,False,False,False,False,False,False,False,False,False,False,False,34321.62632116845,2022.373678831551
"Notebook Asus V16 Gamer con Intel Core 7, 16 GB RAM y 1 TB SSD, NVIDIA GeForce RTX 5070, Pantalla 16"" WUXGA 144 Hz",32899.0,16.0,1024.0,SSD,No especificado,1,16.0,No especificado,No especificado,No especificado,Intel,16.0,Grande,0,1,0,0,0,0,0,4,2,4.0,10.0,32.0,64.0,4,False,False,True,False,False,False,False,False,False,False,False,False,False,False,False,False,False,False,False,False,False,False,False,False,False,36174.3106631563,-3275.3106631562987
Laptop Ai Pc Gamer Gigabyte Aero Rtx 5070 Ryzen Ai 32gb 1tb,56999.0,32.0,1024.0,SSD,No especificado,1,,No especificado,No especificado,No especificado,AMD,,Estandar,0,1,0,0,0,0,0,4,2,5.0,10.0,64.0,128.0,4,False,False,False,False,False,True,False,False,False,False,False,False,False,False,False,False,False,False,False,False,False,False,False,False,False,53466.89807449493,3532.1019255050705
Laptop Gamer Asus Rog Strix G16 16'' Ryzen 9 16gb 1tb Ssd,42710.0,16.0,1024.0,SSD,Ryzen 9,0,,No especificado,No especificado,No especificado,AMD,16.0,Grande,0,1,0,0,0,0,0,0,6,4.0,10.0,96.0,0.0,0,False,False,True,False,False,False,False,False,False,False,False,False,False,False,False,False,False,False,False,False,False,False,False,False,False,33678.12548673354,9031.874513266463
"Portátil Hp Ryzen 3 7320u De 17,3 , 8 Gb, 256 Gb, 17 Pulgada",16008.0,8.0,256.0,SSD,Ryzen 3,0,17.3,AMD Ryzen 3 7320U,4,Serie 7000 (Zen 2),AMD,17.3,Grande,0,0,0,0,0,0,0,0,3,3.0,8.0,24.0,0.0,0,False,False,False,False,False,False,False,True,False,False,False,False,False,False,False,False,False,False,False,False,False,False,False,False,False,10454.363186473598,5553.636813526402
"Laptop Hp Ryzen 3 7320u De 17,3 Pulgadas, 8 Gb, 256 Gb, 17 P",15472.0,8.0,256.0,SSD,Ryzen 3,0,17.3,AMD Ryzen 3 7320U,4,Serie 7000 (Zen 2),AMD,17.3,Grande,0,0,0,0,0,0,0,0,3,3.0,8.0,24.0,0.0,0,False,False,False,False,False,False,False,True,False,False,False,False,False,False,False,False,False,False,False,False,False,False,False,False,False,10454.363186473598,5017.636813526402
Portátil Acer Nitro V 16 Intel Core 5 Rtx 5060 16 Gb 512 Gb,36205.0,16.0,512.0,SSD,No especificado,1,,No especificado,No especificado,No especificado,Intel,16.0,Grande,0,1,0,0,0,0,0,3,2,4.0,9.0,32.0,48.0,3,False,False,False,False,False,False,False,False,False,False,False,False,False,False,False,False,False,False,False,False,False,False,False,False,False,32379.65373927551,3825.346260724491
Laptop Asus Tuf Gaming A16 16  Ryzen 7 16gb 512gb Rtx4050,35999.0,16.0,512.0,SSD,Ryzen 7,1,,No especificado,No especificado,No especificado,AMD,16.0,Grande,0,1,0,0,0,0,0,2,5,4.0,9.0,80.0,32.0,2,False,False,True,False,False,False,False,False,False,False,False,False,False,False,False,False,False,False,False,False,False,False,False,False,False,26641.70390512481,9357.29609487519
Macbook Pro 16 Intel I9 1 Tb Ssd 16 Gb Amd Radeon Pro 5500m,38700.0,16.0,1024.0,SSD,No especificado,0,,No especificado,No especificado,No especificado,Intel,16.0,Grande,0,0,0,1,0,0,1,1,6,4.0,10.0,96.0,16.0,0,False,True,False,False,False,False,False,False,False,False,False,False,False,False,False,False,False,False,False,False,False,False,False,False,False,32665.556951666662,6034.443048333338
Ordenador Portátil Lenovo Thinkpad T15g 15.6 I7 32 Gb 1 Tb S,30316.0,32.0,1024.0,SSD,No especificado,0,15.6,No especificado,No especificado,No especificado,Intel,15.6,Estandar,0,0,0,0,0,0,0,0,5,5.0,10.0,160.0,0.0,0,False,False,False,False,False,False,False,False,False,False,False,False,False,False,True,False,False,False,False,False,False,False,False,False,False,42207.33955721285,-11891.33955721285
Macbook Pro A2141 32gb Ram 500gb Ssd I9 Amd 5300m Tec Españo (Reacondicionado),16999.0,32.0,500.0,SSD,No especificado,0,,No especificado,No especificado,No especificado,AMD,,Estandar,1,0,0,1,0,0,1,0,6,5.0,8.965784284662087,192.0,0.0,0,False,True,False,False,False,False,False,False,False,False,False,False,False,False,False,False,False,False,False,False,False,False,False,False,False,13889.599172619048,3109.4008273809523
Laptop Gamer Msi Gf63 Thin 512 Ssd 16gb Rtx 16050 Core I5,7300.0,16.0,512.0,SSD,Core I5,1,,Intel Core i5,No especificado,No especificado,Intel,,Estandar,0,1,0,0,0,0,0,0,4,4.0,9.0,64.0,0.0,0,False,False,False,False,False,False,False,False,False,False,False,False,False,False,False,False,False,False,False,True,False,False,False,False,False,18078.57354531528,-10778.573545315281
Laptop Lenovo Ideapad Slim 3 Gen 10 Intel Core I5 16gb 512gb,24999.0,16.0,512.0,SSD,Core I5,0,,Intel Core i5,No especificado,No especificado,Intel,10.0,Ultraportatil,0,0,0,0,0,0,0,0,4,4.0,9.0,64.0,0.0,0,False,False,False,False,False,False,False,False,False,False,False,False,False,False,True,False,False,False,False,False,False,False,False,False,False,18805.246120438092,6193.7538795619075
"HP Gamer Ryzen 7 7730U 16GB RAM 512GB SSD Pantalla Táctil 15.6"" Full HD 1920 x 1080 AMD Radeon Graphics Windows 11 Instalado Laptop 15-fc00477 Con Regalo",25300.0,16.0,512.0,SSD,Ryzen 7,0,15.6,AMD Ryzen 7 7730U,8,Serie 7000 (Zen 3),AMD,15.6,Estandar,0,1,0,0,1,0,0,1,5,4.0,9.0,80.0,16.0,1,False,False,False,False,False,False,False,True,False,False,False,False,False,False,False,False,False,False,False,False,False,False,False,False,False,25963.01379639382,-663.0137963938214
Hp Envy X360 Ryzen 7 8840hs 16gb 1tb Ssd Táctil (Reacondicionado),20000.0,16.0,1024.0,SSD,Ryzen 7,0,,AMD Ryzen 7 8840HS,8,Serie 8000 (Zen 4),AMD,,Estandar,1,0,0,0,1,0,0,0,5,4.0,10.0,80.0,0.0,0,False,False,False,False,False,False,False,True,False,False,False,False,False,False,False,False,False,False,False,False,False,False,False,False,False,20837.85158036456,-837.8515803645605
Laptop Asus Zenbook 14 Ux34 Intel Core Ultra 5 16gb 512gb,29899.0,16.0,512.0,SSD,No especificado,0,,No especificado,No especificado,No especificado,Intel,14.0,Estandar,0,0,0,1,0,0,0,0,4,4.0,9.0,64.0,0.0,0,False,False,True,False,False,False,False,False,False,False,False,False,False,False,False,False,False,False,False,False,False,False,False,False,False,24169.11167370911,5729.888326290889
Laptop Lenovo 15iah8 15.6  Intel I5 8gb 512gb Gris,8499.0,8.0,512.0,SSD,No especificado,0,15.6,No especificado,No especificado,No especificado,Intel,15.6,Estandar,0,0,0,0,0,0,0,0,4,3.0,9.0,32.0,0.0,0,False,False,False,False,False,False,False,False,False,False,False,False,False,False,True,False,False,False,False,False,False,False,False,False,False,13321.441696988275,-4822.441696988275
"Notebook Core I5 Ram 8gb 512gb Ssd (15,3) Táctil, Win 11 Hom",14990.0,8.0,512.0,SSD,Core I5,0,15.3,Intel Core i5,No especificado,No especificado,Intel,15.3,Estandar,0,0,0,0,1,0,0,0,4,3.0,9.0,32.0,0.0,0,False,False,False,False,False,False,False,False,False,False,False,False,False,False,False,False,False,False,False,False,False,False,True,False,False,16619.75742452608,-1629.7574245260803
Laptop Hp Victus 15.6  144hz Fhd Amd Ryzen 5 7535hs 32gb 1tb,37130.0,32.0,1024.0,SSD,Ryzen 5,0,15.6,AMD Ryzen 5,No especificado,No especificado,AMD,15.6,Estandar,0,1,0,0,0,0,0,0,4,5.0,10.0,128.0,0.0,0,False,False,False,False,False,False,False,True,False,False,False,False,False,False,False,False,False,False,False,False,False,False,False,False,False,35839.89417301604,1290.1058269839632
Asus Rog Zephyrus G14 Plata Ryzen 9 16gb 1tb 120hz Rtx 4050,28000.0,16.0,1024.0,SSD,Ryzen 9,1,,No especificado,No especificado,No especificado,AMD,,Estandar,0,1,0,0,0,0,0,2,6,4.0,10.0,96.0,32.0,2,False,False,True,False,False,False,False,False,False,False,False,False,False,False,False,False,False,False,False,False,False,False,False,False,False,27632.96430541005,367.03569458995116
Laptop Lenovo Ideapad 2en1 Intel U5 16gb 512gb Ssd,28999.0,16.0,512.0,SSD,No especificado,0,,No especificado,No especificado,No especificado,Intel,,Estandar,0,0,0,0,0,0,0,0,2,4.0,9.0,32.0,0.0,0,False,False,False,False,False,False,False,False,False,False,False,False,False,False,True,False,False,False,False,False,False,False,False,False,False,25233.682061344956,3765.3179386550437
"Huawei Matebook 16 Ryzen 7 5800h, 16gb, 512gb Ssd Crem-wfd9a",9500.0,16.0,512.0,SSD,Ryzen 7,0,,AMD Ryzen 7 5800H,8,Serie 5000 (Zen 3),AMD,16.0,Grande,0,0,0,0,0,0,0,0,5,4.0,9.0,80.0,0.0,0,False,False,False,False,False,False,False,False,True,False,False,False,False,False,False,False,False,False,False,False,False,False,False,False,False,19005.74357465896,-9505.743574658962
Apple Macbook Pro 15 2019 I7 16gb 256gb (Reacondicionado),8000.0,16.0,256.0,SSD,No especificado,0,,No especificado,No especificado,No especificado,Apple,,Estandar,1,0,0,1,0,0,1,0,5,4.0,8.0,80.0,0.0,0,False,True,False,False,False,False,False,False,False,False,False,False,False,False,False,False,False,False,False,False,False,False,False,False,False,10710.708783730155,-2710.708783730155
Dell Latitude 5580 Core I7 8gb 128gb Ssd Touch Win11 Pro (Reacondicionado),5000.0,8.0,128.0,SSD,Core I7,0,,Intel Core i7,No especificado,No especificado,Intel,,Estandar,1,0,1,0,1,0,0,0,5,3.0,7.0,40.0,0.0,0,False,False,False,True,False,False,False,False,False,False,False,False,False,False,False,False,False,False,False,False,False,False,False,False,False,8416.005146825397,-3416.005146825397
Huawei Matebook D16 / Core I5 13420h / Ram 16gb / 1 Tb Nvme,25005.0,16.0,1024.0,SSD,Core I5,0,,Intel Core i5-13420H,8,13ª Gen (Raptor Lake),Intel,,Estandar,0,0,0,0,0,0,0,0,4,4.0,10.0,64.0,0.0,0,False,False,False,False,False,False,False,False,True,False,False,False,False,False,False,False,False,False,False,False,False,False,False,False,False,20710.38887164435,4294.611128355649
Laptop Dell Inspiron 15 5510-core I5-11320h Ram 16gb Y 256gb (Reacondicionado),8799.0,16.0,256.0,SSD,Core I5,0,,Intel Core i5,No especificado,No especificado,Intel,,Estandar,1,0,0,0,0,0,0,0,4,4.0,8.0,64.0,0.0,0,False,False,False,True,False,False,False,False,False,False,False,False,False,False,False,False,False,False,False,False,False,False,False,False,False,7836.061240842499,962.9387591575014
"Notebook Asus P1403CVA-i58G512-P1 Core i5 de 14"" con 8 GB de RAM y SSD de 512 GB",20080.0,8.0,512.0,SSD,Core I5,0,14.0,Intel Core i5,No especificado,No especificado,Intel,14.0,Estandar,0,0,0,0,0,0,0,0,4,3.0,9.0,32.0,0.0,0,False,False,True,False,False,False,False,False,False,False,False,False,False,False,False,False,False,False,False,False,False,False,False,False,False,15332.590178109807,4747.409821890193
Laptop Lenovo Portátil Core I3 8gb 512gb Ssd Windows 11 Pro (Reacondicionado),4500.0,8.0,512.0,SSD,Core I3,0,,Intel Core i3,No especificado,No especificado,Intel,,Estandar,1,0,0,0,0,0,0,0,3,3.0,9.0,24.0,0.0,0,False,False,False,False,False,False,False,False,False,False,False,False,False,False,True,False,False,False,False,False,False,False,False,False,False,11090.512906881168,-6590.5129068811675
"Laptop Gamer Rx16, Ryzen 7, Radeon 780m, 24gb Ram, 512gb",19999.0,24.0,512.0,SSD,Ryzen 7,0,,No especificado,No especificado,No especificado,AMD,,Estandar,0,1,0,0,0,0,0,1,5,4.584962500721156,9.0,120.0,24.0,1,False,False,False,False,False,False,False,False,False,False,False,False,False,False,False,False,False,False,False,False,False,False,True,False,False,20726.968511742387,-727.9685117423869
Laptop Msi Thin Gf63 12va Intel I5 12450h 32gb Ram 1tb 144hz (Nuevo con caja abierta),14000.0,32.0,1024.0,SSD,No especificado,0,,Intel Core i5-12450H,8,12ª Gen (Alder Lake),Intel,,Estandar,1,1,0,0,0,0,0,0,4,5.0,10.0,128.0,0.0,0,False,False,False,False,False,False,False,False,False,False,False,False,False,False,False,False,False,False,False,True,False,False,False,False,False,24450.749652777784,-10450.749652777784
Ordenador Portátil Lenovo 2026 Ryzen 5 7535hs 8 Gb 512 Gb 15,26610.0,8.0,512.0,SSD,Ryzen 5,0,,AMD Ryzen 5,No especificado,No especificado,AMD,,Estandar,0,0,0,0,0,0,0,0,4,3.0,9.0,32.0,0.0,0,False,False,False,False,False,False,False,False,False,False,False,False,False,False,True,False,False,False,False,False,False,False,False,False,False,13321.441696988275,13288.558303011725
Huawei Matebook D16 Core I5 13420h 16 Gb / 512gbssd Usb -c,21717.0,16.0,512.0,SSD,Core I5,0,,Intel Core i5-13420H,8,13ª Gen (Raptor Lake),Intel,16.0,Grande,0,0,0,0,0,0,0,0,4,4.0,9.0,64.0,0.0,0,False,False,False,False,False,False,False,False,True,False,False,False,False,False,False,False,False,False,False,False,False,False,False,False,False,18619.820634051463,3097.1793659485375
Laptop Lenovo Ideapad Slim 3 Intel Core I5 8gb Ram 512gb Ssd,13388.0,8.0,512.0,SSD,Core I5,0,,Intel Core i5,No especificado,No especificado,Intel,,Estandar,0,0,0,0,0,0,0,0,4,3.0,9.0,32.0,0.0,0,False,False,False,False,False,False,False,False,False,False,False,False,False,False,True,False,False,False,False,False,False,False,False,False,False,13321.441696988275,66.558303011725
Portátil Lenovo Ideapad Ryzen 7 15.3  16gb Ram 1tb Ssd,27342.0,16.0,1024.0,SSD,Ryzen 7,0,15.3,No especificado,No especificado,No especificado,AMD,15.3,Estandar,0,0,0,0,0,0,0,0,5,4.0,10.0,80.0,0.0,0,False,False,False,False,False,False,False,False,False,False,False,False,False,False,True,False,False,False,False,False,False,False,False,False,False,24331.93323237788,3010.06676762212
Laptop Gamer Msi Cyborg Rtx 4060 Core I7 16gb 512gb 15.6 Negro,29999.0,16.0,512.0,SSD,Core I7,1,15.6,Intel Core i7,No especificado,No especificado,Intel,15.6,Estandar,0,1,0,0,0,0,0,3,5,4.0,9.0,80.0,48.0,3,False,False,False,False,False,False,False,False,False,False,False,False,False,False,False,False,False,False,False,True,False,False,False,False,False,26851.05089855177,3147.94910144823
Notebook gamer 15-EF2127WM 15.6 color silver 8 gb de ram 256 gb ssd AMD Ryzen 5,13325.0,8.0,256.0,SSD,Ryzen 5,0,15.6,AMD Ryzen 5,No especificado,No especificado,AMD,15.6,Estandar,0,1,0,0,0,0,0,0,4,3.0,8.0,32.0,0.0,0,False,False,False,False,False,False,False,False,False,False,False,False,False,False,False,False,False,False,False,False,False,False,True,False,False,17882.787005481747,-4557.787005481747
Portátil Para Juegos Msi 15.6 Rtx 3060 I7 16 Gb 512 Gb Ssd,20253.0,16.0,512.0,SSD,No especificado,1,15.6,No especificado,No especificado,No especificado,Intel,15.6,Estandar,0,1,0,0,0,0,0,3,5,4.0,9.0,80.0,48.0,3,False,False,False,False,False,False,False,False,False,False,False,False,False,False,False,False,False,False,False,True,False,False,False,False,False,26851.05089855177,-6598.05089855177
Asus Rog Zephyrus Duo 16 Ryzen 9 6900hx 32gb 1tb Rtx 3070 Ti,34000.0,32.0,1024.0,SSD,Ryzen 9,1,,No especificado,No especificado,No especificado,AMD,16.0,Grande,0,1,0,0,0,0,0,4,6,5.0,10.0,192.0,128.0,4,False,False,True,False,False,False,False,False,False,False,False,False,False,False,False,False,False,False,False,False,False,False,False,False,False,49134.715803571424,-15134.715803571424
Laptop Gamer Msi Thin Gf63 Gtx 1650 Core I5 11400h 8gb 256gb,7900.0,8.0,256.0,SSD,Core I5,1,,Intel Core i5,No especificado,No especificado,Intel,,Estandar,0,1,0,0,0,0,0,2,4,3.0,8.0,32.0,16.0,2,False,False,False,False,False,False,False,False,False,False,False,False,False,False,False,False,False,False,False,True,False,False,False,False,False,18386.842096889228,-10486.842096889228
Huawei Matebook D16 Core I5 13420h 16 Gb / 512gbssd Usb -c,20396.0,16.0,512.0,SSD,Core I5,0,,Intel Core i5-13420H,8,13ª Gen (Raptor Lake),Intel,16.0,Grande,0,0,0,0,0,0,0,0,4,4.0,9.0,64.0,0.0,0,False,False,False,False,False,False,False,False,True,False,False,False,False,False,False,False,False,False,False,False,False,False,False,False,False,18619.820634051463,1776.1793659485375
Msi Thin Gaming I5 13420h 16gb Ram 512gb Rtx3050 15.6  144hz,16278.0,16.0,512.0,SSD,No especificado,1,15.6,Intel Core i5-13420H,8,13ª Gen (Raptor Lake),Intel,15.6,Estandar,0,1,0,0,0,0,0,2,4,4.0,9.0,64.0,32.0,2,False,False,False,False,False,False,False,False,False,False,False,False,False,False,False,False,False,False,False,True,False,False,False,False,False,20933.42843213267,-4655.42843213267
Hp Victus Gamer 15.6 I5-13420h 8gb Ram 512gb Ssd Rtx 3050,17999.0,8.0,512.0,SSD,No especificado,1,15.6,Intel Core i5-13420H,8,13ª Gen (Raptor Lake),Intel,15.6,Estandar,0,1,0,0,0,0,0,2,4,3.0,9.0,32.0,16.0,2,False,False,False,False,False,False,False,True,False,False,False,False,False,False,False,False,False,False,False,False,False,False,False,False,False,20345.209119395793,-2346.209119395793
Apple Macbook Pro A2141 16  I7 16gb 512gb Lote O Pieza,9990.0,16.0,512.0,SSD,No especificado,0,,No especificado,No especificado,No especificado,Apple,16.0,Grande,0,0,0,1,0,0,1,0,5,4.0,9.0,80.0,0.0,0,False,True,False,False,False,False,False,False,False,False,False,False,False,False,False,False,False,False,False,False,False,False,False,False,False,18728.6177522295,-8738.6177522295
Asus Rog Ally X Ryzen Z1 Extreme 24gb Ram 1tb Ssd Como Nueva,16990.0,24.0,1024.0,SSD,No especificado,0,,No especificado,No especificado,No especificado,AMD,,Estandar,0,1,0,0,0,0,0,0,2,4.584962500721156,10.0,48.0,0.0,0,False,False,True,False,False,False,False,False,False,False,False,False,False,False,False,False,False,False,False,False,False,False,False,False,False,30373.419362879973,-13383.419362879973
Laptop Gamer Lenovo Loq 16 Ryzen 7 7840hs 32gb 1tb Rtx4060,17999.0,32.0,1024.0,SSD,Ryzen 7,1,,No especificado,No especificado,No especificado,AMD,16.0,Grande,0,1,0,0,0,0,0,3,5,5.0,10.0,160.0,96.0,3,False,False,False,False,False,False,False,False,False,False,False,False,False,False,True,False,False,False,False,False,False,False,False,False,False,54759.5007694805,-36760.5007694805
Nimo Laptop Gaming 17.3  Ryzen 7 16gb 512gb,16522.0,16.0,512.0,SSD,Ryzen 7,0,17.3,No especificado,No especificado,No especificado,AMD,17.3,Grande,0,1,0,0,0,0,0,0,5,4.0,9.0,80.0,0.0,0,False,False,False,False,False,False,False,False,False,False,False,False,False,False,False,False,False,False,False,False,False,False,True,False,False,19623.83378434086,-3101.833784340859
Macbook Pro 16 A2141 2019 Core I9 16gb Ram 1tb 4gb Video H,34999.0,16.0,1024.0,SSD,Core I9,0,,No especificado,No especificado,No especificado,Intel,16.0,Grande,0,0,0,1,0,0,1,0,6,4.0,10.0,96.0,0.0,0,False,True,False,False,False,False,False,False,False,False,False,False,False,False,False,False,False,False,False,False,False,False,False,False,False,32564.79838023809,2434.2016197619087
Lenovo Thinkpad E570 Core I5 8gb 240gb Ssd Win11 Pro (Reacondicionado),4500.0,8.0,240.0,SSD,Core I5,0,,Intel Core i5,No especificado,No especificado,Intel,,Estandar,1,0,0,0,0,0,0,0,4,3.0,7.906890595608519,32.0,0.0,0,False,False,False,False,False,False,False,False,False,False,False,False,False,False,True,False,False,False,False,False,False,False,False,False,False,5314.148096618093,-814.1480966180934
Laptop Hp 15-ef2024 Amd Ryzen 3 Gen 5th 8gb Ram 256gb Ssd,9500.0,8.0,256.0,SSD,Ryzen 3,0,,AMD Ryzen 3,No especificado,No especificado,AMD,,Estandar,0,0,0,0,0,0,0,0,3,3.0,8.0,24.0,0.0,0,False,False,False,False,False,False,False,True,False,False,False,False,False,False,False,False,False,False,False,False,False,False,False,False,False,10454.363186473598,-954.363186473598
Portatil Dell 5401 16gb Ram 256gb Ssd Intel Core I5-9th Gen (Reacondicionado),5100.0,16.0,256.0,SSD,Core I5,0,,Intel Core i5,No especificado,No especificado,Intel,,Estandar,1,0,0,0,0,0,0,0,4,4.0,8.0,64.0,0.0,0,False,False,False,True,False,False,False,False,False,False,False,False,False,False,False,False,False,False,False,False,False,False,False,False,False,7836.061240842499,-2736.0612408424986
"Hp Elitebook 845 G9, Ryzen 9 Pro, 16gb Ram, 512gb Ssd",21999.0,16.0,512.0,SSD,Ryzen 9,0,,No especificado,No especificado,No especificado,AMD,,Estandar,0,0,1,0,0,0,0,0,6,4.0,9.0,96.0,0.0,0,False,False,False,False,False,False,False,True,False,False,False,False,False,False,False,False,False,False,False,False,False,False,False,False,False,22794.33614300037,-795.3361430003715
Laptop Gamer Lenovo 15.6 Gtx 1650 Ryzen 5 4600h 8gb 1tb M.2,26000.0,8.0,1024.0,SSD,Ryzen 5,1,15.6,AMD Ryzen 5,No especificado,No especificado,AMD,15.6,Estandar,0,1,0,0,0,0,0,2,4,3.0,10.0,32.0,16.0,2,False,False,False,False,False,False,False,False,False,False,False,False,False,False,True,False,False,False,False,False,False,False,False,False,False,19978.432605386573,6021.567394613427
Notebook Gamer Hp 16-a0001la Intel Core I5 8gb Ram 512gb Ssd,7500.0,8.0,512.0,SSD,Core I5,0,,Intel Core i5,No especificado,No especificado,Intel,16.0,Grande,0,1,0,0,0,0,0,0,4,3.0,9.0,32.0,0.0,0,False,False,False,False,False,False,False,True,False,False,False,False,False,False,False,False,False,False,False,False,False,False,False,False,False,15527.051462292788,-8027.051462292788
Laptop Hp Gamer 15-dk1040la Intel Core I5 Ram 8 Gb 512 Ssd,12500.0,8.0,512.0,SSD,Core I5,0,,Intel Core i5,No especificado,No especificado,Intel,,Estandar,0,1,0,0,0,0,0,0,4,3.0,9.0,32.0,0.0,0,False,False,False,False,False,False,False,True,False,False,False,False,False,False,False,False,False,False,False,False,False,False,False,False,False,15527.051462292788,-3027.0514622927876
"Asus Rog Zephyrus G14 Ga402rj, Ryzen 9, 16gb Ram, 1tb Ssd.",24999.0,16.0,1024.0,SSD,Ryzen 9,0,,No especificado,No especificado,No especificado,AMD,,Estandar,0,1,0,0,0,0,0,0,6,4.0,10.0,96.0,0.0,0,False,False,True,False,False,False,False,False,False,False,False,False,False,False,False,False,False,False,False,False,False,False,False,False,False,33678.12548673354,-8679.125486733537
Portatil Dell 16gb Ram 256gb Ssd Core I5-9na Gen Office 21 (Reacondicionado),5100.0,16.0,256.0,SSD,Core I5,0,,Intel Core i5,No especificado,No especificado,Intel,,Estandar,1,0,0,0,0,0,0,0,4,4.0,8.0,64.0,0.0,0,False,False,False,True,False,False,False,False,False,False,False,False,False,False,False,False,False,False,False,False,False,False,False,False,False,7836.061240842499,-2736.0612408424986
"Asus Tuf F15, I5-10300h, 16gb Ram, 1tb Ssd, Gtx 1650, Negro",21500.0,16.0,1024.0,SSD,No especificado,1,,Intel Core i5-10300H,4,10ª Gen (Comet Lake),Intel,,Estandar,0,1,0,0,0,0,0,2,4,4.0,10.0,64.0,32.0,2,False,False,True,False,False,False,False,False,False,False,False,False,False,False,False,False,False,False,False,False,False,False,False,False,False,25216.763886716413,-3716.7638867164133
"Lenovo Ideapad Gaming 3, I5 10300h, 8gb, 1tb, Gtx 1650 Ti",11599.0,8.0,1024.0,SSD,No especificado,1,,Intel Core i5-10300H,4,10ª Gen (Comet Lake),Intel,,Estandar,0,1,0,0,0,0,0,2,4,3.0,10.0,32.0,16.0,2,False,False,False,False,False,False,False,False,False,False,False,False,False,False,True,False,False,False,False,False,False,False,False,False,False,19978.432605386573,-8379.432605386573
Laptop Gamer Hp Amd Ryzen 5 4600h 8gb 1tb Nvidia Gtx 1650,18999.0,8.0,1024.0,SSD,Ryzen 5,1,,AMD Ryzen 5,No especificado,No especificado,AMD,,Estandar,0,1,0,0,0,0,0,2,4,3.0,10.0,32.0,16.0,2,False,False,False,False,False,False,False,True,False,False,False,False,False,False,False,False,False,False,False,False,False,False,False,False,False,20292.617759076835,-1293.6177590768348
"Asus Tuf Dash 15,6 Intel I7 16gb 512 Gb Rtx 3060 6gb",15000.0,16.0,512.0,SSD,No especificado,1,15.6,No especificado,No especificado,No especificado,Intel,15.6,Estandar,0,1,0,0,0,0,0,3,5,4.0,9.0,80.0,48.0,3,False,False,True,False,False,False,False,False,False,False,False,False,False,False,False,False,False,False,False,False,False,False,False,False,False,23290.109167804654,-8290.109167804654
Dell Presicion 3541 Core I5-9400h 8gbram Ssd256gb Nvidia 4gb,5000.0,8.0,256.0,SSD,Core I5,0,,Intel Core i5,No especificado,No especificado,Intel,,Estandar,0,0,0,0,0,0,0,0,4,3.0,8.0,32.0,0.0,0,False,False,False,True,False,False,False,False,False,False,False,False,False,False,False,False,False,False,False,False,False,False,False,False,False,9346.7119922848,-4346.7119922848
Laptop Lenovo Gaming/intel I5 11th/gtx 1650/256ssd/8gb Ram,16499.0,8.0,256.0,SSD,No especificado,1,,No especificado,No especificado,No especificado,Intel,,Estandar,0,1,0,0,0,0,0,2,4,3.0,8.0,32.0,16.0,2,False,False,False,False,False,False,False,False,False,False,False,False,False,False,True,False,False,False,False,False,False,False,False,False,False,22072.451035522427,-5573.4510355224265
"Oferta Asus Tuf Dash Fx517ze, I5 12450h, 8gb, 512gb Ssd",20000.0,8.0,512.0,SSD,No especificado,0,,Intel Core i5-12450H,8,12ª Gen (Alder Lake),Intel,,Estandar,0,1,0,0,0,0,0,0,4,3.0,9.0,32.0,0.0,0,False,False,True,False,False,False,False,False,False,False,False,False,False,False,False,False,False,False,False,False,False,False,False,False,False,19327.518339638988,672.4816603610125
Laptop Huawei Matebook D 16 Amd Ryzen 5 16gb Ram 512gb Ssd,22466.0,16.0,512.0,SSD,Ryzen 5,0,,AMD Ryzen 5,No especificado,No especificado,AMD,16.0,Grande,0,0,0,0,0,0,0,0,4,4.0,9.0,64.0,0.0,0,False,False,False,False,False,False,False,False,True,False,False,False,False,False,False,False,False,False,False,False,False,False,False,False,False,18619.820634051463,3846.1793659485375
Dell Gaming G15 5530 Intelcorei7nvidiartx 4060 16gbram 512gb,23000.0,16.0,512.0,SSD,Corei7,1,,Intel Core i7,No especificado,No especificado,Intel,,Estandar,0,1,0,0,0,0,0,3,5,4.0,9.0,80.0,48.0,3,False,False,False,True,False,False,False,False,False,False,False,False,False,False,False,False,False,False,False,False,False,False,False,False,False,23921.407410217864,-921.4074102178638
Dell G15 I7-11800 16gb Ram Rtx3060 1tb Ssd 165 Hrtz,23000.0,16.0,1024.0,SSD,No especificado,1,,No especificado,No especificado,No especificado,Intel,,Estandar,0,1,0,0,0,0,0,3,5,4.0,10.0,80.0,48.0,3,False,False,False,True,False,False,False,False,False,False,False,False,False,False,False,False,False,False,False,False,False,False,False,False,False,33566.14797350607,-10566.147973506071
Laptop Asus Tuf Gaming A16 Ryzen 7 16gb 512gb Ssd,38416.0,16.0,512.0,SSD,Ryzen 7,0,,No especificado,No especificado,No especificado,AMD,,Estandar,0,1,0,0,0,0,0,0,5,4.0,9.0,80.0,0.0,0,False,False,True,False,False,False,False,False,False,False,False,False,False,False,False,False,False,False,False,False,False,False,False,False,False,31869.138735385015,6546.861264614985
Laptop Gamer Gateway Gtx 1650 Ryzen 5 4600h 8gb Ram 256gb M2,19500.0,8.0,256.0,SSD,Ryzen 5,1,,Apple M2,8,Apple Silicon (2ª Gen),Apple,,Estandar,0,1,0,0,0,0,0,2,5,3.0,8.0,40.0,16.0,2,False,False,False,False,False,False,False,False,False,False,False,False,False,False,False,False,False,False,False,False,False,False,True,False,False,23397.259976605765,-3897.2599766057647
Hp Omen 15-ek0012la Intel I7 10th Gen 32gb 1tb M2,16000.0,32.0,1024.0,SSD,No especificado,0,,Apple M2,8,Apple Silicon (2ª Gen),Apple,,Estandar,0,0,0,0,0,0,0,0,5,5.0,10.0,160.0,0.0,0,False,False,False,False,False,False,False,True,False,False,False,False,False,False,False,False,False,False,False,False,False,False,False,False,False,29961.444291890464,-13961.444291890464
"Macbook Pro (16 Pulgadas, Intel Core I9, 1 Tb De Ssd, 16 Gb)",28000.0,16.0,1024.0,SSD,Core I9,0,16.0,No especificado,No especificado,No especificado,Intel,16.0,Grande,0,0,0,1,0,0,1,0,6,4.0,10.0,96.0,0.0,0,False,True,False,False,False,False,False,False,False,False,False,False,False,False,False,False,False,False,False,False,False,False,False,False,False,32564.79838023809,-4564.798380238091
Laptop Gamer Asus Rog Rtx 5070 Ryzen 9 8940hx 32gb 1tb 16,63999.0,32.0,1024.0,SSD,Ryzen 9,1,,No especificado,No especificado,No especificado,AMD,16.0,Grande,0,1,0,0,0,0,0,4,6,5.0,10.0,192.0,128.0,4,False,False,True,False,False,False,False,False,False,False,False,False,False,False,False,False,False,False,False,False,False,False,False,False,False,49134.715803571424,14864.284196428576
Laptop Lenovo Ideapad Slim 3 Intel Core I5 8gb Ram 512gb,16321.0,8.0,512.0,SSD,Core I5,0,,Intel Core i5,No especificado,No especificado,Intel,,Estandar,0,0,0,0,0,0,0,0,4,3.0,9.0,32.0,0.0,0,False,False,False,False,False,False,False,False,False,False,False,False,False,False,True,False,False,False,False,False,False,False,False,False,False,13321.441696988275,2999.558303011725
Notebook Asus TUF Gaming F15 Core I5 16gb 512gb 15.6 Rtx3050 (Nuevo con caja abierta),14500.0,16.0,512.0,SSD,Core I5,1,15.6,Intel Core i5,No especificado,No especificado,Intel,15.6,Estandar,1,1,0,0,0,0,0,2,4,4.0,9.0,64.0,32.0,2,False,False,True,False,False,False,False,False,False,False,False,False,False,False,False,False,False,False,False,False,False,False,False,False,False,19488.06398354619,-4988.063983546192
Laptop Acer Conceptd Cc715-71 Core I7 16gb Ram 954gb Ssd Rtx,23500.0,16.0,954.0,SSD,Core I7,1,,Intel Core i7,No especificado,No especificado,Intel,,Estandar,0,1,0,0,0,0,0,0,5,4.0,9.897845456005511,80.0,0.0,0,False,False,False,False,False,False,False,False,False,False,False,False,False,False,False,False,False,False,False,False,False,False,False,False,False,31512.462497289605,-8012.462497289605
Notebook Gamer Dell G7 7588 Corei7 8th 16gb 1 Tb Ssd Gtx1060,19883.0,16.0,1024.0,SSD,Corei7,1,,Intel Core i7,No especificado,No especificado,Intel,,Estandar,0,1,0,0,0,0,0,2,5,4.0,10.0,80.0,32.0,2,False,False,False,True,False,False,False,False,False,False,False,False,False,False,False,False,False,False,False,False,False,False,False,False,False,23502.266518827295,-3619.266518827295
Dell Xps 13 9380 Core I5 8gb 128gb Ssd Windows 11 Pro (Reacondicionado),6000.0,8.0,128.0,SSD,Core I5,0,,Intel Core i5,No especificado,No especificado,Intel,,Estandar,1,0,0,1,0,0,0,0,4,3.0,7.0,32.0,0.0,0,False,False,False,True,False,False,False,False,False,False,False,False,False,False,False,False,False,False,False,False,False,False,False,False,False,6557.415506919401,-557.4155069194012
Dell Latitude 7420 Core I7 1185g7 16gb Ram 512gb Ssd Fhd (Reacondicionado),14999.0,16.0,512.0,SSD,Core I7,0,,Intel Core i7,No especificado,No especificado,Intel,,Estandar,1,0,1,0,0,0,0,0,5,4.0,9.0,80.0,0.0,0,False,False,False,True,False,False,False,False,False,False,False,False,False,False,False,False,False,False,False,False,False,False,False,False,False,13929.933959694603,1069.066040305397
"Laptop Dell 15 Dc15255 15.6 Ryzen 5 8gb, 512gb Full Hd Ssd Plateado",15399.0,8.0,512.0,SSD,Ryzen 5,0,15.6,AMD Ryzen 5,No especificado,No especificado,AMD,15.6,Estandar,0,0,0,0,0,0,0,0,4,3.0,9.0,32.0,0.0,0,False,False,False,True,False,False,False,False,False,False,False,False,False,False,False,False,False,False,False,False,False,False,False,False,False,13233.523072965878,2165.476927034122
Dell Latitude 7420 Core I7 1185g7 Ram 16gb Ssd 512gb 14'' (Reacondicionado),19998.0,16.0,512.0,SSD,Core I7,0,,Intel Core i7,No especificado,No especificado,Intel,14.0,Estandar,1,0,1,0,0,0,0,0,5,4.0,9.0,80.0,0.0,0,False,False,False,True,False,False,False,False,False,False,False,False,False,False,False,False,False,False,False,False,False,False,False,False,False,13929.933959694603,6068.066040305397
Dell Precision 5480 I7 13th 32 Ram 1tb M2 Grafica Nvidia 6gb (Reacondicionado),18000.0,6.0,1024.0,SSD,No especificado,0,,Apple M2,8,Apple Silicon (2ª Gen),Apple,,Estandar,1,0,1,0,0,0,0,0,5,2.584962500721156,10.0,30.0,0.0,0,False,False,False,True,False,False,False,False,False,False,False,False,False,False,False,False,False,False,False,False,False,False,False,False,False,11641.404519230773,6358.595480769227
Laptop Dell Pro 14 Essential Ryzen 7 Pro Ram 16gb Ssd 512gb Plateado,15499.0,16.0,512.0,SSD,Ryzen 7,0,,No especificado,No especificado,No especificado,AMD,14.0,Estandar,0,0,0,0,0,0,0,0,5,4.0,9.0,80.0,0.0,0,False,False,False,True,False,False,False,False,False,False,False,False,False,False,False,False,False,False,False,False,False,False,False,False,False,18209.136478493198,-2710.1364784931975
Portátil Dell Pv15250 Ci7-1355u 16gb 512gb 15.6fhd Win 11pro Platinum Silver,18057.0,16.0,512.0,SSD,No especificado,0,,Intel Core i7-1355U,10,13ª Gen (Raptor Lake),Intel,,Estandar,0,0,0,0,0,0,0,0,5,4.0,9.0,80.0,0.0,0,False,False,False,True,False,False,False,False,False,False,False,False,False,False,False,False,False,False,False,False,False,False,False,False,False,18209.136478493198,-152.1364784931975
Laptop Dell Precision 7560 Xeon 32gb 512gb Ssd Fhd Nvidia (Reacondicionado),19000.0,32.0,512.0,SSD,No especificado,0,,No especificado,No especificado,No especificado,Intel,,Estandar,1,0,1,0,0,0,0,0,2,5.0,9.0,64.0,0.0,0,False,False,False,True,False,False,False,False,False,False,False,False,False,False,False,False,False,False,False,False,False,False,False,False,False,12475.496720418467,6524.503279581533
Dell Latitude 7430 2 En 1 Core I7 1265u 32gb 512gb 14 Táctil (Reacondicionado),14578.0,32.0,512.0,SSD,Core I7,0,,Intel Core i7,No especificado,No especificado,Intel,14.0,Estandar,1,0,1,0,1,0,0,0,5,5.0,9.0,160.0,0.0,0,False,False,False,True,False,False,False,False,False,False,False,False,False,False,False,False,False,False,False,False,False,False,False,False,False,16313.586846989261,-1735.5868469892612
Dell Latitude 7320 Intel Core I7 1185g7 16gb Ram 512gb Ssd (Reacondicionado),9999.0,16.0,512.0,SSD,Core I7,0,,Intel Core i7,No especificado,No especificado,Intel,,Estandar,1,0,1,0,0,0,0,0,5,4.0,9.0,80.0,0.0,0,False,False,False,True,False,False,False,False,False,False,False,False,False,False,False,False,False,False,False,False,False,False,False,False,False,13929.933959694603,-3930.933959694603
Dell Pro Rugged 14 Touch Intel Ultra 5-135u 16gb 512gb Fhd (Reacondicionado),23699.0,16.0,512.0,SSD,No especificado,0,,No especificado,No especificado,No especificado,Intel,14.0,Estandar,1,0,0,0,1,0,0,0,4,4.0,9.0,64.0,0.0,0,False,False,False,True,False,False,False,False,False,False,False,False,False,False,False,False,False,False,False,False,False,False,False,False,False,15529.296561147192,8169.703438852808
Laptop Dell 5420 Core I5 1145g7 16gb Ram 256gb Ssd Fhd Win11 (Reacondicionado),9999.0,16.0,256.0,SSD,Core I5,0,,Intel Core i5,No especificado,No especificado,Intel,,Estandar,1,0,0,0,0,0,0,0,4,4.0,8.0,64.0,0.0,0,False,False,False,True,False,False,False,False,False,False,False,False,False,False,False,False,False,False,False,False,False,False,False,False,False,7836.061240842499,2162.9387591575014
Dell Latitude 5320 2 En 1 Core I7 1185g7 32gb Ram 256gb Ssd (Reacondicionado),14998.0,32.0,256.0,SSD,Core I7,0,,Intel Core i7,No especificado,No especificado,Intel,,Estandar,1,0,1,0,1,0,0,0,5,5.0,8.0,160.0,0.0,0,False,False,False,True,False,False,False,False,False,False,False,False,False,False,False,False,False,False,False,False,False,False,False,False,False,15678.65642063492,-680.6564206349194
"Laptop Dell Pro Essential 15.6  Fhd I7-1355u 16gb, 512gb Ssd",17455.0,16.0,512.0,SSD,No especificado,0,15.6,Intel Core i7-1355U,10,13ª Gen (Raptor Lake),Intel,15.6,Estandar,0,0,0,0,0,0,0,0,5,4.0,9.0,80.0,0.0,0,False,False,False,True,False,False,False,False,False,False,False,False,False,False,False,False,False,False,False,False,False,False,False,False,False,18209.136478493198,-754.1364784931975
Dell Latitude 7440 I7-1365 32gb 512gb Ssd Win11 Pro (Reacondicionado),19999.0,32.0,512.0,SSD,No especificado,0,,No especificado,No especificado,No especificado,Intel,,Estandar,1,0,1,0,0,0,0,0,5,5.0,9.0,160.0,0.0,0,False,False,False,True,False,False,False,False,False,False,False,False,False,False,False,False,False,False,False,False,False,False,False,False,False,16503.201915212703,3495.798084787297
Dell Latitude 3420 Intel I5-1135g7 16gb 512gb Fhd 14 Iris (Reacondicionado),6379.0,16.0,512.0,SSD,No especificado,0,,Intel Core i5-1135G7,4,11ª Gen (Tiger Lake),Intel,14.0,Estandar,1,0,1,0,0,0,0,1,4,4.0,9.0,64.0,16.0,0,False,False,False,True,False,False,False,False,False,False,False,False,False,False,False,False,False,False,False,False,False,False,False,False,False,8012.903542027417,-1633.9035420274167
Dell Latitude 5330 2 En 1 Core I7 1265 32gb Ram 512gb Ssd Gris,16999.0,32.0,512.0,SSD,Core I7,0,,Intel Core i7,No especificado,No especificado,Intel,,Estandar,0,0,1,0,1,0,0,0,5,5.0,9.0,160.0,0.0,0,False,False,False,True,False,False,False,False,False,False,False,False,False,False,False,False,False,False,False,False,False,False,False,False,False,23589.568762511677,-6590.568762511677
Notebook Dell Dc15250 | Intel Core I5 1334u | 16gb Ram | Ssd 500gb | Windows 11 | Carbon Black,16999.0,16.0,500.0,SSD,Core I5,0,,Intel Core i5,No especificado,No especificado,Intel,,Estandar,0,0,0,0,0,0,0,0,4,4.0,8.965784284662087,64.0,0.0,0,False,False,False,True,False,False,False,False,False,False,False,False,False,False,False,False,False,False,False,False,False,False,False,False,False,9450.84096908,7548.15903092
Laptop Dell Vostro 3500 I5-1135g7 8gb 256ssd 15.6  Fhd (Reacondicionado),12000.0,8.0,256.0,SSD,No especificado,0,15.6,Intel Core i5-1135G7,4,11ª Gen (Tiger Lake),Intel,15.6,Estandar,1,0,0,0,0,0,0,0,4,3.0,8.0,32.0,0.0,0,False,False,False,True,False,False,False,False,False,False,False,False,False,False,False,False,False,False,False,False,False,False,False,False,False,9095.795850287785,2904.2041497122154
Dell Latitude 5330 2 En 1 Core I7 12th 32gb 512gb 13.3 Touch (Reacondicionado),14648.0,32.0,512.0,SSD,Core I7,0,13.3,Intel Core i7,No especificado,No especificado,Intel,13.3,Ultraportatil,1,0,1,0,1,0,0,0,5,5.0,9.0,160.0,0.0,0,False,False,False,True,False,False,False,False,False,False,False,False,False,False,False,False,False,False,False,False,False,False,False,False,False,16313.586846989261,-1665.5868469892612
"Pantalla Dell Latitude 5410 Core I5 10a, 16 GB, 512 GB, Full HD, Wi-Fi, gris - Aceptable (Reacondicionado)",6754.0,16.0,512.0,SSD,Core I5,0,,Intel Core i5,No especificado,No especificado,Intel,16.0,Grande,1,0,1,0,0,0,0,0,4,4.0,9.0,64.0,0.0,0,False,False,False,True,False,False,False,False,False,False,False,False,False,False,False,False,False,False,False,False,False,False,False,False,False,8172.946581168831,-1418.9465811688306
Dell Latitude 7340 2 En 1 Core I7 1365 32gb Ram 512gb Ssd 2k (Reacondicionado),19998.0,32.0,512.0,SSD,Core I7,0,,Intel Core i7,No especificado,No especificado,Intel,,Estandar,1,0,1,0,1,0,0,0,5,5.0,9.0,160.0,0.0,0,False,False,False,True,False,False,False,False,False,False,False,False,False,False,False,False,False,False,False,False,False,False,False,False,False,16313.586846989261,3684.413153010739
Laptop Dell Latitude 5490 Core I5 8gb 256gb Ssd W11 Pro (Reacondicionado),6499.0,8.0,256.0,SSD,Core I5,0,,Intel Core i5,No especificado,No especificado,Intel,,Estandar,1,0,1,0,0,0,0,0,4,3.0,8.0,32.0,0.0,0,False,False,False,True,False,False,False,False,False,False,False,False,False,False,False,False,False,False,False,False,False,False,False,False,False,8680.155021776607,-2181.155021776607
Laptop Dell Latitude 5510 Core I5 10310u 16gb Ram 256gb Ssd (Reacondicionado),9998.0,16.0,256.0,SSD,Core I5,0,,Intel Core i5,No especificado,No especificado,Intel,,Estandar,1,0,1,0,0,0,0,0,4,4.0,8.0,64.0,0.0,0,False,False,False,True,False,False,False,False,False,False,False,False,False,False,False,False,False,False,False,False,False,False,False,False,False,8502.660817862698,1495.3391821373025
Dell Latitude 3420 Intel I5-1135g7 16gb 512gb Fhd 14 Mx450 (Reacondicionado),6862.0,16.0,512.0,SSD,No especificado,0,,Intel Core i5-1135G7,4,11ª Gen (Tiger Lake),Intel,14.0,Estandar,1,0,1,0,0,0,0,0,4,4.0,9.0,64.0,0.0,0,False,False,False,True,False,False,False,False,False,False,False,False,False,False,False,False,False,False,False,False,False,False,False,False,False,8172.946581168831,-1310.9465811688306
Dell Inspiron 5502 I5-1135g7 12gb 256ssd Fhd (Reacondicionado),12000.0,12.0,256.0,SSD,No especificado,0,,Intel Core i5-1135G7,4,11ª Gen (Tiger Lake),Intel,,Estandar,1,0,0,0,0,0,0,0,4,3.584962500721156,8.0,48.0,0.0,0,False,False,False,True,False,False,False,False,False,False,False,False,False,False,False,False,False,False,False,False,False,False,False,False,False,9561.46413176407,2438.5358682359292
Notebook Dell Latitude 7490 Core I5 8350 8gb 256gb Ssd Fhd (Reacondicionado),19998.0,8.0,256.0,SSD,Core I5,0,,Intel Core i5,No especificado,No especificado,Intel,,Estandar,1,0,1,0,0,0,0,0,4,3.0,8.0,32.0,0.0,0,False,False,False,True,False,False,False,False,False,False,False,False,False,False,False,False,False,False,False,False,False,False,False,False,False,8680.155021776607,11317.844978223393
Laptop Asus Vivobook Go 15 E510 15.6'' Celeron 4gb 128gb Azul,5799.0,4.0,128.0,SSD,Celeron,0,15.6,No especificado,No especificado,No especificado,Intel,15.6,Estandar,0,0,0,0,0,0,0,0,1,2.0,7.0,4.0,0.0,0,False,False,True,False,False,False,False,False,False,False,False,False,False,False,False,False,False,False,False,False,False,False,False,False,False,7429.608076262098,-1630.6080762620977
Laptop Asus Vivobook I3 1215u 8gb 512gb Ssd 15.6 W11h Plata,9459.0,8.0,512.0,SSD,No especificado,0,15.6,Intel Core i3-1215U,6,12ª Gen (Alder Lake),Intel,15.6,Estandar,0,0,0,0,0,0,0,0,3,3.0,9.0,24.0,0.0,0,False,False,True,False,False,False,False,False,False,False,False,False,False,False,False,False,False,False,False,False,False,False,False,False,False,12972.923025598267,-3513.9230255982675
"Laptop ASUS TUF Gaming A15 AMD Ryzen7, RTX 3050, 16GB, 512GB SSD, 15.6"" FHD",36399.0,16.0,512.0,SSD,Ryzen7,1,15.6,No especificado,No especificado,No especificado,AMD,15.6,Estandar,0,1,0,0,0,0,0,2,2,4.0,9.0,32.0,32.0,2,False,False,True,False,False,False,False,False,False,False,False,False,False,False,False,False,False,False,False,False,False,False,False,False,False,26865.661112173042,9533.338887826958
"Ordenador Portátil Asus Ryzen 5 De 36 Cm, 8 Gb, 256 Gb, Ssd",13124.0,8.0,256.0,SSD,Ryzen 5,0,,AMD Ryzen 5,No especificado,No especificado,AMD,,Estandar,0,0,0,0,0,0,0,0,4,3.0,8.0,32.0,0.0,0,False,False,True,False,False,False,False,False,False,False,False,False,False,False,False,False,False,False,False,False,False,False,False,False,False,12974.267233383527,149.73276661647287
"Laptop Asus Vivobook 14, Intel Core 5, 16gb 512gb Ssd Fhd Color Azul",20299.0,16.0,512.0,SSD,No especificado,0,,No especificado,No especificado,No especificado,Intel,14.0,Estandar,0,0,0,0,0,0,0,0,2,4.0,9.0,32.0,0.0,0,False,False,True,False,False,False,False,False,False,False,False,False,False,False,False,False,False,False,False,False,False,False,False,False,False,17266.463556802126,3032.536443197874
"Laptop Asus VivoBook 16"" para Trabajo y Estudio con Intel Core i7, 16 GB RAM y 512 GB SSD",25797.0,16.0,512.0,SSD,Core I7,0,16.0,Intel Core i7,No especificado,No especificado,Intel,16.0,Grande,0,0,1,0,0,0,0,0,5,4.0,9.0,80.0,0.0,0,False,False,True,False,False,False,False,False,False,False,False,False,False,False,False,False,False,False,False,False,False,False,False,False,False,24792.67832066114,1004.3216793388601
"Laptop Asus Vivobook 15 FHD 15.6"" Intel Core i3-1315U, 8GB RAM, 512GB SSD, Windows 11 (F1504VA-SB31)",10399.0,8.0,512.0,SSD,Core I3,0,15.6,Intel Core i3-1315U,6,13ª Gen (Raptor Lake),Intel,15.6,Estandar,0,0,0,0,0,0,0,0,3,3.0,9.0,24.0,0.0,0,False,False,True,False,False,False,False,False,False,False,False,False,False,False,False,False,False,False,False,False,False,False,False,False,False,12972.923025598267,-2573.9230255982675
Notebook Asus Vivobook X1404 | Intel Core I5 | 16gb Ram | Ssd Nvme 512gb | Pantalla 14 Pulgadas | Full Hd,13858.0,16.0,512.0,SSD,Core I5,0,14.0,Intel Core i5,No especificado,No especificado,Intel,14.0,Estandar,0,0,0,0,0,0,0,0,4,4.0,9.0,64.0,0.0,0,False,False,True,False,False,False,False,False,False,False,False,False,False,False,False,False,False,False,False,False,False,False,False,False,False,19870.13918781208,-6012.139187812081
"Laptop ASUS TUF Gaming A16 RTX 5050, AMD Ryzen 7, 16GB DDR5, 512 SSD, 16"" FHD+",39899.0,16.0,512.0,SSD,Ryzen 7,1,16.0,No especificado,No especificado,No especificado,AMD,16.0,Grande,0,1,0,0,0,0,0,0,5,4.0,9.0,80.0,0.0,0,False,False,True,False,False,False,False,False,False,False,False,False,False,False,False,False,False,False,False,False,False,False,False,False,False,31869.138735385015,8029.861264614985
Laptop Hp Omnibook Flip 14-fp0053la Intel Core 5 16gb 512gb Glacier Silver,49999.0,16.0,512.0,SSD,No especificado,0,,No especificado,No especificado,No especificado,Intel,14.0,Estandar,0,0,0,1,0,0,0,0,1,4.0,9.0,16.0,0.0,0,False,False,False,False,False,False,False,True,False,False,False,False,False,False,False,False,False,False,False,False,False,False,False,False,False,21678.309747633608,28320.690252366392
Laptop HP Stream 14-dq0762dx Rosa 128gb SSD Intel Celeron Incluye Windows Color Pink,4811.0,128.0,128.0,SSD,Celeron,0,,No especificado,No especificado,No especificado,Intel,14.0,Estandar,0,0,0,0,0,0,0,0,1,7.0,7.0,128.0,0.0,0,False,False,False,False,False,False,False,True,False,False,False,False,False,False,False,False,False,False,False,False,False,False,False,False,False,6972.807782439977,-2161.807782439977
"Laptop HP 240 G10 de 14"", Intel® Core™ i5, 8GB RAM, 512GB SSD, Windows 11 Home , color gris",10499.0,8.0,512.0,SSD,No especificado,0,14.0,No especificado,No especificado,No especificado,Intel,14.0,Estandar,0,0,0,0,0,0,0,0,4,3.0,9.0,32.0,0.0,0,False,False,False,False,False,False,False,True,False,False,False,False,False,False,False,False,False,False,False,False,False,False,False,False,False,13053.852103794592,-2554.852103794592
"Hp Omnibook Core Ultra 7 32gb Ram 1tb Ssd Pantalla Tactil 17,3 Fhd 1920 X 1080 Intel Graphics Windows 11 Laptop Gamer 17-dc0373 Con Regalo",30960.0,32.0,1024.0,SSD,No especificado,0,17.3,No especificado,No especificado,No especificado,Intel,17.3,Grande,0,1,0,1,1,0,0,1,5,5.0,10.0,160.0,32.0,1,False,False,False,False,False,False,False,True,False,False,False,False,False,False,False,False,False,False,False,False,False,False,False,False,False,33160.87767490843,-2200.877674908428
Laptop HP 14 14-dq6101dx Intel N150 4 GB RAM 128 GB UFS pantalla 14 HD antirreflejo Windows 11 Home color Plateado natural,8999.0,4.0,128.0,SSD,Intel N150,0,,No especificado,No especificado,No especificado,Intel,14.0,Estandar,0,0,0,0,0,0,0,0,1,2.0,7.0,4.0,0.0,0,False,False,False,False,False,False,False,True,False,False,False,False,False,False,False,False,False,False,False,False,False,False,False,False,False,7495.881336415224,1503.1186635847762
Laptop HP 14 14-dq6103dx Intel N150 4 GB RAM 128 GB UFS pantalla 14 HD antirreflejo Windows 11 Home color Verde sauce (Willow Green),5081.0,4.0,128.0,SSD,Intel N150,0,,No especificado,No especificado,No especificado,Intel,14.0,Estandar,0,0,0,0,0,0,0,0,1,2.0,7.0,4.0,0.0,0,False,False,False,False,False,False,False,True,False,False,False,False,False,False,False,False,False,False,False,False,False,False,False,False,False,7495.881336415224,-2414.881336415224
Lenovo Thinkpad T14 Gen 2 Core I5 1145g7 16gb Ram 512gb Ssd (Reacondicionado),9998.0,16.0,512.0,SSD,Core I5,0,,Intel Core i5,No especificado,No especificado,Intel,,Estandar,1,0,0,0,0,0,0,0,4,4.0,9.0,64.0,0.0,0,False,False,False,False,False,False,False,False,False,False,False,False,False,False,True,False,False,False,False,False,False,False,False,False,False,15615.696513860858,-5617.6965138608575
Lenovo Thinkpad T495s Ryzen 7 3700 16gb Ram 256gb Ssd Win11 (Reacondicionado),9999.0,16.0,256.0,SSD,Ryzen 7,0,,No especificado,No especificado,No especificado,AMD,,Estandar,1,0,0,0,0,0,0,0,5,4.0,8.0,80.0,0.0,0,False,False,False,False,False,False,False,False,False,False,False,False,False,False,True,False,False,False,False,False,False,False,False,False,False,10900.576567257714,-901.5765672577145
Lenovo Thinkpad T14 Gen 3 I5 1245 16gb Ram 512gb Ssd Win11 (Reacondicionado),14999.0,16.0,512.0,SSD,No especificado,0,,No especificado,No especificado,No especificado,Intel,,Estandar,1,0,0,0,0,0,0,0,4,4.0,9.0,64.0,0.0,0,False,False,False,False,False,False,False,False,False,False,False,False,False,False,True,False,False,False,False,False,False,False,False,False,False,15615.696513860858,-616.6965138608575
Portátil Dell Pv15250 Ci7-1355u 16gb 512gb 15.6fhd Win 11pro Platinum Silver,18799.0,16.0,512.0,SSD,No especificado,0,,Intel Core i7-1355U,10,13ª Gen (Raptor Lake),Intel,,Estandar,0,0,0,0,0,0,0,0,5,4.0,9.0,80.0,0.0,0,False,False,False,True,False,False,False,False,False,False,False,False,False,False,False,False,False,False,False,False,False,False,False,False,False,18209.136478493198,589.8635215068025
Laptop Dell Latitude 7430 Core I7 12th 16gb 256gb Oficina. (Reacondicionado),9999.0,16.0,256.0,SSD,Core I7,0,,Intel Core i7,No especificado,No especificado,Intel,,Estandar,1,0,1,0,0,0,0,0,5,4.0,8.0,80.0,0.0,0,False,False,False,True,False,False,False,False,False,False,False,False,False,False,False,False,False,False,False,False,False,False,False,False,False,11214.308527777777,-1215.3085277777773
Dell Latitude 7430 Core I7 1255 16gb Ram 512gb Ssd Fhd (Reacondicionado),19998.0,16.0,512.0,SSD,Core I7,0,,Intel Core i7,No especificado,No especificado,Intel,,Estandar,1,0,1,0,0,0,0,0,5,4.0,9.0,80.0,0.0,0,False,False,False,True,False,False,False,False,False,False,False,False,False,False,False,False,False,False,False,False,False,False,False,False,False,13929.933959694603,6068.066040305397
Dell Latitude 5320 2 En 1 Core I7 1185g7 32gb Ram 256gb Ssd (Reacondicionado),19998.0,32.0,256.0,SSD,Core I7,0,,Intel Core i7,No especificado,No especificado,Intel,,Estandar,1,0,1,0,1,0,0,0,5,5.0,8.0,160.0,0.0,0,False,False,False,True,False,False,False,False,False,False,False,False,False,False,False,False,False,False,False,False,False,False,False,False,False,15678.65642063492,4319.343579365081
"Laptop Dell Dc15250: Core I7, 8gb, 512gb, 15.6 , Fhd, W11 H.",14699.0,8.0,512.0,SSD,Core I7,0,15.6,Intel Core i7,No especificado,No especificado,Intel,15.6,Estandar,0,0,0,0,0,0,0,0,5,3.0,9.0,40.0,0.0,0,False,False,False,True,False,False,False,False,False,False,False,False,False,False,False,False,False,False,False,False,False,False,False,False,False,13861.41598476594,837.5840152340606
"Ordenador portátil Acer Aspire Lite 15, 15,6 Fhd, Intel Core 3 N350, 8 GB de RAM, 128 GB, SSD, Windows 11, plata clara.",13999.0,8.0,128.0,SSD,No especificado,0,15.6,No especificado,No especificado,No especificado,Intel,15.6,Estandar,0,0,0,0,0,0,0,0,2,3.0,7.0,16.0,0.0,0,False,False,False,False,False,False,False,False,False,False,False,False,False,False,False,False,False,False,False,False,False,False,False,False,False,8355.021201609281,5643.978798390719
Acer Aspire 5 Ryzen 3 3350u 8gb Ram 128gb Ssd W11 15.6 Hd (Reacondicionado),7299.0,8.0,128.0,SSD,Ryzen 3,0,15.6,AMD Ryzen 3,No especificado,No especificado,AMD,15.6,Estandar,1,0,0,0,0,0,0,0,3,3.0,7.0,24.0,0.0,0,False,False,False,False,False,False,False,False,False,False,False,False,False,False,False,False,False,False,False,False,False,False,False,False,False,7299.533852596554,-0.533852596554425
Acer Aspire 5 Ryzen 3 3350u 8gb Ram 128gb Ssd W11 15.6 Fhd (Reacondicionado),7499.0,8.0,128.0,SSD,Ryzen 3,0,15.6,AMD Ryzen 3,No especificado,No especificado,AMD,15.6,Estandar,1,0,0,0,0,0,0,0,3,3.0,7.0,24.0,0.0,0,False,False,False,False,False,False,False,False,False,False,False,False,False,False,False,False,False,False,False,False,False,False,False,False,False,7299.533852596554,199.46614740344558
Laptop Acer Aspire 5 Ryzen 3 8gb 128gb Ssd (Reacondicionado),7499.0,8.0,128.0,SSD,Ryzen 3,0,,AMD Ryzen 3,No especificado,No especificado,AMD,,Estandar,1,0,0,0,0,0,0,0,3,3.0,7.0,24.0,0.0,0,False,False,False,False,False,False,False,False,False,False,False,False,False,False,False,False,False,False,False,False,False,False,False,False,False,7299.533852596554,199.46614740344558
"Laptop Acer Aspire 14 AI con Intel Core Ultra 5, 16GB RAM y 1TB SSD, Pantalla Táctil 14"" FHD+",20999.0,16.0,1024.0,SSD,No especificado,0,14.0,No especificado,No especificado,No especificado,Intel,14.0,Estandar,0,0,0,0,1,0,0,0,4,4.0,10.0,64.0,0.0,0,False,False,False,False,False,False,False,False,False,False,False,False,False,False,False,False,False,False,False,False,False,False,False,False,False,18632.051044849548,2366.948955150452
Laptop Acer Aspire 3 15.6 Fhd Core I7 12th 16gb 1tb,15999.0,16.0,1024.0,SSD,Core I7,0,15.6,Intel Core i7,No especificado,No especificado,Intel,15.6,Estandar,0,0,0,0,0,0,0,0,5,4.0,10.0,80.0,0.0,0,False,False,False,False,False,False,False,False,False,False,False,False,False,False,False,False,False,False,False,False,False,False,False,False,False,22939.961675815215,-6940.961675815215
Acer Travelmate B311 Win 11 Intel N100 8gb 128gb Touchscreen (Reacondicionado),4998.0,8.0,128.0,SSD,Intel N100,0,,Intel Processor N100,4,Alder Lake-N,Intel,11.0,Ultraportatil,1,0,0,0,1,0,0,0,1,3.0,7.0,8.0,0.0,0,False,False,False,False,False,False,False,False,False,False,False,False,False,False,False,False,False,False,False,False,False,False,False,False,False,6192.943472398199,-1194.9434723981994
Laptop Aspire Lite 16 15.6  Fhd Amd Ryzen 5 40 16gb 512gb,17999.0,16.0,512.0,SSD,Ryzen 5,0,15.6,AMD Ryzen 5,No especificado,No especificado,AMD,15.6,Estandar,0,0,0,0,0,0,0,0,4,4.0,9.0,64.0,0.0,0,False,False,False,False,False,False,False,False,False,False,False,False,False,False,False,False,False,False,False,False,False,False,True,False,False,17023.14261325995,975.8573867400482
"Laptop Acer Aspire Lite 15 Procesador Intel N150, Pantalla 15.6 Pulgadas, Resolución Full Hd, Memoria Ram 4 Gb, 128gb Ssd Windows 11",6817.0,4.0,128.0,SSD,Intel N150,0,15.6,No especificado,No especificado,No especificado,Intel,15.6,Estandar,0,0,0,0,0,0,0,0,1,2.0,7.0,4.0,0.0,0,False,False,False,False,False,False,False,False,False,False,False,False,False,False,False,False,False,False,False,False,False,False,False,False,False,6773.471712713876,43.528287286124396
Acer Travelmate B311-31 Intel N4020 Win 11 4gb Ram 64gb Ssd (Reacondicionado),3826.0,4.0,64.0,SSD,Intel N4020,0,,No especificado,No especificado,No especificado,Intel,,Estandar,1,0,0,0,0,0,0,0,2,2.0,6.0,8.0,0.0,0,False,False,False,False,False,False,False,False,False,False,False,False,False,False,False,False,False,False,False,False,False,False,False,False,False,4940.610802308799,-1114.610802308799
Laptop Acer B311 Intel N4020 Apta Win 11 Grado A 4gb 64gbssd (Reacondicionado),3888.0,4.0,64.0,SSD,Intel N4020,0,,No especificado,No especificado,No especificado,Intel,11.0,Ultraportatil,1,0,0,0,0,0,0,0,2,2.0,6.0,8.0,0.0,0,False,False,False,False,False,False,False,False,False,False,False,False,False,False,False,False,False,False,False,False,False,False,False,False,False,4940.610802308799,-1052.610802308799
Acer Travelmate B311-31 Celeron N4020 4gb 64gb Ssd Detalle (Reacondicionado),3666.0,4.0,64.0,SSD,Celeron,0,,No especificado,No especificado,No especificado,Intel,,Estandar,1,0,0,0,0,0,0,0,1,2.0,6.0,4.0,0.0,0,False,False,False,False,False,False,False,False,False,False,False,False,False,False,False,False,False,False,False,False,False,False,False,False,False,4043.0130446428566,-377.0130446428566
Laptop Acer 15.6 Core I7 1255u 16gb 1tb Ssd  Windows 11 Home,15999.0,16.0,1024.0,SSD,Core I7,0,15.6,Intel Core i7-1255U,10,12ª Gen (Alder Lake),Intel,15.6,Estandar,0,0,0,0,0,0,0,0,5,4.0,10.0,80.0,0.0,0,False,False,False,False,False,False,False,False,False,False,False,False,False,False,False,False,False,False,False,False,False,False,False,False,False,22939.961675815215,-6940.961675815215
Acer Aspire 5 Ryzen 3 3350u 8gb 128gb Ssd 15.6 Fhd Ips (Reacondicionado),7499.0,8.0,128.0,SSD,Ryzen 3,0,15.6,AMD Ryzen 3,No especificado,No especificado,AMD,15.6,Estandar,1,0,0,0,0,0,0,0,3,3.0,7.0,24.0,0.0,0,False,False,False,False,False,False,False,False,False,False,False,False,False,False,False,False,False,False,False,False,False,False,False,False,False,7299.533852596554,199.46614740344558
Acer Travelmate P2 14'' Core I5 8gb/512gb Windows 11 Pro Color Gris,12599.0,8.0,512.0,SSD,Core I5,0,,Intel Core i5,No especificado,No especificado,Intel,14.0,Estandar,0,0,0,0,0,0,0,0,4,3.0,9.0,32.0,0.0,0,False,False,False,False,False,False,False,False,False,False,False,False,False,False,False,False,False,False,False,False,False,False,False,False,False,13619.028851950276,-1020.0288519502756
Notebook Acer Aspire Go 15.6 Fhd Ryzen 7 16gb 512gb,13399.0,16.0,512.0,SSD,Ryzen 7,0,15.6,No especificado,No especificado,No especificado,AMD,15.6,Estandar,0,0,0,0,0,0,0,0,5,4.0,9.0,80.0,0.0,0,False,False,False,False,False,False,False,False,False,False,False,False,False,False,False,False,False,False,False,False,False,False,False,False,False,18205.007791130327,-4806.007791130327
Apple Macbook Air M1 A2337 8gb 256gb Ssd Oficina (Reacondicionado),15999.0,8.0,256.0,SSD,No especificado,0,,Apple M1,8,Apple Silicon (1ª Gen),Apple,,Estandar,1,0,0,0,0,0,1,0,4,3.0,8.0,32.0,0.0,0,False,True,False,False,False,False,False,False,False,False,False,False,False,False,False,False,False,False,False,False,False,False,False,False,False,9960.134718422549,6038.865281577451
"MacBook Pro de 14 pulgadas: chip Apple M5 Pro con CPU de 15 núcleos y GPU de 16 núcleos, 24 GB, SSD de 1 TB - Negro espacial - Distribuidor Autorizado",56133.0,24.0,1024.0,SSD,Apple M5,0,14.0,No especificado,No especificado,No especificado,Apple,14.0,Estandar,0,0,0,1,0,0,1,0,2,4.584962500721156,10.0,48.0,0.0,0,False,True,False,False,False,False,False,False,False,False,False,False,False,False,False,False,False,False,False,False,False,False,False,False,False,32961.498604092914,23171.501395907086
"Apple 2025 MacBook Pro (de 14 pulgadas, Chip M5 de Apple con CPU de 10 núcleos y GPU de 10 núcleos, 16GB Memoria unificada, 1 TB) - Negro espacial - Distribuidor Autorizado",45580.0,16.0,1024.0,SSD,No especificado,0,14.0,No especificado,No especificado,No especificado,Apple,14.0,Estandar,0,0,0,1,0,0,1,0,2,4.0,10.0,32.0,0.0,0,False,True,False,False,False,False,False,False,False,False,False,False,False,False,False,False,False,False,False,False,False,False,False,False,False,31472.041658267284,14107.958341732716
"MacBook Pro A2442 14.2"" plata 16GB de Ram - 512GB SSD - Apple M - Excelente (Reacondicionado)",17361.0,16.0,512.0,SSD,No especificado,0,14.2,No especificado,No especificado,No especificado,Apple,14.2,Estandar,1,0,0,1,0,0,1,0,2,4.0,9.0,32.0,0.0,0,False,True,False,False,False,False,False,False,False,False,False,False,False,False,False,False,False,False,False,False,False,False,False,False,False,24323.91547023808,-6962.91547023808
"MacBook Pro de 14 pulgadas: chip Apple M5 con CPU de 10 núcleos y GPU de 10 núcleos, 32 GB, SSD de 1 TB - Plateado - Distribuidor Autorizado",53229.0,32.0,1024.0,SSD,Apple M5,0,14.0,No especificado,No especificado,No especificado,Apple,14.0,Estandar,0,0,0,1,0,0,1,0,2,5.0,10.0,64.0,0.0,0,False,True,False,False,False,False,False,False,False,False,False,False,False,False,False,False,False,False,False,False,False,False,False,False,False,41118.74762500001,12110.25237499999
Apple Macbook Pro 16 M1 Pro 32gb 512 Ssd Portátil (Reacondicionado),23999.0,32.0,512.0,SSD,M1 Pro,0,,Apple M1 Pro,10,Apple Silicon (1ª Gen),Apple,16.0,Grande,1,0,0,1,0,0,1,0,5,5.0,9.0,160.0,0.0,0,False,True,False,False,False,False,False,False,False,False,False,False,False,False,False,False,False,False,False,False,False,False,False,False,False,21551.172704365075,2447.8272956349247
Apple Macbook Air 13 Chip M5 16gb Ram 512gb Ssd A3449 (2026) Plateado,39999.0,16.0,512.0,SSD,No especificado,0,,No especificado,No especificado,No especificado,Apple,,Estandar,0,0,0,0,0,0,1,0,2,4.0,9.0,32.0,0.0,0,False,True,False,False,False,False,False,False,False,False,False,False,False,False,False,False,False,False,False,False,False,False,False,False,False,25929.94562432544,14069.054375674561
Apple Macbook Pro 16 2019 A2141 I7 16gb 512gb Amd Radeon B (Reacondicionado),19999.0,16.0,512.0,SSD,No especificado,0,,No especificado,No especificado,No especificado,AMD,16.0,Grande,1,0,0,1,0,0,1,1,5,4.0,9.0,80.0,16.0,0,False,True,False,False,False,False,False,False,False,False,False,False,False,False,False,False,False,False,False,False,False,False,False,False,False,20671.413773809523,-672.4137738095233
Apple Macbook Pro 2021 M1 32gb Ram 1tb Ssd 16'' Detalle (Reacondicionado),29888.0,32.0,1024.0,SSD,No especificado,0,,Apple M1,8,Apple Silicon (1ª Gen),Apple,16.0,Grande,1,0,0,1,0,0,1,0,4,5.0,10.0,128.0,0.0,0,False,True,False,False,False,False,False,False,False,False,False,False,False,False,False,False,False,False,False,False,False,False,False,False,False,27109.72600341693,2778.2739965830697
"MacBook Air A1466 Plata 13.3"" Intel Core i5 5350U 8GB de RAM 128GB SSD HD Graphics 6000 1440x900px macOS - Excelente (Reacondicionado)",3898.0,8.0,128.0,SSD,Core I5,0,13.3,Intel Core i5,No especificado,No especificado,Intel,13.3,Ultraportatil,1,0,0,0,0,0,1,1,4,3.0,7.0,32.0,8.0,0,False,True,False,False,False,False,False,False,False,False,False,False,False,False,False,False,False,False,False,False,False,False,False,False,False,9341.927777523542,-5443.927777523542
Laptop Apple Macbook Pro 2021 M1 Pro 16gb 512gb Ssd Fluido (Reacondicionado),29999.0,16.0,512.0,SSD,M1 Pro,0,,Apple M1 Pro,10,Apple Silicon (1ª Gen),Apple,,Estandar,1,0,0,1,0,0,1,0,5,4.0,9.0,80.0,0.0,0,False,True,False,False,False,False,False,False,False,False,False,False,False,False,False,False,False,False,False,False,False,False,False,False,False,22323.715791666677,7675.2842083333235
Macbook Air 2020 Intel Core I3 8gb Ram 256gb Dorado (Reacondicionado),12142.0,8.0,256.0,SSD,Core I3,0,,Intel Core i3,No especificado,No especificado,Intel,,Estandar,1,0,0,0,0,0,1,0,3,3.0,8.0,24.0,0.0,0,False,True,False,False,False,False,False,False,False,False,False,False,False,False,False,False,False,False,False,False,False,False,False,False,False,9708.620218864467,2433.3797811355325
Macbook Air 2020 M1 8gb Ram Ssd 128gb 13.3 Pulgadas Detalle (Reacondicionado),18998.0,8.0,128.0,SSD,No especificado,0,13.3,Apple M1,8,Apple Silicon (1ª Gen),Apple,13.3,Ultraportatil,1,0,0,0,0,0,1,0,4,3.0,7.0,32.0,0.0,0,False,True,False,False,False,False,False,False,False,False,False,False,False,False,False,False,False,False,False,False,False,False,False,False,False,9305.667360856876,9692.332639143124
Apple Macbook Pro M1 16gb 512gb Ssd A2338 (Reacondicionado),15498.0,16.0,512.0,SSD,No especificado,0,,Apple M1,8,Apple Silicon (1ª Gen),Apple,,Estandar,1,0,0,1,0,0,1,0,4,4.0,9.0,64.0,0.0,0,False,True,False,False,False,False,False,False,False,False,False,False,False,False,False,False,False,False,False,False,False,False,False,False,False,18857.82150955988,-3359.821509559879
"Apple 2026 Macbook Neo (de 13 Pulgadas, Chip A18 Pro De Apple Con Cpu De 6 Núcleos Y Gpu De 5 Núcleos, 8gb Memoria Unificada, 256 gb) - Amarillo Cítrico",14863.0,8.0,256.0,SSD,No especificado,0,13.0,No especificado,No especificado,No especificado,Apple,13.0,Ultraportatil,0,0,0,0,0,0,1,0,2,3.0,8.0,16.0,0.0,0,False,True,False,False,False,False,False,False,False,False,False,False,False,False,False,False,False,False,False,False,False,False,False,False,False,15901.901947055245,-1038.9019470552448
Laptop Huawei Matebook D16 Core I5 16gb Ram +1tb Ssd Gris,25005.0,16.0,1024.0,SSD,Core I5,0,,Intel Core i5,No especificado,No especificado,Intel,,Estandar,0,0,0,0,0,0,0,0,4,4.0,10.0,64.0,0.0,0,False,False,False,False,False,False,False,False,True,False,False,False,False,False,False,False,False,False,False,False,False,False,False,False,False,20710.38887164435,4294.611128355649
Laptop Huawei Matebook D15 Core I5 8gb 512 Gb Como Nueva (Reacondicionado),18500.0,8.0,512.0,SSD,Core I5,0,,Intel Core i5,No especificado,No especificado,Intel,,Estandar,1,0,0,0,0,0,0,0,4,3.0,9.0,32.0,0.0,0,False,False,False,False,False,False,False,False,True,False,False,False,False,False,False,False,False,False,False,False,False,False,False,False,False,13434.115851275412,5065.884148724588
Huawei Matebook D16 Core I5 13420h 16 Gb / 512gbssd Usb -c,21377.0,16.0,512.0,SSD,Core I5,0,,Intel Core i5-13420H,8,13ª Gen (Raptor Lake),Intel,16.0,Grande,0,0,0,0,0,0,0,0,4,4.0,9.0,64.0,0.0,0,False,False,False,False,False,False,False,False,True,False,False,False,False,False,False,False,False,False,False,False,False,False,False,False,False,18619.820634051463,2757.1793659485375
Huawei Matebook D16 / Core I5 13420h / Ram 16gb / 1 Tb Nvme,23582.0,16.0,1024.0,SSD,Core I5,0,,Intel Core i5-13420H,8,13ª Gen (Raptor Lake),Intel,,Estandar,0,0,0,0,0,0,0,0,4,4.0,10.0,64.0,0.0,0,False,False,False,False,False,False,False,False,True,False,False,False,False,False,False,False,False,False,False,False,False,False,False,False,False,20710.38887164435,2871.6111283556493
Huawei Matebook D16 / Core I5 13420h / Ram 16gb / 1 Tb Nvme,24677.0,16.0,1024.0,SSD,Core I5,0,,Intel Core i5-13420H,8,13ª Gen (Raptor Lake),Intel,,Estandar,0,0,0,0,0,0,0,0,4,4.0,10.0,64.0,0.0,0,False,False,False,False,False,False,False,False,True,False,False,False,False,False,False,False,False,False,False,False,False,False,False,False,False,20710.38887164435,3966.6111283556493
Laptop Huawei Matebook D15 I3 11.5va Gen 8gb + 256gb Plata Mystic Silver - Excelente (Reacondicionado),7000.0,8.0,256.0,SSD,No especificado,0,,No especificado,No especificado,No especificado,Intel,,Estandar,1,0,0,0,0,0,0,0,3,3.0,8.0,24.0,0.0,0,False,False,False,False,False,False,False,False,True,False,False,False,False,False,False,False,False,False,False,False,False,False,False,False,False,8051.771817177842,-1051.7718171778424
Laptop Huawei Matebook X Pro Intel I7 1tb Ssd 16gb Ram 2022 Color Gris,29999.0,16.0,1024.0,SSD,No especificado,0,,No especificado,No especificado,No especificado,Intel,,Estandar,0,0,0,0,0,0,0,0,5,4.0,10.0,80.0,0.0,0,False,False,False,False,False,False,False,False,True,False,False,False,False,False,False,False,False,False,False,False,False,False,False,False,False,23667.423937059313,6331.576062940687
"Laptop Huawei Matebook D 14, 14 , Amd R5 8gb+512gb, Gris (Nuevo con caja abierta)",12000.0,8.0,512.0,SSD,No especificado,0,,No especificado,No especificado,No especificado,AMD,14.0,Estandar,1,0,0,0,0,0,0,0,2,3.0,9.0,16.0,0.0,0,False,False,False,False,False,False,False,False,True,False,False,False,False,False,False,False,False,False,False,False,False,False,False,False,False,12588.158856171709,-588.158856171709
Notebook Huawei Matebook E 11th Gen Intel I7 16gb+512gb,32000.0,16.0,512.0,SSD,No especificado,0,,No especificado,No especificado,No especificado,Intel,,Estandar,0,0,0,0,0,0,0,0,5,4.0,9.0,80.0,0.0,0,False,False,False,False,False,False,False,False,True,False,False,False,False,False,False,False,False,False,False,False,False,False,False,False,False,19005.74357465896,12994.256425341038
Laptop Huawei Matebook 14 Ryzen 5 8gb Ram + 512gb Ssd 2021 Gris Espacial,25000.0,8.0,512.0,SSD,Ryzen 5,0,,AMD Ryzen 5,No especificado,No especificado,AMD,14.0,Estandar,0,0,0,0,0,0,0,0,4,3.0,9.0,32.0,0.0,0,False,False,False,False,False,False,False,False,True,False,False,False,False,False,False,False,False,False,False,False,False,False,False,False,False,14285.099852199402,10714.900147800598
Notebook Huawei Matebook D16 Core I5 16 GB de RAM 512 GB SSD 16,19999.0,16.0,512.0,SSD,Core I5,0,,Intel Core i5,No especificado,No especificado,Intel,16.0,Grande,0,0,0,0,0,0,0,0,4,4.0,9.0,64.0,0.0,0,False,False,False,False,False,False,False,False,True,False,False,False,False,False,False,False,False,False,False,False,False,False,False,False,False,18619.820634051463,1379.1793659485375
Laptop Huawei Matebook Series 14 Ryzen 7 8gb 512gb Gris Espacial,16499.0,8.0,512.0,SSD,Ryzen 7,0,,No especificado,No especificado,No especificado,AMD,14.0,Estandar,0,0,0,0,0,0,0,0,5,3.0,9.0,40.0,0.0,0,False,False,False,False,False,False,False,False,True,False,False,False,False,False,False,False,False,False,False,False,False,False,False,False,False,14135.41025138576,2363.5897486142403
Laptop Huawei Matebook D15 Core I5 11.5th 8gb +512ssd Plata Plateado,17000.0,8.0,512.0,SSD,Core I5,0,,Intel Core i5,No especificado,No especificado,Intel,,Estandar,0,0,0,0,0,0,0,0,4,3.0,9.0,32.0,0.0,0,False,False,False,False,False,False,False,False,True,False,False,False,False,False,False,False,False,False,False,False,False,False,False,False,False,14285.099852199402,2714.9001478005976
"Laptop Huawei Matebook D14 Intel I7, 16gb+1tb Win11 Home",22000.0,16.0,1024.0,SSD,No especificado,0,,No especificado,No especificado,No especificado,Intel,14.0,Estandar,0,0,0,0,0,0,0,0,5,4.0,10.0,80.0,0.0,0,False,False,False,False,False,False,False,False,True,False,False,False,False,False,False,False,False,False,False,False,False,False,False,False,False,23667.423937059313,-1667.4239370593132
Laptop Huawei Matebook D15 I7-1165g7 512ssd 16gb Ram Color Plata,16000.0,16.0,512.0,SSD,No especificado,0,,Intel Core i7-1165G7,4,11ª Gen (Tiger Lake),Intel,,Estandar,0,0,0,0,0,0,0,0,5,4.0,9.0,80.0,0.0,0,False,False,False,False,False,False,False,False,True,False,False,False,False,False,False,False,False,False,False,False,False,False,False,False,False,19005.74357465896,-3005.7435746589617
"Notebook Huawei MateBook D15 plata 15.6"" AMD Ryzen 5 3500U 8gb de RAM 256gb SSD Color Plata",12000.0,8.0,256.0,SSD,Ryzen 5,0,15.6,AMD Ryzen 5,No especificado,No especificado,AMD,15.6,Estandar,0,0,0,0,0,0,0,0,4,3.0,8.0,32.0,0.0,0,False,False,False,False,False,False,False,False,True,False,False,False,False,False,False,False,False,False,False,False,False,False,False,False,False,12850.005600165283,-850.0056001652829
"Laptop Huawei Matebook D 14 , Ryzen 5 , 8gb Ram Y 512gb Ssd",6450.0,8.0,512.0,SSD,Ryzen 5,0,,AMD Ryzen 5,No especificado,No especificado,AMD,14.0,Estandar,0,0,0,0,0,0,0,0,4,3.0,9.0,32.0,0.0,0,False,False,False,False,False,False,False,False,True,False,False,False,False,False,False,False,False,False,False,False,False,False,False,False,False,14285.099852199402,-7835.099852199402
Notebook Huawei Matebook D15 Amd Ryzen 8gb De Ram 256gb Ssd,5500.0,8.0,256.0,SSD,Ryzen 8,0,,No especificado,No especificado,No especificado,AMD,,Estandar,0,0,0,0,0,0,0,0,2,3.0,8.0,16.0,0.0,0,False,False,False,False,False,False,False,False,True,False,False,False,False,False,False,False,False,False,False,False,False,False,False,False,False,9716.708009291247,-4216.708009291247
Laptop Ia Gamer Msi A16 Geforce Rtx 5060 Ryzen 9 32gb 1tb,49999.0,32.0,1024.0,SSD,Ryzen 9,1,,No especificado,No especificado,No especificado,AMD,,Estandar,0,1,0,0,0,0,0,3,6,5.0,10.0,192.0,96.0,3,False,False,False,False,False,False,False,False,False,False,False,False,False,False,False,False,False,False,False,True,False,False,False,False,False,50023.99440079365,-24.99440079365013
"Laptop Msi Venture A16 Ai, 16 Pulgadas, Ryzen 9, 32 Gb, 2 Tb",30818.0,32.0,2048.0,SSD,Ryzen 9,0,16.0,No especificado,No especificado,No especificado,AMD,16.0,Grande,0,0,0,0,0,0,0,0,6,5.0,11.0,192.0,0.0,0,False,False,False,False,False,False,False,False,False,False,False,False,False,False,False,False,False,False,False,True,False,False,False,False,False,29985.629020876844,832.3709791231558
Huawei D16 Core I5 8gb Ram 512gb Ssd 2024,9999.0,8.0,512.0,SSD,Core I5,0,,Intel Core i5,No especificado,No especificado,Intel,,Estandar,0,0,0,0,0,0,0,0,4,3.0,9.0,32.0,0.0,0,False,False,False,False,False,False,False,False,True,False,False,False,False,False,False,False,False,False,False,False,False,False,False,False,False,14285.099852199402,-4286.099852199402
"Portátil Samsung Chromebook Intel de doble núcleo, 4 GB, 32 GB 11.6 (Nuevo con caja abierta)",3999.0,4.0,32.0,SSD,No especificado,0,11.6,No especificado,No especificado,No especificado,Intel,11.6,Ultraportatil,1,0,0,0,0,0,0,0,1,2.0,5.0,4.0,0.0,0,False,False,False,False,False,False,False,False,False,False,False,False,False,False,False,False,False,False,False,False,False,False,False,False,True,6704.7497261904755,-2705.7497261904755
Laptop Samsung Galaxy Book4 15.6  Fhd Intel I7 16gb 2tb,30050.0,16.0,2048.0,SSD,No especificado,0,15.6,No especificado,No especificado,No especificado,Intel,15.6,Estandar,0,0,0,0,0,0,0,0,5,4.0,11.0,80.0,0.0,0,False,False,False,False,False,False,False,False,False,False,False,False,False,False,False,False,False,False,False,False,False,False,False,False,True,29312.85061620128,737.1493837987182
Portátil Samsung Galaxy Book4 15.6  Core I7 16gb 2tb,31693.0,16.0,2048.0,SSD,Core I7,0,15.6,Intel Core i7,No especificado,No especificado,Intel,15.6,Estandar,0,0,0,0,0,0,0,0,5,4.0,11.0,80.0,0.0,0,False,False,False,False,False,False,False,False,False,False,False,False,False,False,False,False,False,False,False,False,False,False,False,False,True,29312.85061620128,2380.149383798718
Portátil Samsung Galaxy Book4 15.6  Core I7 16gb 1.5tb,28699.0,16.0,1536.0,SSD,Core I7,0,15.6,Intel Core i7,No especificado,No especificado,Intel,15.6,Estandar,0,0,0,0,0,0,0,0,5,4.0,10.584962500721156,80.0,0.0,0,False,False,False,False,False,False,False,False,False,False,False,False,False,False,False,False,False,False,False,False,False,False,False,False,True,27070.025947142487,1628.974052857513
Laptop Hp Core I3 1215u 16gb Ram 512gb Ssd 15.6,17637.0,16.0,512.0,SSD,Core I3,0,15.6,Intel Core i3-1215U,6,12ª Gen (Alder Lake),Intel,15.6,Estandar,0,0,0,0,0,0,0,0,3,4.0,9.0,48.0,0.0,0,False,False,False,False,False,False,False,True,False,False,False,False,False,False,False,False,False,False,False,False,False,False,False,False,False,16074.740055814691,1562.259944185309
Laptop Alienware Geforce Rtx 4050 Ryzen 5 16gb 512gb 15.3,31999.0,16.0,512.0,SSD,Ryzen 5,1,15.3,AMD Ryzen 5,No especificado,No especificado,AMD,15.3,Estandar,0,1,0,0,0,0,0,2,4,4.0,9.0,64.0,32.0,2,True,False,False,False,False,False,False,False,False,False,False,False,False,False,False,False,False,False,False,False,False,False,False,False,False,27535.576317777,4463.423682223001
Alienware M16  R2 Ultra-7 155h 16gb 1tb 16-2.5k Rtx 4050 6gb (Reacondicionado),25800.0,16.0,1024.0,SSD,No especificado,1,,Apple M1,8,Apple Silicon (1ª Gen),Apple,16.0,Grande,1,1,0,0,0,0,0,2,4,4.0,10.0,64.0,32.0,2,True,False,False,False,False,False,False,False,False,False,False,False,False,False,False,False,False,False,False,False,False,False,False,False,False,24926.97140932274,873.0285906772588
Laptop Gamer Alienware M16 Rtx 4050 Core I5 16gb Ddr5 512gb,30899.0,16.0,512.0,SSD,Core I5,1,,Apple M1,8,Apple Silicon (1ª Gen),Apple,,Estandar,0,1,0,0,0,0,0,2,4,4.0,9.0,64.0,32.0,2,True,False,False,False,False,False,False,False,False,False,False,False,False,False,False,False,False,False,False,False,False,False,False,False,False,27535.576317777,3363.4236822230014
Alienware M15 R7 I7 16gb 1tb Ssd Rtx 3080 Ti (Reacondicionado),45000.0,16.0,1024.0,SSD,No especificado,1,,Apple M1,8,Apple Silicon (1ª Gen),Apple,,Estandar,1,1,0,0,0,0,0,5,5,4.0,10.0,80.0,80.0,5,True,False,False,False,False,False,False,False,False,False,False,False,False,False,False,False,False,False,False,False,False,False,False,False,False,43076.647073232314,1923.3529267676859
Laptop M15 R7 Ryzen 7-6800 64gb 2tb Nvidia Geforce Rtx3050,39985.0,64.0,2048.0,SSD,Ryzen 7,1,,Apple M1,8,Apple Silicon (1ª Gen),Apple,,Estandar,0,1,0,0,0,0,0,2,5,6.0,11.0,320.0,128.0,2,False,False,False,False,False,False,False,False,False,False,False,False,False,False,False,False,False,False,False,False,False,False,True,False,False,35782.55856519868,4202.441434801323
Dell Alienware Am16 Rtx 4050 Ultra7 16gb 1tb Negro,31490.0,16.0,1024.0,SSD,No especificado,1,,Apple M1,8,Apple Silicon (1ª Gen),Apple,,Estandar,0,1,0,0,0,0,0,2,4,4.0,10.0,64.0,32.0,2,False,False,False,True,False,False,False,False,False,False,False,False,False,False,False,False,False,False,False,False,False,False,False,False,False,22847.31430539313,8642.68569460687
Dell Alienware M16 R1 Gamer I7-13700hx 16gb 1tb Rtx 4070,52999.0,16.0,1024.0,SSD,No especificado,1,,Intel Core i7-13700H,14,13ª Gen (Raptor Lake),Intel,,Estandar,0,1,0,0,0,0,0,4,5,4.0,10.0,80.0,64.0,4,False,False,False,True,False,False,False,False,False,False,False,False,False,False,False,False,False,False,False,False,False,False,False,False,False,41110.00719751082,11888.992802489178
Alienware M16 R2  Ultra 7-155h 32gb 1tb 16-2.5k Rtx 4050 6gb (Reacondicionado),34900.0,32.0,1024.0,SSD,No especificado,1,,Apple M1,8,Apple Silicon (1ª Gen),Apple,16.0,Grande,1,1,0,0,0,0,0,2,5,5.0,10.0,160.0,64.0,2,True,False,False,False,False,False,False,False,False,False,False,False,False,False,False,False,False,False,False,False,False,False,False,False,False,31416.939903138522,3483.060096861478
Laptop Gamer Alienware X16 R2 16 Intel Ultra 7-155h 16gb 1tb,58100.0,16.0,1024.0,SSD,No especificado,0,,No especificado,No especificado,No especificado,Intel,16.0,Grande,0,1,0,0,0,0,0,0,5,4.0,10.0,80.0,0.0,0,True,False,False,False,False,False,False,False,False,False,False,False,False,False,False,False,False,False,False,False,False,False,False,False,False,38681.615492995144,19418.384507004856
"Laptop Honor Magicbook 15.6,  Ryzen 5 500 16gb Ram, Sdd512gb",10399.0,16.0,512.0,SSD,Ryzen 5,0,15.6,AMD Ryzen 5,No especificado,No especificado,AMD,15.6,Estandar,0,0,0,0,0,0,0,0,4,4.0,9.0,64.0,0.0,0,False,False,False,False,False,False,True,False,False,False,False,False,False,False,False,False,False,False,False,False,False,False,False,False,False,17612.699983021626,-7213.699983021626
Chromebook Gateway Usado 15.6  Hd-intel N6000 4gb 128gb,5407.0,4.0,128.0,SSD,Intel N6000,0,15.6,No especificado,No especificado,No especificado,Intel,15.6,Estandar,1,0,0,0,0,0,0,0,1,2.0,7.0,4.0,0.0,0,False,False,False,False,True,False,False,False,False,False,False,False,False,False,False,False,False,False,False,False,False,False,False,False,False,4531.706070692373,875.293929307627
Laptop Gateway 15.6 Pulgadas Fhd 1920 Px X 1080 Px Gwtn156-11bk Intel Pentium Silver N5030 128 Gb Ssd 4 Gb Ram Windows 10 Home Charcoal (Nuevo con caja abierta),4136.0,128.0,128.0,SSD,Pentium,0,15.6,No especificado,No especificado,No especificado,Intel,15.6,Estandar,1,0,0,0,0,0,0,0,1,7.0,7.0,128.0,0.0,0,False,False,False,False,True,False,False,False,False,False,False,False,False,False,False,False,False,False,False,False,False,False,False,False,False,5777.384394667853,-1641.3843946678526
"Laptop Gateway Azul 15.6, Amd Ryzen 7 8gb Ram 512gb Ssd Re (Reacondicionado)",7360.0,8.0,512.0,SSD,Ryzen 7,0,15.6,No especificado,No especificado,No especificado,AMD,15.6,Estandar,1,0,0,0,0,0,0,0,5,3.0,9.0,40.0,0.0,0,False,False,False,False,True,False,False,False,False,False,False,False,False,False,False,False,False,False,False,False,False,False,False,False,False,11409.48464404762,-4049.4846440476194
Laptop Gateway Ultra Slim 14 Core I5-1135g7 16gb Ram 2tb Ssd,21422.0,16.0,2048.0,SSD,Core I5,0,,Intel Core i5-1135G7,4,11ª Gen (Tiger Lake),Intel,14.0,Estandar,0,0,0,0,0,0,0,0,4,4.0,11.0,64.0,0.0,0,False,False,False,False,True,False,False,False,False,False,False,False,False,False,False,False,False,False,False,False,False,False,False,False,False,23078.1683746306,-1656.1683746306007
Gateway Blue Fhd Ryzen 7 8gb + 512 Ssd / Notebook Win Outlet Color Azul (Nuevo con caja abierta),7900.0,8.0,512.0,SSD,Ryzen 7,0,,No especificado,No especificado,No especificado,AMD,,Estandar,1,0,0,0,0,0,0,0,5,3.0,9.0,40.0,0.0,0,False,False,False,False,True,False,False,False,False,False,False,False,False,False,False,False,False,False,False,False,False,False,False,False,False,11409.48464404762,-3509.4846440476194
"Notebook Ultra Slim GWTN141 14.094"" negro 128GB SSD - Intel - Excelente (Reacondicionado)",5701.0,128.0,128.0,SSD,No especificado,0,,No especificado,No especificado,No especificado,Intel,14.0,Estandar,1,0,0,0,0,0,0,0,2,7.0,7.0,256.0,0.0,0,False,False,False,False,False,False,False,False,False,False,False,False,False,False,False,False,False,False,False,False,False,False,True,False,False,6025.042835022823,-324.04283502282306
Mini Laptop Gateway Intel Atom 2 Gb Hd 120 Gb.,1789.0,2.0,120.0,SSD,No especificado,0,,No especificado,No especificado,No especificado,Intel,,Estandar,0,0,0,0,0,0,0,0,2,1.0,6.906890595608519,4.0,0.0,0,False,False,False,False,True,False,False,False,False,False,False,False,False,False,False,False,False,False,False,False,False,False,False,False,False,2622.6788966687545,-833.6788966687545
Laptop Gateway Nv53a Amd Athlon 4gb Ram 250gb 15.6 Webcam,1900.0,4.0,250.0,SSD,Athlon,0,15.6,No especificado,No especificado,No especificado,AMD,15.6,Estandar,0,0,0,0,0,0,0,0,1,2.0,7.965784284662087,4.0,0.0,0,False,False,False,False,True,False,False,False,False,False,False,False,False,False,False,False,False,False,False,False,False,False,False,False,False,4703.784281532411,-2803.784281532411
"Laptop Gateway Azul 15.6, Amd Ryzen 7 8gb Ram 512gb Ssd",8301.0,8.0,512.0,SSD,Ryzen 7,0,15.6,No especificado,No especificado,No especificado,AMD,15.6,Estandar,0,0,0,0,0,0,0,0,5,3.0,9.0,40.0,0.0,0,False,False,False,False,True,False,False,False,False,False,False,False,False,False,False,False,False,False,False,False,False,False,False,False,False,13729.228360452375,-5428.228360452375
Gateway Lt20 Intel Atomn270 1gbram 220gb Hdd Windows 7sarter,2500.0,1.0,220.0,SSD,No especificado,0,,No especificado,No especificado,No especificado,Intel,,Estandar,0,0,0,0,0,0,0,0,2,0.0,7.78135971352466,2.0,0.0,0,False,False,False,False,True,False,False,False,False,False,False,False,False,False,False,False,False,False,False,False,False,False,False,False,False,3106.3601170634915,-606.3601170634915
Macbook Pro 13 M2 A2338 16gb 512gb Ssd Portátil. (Reacondicionado),20000.0,16.0,512.0,SSD,No especificado,0,,Apple M2,8,Apple Silicon (2ª Gen),Apple,,Estandar,1,0,0,1,0,0,1,0,5,4.0,9.0,80.0,0.0,0,False,True,False,False,False,False,False,False,False,False,False,False,False,False,False,False,False,False,False,False,False,False,False,False,False,22323.715791666677,-2323.7157916666765
Laptop Intel Pentium Gold 6500Y 16GB Ram 256GB Ssd 15.6inch 1920X1080px Computadoras Notebook,6040.0,16.0,256.0,SSD,Pentium,0,15.6,No especificado,No especificado,No especificado,Intel,15.6,Estandar,0,0,0,0,0,0,0,0,1,4.0,8.0,16.0,0.0,0,False,False,False,False,False,False,False,False,False,False,False,False,False,False,False,False,False,False,False,False,False,False,True,False,False,8126.604498851945,-2086.604498851945
"Laptop Asus VivoBook con Intel Core i7, 16GB RAM y 512GB SSD",27518.0,16.0,512.0,SSD,Core I7,0,,Intel Core i7,No especificado,No especificado,Intel,,Estandar,0,0,0,0,0,0,0,0,5,4.0,9.0,80.0,0.0,0,False,False,True,False,False,False,False,False,False,False,False,False,False,False,False,False,False,False,False,False,False,False,False,False,False,21159.522933262335,6358.477066737665
HP Gamer Ryzen Ai 5 16GB Ddr5 512GB Ssd Pantalla táctil 15.6 Fhd 1920 px X 1080 px Amd Radeon Graphics Laptop 15-fn0105 Con Regalo,30960.0,16.0,512.0,SSD,No especificado,0,15.6,No especificado,No especificado,No especificado,AMD,15.6,Estandar,0,1,0,0,1,0,0,1,4,4.0,9.0,64.0,16.0,1,False,False,False,False,False,False,False,True,False,False,False,False,False,False,False,False,False,False,False,False,False,False,False,False,False,29227.34322021195,1732.6567797880489
Laptop Toshiba Táctil Fhd Core I5 10th 16gb Ram 240gb Ssd (Reacondicionado),7960.0,16.0,240.0,SSD,Core I5,0,,Intel Core i5,No especificado,No especificado,Intel,,Estandar,1,0,0,0,1,0,0,0,4,4.0,7.906890595608519,64.0,0.0,0,False,False,False,False,False,False,False,False,False,False,False,False,False,False,False,False,False,False,False,False,False,False,True,False,False,8880.243137987016,-920.2431379870159
Hp Pavilion Core I3 N305 8gb Ram 256gb Ssd Pantalla 15.6 Fhd 1920 Px X 1080 Px Intel Uhd Graphics Incluye Windows Instalado Laptop Fd0133 Más Regalo,12029.0,8.0,256.0,SSD,Core I3,0,15.6,Intel Core i3-N305,8,Alder Lake-N,Intel,15.6,Estandar,0,0,0,0,0,0,0,1,3,3.0,8.0,24.0,8.0,0,False,False,False,False,False,False,False,True,False,False,False,False,False,False,False,False,False,False,False,False,False,False,False,False,False,10509.592651470633,1519.4073485293666
Dell Latitude 3310 Core I3 8th Gen 8gb Ram 128gb Ssd Touch (Reacondicionado),3500.0,8.0,128.0,SSD,Core I3,0,,Intel Core i3,No especificado,No especificado,Intel,,Estandar,1,0,1,0,1,0,0,0,3,3.0,7.0,24.0,0.0,0,False,False,False,True,False,False,False,False,False,False,False,False,False,False,False,False,False,False,False,False,False,False,False,False,False,5833.347666666665,-2333.3476666666647
Laptop Games Amd Ryzen 7 7730u 16gb Ram 512gb Ssd 15.6'' Fhd,13223.0,16.0,512.0,SSD,Ryzen 7,0,15.6,AMD Ryzen 7 7730U,8,Serie 7000 (Zen 3),AMD,15.6,Estandar,0,0,0,0,0,0,0,0,5,4.0,9.0,80.0,0.0,0,False,False,False,False,False,False,False,False,False,False,False,False,False,False,False,False,False,False,False,False,False,False,True,False,False,19148.189839699276,-5925.1898396992765
Asus Vivobook 2 en 1 Core Ultra 7 256V 1TB SSD 16GB RAM Pantalla Táctil Wuxga 1920 px x 1200 px Intel Arc Graphics incluye Windows Instalado Laptop 14-TP3407SA Con Regalo,20391.0,16.0,1024.0,SSD,No especificado,0,,No especificado,No especificado,No especificado,Intel,14.0,Estandar,0,0,0,0,1,0,0,1,5,4.0,10.0,80.0,16.0,0,False,False,True,False,False,False,False,False,False,False,False,False,False,False,False,False,False,False,False,False,False,False,False,False,False,20594.81963211088,-203.81963211088078
