Marca,Nombre,Precio_MXN,RAM_GB,Almacenamiento_GB,Tipo_Almacenamiento,Procesador,GPU_Dedicada,Pantalla_Pulgadas,Procesador_Modelo,Numero_Nucleos,Generacion_CPU,marca_procesador,Pantalla_Rescatada,Categoria_Pantalla
Acer,Laptop Acer Aspire Lite 15.6 Pulgadas FHD Core i5 13th 16GB RAM 512GB SSD,17495.0,16.0,512.0,SSD,Core I5,0,15.6,Intel Core i5,No especificado,No especificado,Intel,15.6,Estandar
Hp,"Laptop HP 255 G10 de 15,6 Pulgadas Windows 11 Home Amd Ryzen 3 8Gb RAM 512Gb Ssd",8495.0,8.0,512.0,SSD,Ryzen 3,0,15.6,AMD Ryzen 3,No especificado,No especificado,AMD,15.6,Estandar
Lenovo,"Laptop Gaming Lenovo LOQ 15ARP9 15.6"" FHD AMD Ryzen 5 IA 8GB RAM 512GB SSD Nvidia Geforce RTX 3050 6 GB",21845.0,8.0,512.0,SSD,Ryzen 5,1,15.6,AMD Ryzen 5,No especificado,No especificado,AMD,15.6,Estandar
Lenovo,"Laptop Lenovo Ideapad Slim 3 15IAN8 15.6"" FHD Intel Core i3 8GB RAM 512GB SSD",9995.0,8.0,512.0,SSD,Core I3,0,15.6,Intel Core i3,No especificado,No especificado,Intel,15.6,Estandar
Asus,Laptop Asus VivoBook Go 14 Pulgadas FHD Intel Core i3-N305 RAM 8GB 128GB SSD Negro,7995.0,8.0,128.0,SSD,Core I3,0,14.0,Intel Core i3-N305,8,Alder Lake-N,Intel,14.0,Estandar
Lm,Laptop LM Dual Táctil 360° 16GB 1TB Intel Core N95 LM-140D,15995.0,16.0,1024.0,SSD,No especificado,0,,No especificado,No especificado,No especificado,Intel,,Estandar
Hp,Laptop HP Celeron N4120 4GB 128GB 14-dq0531la,6495.0,4.0,128.0,SSD,Celeron,0,,No especificado,No especificado,No especificado,Intel,14.0,Estandar
Lenovo,"Laptop Lenovo Ideapad 1 15IGL7 15.6"" FHD Intel Celeron 8GB RAM 256 GB SSD",8395.0,8.0,256.0,SSD,Celeron,0,15.6,No especificado,No especificado,No especificado,Intel,15.6,Estandar
Lenovo,"Laptop Lenovo Ideapad Slim 3 15IAH8 15.6"" FHD Intel Core i5 8GB RAM 512GB SSD",13645.0,8.0,512.0,SSD,Core I5,0,15.6,Intel Core i5,No especificado,No especificado,Intel,15.6,Estandar
Hp,Laptop HP 15-fc0265la Ryzen 5-7520U - 8GB  -512GB Tarjeta AMD Radeon,17995.0,8.0,512.0,SSD,Ryzen 5,0,,AMD Ryzen 5 7520U,4,Serie 7000 (Zen 2),AMD,,Estandar
Hp,Laptop HP 245 G10 14” Ryzen 5 7520U 8GB 512GB Windows 11,14995.0,8.0,512.0,SSD,Ryzen 5,0,14.0,AMD Ryzen 5 7520U,4,Serie 7000 (Zen 2),AMD,14.0,Estandar
Hp,Laptop HP 14-em0033la Athlon Silver 7120U 4GB 128GB Tarjeta AMD Radeon,5995.0,4.0,128.0,SSD,Athlon,0,,No especificado,No especificado,No especificado,AMD,14.0,Estandar
Acer,Laptop Acer Aspire Lite 15 Al15-41P-R03U 15.6 Pulgadas 1920X1080 Full Hd Amd Ryzen 7 5700U 16Gb 512Gb Ssd Windows 11 Home,16995.0,16.0,512.0,SSD,Ryzen 7,0,15.6,AMD Ryzen 7 5700U,8,Serie 5000 (Zen 2),AMD,15.6,Estandar
Lanix,Laptop Lanix Intel Celeron N4020 RAM 4GB Memoria Interna 128 GB Xbook Go + Backpack,2922.06,4.0,128.0,SSD,Celeron,0,,No especificado,No especificado,No especificado,Intel,,Estandar
Lenovo,"Laptop Lenovo Ideapad Slim 3 15ABR8 15.6"" FHD AMD Ryzen 7 16GB RAM 1TB SSD",21495.0,16.0,1024.0,SSD,Ryzen 7,0,15.6,No especificado,No especificado,No especificado,AMD,15.6,Estandar
Acer,Laptop Acer Aspire 3 Ryzen 5 7520U 14 Pulgadas FHD 8GB de RAM 256GB Pcle NVMe SSD Plata,9995.0,8.0,256.0,SSD,Ryzen 5,0,14.0,AMD Ryzen 5 7520U,4,Serie 7000 (Zen 2),AMD,14.0,Estandar
Acer,Laptop Acer Aspire Lite 14 Pulgadas Intel N100 8GB RAM 256GB SSD AL14-31P-C0S2 Plata,7595.0,8.0,256.0,SSD,Intel N100,0,14.0,Intel Processor N100,4,Alder Lake-N,Intel,14.0,Estandar
Lenovo,"Laptop Lenovo Ideapad Slim 3 15IAN8 15.6"" FHD Intel Core i3 8GB RAM 256GB SSD",11995.0,8.0,256.0,SSD,Core I3,0,15.6,Intel Core i3,No especificado,No especificado,Intel,15.6,Estandar
Lenovo,"Laptop Lenovo Ideapad 1 15AMN7 15.6"" FHD AMD Athlon Silver 8GB RAM 256GB SSD",10495.0,8.0,256.0,SSD,Athlon,0,15.6,No especificado,No especificado,No especificado,AMD,15.6,Estandar
Lenovo,"Laptop Lenovo Ideapad 1 15AMN7 15.6"" FHD Touch AMD Ryzen 3 8GB RAM 256GB SSD",12995.0,8.0,256.0,SSD,Ryzen 3,0,15.6,AMD Ryzen 3,No especificado,No especificado,AMD,15.6,Estandar
Hp,Laptop HP 15-fc0287la RYZEN 7/8GB /512GB,18495.0,8.0,512.0,SSD,Ryzen 7,0,,No especificado,No especificado,No especificado,AMD,,Estandar
Hp,Laptop HP 15-fc0240la Ryzen 3 7320U - 8GB  -512GB Tarjeta AMD Radeon,16995.0,8.0,512.0,SSD,Ryzen 3,0,,AMD Ryzen 3 7320U,4,Serie 7000 (Zen 2),AMD,,Estandar
Hyundai,Laptop Hyundai 14” Intel Core i5 16GB 1TB SSD Windows 11,8495.0,16.0,1024.0,SSD,Core I5,0,14.0,Intel Core i5,No especificado,No especificado,Intel,14.0,Estandar
Hyundai,Laptop Hyundai 14” Intel N4020 8GB 256GB Windows 11 Home,7995.0,8.0,256.0,SSD,Intel N4020,0,14.0,No especificado,No especificado,No especificado,Intel,14.0,Estandar
Lenovo,"Laptop Lenovo Ideapad Slim 3 15AMN8 15.6"" FHD AMD Ryzen 5 8 GB RAM 512 GB SSD + Maletín",14495.0,8.0,512.0,SSD,Ryzen 5,0,15.6,AMD Ryzen 5,No especificado,No especificado,AMD,15.6,Estandar
Apple,Apple Macbook Air Reacondicionada AP2020 M1 128GB,9995.0,128.0,128.0,SSD,No especificado,0,,Apple M1,8,Apple Silicon (1ª Gen),Apple,,Estandar
Hp,Laptop HP 14 Pulgadas RAM 4GB 128GB SSD Intel Celeron N4120 2.6Ghz 0B04319 Plata.,6995.0,4.0,128.0,SSD,Celeron,0,14.0,No especificado,No especificado,No especificado,Intel,14.0,Estandar
Acer,Laptop Acer Aspire Lite 15.6 Pulgadas FHD Celeron N4500 8GB 256GB SSD,8395.0,8.0,256.0,SSD,Celeron,0,15.6,No especificado,No especificado,No especificado,Intel,15.6,Estandar
Lenovo,"Laptop Lenovo Ideapad Slim 3 15ABR8 15.6"" FHD AMD Ryzen 7 16GB RAM 1TB SSD",19999.0,16.0,1024.0,SSD,Ryzen 7,0,15.6,No especificado,No especificado,No especificado,AMD,15.6,Estandar
Hp,"Laptop Hp Celeron N4500 8GB RAM 256GB SSD 14"" Natural Silver",6999.0,8.0,256.0,SSD,Celeron,0,14.0,No especificado,No especificado,No especificado,Intel,14.0,Estandar
Asus,Laptop Asus Vivobook Go 15 AMD Ryzen5 8GB RAM 512GB SSD Mixed Black,9699.0,8.0,512.0,SSD,Ryzen5,0,,AMD Ryzen 5,No especificado,No especificado,AMD,,Estandar
Hp,Laptop HP 15-FC0372LA AMD Ryzen 7 16GB RAM 512GB Plateada,14999.0,16.0,512.0,SSD,Ryzen 7,0,,No especificado,No especificado,No especificado,AMD,,Estandar
Hp,Laptop HP 15-fc0265la AMD Ryzen5 8GB RAM 512GB SSD Plata,9999.0,8.0,512.0,SSD,Ryzen5,0,,AMD Ryzen 5,No especificado,No especificado,AMD,,Estandar
Hp,Laptop HP 14-dq6015dx 14'' HD Intel N150 Intel Graphics 4GB RAM 128GB UFS Color Oro Rosa Pálido,5239.0,4.0,128.0,SSD,Intel N150,0,,No especificado,No especificado,No especificado,Intel,14.0,Estandar
Lenovo,"Laptop Lenovo Ideapad Slim 3 15IRU8 15.6"" FHD Intel Core i3 8GB RAM 512GB SSD",13499.0,8.0,512.0,SSD,Core I3,0,15.6,Intel Core i3,No especificado,No especificado,Intel,15.6,Estandar
Hp,Laptop HP 14-hc0250la Intel IA U5 8GB RAM 512GB SSD Natural Silver,12499.0,8.0,512.0,SSD,No especificado,0,,No especificado,No especificado,No especificado,Intel,14.0,Estandar
Asus,Chromebook Asus CX1405CTA Intel N50 8GB RAM 128GB SSD Gris,4999.0,8.0,128.0,SSD,Intel N50,0,,No especificado,No especificado,No especificado,Intel,,Estandar
Lenovo,Laptop Lenovo IdeaPad Slim AMD Ryzen5 8GB RAM 512GB SSD Gris,14499.0,8.0,512.0,SSD,Ryzen5,0,,AMD Ryzen 5,No especificado,No especificado,AMD,,Estandar
Lenovo,"Laptop Lenovo Ideapad Slim 3 15IRH10 15.3"" WUXGA Intel Core i5 8GB RAM 512GB SSD",14999.0,8.0,512.0,SSD,Core I5,0,15.3,Intel Core i5,No especificado,No especificado,Intel,15.3,Estandar
Hp,Laptop HP 14-DQ0532LA Intel Celeron N4120 4GB RAM 128 GB SSD Plateada,6499.0,4.0,128.0,SSD,Celeron,0,,No especificado,No especificado,No especificado,Intel,14.0,Estandar
Lenovo,Laptop Lenovo Ideapad V15 G4 AMD Ryzen3 16GB RAM 512GB SSD Gris,12999.0,16.0,512.0,SSD,Ryzen3,0,,AMD Ryzen 3,No especificado,No especificado,AMD,,Estandar
Asus,Laptop Asus Vivobook Go 15 AMD Ryzen5 16GB RAM 512GB Cool Silver,12999.0,16.0,512.0,SSD,Ryzen5,0,,AMD Ryzen 5,No especificado,No especificado,AMD,,Estandar
Asus,Laptop Asus Vivobook Go 14 AMD Ryzen3 8GB RAM 512GB SSD Negra,7999.0,8.0,512.0,SSD,Ryzen3,0,,AMD Ryzen 3,No especificado,No especificado,AMD,14.0,Estandar
Apple,"Apple MacBook Air M1 - 13.3"" - 8GB RAM 256GB SSD - Retina macOS - Gris Espacial - Reacondicionado",9499.0,8.0,256.0,SSD,No especificado,0,13.3,Apple M1,8,Apple Silicon (1ª Gen),Apple,13.3,Ultraportatil
Hp,"Laptop Notebook HP 14-stream Intel N150 4gb Ram, 128gb Ssd Pale Rose",4999.0,4.0,128.0,SSD,Intel N150,0,,No especificado,No especificado,No especificado,Intel,14.0,Estandar
Apple,"Apple MacBook Air 13"" | Reacondicionado | (Chip M1) | 8GB RAM | 256GB SSD | Pantalla Retina | gris espacial",9499.0,8.0,256.0,SSD,No especificado,0,13.0,Apple M1,8,Apple Silicon (1ª Gen),Apple,13.0,Ultraportatil
Dell,"Laptop Dell AMD Ryzen 5 8GB RAM 512GB SSD 15.6"" Plata",9999.0,8.0,512.0,SSD,Ryzen 5,0,15.6,AMD Ryzen 5,No especificado,No especificado,AMD,15.6,Estandar
Lenovo,"Laptop Lenovo Ideapad Slim 3 15ABR8 15.6"" FHD AMD Ryzen 5 8GB RAM 512GB SSD",14499.0,8.0,512.0,SSD,Ryzen 5,0,15.6,AMD Ryzen 5,No especificado,No especificado,AMD,15.6,Estandar
Lenovo,"Laptop Lenovo Gamer LOQ 15ARP9 AMD Ryzen 5 8GB RAM 512GB SSD 15.6"" Gris Luna",17999.0,8.0,512.0,SSD,Ryzen 5,0,15.6,AMD Ryzen 5,No especificado,No especificado,AMD,15.6,Estandar
Apple,"Apple MacBook Air M1 8GB RAM 128GB SSD 13.3"" Retina macOS Gris Espacial Reacondicionado",9299.0,8.0,128.0,SSD,No especificado,0,13.3,Apple M1,8,Apple Silicon (1ª Gen),Apple,13.3,Ultraportatil
Lenovo,"Laptop Lenovo Ideapad Slim 3 15.6"" Intel N100 Fhd 4 Gb Ram 128 Gb",5759.0,4.0,128.0,SSD,Intel N100,0,15.6,Intel Processor N100,4,Alder Lake-N,Intel,15.6,Estandar
Lenovo,"Laptop Lenovo Ideapad Slim 3 15AMN8 15.6"" FHD AMD Ryzen 3 8GB RAM 512GB SSD",11999.0,8.0,512.0,SSD,Ryzen 3,0,15.6,AMD Ryzen 3,No especificado,No especificado,AMD,15.6,Estandar
Hp,Laptop Gamer HP Victus Ryzen 7 7445HS 16GB DDR5 512GB SSD RTX 3050 W11,20999.0,16.0,512.0,SSD,Ryzen 7,1,,No especificado,No especificado,No especificado,AMD,,Estandar
Lenovo,"Portátil Lenovo IdeaPad Ryzen 3 156"" 8 GB RAM 256 GB SSD",10041.0,8.0,256.0,SSD,Ryzen 3,0,,AMD Ryzen 3,No especificado,No especificado,AMD,,Estandar
Asus,"Portátil ASUS VivoBook 14"" i3 8 GB RAM 256 GB SSD Gris Pizarra",10453.0,8.0,256.0,SSD,No especificado,0,14.0,No especificado,No especificado,No especificado,Intel,14.0,Estandar
Panasonic,"Panasonic Toughbook CF-54 MK2 14"" Portátil Intel Core i5-6300U de 6ª generación a 240 GHz Notebook empresarial 16 GB SSD 512 GB Intel HD Graphics 520",14938.0,16.0,512.0,SSD,Core I5,0,14.0,Intel Core i5,No especificado,No especificado,Intel,14.0,Estandar
Asus,Portátil ASUS Vivobook Go 15 Ryzen 5 8 GB RAM SSD 256 GB,14615.0,8.0,256.0,SSD,Ryzen 5,0,,AMD Ryzen 5,No especificado,No especificado,AMD,,Estandar
Hp,"Portátil HP 156"" FHD táctil Intel Core Ultra 5 16 GB 512 GB",14422.0,16.0,512.0,SSD,No especificado,0,,No especificado,No especificado,No especificado,Intel,16.0,Grande
Hp,"Laptop HP 156"" con pantalla táctil Intel i3 16 GB 15 TB SSD",19186.0,16.0,1536.0,SSD,No especificado,0,,No especificado,No especificado,No especificado,Intel,16.0,Grande
Asus,Laptopasus zenbook 14 ryzen ai 7 445 16gb 1tb copilot+ pc,28999.0,16.0,1024.0,SSD,No especificado,0,,No especificado,No especificado,No especificado,AMD,14.0,Estandar
Asus,"Laptop asus vivobook 16 x1605 core i9 270h 24gb 512gb 16""",25899.0,24.0,512.0,SSD,Core I9,0,16.0,No especificado,No especificado,No especificado,Intel,16.0,Grande
Asus,"Portátil ASUS Vivobook Go 15 15.6"" AMD Silver 4 GB 128 GB SSD",11531.0,4.0,128.0,SSD,No especificado,0,15.6,No especificado,No especificado,No especificado,AMD,15.6,Estandar
Lenovo,"Notebook Lenovo IdeaPad 156"" FHD táctil i5-1335U 16 GB 512 GB",16840.0,16.0,512.0,SSD,No especificado,0,,Intel Core i5-1335U,10,13ª Gen (Raptor Lake),Intel,16.0,Grande
Dell,Ordenador portátil Dell Inspiron serie 3000 de 156 pulgadas FHD Touch i5 16 GB y 1 TB,16731.0,16.0,1024.0,SSD,No especificado,0,15.6,No especificado,No especificado,No especificado,Intel,15.6,Estandar
Hp,"Portátil HP 156"" i3 8 GB RAM 512 GB SSD Windows 11 Pro",14565.0,8.0,512.0,SSD,No especificado,0,,No especificado,No especificado,No especificado,Intel,,Estandar
Acer,"Laptop Acer Aspire 14"" WUXGA Intel Ultra 5 16 GB 512 GB",14461.0,16.0,512.0,SSD,No especificado,0,14.0,No especificado,No especificado,No especificado,Intel,14.0,Estandar
Asus,"Laptop ASUS Vivobook 14"" i7-1355U 16GB 512GB SSD Win10",15653.0,16.0,512.0,SSD,No especificado,0,14.0,Intel Core i7-1355U,10,13ª Gen (Raptor Lake),Intel,14.0,Estandar
Hp,"Portátil HP 156"" i3 16 GB RAM 1 TB SSD Wi‑Fi 6 Plata",16045.0,16.0,1024.0,SSD,No especificado,0,,No especificado,No especificado,No especificado,Intel,16.0,Grande
Lenovo,"Laptop Lenovo IdeaPad 1 i5-1335U 24GB RAM 1TB SSD 15.6""",16510.0,24.0,1024.0,SSD,No especificado,0,15.6,Intel Core i5-1335U,10,13ª Gen (Raptor Lake),Intel,15.6,Estandar
Hp,"Portátil HP 173"" Ryzen 7 8 GB RAM 1 TB SSD Wi‑Fi 6",14481.0,8.0,1024.0,SSD,Ryzen 7,0,,No especificado,No especificado,No especificado,AMD,,Estandar
Asus,"Portátil ASUS Vivobook Go 156"" Ryzen 5 8 GB 512 GB SSD",12232.0,8.0,512.0,SSD,Ryzen 5,0,,AMD Ryzen 5,No especificado,No especificado,AMD,,Estandar
Asus,"Laptop ASUS Vivobook 14"" FHD Intel Core i5 16GB 1TB SSD",16055.0,16.0,1024.0,SSD,Core I5,0,14.0,Intel Core i5,No especificado,No especificado,Intel,14.0,Estandar
Hp,"Portátil HP 17"" Ryzen 5 16 GB RAM 512 GB SSD Windows 11",15817.0,16.0,512.0,SSD,Ryzen 5,0,17.0,AMD Ryzen 5,No especificado,No especificado,AMD,17.0,Grande
Hp,"Portátil HP 15.6"" AMD Athlon 4 GB RAM 128 GB SSD Windows 10",8829.0,4.0,128.0,SSD,Athlon,0,15.6,No especificado,No especificado,No especificado,AMD,15.6,Estandar
Hp,"Portátil HP 17"" i3-N305 16 GB RAM 512 GB SSD Windows 11",9239.0,16.0,512.0,SSD,No especificado,0,17.0,Intel Core i3-N305,8,Alder Lake-N,Intel,17.0,Grande
Hp,"Portátil HP 156"" Touch AMD Ryzen 5 16 GB 512 GB SSD",14473.0,16.0,512.0,SSD,Ryzen 5,0,,AMD Ryzen 5,No especificado,No especificado,AMD,16.0,Grande
Hp,"Laptop HP 173"" FHD IPS Intel Core i5 16GB 512GB SSD",15223.0,16.0,512.0,SSD,Core I5,0,,Intel Core i5,No especificado,No especificado,Intel,,Estandar
Lg,"Laptop LG Gram Book 156"" i5 16 GB RAM 512 GB SSD FHD",16842.0,16.0,512.0,SSD,No especificado,0,,No especificado,No especificado,No especificado,Intel,16.0,Grande
Hp,"Portátil HP 2025 Premium 173"" HD+ i3-305 16 GB 256 GB SSD",14604.0,16.0,256.0,SSD,No especificado,0,,No especificado,No especificado,No especificado,Intel,16.0,Grande
Hp,"Portátil HP 156"" con pantalla táctil Intel i3 16 GB RAM SSD de 512 GB",16471.0,16.0,512.0,SSD,No especificado,0,,No especificado,No especificado,No especificado,Intel,16.0,Grande
Hp,"Portátil HP 173"" i3-N305 8 GB RAM 512 GB SSD Windows 11",15795.0,8.0,512.0,SSD,No especificado,0,,Intel Core i3-N305,8,Alder Lake-N,Intel,,Estandar
Hp,Portátil HP 43 cm i3‑N305 8 GB RAM 512 GB SSD Windows 11 Pro,15795.0,8.0,512.0,SSD,No especificado,0,,Intel Core i3-N305,8,Alder Lake-N,Intel,,Estandar
Hp,"Portátil HP 173"" i3‑N305 8 GB RAM 512 GB SSD Windows 11 Plateado",15795.0,8.0,512.0,SSD,No especificado,0,,Intel Core i3-N305,8,Alder Lake-N,Intel,,Estandar
Hp,"Portátil HP 173"" i3-N305 8 GB RAM 512 GB SSD Plateado",15795.0,8.0,512.0,SSD,No especificado,0,,Intel Core i3-N305,8,Alder Lake-N,Intel,,Estandar
Hp,"Laptop HP 2025 Premium 17.3"" HD+ i3-N305 16 GB 512 GB SSD",14985.0,16.0,512.0,SSD,No especificado,0,17.3,Intel Core i3-N305,8,Alder Lake-N,Intel,17.3,Grande
Hp,"Portátil HP 156"" pantalla táctil i3 16 GB 1 TB+128 GB SSD",16178.0,16.0,1024.0,SSD,No especificado,0,,No especificado,No especificado,No especificado,Intel,16.0,Grande
Apple,"Laptop Apple MacBook Neo 13"" A18 Pro 8GB 256GB Citrus",16733.0,8.0,256.0,SSD,No especificado,0,13.0,No especificado,No especificado,No especificado,Apple,13.0,Ultraportatil
Hp,"Portátil HP 15.6"" Ryzen 5 16 GB RAM 672 GB SSD Windows 11 Pro",15718.0,16.0,672.0,SSD,Ryzen 5,0,15.6,AMD Ryzen 5,No especificado,No especificado,AMD,15.6,Estandar
Acer,Laptop Acer Swift Go 16 OLED Intel Core Ultra 5 8 GB 512 GB,14546.0,8.0,512.0,SSD,No especificado,0,,No especificado,No especificado,No especificado,Intel,16.0,Grande
Lenovo,"Portátil Lenovo Ideapad 3i 15.6"" i5-1135G7 12 GB RAM 1 TB SSD",16272.0,12.0,1024.0,SSD,No especificado,0,15.6,Intel Core i5-1135G7,4,11ª Gen (Tiger Lake),Intel,15.6,Estandar
Hp,"Portátil HP 156"" i3-1115G4 16 GB RAM 1 TB SSD Windows 11 Azul Pino",13854.0,16.0,1024.0,SSD,No especificado,0,,Intel Core i3-1115G4,2,11ª Gen (Tiger Lake),Intel,16.0,Grande
Asus,"Portátil ASUS Vivobook 14"" FHD Intel i5 24 GB 1 TB Windows 11 Pro",16889.0,24.0,1024.0,SSD,No especificado,0,14.0,No especificado,No especificado,No especificado,Intel,14.0,Estandar
Hp,"HP OmniBook 3 portátil 16"" 2K AI Snapdragon X X1-26-100 16 GB LPDDR5X 15 TB de almacenamiento (512 GB SSD + 1 TB estación de acoplamiento) GPU",16903.0,16.0,1536.0,SSD,No especificado,0,16.0,No especificado,No especificado,No especificado,Otros,16.0,Grande
Hp,"Portátil HP 15 i5-1135G7 15.6"" 12 GB RAM 1 TB SSD Plata",15629.0,12.0,1024.0,SSD,No especificado,0,15.6,Intel Core i5-1135G7,4,11ª Gen (Tiger Lake),Intel,15.6,Estandar
Asus,"Portátil ASUS VivoBook 14\"" 16 GB RAM 1 TB SSD i3-1215U Windows 11",15530.0,16.0,1024.0,SSD,No especificado,0,,Intel Core i3-1215U,6,12ª Gen (Alder Lake),Intel,14.0,Estandar
Lenovo,"Portátil Lenovo Ryzen 3 15.6"" FHD 16 GB 512 GB SSD Windows 11 Pro",15819.0,16.0,512.0,SSD,Ryzen 3,0,15.6,AMD Ryzen 3,No especificado,No especificado,AMD,15.6,Estandar
Hp,"Laptop HP 173"" FHD Ryzen 5 7430U 16 GB 512 GB SSD",14494.0,16.0,512.0,SSD,Ryzen 5,0,,AMD Ryzen 5,No especificado,No especificado,AMD,16.0,Grande
Acer,Portátil Acer Aspire 3 AMD Ryzen 7 32 GB 1 TB SSD 156 pulgadas,15092.0,32.0,1024.0,SSD,Ryzen 7,0,15.6,No especificado,No especificado,No especificado,AMD,15.6,Estandar
Lenovo,"Portátil Lenovo Ideapad 3 de 14"" Ryzen 7 12 GB RAM 512 GB SSD",16280.0,12.0,512.0,SSD,Ryzen 7,0,14.0,No especificado,No especificado,No especificado,AMD,14.0,Estandar
Lenovo,"Portátil Lenovo IdeaPad i5-13420H 16\"" 8 GB 512 GB SSD",16248.0,8.0,512.0,SSD,No especificado,0,,Intel Core i5-13420H,8,13ª Gen (Raptor Lake),Intel,16.0,Grande
Hp,"Portátil HP 15.6"" Ryzen 5 16 GB RAM 256 GB SSD Windows 11",14605.0,16.0,256.0,SSD,Ryzen 5,0,15.6,AMD Ryzen 5,No especificado,No especificado,AMD,15.6,Estandar
Lenovo,"Portátil Lenovo IdeaPad 156"" i5 16 GB 512 GB SSD Táctil",10565.0,16.0,512.0,SSD,No especificado,0,,No especificado,No especificado,No especificado,Intel,16.0,Grande
Lenovo,"Portátil Lenovo IdeaPad 156"" i5 24 GB 1 TB SSD táctil",11756.0,24.0,1024.0,SSD,No especificado,0,,No especificado,No especificado,No especificado,Intel,,Estandar
Hp,"Portátil HP 173"" Intel i3 16 GB RAM 1 TB SSD Wi‑Fi 6 Plata",17528.0,16.0,1024.0,SSD,No especificado,0,,No especificado,No especificado,No especificado,Intel,16.0,Grande
Hp,"Portátil HP 173"" Ryzen 5 16 GB 512 GB SSD Wi‑Fi 6",16770.0,16.0,512.0,SSD,Ryzen 5,0,,AMD Ryzen 5,No especificado,No especificado,AMD,16.0,Grande
Hp,"Laptop HP 156"" Intel N100 16GB RAM 1TB SSD Wi-Fi 6",16517.0,16.0,1024.0,SSD,Intel N100,0,,Intel Processor N100,4,Alder Lake-N,Intel,,Estandar
Hp,"Portátil HP 173"" Core i5-120U 16 GB 512 GB SSD Wi‑Fi 6",17528.0,16.0,512.0,SSD,Core I5,0,,Intel Core i5,No especificado,No especificado,Intel,16.0,Grande
Acer,"Laptop Acer Aspire 3 Ryzen 7 16 GB 512 GB SSD 156"" FHD",15759.0,16.0,512.0,SSD,Ryzen 7,0,,No especificado,No especificado,No especificado,AMD,16.0,Grande
Hp,"Laptop HP 17.3"" Touch Ryzen 5 16GB 1TB SSD Win11",16892.0,16.0,1024.0,SSD,Ryzen 5,0,17.3,AMD Ryzen 5,No especificado,No especificado,AMD,17.3,Grande
Hp,"Laptop HP 15.6"" Intel N100 32GB RAM 2TB SSD Win 11 Pro",16517.0,32.0,2048.0,SSD,Intel N100,0,15.6,Intel Processor N100,4,Alder Lake-N,Intel,15.6,Estandar
Nimo,"Laptop NIMO N15A Ryzen 7 Pro 6850U 15.6"" 32GB 1TB SSD",16077.0,32.0,1024.0,SSD,Ryzen 7,0,15.6,No especificado,No especificado,No especificado,AMD,15.6,Estandar
Hp,"Laptop HP de 173"" Ryzen 5 16 GB de RAM 512 GB SSD Windows 11",16012.0,16.0,512.0,SSD,Ryzen 5,0,,AMD Ryzen 5,No especificado,No especificado,AMD,16.0,Grande
Lenovo,"Laptop Lenovo IdeaPad 1i 15.6"" Touch i5-1335U 8GB 512GB",16251.0,8.0,512.0,SSD,No especificado,0,15.6,Intel Core i5-1335U,10,13ª Gen (Raptor Lake),Intel,15.6,Estandar
Hp,"Portátil HP 2025 173"" táctil Ryzen 5 16 GB 1 TB SSD",16879.0,16.0,1024.0,SSD,Ryzen 5,0,,AMD Ryzen 5,No especificado,No especificado,AMD,16.0,Grande
Hp,"Portátil HP 15.6"" i5-1135G7 8 GB RAM 512 GB SSD Windows 11 Pro",14659.0,8.0,512.0,SSD,No especificado,0,15.6,Intel Core i5-1135G7,4,11ª Gen (Tiger Lake),Intel,15.6,Estandar
Asus,"Portátil ASUS Vivobook 14"" FHD Intel Core i5 8 GB 12 TB",14947.0,8.0,1228.0,SSD,Core I5,0,14.0,Intel Core i5,No especificado,No especificado,Intel,14.0,Estandar
Hp,"Portátil HP 156"" Intel Ultra 5 8 GB 15 TB SSD Windows 11",17166.0,8.0,1536.0,SSD,No especificado,0,,No especificado,No especificado,No especificado,Intel,,Estandar
Hp,"Laptop HP 17.3"" Ryzen 3 8GB 512GB SSD Wi-Fi 6 Win11",15507.0,8.0,512.0,SSD,Ryzen 3,0,17.3,AMD Ryzen 3,No especificado,No especificado,AMD,17.3,Grande
Hp,"Laptop HP 17"" Ryzen 5 7430U 8 GB de RAM 256 GB SSD",14945.0,8.0,256.0,SSD,Ryzen 5,0,17.0,AMD Ryzen 5,No especificado,No especificado,AMD,17.0,Grande
Lenovo,Laptop Lenovo IdeaPad Intel Celeron 128 GB Wi‑Fi 6 Windows 11,15546.0,128.0,128.0,SSD,Celeron,0,,No especificado,No especificado,No especificado,Intel,,Estandar
Hp,"Portátil HP 173"" Ryzen 5 7430U 16 GB 512 GB SSD Windows 11",15409.0,16.0,512.0,SSD,Ryzen 5,0,,AMD Ryzen 5,No especificado,No especificado,AMD,16.0,Grande
Lenovo,"Portátil Lenovo IdeaPad 1i 156"" Táctil Intel i5 8 GB 416 GB",16505.0,8.0,416.0,SSD,No especificado,0,,No especificado,No especificado,No especificado,Intel,,Estandar
Asus,"Portátil ASUS Vivobook Go 15 – 156"" Ryzen 5 8 GB RAM 512 GB SSD",15520.0,8.0,512.0,SSD,Ryzen 5,0,,AMD Ryzen 5,No especificado,No especificado,AMD,,Estandar
Hp,"Portátil HP 17.3"" Ryzen 7 8 GB RAM 256 GB SSD Wi‑Fi 6",16628.0,8.0,256.0,SSD,Ryzen 7,0,17.3,No especificado,No especificado,No especificado,AMD,17.3,Grande
Acer,"Portátil Acer Aspire 15.6"" Ryzen 7 32 GB RAM 1 TB SSD",15429.0,32.0,1024.0,SSD,Ryzen 7,0,15.6,No especificado,No especificado,No especificado,AMD,15.6,Estandar
Hp,"Laptop HP 156"" FHD Ryzen 5-5500U 16 GB 512 GB SSD",17247.0,16.0,512.0,SSD,Ryzen 5,0,,AMD Ryzen 5 5500U,6,Serie 5000 (Zen 2),AMD,16.0,Grande
Hp,"Portátil HP 156"" Ryzen 7 24 GB RAM 512 GB SSD Windows 11",17694.0,24.0,512.0,SSD,Ryzen 7,0,,No especificado,No especificado,No especificado,AMD,,Estandar
Asus,"Portátil ASUS Vivobook 156"" Ryzen 5 16 GB RAM 512 GB SSD",17036.0,16.0,512.0,SSD,Ryzen 5,0,,AMD Ryzen 5,No especificado,No especificado,AMD,16.0,Grande
Dell,"Portátil Dell Pro 15 156"" Full HD 120 Hz Intel Core i3 8 GB 512 GB SSD",15393.0,8.0,512.0,SSD,Core I3,0,,Intel Core i3,No especificado,No especificado,Intel,,Estandar
Hp,"Portátil HP 173"" Ryzen 5 16 GB RAM 512 GB SSD Wi‑Fi 6 Negro",16205.0,16.0,512.0,SSD,Ryzen 5,0,,AMD Ryzen 5,No especificado,No especificado,AMD,16.0,Grande
Lenovo,"Notebook Lenovo IdeaPad 156"" táctil i3 16 GB 15 TB SSD Win11",16880.0,16.0,1536.0,SSD,No especificado,0,,No especificado,No especificado,No especificado,Intel,16.0,Grande
Apple,"Laptop Apple MacBook Neo 13"" A18 Pro 8GB 256GB SSD",20406.0,8.0,256.0,SSD,No especificado,0,13.0,No especificado,No especificado,No especificado,Apple,13.0,Ultraportatil
Hp,Portátil HP 14 Intel 32 GB RAM 1600 GB Azul Índigo Windows 11,16517.0,32.0,1600.0,SSD,No especificado,0,,No especificado,No especificado,No especificado,Intel,14.0,Estandar
Hp,"Laptop HP 14"" Ultrabook Intel de 4 núcleos 32 GB de RAM 1600 GB",16517.0,32.0,1600.0,SSD,No especificado,0,14.0,No especificado,No especificado,No especificado,Intel,14.0,Estandar
Lenovo,"Portátil Lenovo Ryzen 3 15.6"" 16 GB RAM 512 GB SSD Wi‑Fi 6",15518.0,16.0,512.0,SSD,Ryzen 3,0,15.6,AMD Ryzen 3,No especificado,No especificado,AMD,15.6,Estandar
Hp,"Portátil HP Pavilion 15.6"" Táctil Intel i3 16 GB 116 TB SSD",15555.0,16.0,1188.0,SSD,No especificado,0,15.6,No especificado,No especificado,No especificado,Intel,15.6,Estandar
Hp,"Portátil HP 15.6"" Intel de 4 núcleos 16 GB RAM 1 TB SSD Windows 11",16770.0,16.0,1024.0,SSD,No especificado,0,15.6,No especificado,No especificado,No especificado,Intel,15.6,Estandar
Hp,"Laptop HP 156"" táctil i3 16 GB RAM 512 GB + 128 GB SSD",15242.0,16.0,512.0,SSD,No especificado,0,,No especificado,No especificado,No especificado,Intel,16.0,Grande
Asus,"Portátil ASUS Vivobook 16"" 16 GB RAM 1 TB SSD Snapdragon",15852.0,16.0,1024.0,SSD,No especificado,0,16.0,No especificado,No especificado,No especificado,Otros,16.0,Grande
Lenovo,"Laptop Lenovo IdeaPad 3 156"" con pantalla táctil i5 20 GB de RAM 1 TB",16844.0,20.0,1024.0,SSD,No especificado,0,,No especificado,No especificado,No especificado,Intel,,Estandar
Hp,"Laptop HP 173"" i3-N305 8 GB 256 GB SSD Windows 11 Pro",16758.0,8.0,256.0,SSD,No especificado,0,,Intel Core i3-N305,8,Alder Lake-N,Intel,,Estandar
Hp,"Laptop HP Pavilion 15.6"" Touch i5-1235U 8GB 672GB SSD",16677.0,8.0,672.0,SSD,No especificado,0,15.6,Intel Core i5-1235U,10,12ª Gen (Alder Lake),Intel,15.6,Estandar
Lenovo,Laptop Lenovo ThinkPad E16 Gen 1 16GB 512GB SSD i5-1335U,15507.0,16.0,512.0,SSD,No especificado,0,,Intel Core i5-1335U,10,13ª Gen (Raptor Lake),Intel,,Estandar
Hp,"Laptop HP 15.6"" Intel N100 16GB RAM 1TB SSD Wi-Fi 6",17276.0,16.0,1024.0,SSD,Intel N100,0,15.6,Intel Processor N100,4,Alder Lake-N,Intel,15.6,Estandar
Lenovo,"Laptop Lenovo V15 AMD Ryzen 3 16GB RAM 1TB SSD 156"" FHD",16782.0,16.0,1024.0,SSD,Ryzen 3,0,,AMD Ryzen 3,No especificado,No especificado,AMD,,Estandar
Hp,"Laptop HP 17.3"" FHD Ryzen 5 7430U 8GB 512GB Win11",15924.0,8.0,512.0,SSD,Ryzen 5,0,17.3,AMD Ryzen 5,No especificado,No especificado,AMD,17.3,Grande
Hp,"Portátil HP AMD 14"" 4 GB RAM 512 GB SSD Windows 11",10634.0,4.0,512.0,SSD,No especificado,0,14.0,No especificado,No especificado,No especificado,AMD,14.0,Estandar
Hp,"Laptop HP 255 G10 Ryzen 5 7530U 32 GB RAM 1 TB SSD 156"" FHD",7650.0,32.0,1024.0,SSD,Ryzen 5,0,,AMD Ryzen 5,No especificado,No especificado,AMD,,Estandar
Acer,"Chromebook Acer Gateway 314 Celeron N4500 14"" 128 GB",6239.0,128.0,128.0,SSD,Celeron,0,14.0,No especificado,No especificado,No especificado,Intel,14.0,Estandar
Hp,"Portátil HP 15.6"" 16 GB RAM 512 GB SSD AMD Windows 11 Dorado Pálido",11659.0,16.0,512.0,SSD,No especificado,0,15.6,No especificado,No especificado,No especificado,AMD,15.6,Estandar
Hp,"Portátil HP de 14"" Celeron N4120 8 GB RAM 192 GB SSD Windows 11",8295.0,8.0,192.0,SSD,Celeron,0,14.0,No especificado,No especificado,No especificado,Intel,14.0,Estandar
Hp,"Portátil HP 14"" Intel 16 GB RAM 11 TB SSD Win11 Azul Celeste",9729.0,16.0,1126.0,SSD,No especificado,0,14.0,No especificado,No especificado,No especificado,Intel,14.0,Estandar
Hp,Portátil HP 14 pulgadas Pentium 4 GB RAM 64 GB eMMC Plata,5051.0,4.0,64.0,SSD,No especificado,0,14.0,No especificado,No especificado,No especificado,Intel,14.0,Estandar
Hp,"Portátil HP 156"" i3-1115G4 12 GB RAM 256 GB SSD Windows 11",10166.0,12.0,256.0,SSD,No especificado,0,,Intel Core i3-1115G4,2,11ª Gen (Tiger Lake),Intel,,Estandar
Hp,"Portátil HP 15.6"" 16 GB RAM 512 GB SSD AMD Plateado",11417.0,16.0,512.0,SSD,No especificado,0,15.6,No especificado,No especificado,No especificado,AMD,15.6,Estandar
Hp,Portátil HP 35.6 cm Intel N150 128 GB SSD Plateado,7224.0,128.0,128.0,SSD,Intel N150,0,,No especificado,No especificado,No especificado,Intel,,Estandar
Hp,"Chromebook HP de 14"" Celeron N4120 4 GB RAM 64 GB eMMC",5847.0,4.0,64.0,SSD,Celeron,0,14.0,No especificado,No especificado,No especificado,Intel,14.0,Estandar
Hp,"Chromebook HP 14"" Celeron 4 GB RAM 64 GB eMMC Wi‑Fi",7113.0,4.0,64.0,SSD,Celeron,0,14.0,No especificado,No especificado,No especificado,Intel,14.0,Estandar
Hp,"Portátil HP 14"" Intel N4120 4 GB RAM 64 GB SSD Azul Real",7558.0,4.0,64.0,SSD,Intel N4120,0,14.0,No especificado,No especificado,No especificado,Intel,14.0,Estandar
Hp,"Laptop HP 156"" Táctil i3-1315U 16GB 512GB SSD",16431.0,16.0,512.0,SSD,No especificado,0,,Intel Core i3-1315U,6,13ª Gen (Raptor Lake),Intel,,Estandar
Hp,Ordenador portátil HP táctil FHD de 156 pulgadas AMD Ryzen 7 16 GB 512 GB SSD,14597.0,16.0,512.0,SSD,Ryzen 7,0,15.6,No especificado,No especificado,No especificado,AMD,15.6,Estandar
Hp,"Portátil HP Intel i3 32 GB RAM 1 TB SSD 156"" FHD",17048.0,32.0,1024.0,SSD,No especificado,0,,No especificado,No especificado,No especificado,Intel,,Estandar
Lenovo,"Portátil Lenovo V15 Gen 5 156"" i3 12 GB RAM 1 TB SSD",16524.0,12.0,1024.0,SSD,No especificado,0,,No especificado,No especificado,No especificado,Intel,,Estandar
Hp,"Portátil HP 173"" FHD Ryzen 5 7430U 16 GB 1 TB SSD Windows 11",16253.0,16.0,1024.0,SSD,Ryzen 5,0,,AMD Ryzen 5,No especificado,No especificado,AMD,16.0,Grande
Hp,"Portátil HP Ryzen 5 173"" FHD 16 GB RAM 1 TB SSD Windows 11",16010.0,16.0,1024.0,SSD,Ryzen 5,0,,AMD Ryzen 5,No especificado,No especificado,AMD,16.0,Grande
Hp,Portátil HP 439 cm i3‑N305 8 GB RAM 512 GB SSD con Windows 11,15988.0,8.0,512.0,SSD,No especificado,0,,Intel Core i3-N305,8,Alder Lake-N,Intel,,Estandar
Hp,"Portátil HP OmniBook 3 de 16"" 2K Ryzen 5 8 GB RAM 1 TB SSD",17025.0,8.0,1024.0,SSD,Ryzen 5,0,16.0,AMD Ryzen 5,No especificado,No especificado,AMD,16.0,Grande
Hp,"Portátil HP 173"" Ryzen 3 16 GB RAM 512 GB SSD Wi‑Fi 6",16482.0,16.0,512.0,SSD,Ryzen 3,0,,AMD Ryzen 3,No especificado,No especificado,AMD,16.0,Grande
Hp,"HP Laptop 15.6"" FHD táctil Intel Core Ultra 5 16 GB 15 TB",17048.0,16.0,1536.0,SSD,No especificado,0,15.6,No especificado,No especificado,No especificado,Intel,15.6,Estandar
Hp,"Laptop HP 14"" Pentium Silver N5030 16 GB 1 TB SSD Windows 11",14686.0,16.0,1024.0,SSD,No especificado,0,14.0,No especificado,No especificado,No especificado,Intel,14.0,Estandar
Lenovo,"Laptop Lenovo IdeaPad 1i 15.6"" Touch i5-1335U 16GB 256GB",16031.0,16.0,256.0,SSD,No especificado,0,15.6,Intel Core i5-1335U,10,13ª Gen (Raptor Lake),Intel,15.6,Estandar
Hp,Portátil HP 36 cm 32 GB 576 GB Intel Celeron Win11 Azul Real,14552.0,32.0,576.0,SSD,Celeron,0,,No especificado,No especificado,No especificado,Intel,,Estandar
Hp,Portátil HP 14 Intel 32 GB RAM 1600 GB Rosa Dorado con Windows 11,14794.0,32.0,1600.0,SSD,No especificado,0,,No especificado,No especificado,No especificado,Intel,14.0,Estandar
Lenovo,"Laptop Lenovo V15 Intel N150 16GB DDR5 512GB SSD 15.6"" FHD",14806.0,16.0,512.0,SSD,Intel N150,0,15.6,No especificado,No especificado,No especificado,Intel,15.6,Estandar
Lenovo,"Laptop Lenovo V15 15.6"" FHD Intel N150 32GB 1TB SSD Wi‑Fi 6",14806.0,32.0,1024.0,SSD,Intel N150,0,15.6,No especificado,No especificado,No especificado,Intel,15.6,Estandar
Hp,"Laptop HP 14"" Intel Celeron N4120 32GB RAM 1600GB SSD",15758.0,32.0,1600.0,SSD,Celeron,0,14.0,No especificado,No especificado,No especificado,Intel,14.0,Estandar
Hp,"Laptop HP 173"" Ryzen 5 7430U 16 GB 512 GB SSD Win11",16240.0,16.0,512.0,SSD,Ryzen 5,0,,AMD Ryzen 5,No especificado,No especificado,AMD,16.0,Grande
Hp,"Portátil HP 15 i5-1135G7 16 GB RAM 512 GB SSD 156"" Plata",15252.0,16.0,512.0,SSD,No especificado,0,,Intel Core i5-1135G7,4,11ª Gen (Tiger Lake),Intel,16.0,Grande
Hp,"Portátil HP 2023 Ryzen 5 173"" pantalla táctil 16 GB 1 TB SSD",16947.0,16.0,1024.0,SSD,Ryzen 5,0,,AMD Ryzen 5,No especificado,No especificado,AMD,16.0,Grande
Hp,"Portátil HP 156"" Ryzen 7 1 TB SSD 16 GB RAM Wi‑Fi 6",15675.0,16.0,1024.0,SSD,Ryzen 7,0,,No especificado,No especificado,No especificado,AMD,16.0,Grande
Lenovo,"Laptop Lenovo IdeaPad 15.6"" FHD i5-1335U 8GB 128GB SSD",15746.0,8.0,128.0,SSD,No especificado,0,15.6,Intel Core i5-1335U,10,13ª Gen (Raptor Lake),Intel,15.6,Estandar
Hp,"Portátil HP 15.6"" i5-1135G7 16 GB RAM 512 GB SSD Plateado",16390.0,16.0,512.0,SSD,No especificado,0,15.6,Intel Core i5-1135G7,4,11ª Gen (Tiger Lake),Intel,15.6,Estandar
Hp,"Portátil HP 173"" Ryzen 5 7430U 16 GB 1 TB SSD Full HD",17081.0,16.0,1024.0,SSD,Ryzen 5,0,,AMD Ryzen 5,No especificado,No especificado,AMD,16.0,Grande
Hp,"Portátil HP Pavilion 15.6"" N100 16 GB RAM 1 TB SSD Windows 11",15758.0,16.0,1024.0,SSD,No especificado,0,15.6,Intel Processor N100,4,Alder Lake-N,Intel,15.6,Estandar
Hp,"HP Portátil Empresarial de 173"" AI-Ready Full HD | Procesador AMD Ryzen 5 de 6 núcleos | 16 GB DDR4 RAM | SSD PCIe de 256 GB | Windows 11 + Copilot |",14794.0,16.0,256.0,SSD,Ryzen 5,0,,AMD Ryzen 5,No especificado,No especificado,AMD,16.0,Grande
Hp,"Portátil HP Ryzen 5 7430U 173"" Full HD 16 GB 512 GB SSD Windows 11",14794.0,16.0,512.0,SSD,Ryzen 5,0,,AMD Ryzen 5,No especificado,No especificado,AMD,16.0,Grande
Hp,"Portátil HP 173"" táctil AMD Ryzen 5 8 GB RAM SSD de 512 GB",16711.0,8.0,512.0,SSD,Ryzen 5,0,,AMD Ryzen 5,No especificado,No especificado,AMD,,Estandar
Hp,HP Laptop empresarial de 173 pulgadas FHD con Microsoft Office para la Web AMD Ryzen 5 7430U (supera al Core i7-1355U) 16 GB de RAM 112 TB de,15998.0,16.0,1152.0,SSD,Ryzen 5,0,17.3,Intel Core i7-1355U,10,13ª Gen (Raptor Lake),Intel,17.3,Grande
Hp,"Laptop HP 17.3"" FHD IPS Ryzen 5 7430U 8GB 256GB",14228.0,8.0,256.0,SSD,Ryzen 5,0,17.3,AMD Ryzen 5,No especificado,No especificado,AMD,17.3,Grande
Hp,"Portátil HP 173"" táctil AMD Ryzen 5 8 GB RAM SSD 512 GB Windows 11 Pro",16772.0,8.0,512.0,SSD,Ryzen 5,0,,AMD Ryzen 5,No especificado,No especificado,AMD,,Estandar
Lenovo,"Portátil Lenovo ThinkBook 16"" FHD+ i5-13420H 16 GB 512 GB SSD",14806.0,16.0,512.0,SSD,No especificado,0,16.0,Intel Core i5-13420H,8,13ª Gen (Raptor Lake),Intel,16.0,Grande
Hp,"Portátil HP EliteBook 6 de 16"" Ryzen 5 32 GB 1 TB SSD Windows 11",16253.0,32.0,1024.0,SSD,Ryzen 5,0,16.0,AMD Ryzen 5,No especificado,No especificado,AMD,16.0,Grande
Hp,"Laptop HP de 173"" HD+ Intel i3-305 8 GB 512 GB SSD Windows 11",16229.0,8.0,512.0,SSD,No especificado,0,,No especificado,No especificado,No especificado,Intel,,Estandar
Hp,"Laptop HP 173"" FHD i5-1135G7 8GB 128GB SSD Win11",15999.0,8.0,128.0,SSD,No especificado,0,,Intel Core i5-1135G7,4,11ª Gen (Tiger Lake),Intel,,Estandar
Lenovo,"Laptop Lenovo IdeaPad 1i 15.6"" táctil i5 16 GB 512 GB SSD",16731.0,16.0,512.0,SSD,No especificado,0,15.6,No especificado,No especificado,No especificado,Intel,15.6,Estandar
Hp,"Laptop HP 17.3"" Ryzen 5 7430U 16GB 512GB SSD Win11",16010.0,16.0,512.0,SSD,Ryzen 5,0,17.3,AMD Ryzen 5,No especificado,No especificado,AMD,17.3,Grande
Hp,"HP Portátil Empresarial de 173"" con IA Full HD Procesador AMD Ryzen 5 de 6 núcleos 16 GB DDR4 SSD PCIe de 256 GB Windows 11 + Copilot Wi‑Fi 6 HDMI",14794.0,16.0,256.0,SSD,Ryzen 5,0,,AMD Ryzen 5,No especificado,No especificado,AMD,16.0,Grande
Hp,"Laptop HP 2026 15.6"" FHD Intel Core 7 8 GB 256 GB SSD",16493.0,8.0,256.0,SSD,Core 7,0,15.6,No especificado,No especificado,No especificado,Intel,15.6,Estandar
Hp,"Portátil HP 173"" i3‑N305 8 GB RAM 512 GB SSD Windows 11 Pro",15988.0,8.0,512.0,SSD,No especificado,0,,Intel Core i3-N305,8,Alder Lake-N,Intel,,Estandar
Hp,"Laptop HP 14"" Intel Celeron 32GB RAM 1600GB Win 11",14552.0,32.0,1600.0,SSD,Celeron,0,14.0,No especificado,No especificado,No especificado,Intel,14.0,Estandar
Hp,"Portátil HP 17.3\"" Core i5 120U 16 GB RAM 256 GB SSD Wi‑Fi 6",15879.0,16.0,256.0,SSD,Core I5,0,17.3,Intel Core i5,No especificado,No especificado,Intel,17.3,Grande
Lenovo,"Notebook Lenovo IdeaPad 156"" FHD i5-1335U 8 GB 256 GB SSD",15746.0,8.0,256.0,SSD,No especificado,0,,Intel Core i5-1335U,10,13ª Gen (Raptor Lake),Intel,,Estandar
Hp,"Laptop HP 15.6"" con pantalla táctil Intel i3 8 GB 768 GB Win11",14686.0,8.0,768.0,SSD,No especificado,0,15.6,No especificado,No especificado,No especificado,Intel,15.6,Estandar
Hp,"Portátil HP Ryzen 7 7730U 156"" Full HD Pantalla Táctil 16 GB 512 GB",16523.0,16.0,512.0,SSD,Ryzen 7,0,,AMD Ryzen 7 7730U,8,Serie 7000 (Zen 3),AMD,16.0,Grande
Hp,"Laptop HP 14"" Intel Celeron 32 GB RAM 1600 GB Windows 11",14552.0,32.0,1600.0,SSD,Celeron,0,14.0,No especificado,No especificado,No especificado,Intel,14.0,Estandar
Hp,"Portátil HP Ryzen 7 156"" Full HD IPS táctil 16 GB 512 GB SSD",17073.0,16.0,512.0,SSD,Ryzen 7,0,,No especificado,No especificado,No especificado,AMD,16.0,Grande
Hp,"Portátil HP 156"" i3 32 GB RAM 1 TB SSD Windows 11 Táctil",17073.0,32.0,1024.0,SSD,No especificado,0,,No especificado,No especificado,No especificado,Intel,,Estandar
Hp,Portátil HP 14 Intel N150 16 GB RAM 128 GB UFS Azul Cielo,9352.0,16.0,128.0,SSD,Intel N150,0,,No especificado,No especificado,No especificado,Intel,14.0,Estandar
Hp,"Portátil HP 14"" Intel N150 16 GB RAM 128 GB UFS",9594.0,16.0,128.0,SSD,Intel N150,0,14.0,No especificado,No especificado,No especificado,Intel,14.0,Estandar
Hp,Portátil HP 255 G10 con Ryzen 3 16 GB de RAM y SSD de 256 GB,12059.0,16.0,256.0,SSD,Ryzen 3,0,,AMD Ryzen 3,No especificado,No especificado,AMD,16.0,Grande
Hp,"Portátil HP 156"" Full HD Intel i5-1135G7 16 GB RAM 512 GB SSD",16390.0,16.0,512.0,SSD,No especificado,0,,Intel Core i5-1135G7,4,11ª Gen (Tiger Lake),Intel,16.0,Grande
Hp,"Notebook HP 156"" FHD Intel Celeron 16 GB 1 TB SSD Wi‑Fi 6",15517.0,16.0,1024.0,SSD,Celeron,0,,No especificado,No especificado,No especificado,Intel,16.0,Grande
Asus,"Laptop ASUS Vivobook 14"" FHD Intel Core i5 12 GB 512 GB SSD",15116.0,12.0,512.0,SSD,Core I5,0,14.0,Intel Core i5,No especificado,No especificado,Intel,14.0,Estandar
Hp,"Laptop HP Essential 156"" HD i5-1235U 8 GB 256 GB SSD",15263.0,8.0,256.0,SSD,No especificado,0,,Intel Core i5-1235U,10,12ª Gen (Alder Lake),Intel,,Estandar
Hp,"Portátil HP 15.6"" N200 8 GB RAM 128 GB SSD Wi‑Fi 6 Plateado",9972.0,8.0,128.0,SSD,No especificado,0,15.6,Intel Processor N200,4,Alder Lake-N,Intel,15.6,Estandar
Hp,"Portátil HP Stream 14"" Celeron 4 GB 64 GB eMMC Dorado rosado",6308.0,4.0,64.0,SSD,Celeron,0,14.0,No especificado,No especificado,No especificado,Intel,14.0,Estandar
Hp,"Portátil HP 156"" N200 16 GB RAM 128 GB SSD Wi‑Fi 6 Plateado",11177.0,16.0,128.0,SSD,No especificado,0,,Intel Processor N200,4,Alder Lake-N,Intel,16.0,Grande
Hp,"Chromebook HP 14"" Pentium 4 GB RAM 64 GB eMMC Wi‑Fi 5",5727.0,4.0,64.0,SSD,No especificado,0,14.0,No especificado,No especificado,No especificado,Intel,14.0,Estandar
Asus,Laptop ASUS Vivobook 15 F1504VA 15.6” FHD Core i5-1334U 8GB RAM 512GB SSD Windows 11,11859.0,8.0,512.0,SSD,Core I5,0,15.6,Intel Core i5,No especificado,No especificado,Intel,15.6,Estandar
Asus,Laptop asus vivobook 15 d1502naq amd ryzen 5 24gb 512gb 15.6,16999.0,24.0,512.0,SSD,Ryzen 5,0,15.6,AMD Ryzen 5,No especificado,No especificado,AMD,15.6,Estandar
Asus,"Laptop asus vivobook 15 x1504va core i7 24gb 512gb 15.6""",20899.0,24.0,512.0,SSD,Core I7,0,15.6,Intel Core i7,No especificado,No especificado,Intel,15.6,Estandar
Asus,Laptop gamer asus tuf gaming f16 rtx 3050 core i5 24gb 512gb,26999.0,24.0,512.0,SSD,Core I5,1,,Intel Core i5,No especificado,No especificado,Intel,,Estandar
Hp,"Portátil HP 156\"" Pentium 16 GB RAM 128 GB SSD Wi‑Fi 6 Rojo",11152.0,16.0,128.0,SSD,No especificado,0,,No especificado,No especificado,No especificado,Intel,16.0,Grande
Hp,Portátil HP 14 Intel N150 16 GB RAM 128 GB UFS,9594.0,16.0,128.0,SSD,Intel N150,0,,No especificado,No especificado,No especificado,Intel,14.0,Estandar
Hp,"Portátil HP 156"" N200 16 GB RAM 128 GB SSD Wi‑Fi 6",11177.0,16.0,128.0,SSD,No especificado,0,,Intel Processor N200,4,Alder Lake-N,Intel,16.0,Grande
Hp,"Laptop HP OmniBook X Flip 14"" 2K OLED AMD Ryzen AI 5 16GB RAM 512GB SSD Windows 11 Deep Espresso",17579.0,16.0,512.0,SSD,No especificado,0,14.0,No especificado,No especificado,No especificado,AMD,14.0,Estandar
Dell,"Portátil Dell de 156"" Full HD táctil con Ryzen 5 12 GB RAM y SSD de 256 GB",13423.0,12.0,256.0,SSD,Ryzen 5,0,,AMD Ryzen 5,No especificado,No especificado,AMD,,Estandar
Hp,"Portátil HP 15.6"" N200 16 GB RAM 128 GB SSD Wi‑Fi 6",9972.0,16.0,128.0,SSD,No especificado,0,15.6,Intel Processor N200,4,Alder Lake-N,Intel,15.6,Estandar
Hp,"Portátil HP 156"" N200 8 GB RAM 128 GB SSD Wi‑Fi 6 Windows 11",10333.0,8.0,128.0,SSD,No especificado,0,,Intel Processor N200,4,Alder Lake-N,Intel,,Estandar
Hp,"Portátil HP 156"" N200 8 GB RAM 128 GB SSD Wi‑Fi 6 Windows 11",9972.0,8.0,128.0,SSD,No especificado,0,,Intel Processor N200,4,Alder Lake-N,Intel,,Estandar
Lenovo,"Portátil Lenovo V15 15.6"" FHD Intel DDR5 16 GB 1 TB SSD",11188.0,16.0,1024.0,SSD,No especificado,0,15.6,No especificado,No especificado,No especificado,Intel,15.6,Estandar
Hp,"Portátil HP 15.6"" i3-1115G4 12 GB RAM 256 GB SSD Win11",11467.0,12.0,256.0,SSD,No especificado,0,15.6,Intel Core i3-1115G4,2,11ª Gen (Tiger Lake),Intel,15.6,Estandar
Hp,"Laptop HP OmniBook 3 17.3"" FHD AMD Ryzen 5 8GB RAM 512GB SSD Windows 11 Home Plata Glaciar",12419.0,8.0,512.0,SSD,Ryzen 5,0,17.3,AMD Ryzen 5,No especificado,No especificado,AMD,17.3,Grande
Lenovo,"Portátil Lenovo IdeaPad 156"" N100 4 GB 112 TB SSD + Estación de acoplamiento Windows 11",9012.0,4.0,1152.0,SSD,No especificado,0,,Intel Processor N100,4,Alder Lake-N,Intel,,Estandar
Lenovo,"Portátil Lenovo IdeaPad 3i 156"" i3-N305 8 GB 128 GB SSD",11580.0,8.0,128.0,SSD,No especificado,0,,Intel Core i3-N305,8,Alder Lake-N,Intel,,Estandar
Lenovo,"Portátil Lenovo V15 156"" Intel N100 8 GB 256 GB SSD",11176.0,8.0,256.0,SSD,Intel N100,0,,Intel Processor N100,4,Alder Lake-N,Intel,,Estandar
Lenovo,"Portátil Lenovo V15 156"" Intel N-Series 8 GB RAM 512 GB SSD",12393.0,8.0,512.0,SSD,No especificado,0,,No especificado,No especificado,No especificado,Intel,,Estandar
Dell,Laptop dell 16 ryzen 7 250 32gb 512gb pantalla 16 touch fhd+,19899.0,32.0,512.0,SSD,Ryzen 7,0,,No especificado,No especificado,No especificado,AMD,16.0,Grande
Lenovo,"Chromebook Lenovo 11.6"" Intel 4 GB 64 GB Gris",7783.0,4.0,64.0,SSD,No especificado,0,11.6,No especificado,No especificado,No especificado,Intel,11.6,Ultraportatil
Lenovo,Laptop Lenovo IDEAPAD SLIM 3 15IAN8 15in intel i3-N305 8GB 128GB Windows 11 Home S,9199.0,8.0,128.0,SSD,No especificado,0,15.0,Intel Core i3-N305,8,Alder Lake-N,Intel,15.0,Estandar
Hp,"Laptop HP de 14"" Intel Celeron 8 GB de RAM 192 GB de almacenamiento",6933.0,8.0,192.0,SSD,Celeron,0,14.0,No especificado,No especificado,No especificado,Intel,14.0,Estandar
Lenovo,"Portátil Lenovo 156\"" FHD Intel N150 8 GB 256 GB SSD Windows 11",11862.0,8.0,256.0,SSD,Intel N150,0,,No especificado,No especificado,No especificado,Intel,,Estandar
Hp,Portátil HP 356 cm AMD 4 GB RAM 128 GB SSD Win11 Azul,10331.0,4.0,128.0,SSD,No especificado,0,,No especificado,No especificado,No especificado,AMD,,Estandar
Asus,"Laptop asus vivobook 15 ryzen 5 150 8gb 512gb pantalla 15.6""",11599.0,8.0,512.0,SSD,Ryzen 5,0,15.6,AMD Ryzen 5,No especificado,No especificado,AMD,15.6,Estandar
Hp,"Laptop HP 240R G10 14"" HD Intel Core 3 8GB RAM 512GB SSD Windows 11 Home",8929.0,8.0,512.0,SSD,Core 3,0,14.0,No especificado,No especificado,No especificado,Intel,14.0,Estandar
Hp,Portátil HP 439 cm N100 4 GB RAM 128 GB UFS + MS365,11706.0,4.0,128.0,SSD,No especificado,0,,Intel Processor N100,4,Alder Lake-N,Intel,,Estandar
Hp,"Portátil HP 173"" N100 4 GB RAM 128 GB UFS inalámbrico",11706.0,4.0,128.0,SSD,No especificado,0,,Intel Processor N100,4,Alder Lake-N,Intel,,Estandar
Hp,Portátil HP 439 cm N100 4 GB RAM 128 GB UFS + MS365,11729.0,4.0,128.0,SSD,No especificado,0,,Intel Processor N100,4,Alder Lake-N,Intel,,Estandar
Asus,Chromebook ASUS 36 cm Celeron 4 GB RAM 386 GB Plata,7021.0,4.0,386.0,SSD,Celeron,0,,No especificado,No especificado,No especificado,Intel,,Estandar
Lenovo,"Portátil Lenovo 2026 Ryzen 3 8 GB 256 GB 156\"" FHD Windows 11 Pro",11952.0,8.0,256.0,SSD,Ryzen 3,0,,AMD Ryzen 3,No especificado,No especificado,AMD,,Estandar
Hp,"Portátil HP Pavilion 156"" N100 8 GB RAM 256 GB SSD",11704.0,8.0,256.0,SSD,No especificado,0,,Intel Processor N100,4,Alder Lake-N,Intel,,Estandar
Hp,Laptop hp 15-fd0183wm core i7 1355u 16gb 1tb pantalla 15.6,18999.0,16.0,1024.0,SSD,Core I7,0,15.6,Intel Core i7-1355U,10,13ª Gen (Raptor Lake),Intel,15.6,Estandar
Hp,LAPTOP HP 15-FD0131WM COLOR PLATA 15in/Intel Core i3-N305/8GB/SSD/256GB/Windows 11,10099.0,8.0,256.0,SSD,Core I3,0,15.0,Intel Core i3-N305,8,Alder Lake-N,Intel,15.0,Estandar
Apple,"Apple MacBook Air 13"" Chip M1 8GB RAM 128GB SSD",8499.0,8.0,128.0,SSD,No especificado,0,13.0,Apple M1,8,Apple Silicon (1ª Gen),Apple,13.0,Ultraportatil
Hp,Portátil Hp Omnibook3 14-hu0050la Core I5 8gb Ram 512gb Ssd,11999.0,8.0,512.0,SSD,Core I5,0,,Intel Core i5,No especificado,No especificado,Intel,14.0,Estandar
Hp,"HP Omnibook 3 (16-BY0205DX) 16"" 2K Ryzen 5 16GB 256GB SSD W11 Plata",12599.0,16.0,256.0,SSD,Ryzen 5,0,16.0,AMD Ryzen 5,No especificado,No especificado,AMD,16.0,Grande
Lenovo,Laptop Lenovo Idea Pad Slim 3 Core i5 RAM 8GB SSD 512GB,9999.0,8.0,512.0,SSD,Core I5,0,,Intel Core i5,No especificado,No especificado,Intel,,Estandar
Acer,"Laptop Acer Aspire Lite 15.6"" FHD Intel Core 3 N350 8GB RAM 128GB SSD Windows 11 Home Light Silver",7949.0,8.0,128.0,SSD,Core 3,0,15.6,No especificado,No especificado,No especificado,Intel,15.6,Estandar
Lenovo,"Portátil Lenovo IdeaPad 1i 156"" i5 8 GB 256 GB SSD",11829.0,8.0,256.0,SSD,No especificado,0,,No especificado,No especificado,No especificado,Intel,,Estandar
Asus,"Chromebook ASUS de 105"" 8 GB 128 GB eMMC ChromeOS CM3001DM2A",7267.0,8.0,128.0,SSD,No especificado,0,,Apple M2,8,Apple Silicon (2ª Gen),Apple,,Estandar
Acer,Laptop acer aspire go ryzen 7 7730u 16gb 512gb pantalla 15.6,15999.0,16.0,512.0,SSD,Ryzen 7,0,15.6,AMD Ryzen 7 7730U,8,Serie 7000 (Zen 3),AMD,15.6,Estandar
Apple,"Apple MacBook Air 13.3"" Retina M1 8GB RAM 256GB SSD Plata (Reacondicionada) - MGN93LL/A",9399.0,8.0,256.0,SSD,No especificado,0,13.3,Apple M1,8,Apple Silicon (1ª Gen),Apple,13.3,Ultraportatil
Lenovo,"Laptop lenovo ideapad slim 5i core i7 240h 16gb 1tb 16"" touch",19899.0,16.0,1024.0,SSD,Core I7,0,16.0,Intel Core i7,No especificado,No especificado,Intel,16.0,Grande
Lenovo,"Laptop lenovo ideapad slim 3 core i5 1335u 16gb 256gb 15.6""",12999.0,16.0,256.0,SSD,Core I5,0,15.6,Intel Core i5-1335U,10,13ª Gen (Raptor Lake),Intel,15.6,Estandar
Hp,Portátil HP 32 GB RAM 1 TB SSD +128 GB Intel Copilot IA,15001.0,32.0,1024.0,SSD,No especificado,0,,No especificado,No especificado,No especificado,Intel,,Estandar
Hp,"Portátil HP 173"" Touch N100 8 GB RAM 128 GB UFS",15253.0,8.0,128.0,SSD,No especificado,0,,Intel Processor N100,4,Alder Lake-N,Intel,,Estandar
Hp,"Portátil HP 156"" i3-N305 8 GB RAM 256 GB SSD Win11",8734.0,8.0,256.0,SSD,No especificado,0,,Intel Core i3-N305,8,Alder Lake-N,Intel,,Estandar
Hp,"Laptop hp 250r g10 core i5 120u 16gb 512gb pantalla 15.6""",16999.0,16.0,512.0,SSD,Core I5,0,15.6,Intel Core i5,No especificado,No especificado,Intel,15.6,Estandar
Acer,"Laptop ia pc acer swift go 16 ryzen ai 9 465 32gb 1tb 16""",28999.0,32.0,1024.0,SSD,No especificado,0,16.0,No especificado,No especificado,No especificado,AMD,16.0,Grande
Dell,"Laptop dell 15 dc15255 ryzen 7 7730u 16gb 1tb pantalla 15.6""",19999.0,16.0,1024.0,SSD,Ryzen 7,0,15.6,AMD Ryzen 7 7730U,8,Serie 7000 (Zen 3),AMD,15.6,Estandar
Dell,"Laptop dell 16 dc16255 ryzen 7 250 16gb 512gb pantalla 16""",19999.0,16.0,512.0,SSD,Ryzen 7,0,16.0,No especificado,No especificado,No especificado,AMD,16.0,Grande
Lenovo,Portátil Lenovo IdeaPad Slim 3 394 cm Ryzen 5 8 GB 256 GB SSD,12180.0,8.0,256.0,SSD,Ryzen 5,0,,AMD Ryzen 5,No especificado,No especificado,AMD,,Estandar
Lenovo,"Portátil Lenovo IdeaPad 3i 15.6"" i3 8 GB 288 GB Windows 11 Pro",12116.0,8.0,288.0,SSD,No especificado,0,15.6,No especificado,No especificado,No especificado,Intel,15.6,Estandar
Lenovo,"Portátil Lenovo IdeaPad 15.6"" i3-N305 8 GB 1.12 TB Windows 11 Pro",12361.0,8.0,1152.0,SSD,No especificado,0,15.6,Intel Core i3-N305,8,Alder Lake-N,Intel,15.6,Estandar
Hp,"Laptop hp 250r g10 core i5 120u 24gb 512gb pantalla 15.6""",17499.0,24.0,512.0,SSD,Core I5,0,15.6,Intel Core i5,No especificado,No especificado,Intel,15.6,Estandar
Hp,"Laptop hp 245 g10 ryzen 7 7730u 24gb 512gb pantalla 14"" ips",21199.0,24.0,512.0,SSD,Ryzen 7,0,14.0,AMD Ryzen 7 7730U,8,Serie 7000 (Zen 3),AMD,14.0,Estandar
Apple,"Portátil Apple MacBook Pro 13"" 8 GB 512 GB SSD Plateado",10815.0,8.0,512.0,SSD,No especificado,0,13.0,No especificado,No especificado,No especificado,Apple,13.0,Ultraportatil
Lenovo,"Laptop Lenovo IdeaPad 5 14"" Táctil Ryzen AI 7 350 16GB RAM 1TB SSD",25999.0,16.0,1024.0,SSD,No especificado,0,14.0,No especificado,No especificado,No especificado,AMD,14.0,Estandar
Lenovo,Laptop Lenovo IdeaPad Slim 3 Intel Core i5-13420H 16GB DDR5 1TB SSD,15999.0,16.0,1024.0,SSD,Core I5,0,,Intel Core i5-13420H,8,13ª Gen (Raptor Lake),Intel,,Estandar
Lenovo,Laptop Lenovo IdeaPad Slim 3 Intel Core i5-13420H 16GB DDR5 1.5 TB SSD,18999.0,16.0,1536.0,SSD,Core I5,0,,Intel Core i5-13420H,8,13ª Gen (Raptor Lake),Intel,,Estandar
Lenovo,Laptop Lenovo IdeaPad Slim 3 Intel Core i5-13420H 8GB DDR5 512GB SSD,11499.0,8.0,512.0,SSD,Core I5,0,,Intel Core i5-13420H,8,13ª Gen (Raptor Lake),Intel,,Estandar
Lenovo,"Laptop Lenovo IdeaPad 5 14"" Táctil Ryzen AI 7 350, 16GB RAM 512GB SSD",20999.0,16.0,512.0,SSD,No especificado,0,14.0,No especificado,No especificado,No especificado,AMD,14.0,Estandar
Asus,Laptop ASUS ExpertBook Ultra B91 Intel Core Ultra 7 32GB RAM 1TB SSD,51999.0,32.0,1024.0,SSD,No especificado,0,,No especificado,No especificado,No especificado,Intel,,Estandar
Lenovo,Laptop Lenovo IdeaPad Slim 3 Intel Core i5-13420H 16GB DDR5 512GB SSD,14399.0,16.0,512.0,SSD,Core I5,0,,Intel Core i5-13420H,8,13ª Gen (Raptor Lake),Intel,,Estandar
Hp,"Laptop HP 245 G10 14"" HD, AMD Ryzen 3 7330U, 16GB RAM, 1TB SSD",11599.0,16.0,1024.0,SSD,Ryzen 3,0,14.0,AMD Ryzen 3,No especificado,No especificado,AMD,14.0,Estandar
Hp,"Laptop HP 255R G10 15.6"" FHD Ryzen 5 7535U 8GB 512GB SSD",9399.0,8.0,512.0,SSD,Ryzen 5,0,15.6,AMD Ryzen 5,No especificado,No especificado,AMD,15.6,Estandar
Hp,Laptop Gamer HP Victus Ryzen 7 7445HS 8GB DDR5 512GB SSD RTX 3050,16999.0,8.0,512.0,SSD,Ryzen 7,1,,No especificado,No especificado,No especificado,AMD,,Estandar
Hp,"Laptop HP 245 G10 14"" HD Ryzen 3 7330U 8GB 512GB SSD",8599.0,8.0,512.0,SSD,Ryzen 3,0,14.0,AMD Ryzen 3,No especificado,No especificado,AMD,14.0,Estandar
Hp,"Laptop HP 255R G10 15.6"" FHD Ryzen 5 7535U 16GB 1TB SSD",14199.0,16.0,1024.0,SSD,Ryzen 5,0,15.6,AMD Ryzen 5,No especificado,No especificado,AMD,15.6,Estandar
Hp,"Laptop HP 245 G10 14 "" HD, Ryzen 7 7730U, 16GB RAM, 512GB SSD.",13899.0,16.0,512.0,SSD,Ryzen 7,0,14.0,AMD Ryzen 7 7730U,8,Serie 7000 (Zen 3),AMD,14.0,Estandar
Hp,"Laptop HP 245 G10 14"" HD Ryzen 3 7330U 8GB RAM 512GB SSD",6999.0,8.0,512.0,SSD,Ryzen 3,0,14.0,AMD Ryzen 3,No especificado,No especificado,AMD,14.0,Estandar
Hp,Laptop Gamer HP Victus Ryzen 7 7445HS 8GB DDR5 512GB SSD RTX 3050 W11,18499.0,8.0,512.0,SSD,Ryzen 7,1,,No especificado,No especificado,No especificado,AMD,,Estandar
Hp,Laptop Gamer HP Victus Ryzen 7 7445HS 24GB DDR5 1TB SSD RTX 3050 W11,24999.0,24.0,1024.0,SSD,Ryzen 7,1,,No especificado,No especificado,No especificado,AMD,,Estandar
Hp,Laptop Gamer HP Victus Ryzen 7 7445HS 16GB DDR5 1TB SSD RTX 3050 W11,22999.0,16.0,1024.0,SSD,Ryzen 7,1,,No especificado,No especificado,No especificado,AMD,,Estandar
Hp,Laptop Gamer HP Victus Ryzen 7 7445HS 24GB DDR5 512 SSD RTX 3050 W11,22999.0,24.0,512.0,SSD,Ryzen 7,1,,No especificado,No especificado,No especificado,AMD,,Estandar
Hp,"Laptop HP 245 G10 14"" HD, AMD Ryzen 3 7330U, 16GB RAM, 512GB SSD",9499.0,16.0,512.0,SSD,Ryzen 3,0,14.0,AMD Ryzen 3,No especificado,No especificado,AMD,14.0,Estandar
Hp,"Laptop HP 255R G10 15.6"" FHD Ryzen 5 7535U 16GB 512GB SSD",11999.0,16.0,512.0,SSD,Ryzen 5,0,15.6,AMD Ryzen 5,No especificado,No especificado,AMD,15.6,Estandar
Asus,Laptop Gamer ASUS TUF Gaming A15 Ryzen 7 7445HS 16GB 512GB RTX 3050,17999.0,16.0,512.0,SSD,Ryzen 7,1,,No especificado,No especificado,No especificado,AMD,,Estandar
Apple,"Apple MacBook Air M1 13.3"" 8GB RAM 128GB SSD Gris Espacial (Reacondicionado)",8499.0,8.0,128.0,SSD,No especificado,0,13.3,Apple M1,8,Apple Silicon (1ª Gen),Apple,13.3,Ultraportatil
Dell,"Laptop dell dc16251 core i7 150u 16gb 1tb pantalla 16"" touch",24999.0,16.0,1024.0,SSD,Core I7,0,16.0,Intel Core i7,No especificado,No especificado,Intel,16.0,Grande
Dell,Laptop dell pro 14 essential ryzen 5 8gb 512gb pantalla 14,11999.0,8.0,512.0,SSD,Ryzen 5,0,,AMD Ryzen 5,No especificado,No especificado,AMD,14.0,Estandar
Hp,"HP OmniBook 3 17.3"" FHD Laptop - Intel Core Ultra 7 - 16GB RAM - 512GB SSD - Win11 - Silver",15659.0,16.0,512.0,SSD,No especificado,0,17.3,No especificado,No especificado,No especificado,Intel,17.3,Grande
Hp,"HP 15.6"" Laptop AI Intel Core Ultra 5 225U - 8GB RAM - 256GB SSD - Win 11",10659.0,8.0,256.0,SSD,No especificado,0,15.6,No especificado,No especificado,No especificado,Intel,15.6,Estandar
Hp,"HP OmniBook 3 16"" Touch 2K AMD Ryzen 5-40 8 GB 256 GB Glacier Silver",9759.0,8.0,256.0,SSD,Ryzen 5,0,16.0,AMD Ryzen 5,No especificado,No especificado,AMD,16.0,Grande
Hp,"HP - OmniBook X Flip 2-in-1 - 14"" 2K OLED Touchscreen Laptop - Intel Core Ultra 7 (2026) - 16GB Memory - 1TB SSD - Copilot+ - Meteor Silver",23799.0,16.0,1024.0,SSD,No especificado,0,14.0,No especificado,No especificado,No especificado,Intel,14.0,Estandar
Lenovo,"Lenovo IdeaPad Slim 3i 15.6"" FHD Laptop - Intel Core i3-N305 - 8GB RAM - 128GB UFS - WIN11- Grey",7259.0,8.0,128.0,SSD,Core I3,0,15.6,Intel Core i3-N305,8,Alder Lake-N,Intel,15.6,Estandar
Hp,Laptop HP 245 G10 AMD Ryzen3 8GB RAM 256GB,8999.0,8.0,256.0,SSD,Ryzen3,0,,AMD Ryzen 3,No especificado,No especificado,AMD,,Estandar
Hp,"Notebook HP 17 Ryzen 3 5300U 4GB 256GB SSD 17.3"" HD+",10603.0,4.0,256.0,SSD,Ryzen 3,0,17.3,AMD Ryzen 3 5300U,4,Serie 5000 (Zen 2),AMD,17.3,Grande
Apple,"Apple MacBook Air 13.3"" Core M1 8GB 256GB (Reacondicionado)",9799.0,8.0,256.0,SSD,No especificado,0,13.3,Apple M1,8,Apple Silicon (1ª Gen),Apple,13.3,Ultraportatil
Hp,"Laptop hp 15 core i7 150u 16gb 1tb pantalla 15.6"" w11h plata",18999.0,16.0,1024.0,SSD,Core I7,0,15.6,Intel Core i7,No especificado,No especificado,Intel,15.6,Estandar
Apple,"Laptop apple macbook neo chip a18 pro 8gb 512gb pantalla 13""",21599.0,8.0,512.0,SSD,No especificado,0,13.0,No especificado,No especificado,No especificado,Apple,13.0,Ultraportatil
Hp,"Portátil HP 15.6"" con pantalla táctil Intel Core i3 16 GB RAM SSD de 256 GB",7767.0,16.0,256.0,SSD,Core I3,0,15.6,Intel Core i3,No especificado,No especificado,Intel,15.6,Estandar
Hp,"Portátil HP 14"" Delgado y Ligero Intel 8 GB RAM 128 GB SSD Windows 11",10248.0,8.0,128.0,SSD,No especificado,0,14.0,No especificado,No especificado,No especificado,Intel,14.0,Estandar
Asus,"ASUS TUF F16 16.0"" WUXGA 8GB RAM 512GB SSD INTEL 5 210H W11 HOME RTX4050 MECHA GRAY",22299.0,8.0,512.0,SSD,No especificado,1,16.0,No especificado,No especificado,No especificado,Intel,16.0,Grande
Asus,"ASUS GAMING A16 16.0""WUXGA 16GB RAM 512GB SSD RYZEN 7 170 W11 RTX4050 MECHA GRAY",22839.0,16.0,512.0,SSD,Ryzen 7,1,16.0,No especificado,No especificado,No especificado,AMD,16.0,Grande
Hp,"Laptop ia pc hp omnibook 5 ryzen ai 7 350 npu 16gb 1tb 16""",17499.0,16.0,1024.0,SSD,No especificado,0,16.0,No especificado,No especificado,No especificado,AMD,16.0,Grande
Hp,"HP Laptop 250 G10 15.6"" Full HD Intel Core i5 8GB RAM 512GB SSD Windows 11 Home",10939.0,8.0,512.0,SSD,Core I5,0,15.6,Intel Core i5,No especificado,No especificado,Intel,15.6,Estandar
Hp,"Laptop hp 250r g10 core i5 120u 8gb ssd 512gb pantalla 15.6""",14499.0,8.0,512.0,SSD,Core I5,0,15.6,Intel Core i5,No especificado,No especificado,Intel,15.6,Estandar
Hp,"Laptop hp 240r g10 intel core i5 120u 8gb 512gb pantalla 14""",13999.0,8.0,512.0,SSD,Core I5,0,14.0,Intel Core i5,No especificado,No especificado,Intel,14.0,Estandar
Asus,"Laptop asus vivobook 15 ryzen 5 8gb 512gb 15.6"" ips español",11599.0,8.0,512.0,SSD,Ryzen 5,0,15.6,AMD Ryzen 5,No especificado,No especificado,AMD,15.6,Estandar
Hp,"Portátil HP 14"" i3 8 GB RAM 128 GB UFS con Windows 11 y Office 365",8862.0,8.0,128.0,SSD,No especificado,0,14.0,No especificado,No especificado,No especificado,Intel,14.0,Estandar
Hp,"Portátil HP 14"" i3 4 GB RAM 128 GB UFS Windows 11 Office 365",7151.0,4.0,128.0,SSD,No especificado,0,14.0,No especificado,No especificado,No especificado,Intel,14.0,Estandar
Hp,Portátil HP 14 Intel i3 4 GB RAM 128 GB UFS Windows 11,6947.0,4.0,128.0,SSD,No especificado,0,,No especificado,No especificado,No especificado,Intel,14.0,Estandar
Hp,Portátil HP 356 cm Intel N150 128 GB SSD Win11 Lavanda Miel,8728.0,128.0,128.0,SSD,Intel N150,0,,No especificado,No especificado,No especificado,Intel,,Estandar
Hp,Portátil HP 36 cm Celeron 4 GB RAM 64 GB eMMC Win 11 Blanco,7639.0,4.0,64.0,SSD,Celeron,0,,No especificado,No especificado,No especificado,Intel,,Estandar
Hp,Portátil HP 356 cm Intel N150 4 GB RAM 128 GB UFS Windows 11,7151.0,4.0,128.0,SSD,Intel N150,0,,No especificado,No especificado,No especificado,Intel,,Estandar
Hp,Portátil HP 35 cm Intel N150 4 GB RAM 128 GB UFS Windows 11,7191.0,4.0,128.0,SSD,Intel N150,0,,No especificado,No especificado,No especificado,Intel,,Estandar
Hp,Portátil HP 35 cm Intel N150 4 GB RAM 128 GB UFS Windows 11,7151.0,4.0,128.0,SSD,Intel N150,0,,No especificado,No especificado,No especificado,Intel,,Estandar
Hp,"Portátil HP 14"" Intel 4 GB RAM 64 GB SSD Win11 Blanco Copo de Nieve",7741.0,4.0,64.0,SSD,No especificado,0,14.0,No especificado,No especificado,No especificado,Intel,14.0,Estandar
Hp,Portátil HP 35 cm Intel N150 8 GB RAM 128 GB UFS Windows 11,9107.0,8.0,128.0,SSD,Intel N150,0,,No especificado,No especificado,No especificado,Intel,,Estandar
Hp,Portátil HP 36 cm Intel Core 4 GB RAM 64 GB SSD Win 11,7741.0,4.0,64.0,SSD,Core 4,0,,No especificado,No especificado,No especificado,Intel,,Estandar
Hp,"Portátil HP 14"" Intel N150 4 GB RAM 128 GB UFS con Windows 11",7191.0,4.0,128.0,SSD,Intel N150,0,14.0,No especificado,No especificado,No especificado,Intel,14.0,Estandar
Hp,"Portátil HP 14"" Intel Core 4 GB RAM 64 GB SSD Windows 11 Blanco",7216.0,4.0,64.0,SSD,Core 4,0,14.0,No especificado,No especificado,No especificado,Intel,14.0,Estandar
Hp,"Portátil HP 14"" LED Intel N150 16 GB RAM 640 GB Windows 11",9775.0,16.0,640.0,SSD,Intel N150,0,14.0,No especificado,No especificado,No especificado,Intel,14.0,Estandar
Acer,Laptop Acer Aspire Lite 15 AL15-36P 15.6 FHD Intel Core 3 8GB RAM 128GB SSD Windows 11 color Silver,7999.0,8.0,128.0,SSD,Core 3,0,15.6,No especificado,No especificado,No especificado,Intel,15.6,Estandar
Hp,"Laptop hp 250 g10 intel core i3 n305 16gb 512gb 15.6""",9499.0,16.0,512.0,SSD,Core I3,0,15.6,Intel Core i3-N305,8,Alder Lake-N,Intel,15.6,Estandar
Lenovo,Laptop Lenovo IdeaPad Slim 3 Snapdragon X 8 Core 16GB RAM 512GB SSD Windows 11 con Impresora Multifuncional HP,14799.0,16.0,512.0,SSD,Core 1,0,,No especificado,No especificado,No especificado,Otros,,Estandar
Asus,Laptop Asus Vivobook F1504va Core I5-1334u 8GB Ram 512GB SSD con Impresora Multifuncional HP,13699.0,8.0,512.0,SSD,Core I5,0,,Intel Core i5,No especificado,No especificado,Intel,,Estandar
Dell,"Laptop Lenovo IdeaPad Slim 3 15.6"" FHD Intel Core i5-1335U 16GB RAM 256GB SSD Windows 11 Home Arctic Grey",12469.0,16.0,256.0,SSD,Core I5,0,15.6,Intel Core i5-1335U,10,13ª Gen (Raptor Lake),Intel,15.6,Estandar
Dell,"Laptop Dell 15 DC15250 15.6"" FHD Intel Core i7-1355U 8GB RAM 512GB SSD Windows 11 Home Carbon Black",14649.0,8.0,512.0,SSD,Core I7,0,15.6,Intel Core i7-1355U,10,13ª Gen (Raptor Lake),Intel,15.6,Estandar
Asus,"Laptop ASUS Vivobook 17.3"" FHD Intel Core i3 8GB 512GB",14818.0,8.0,512.0,SSD,Core I3,0,17.3,Intel Core i3,No especificado,No especificado,Intel,17.3,Grande
Lenovo,Laptop Lenovo IdeaPad Slim 3 Intel Core i5 8GB RAM 512GB SSD 15.6 Delgada,11199.0,8.0,512.0,SSD,Core I5,0,15.6,Intel Core i5,No especificado,No especificado,Intel,15.6,Estandar
Hp,Laptop HP 250 G10 Intel Core i3-N305 8GB RAM 512GB SSD 15.6 Ergonomica,8819.0,8.0,512.0,SSD,Core I3,0,15.6,Intel Core i3-N305,8,Alder Lake-N,Intel,15.6,Estandar
Asus,Laptop Asus Vivobook AMD Ryzen 7 8GB RAM 512GB SSD 14 FHD Ultrafina,11259.0,8.0,512.0,SSD,Ryzen 7,0,,No especificado,No especificado,No especificado,AMD,14.0,Estandar
Lenovo,Laptop Lenovo V14 G4 ABP AMD Ryzen 7 16GB RAM 512GB SSD 14 Trabajo Profesional,15849.0,16.0,512.0,SSD,Ryzen 7,0,,No especificado,No especificado,No especificado,AMD,14.0,Estandar
Lenovo,Laptop Gamer Lenovo LOQ 15IAX9 Intel Core i5 16GB RAM 1TB SSD 15.6 FHD,18449.0,16.0,1024.0,SSD,Core I5,0,15.6,Intel Core i5,No especificado,No especificado,Intel,15.6,Estandar
Hp,Laptop HP 240 G10 Intel Core i3 13a Gen 8GB RAM 512GB SSD 14 Pulgadas,8149.0,8.0,512.0,SSD,Core I3,0,14.0,Intel Core i3,No especificado,No especificado,Intel,14.0,Estandar
Lenovo,Laptop Lenovo ThinkPad E14 AMD Ryzen 7 32GB RAM 1TB SSD 14 Negocios Premium,28059.0,32.0,1024.0,SSD,Ryzen 7,0,,No especificado,No especificado,No especificado,AMD,14.0,Estandar
Asus,Laptop Asus Vivobook Intel Core i5 8GB RAM 256GB SSD 15.6 Pantalla Tactil,16409.0,8.0,256.0,SSD,Core I5,0,15.6,Intel Core i5,No especificado,No especificado,Intel,15.6,Estandar
Hp,Laptop HP 245 G10 Ryzen 3 8GB 256GB SSD Negro,8299.0,8.0,256.0,SSD,Ryzen 3,0,,AMD Ryzen 3,No especificado,No especificado,AMD,,Estandar
Lenovo,Laptop Lenovo V14 G4 Core i7 16GB 512GB SSD Negro,13599.0,16.0,512.0,SSD,Core I7,0,,Intel Core i7,No especificado,No especificado,Intel,,Estandar
Hp,Laptop HP 250 G10 Core i5 8GB 512GB SSD Plata,10999.0,8.0,512.0,SSD,Core I5,0,,Intel Core i5,No especificado,No especificado,Intel,,Estandar
Dell,"Laptop Dell Latitude 5420 Reacondicionado 14"" FHD Tactil Intel Core i5 16GB RAM 256GB SSD Windows 11",6299.0,16.0,256.0,SSD,Core I5,0,14.0,Intel Core i5,No especificado,No especificado,Intel,14.0,Estandar
Hp,"Laptop HP Gaming Victus 15-fa2019la Intel Core i7 16 GB RAM NVIDIA GeForce RTX 3050 1 TB SSD 15.6"" FHD 144 Hz W11 Home",19999.0,16.0,1024.0,SSD,Core I7,1,15.6,Intel Core i7,No especificado,No especificado,Intel,15.6,Estandar
Microsoft,"Laptop Microsoft Surface 3 13,5"" táctil, Intel Core i5, 8 GB de RAM, SSD de 256 GB, negro, Reacondicionado",5299.0,8.0,256.0,SSD,Core I5,0,13.5,Intel Core i5,No especificado,No especificado,Intel,13.5,Ultraportatil
Hp,"Laptop HP Ultrabook 14"" Intel N150 8 GB 128 GB SSD Win11",7988.0,8.0,128.0,SSD,Intel N150,0,14.0,No especificado,No especificado,No especificado,Intel,14.0,Estandar
Lenovo,"Portátil Lenovo Chromebook m 15"" MediaTek 8 GB 128 GB Luna",12131.0,8.0,128.0,SSD,No especificado,0,15.0,No especificado,No especificado,No especificado,Otros,15.0,Estandar
Hp,"Laptop HP 14-dq6101dx 14"" Intel N150 4GB RAM 128GB UFS Windows 11 Wi-Fi 6",7999.0,4.0,128.0,SSD,Intel N150,0,14.0,No especificado,No especificado,No especificado,Intel,14.0,Estandar
Asus,"Laptop ASUS Vivobook 14"" FHD i3-1215U 8GB 128GB SSD",12055.0,8.0,128.0,SSD,No especificado,0,14.0,Intel Core i3-1215U,6,12ª Gen (Alder Lake),Intel,14.0,Estandar
Hp,"HP Laptop 14"" HD Intel N150 4GB RAM 128GB UFS Natural Silver",5679.0,4.0,128.0,SSD,Intel N150,0,14.0,No especificado,No especificado,No especificado,Intel,14.0,Estandar
Hp,"Laptop HP Pavilion Plus 14"" 2.2K Intel Core i5-1240P 8GB RAM 512GB SSD Windows 11 Home 6L6C7LA",11589.0,8.0,512.0,SSD,Core I5,0,14.0,Intel Core i5,No especificado,No especificado,Intel,14.0,Estandar
Hp,Laptop HP 14 Pulgadas Intel Celeron N4120 4GB RAM 64GB eMMC Windows 11 Home 2C3C3LA,9399.0,4.0,64.0,SSD,Celeron,0,14.0,No especificado,No especificado,No especificado,Intel,14.0,Estandar
Hp,"Laptop HP 250R G10 15.6"" Full HD Intel Core i5-1334U 8GB RAM 512GB SSD Windows 11 Home C78E0AT",11379.0,8.0,512.0,SSD,Core I5,0,15.6,Intel Core i5,No especificado,No especificado,Intel,15.6,Estandar
Hp,"Laptop HP 14-dq0532la 14"" Intel Celeron N4120 4GB RAM 128GB SSD Windows 11 Home",4935.0,4.0,128.0,SSD,Celeron,0,14.0,No especificado,No especificado,No especificado,Intel,14.0,Estandar
Hp,"Laptop HP Pavilion Plus 14-ew0001la 14"" 2.2K Intel Core i5-1335U 16GB RAM 512GB SSD Windows 11",15199.0,16.0,512.0,SSD,Core I5,0,14.0,Intel Core i5-1335U,10,13ª Gen (Raptor Lake),Intel,14.0,Estandar
Hp,Laptop HP de 15.6 pulgadas HD Pentium N200 1.8GHz Intel UHD Graphics 4GB RAM 128 SSD Windows 11 con Microsoft 365 por 1 año (Rojo Escarlata),7034.0,4.0,128.0,SSD,No especificado,0,15.6,Intel Processor N200,4,Alder Lake-N,Intel,15.6,Estandar
Lenovo,"Laptop Lenovo IdeaPad Slim 3 de 15,6 pulgadas FHD, procesador Ryzen 5, 8 GB de RAM, SSD de 512 GB, Windows 11, color azul abismo.",9499.0,8.0,512.0,SSD,Ryzen 5,0,15.6,AMD Ryzen 5,No especificado,No especificado,AMD,15.6,Estandar
Hp,"Laptop HP Intel N150 4GB RAM 128GB SSD 14"" Windows 11",7832.0,4.0,128.0,SSD,Intel N150,0,14.0,No especificado,No especificado,No especificado,Intel,14.0,Estandar
Hp,"Laptop HP Ultrabook 14"" Intel 4GB 256GB SSD Oro Rosa",8976.0,4.0,256.0,SSD,No especificado,0,14.0,No especificado,No especificado,No especificado,Intel,14.0,Estandar
Hp,"Laptop HP 14"" Intel Celeron 8GB RAM 64GB eMMC Oro Rosa",7896.0,8.0,64.0,SSD,Celeron,0,14.0,No especificado,No especificado,No especificado,Intel,14.0,Estandar
Hp,"Laptop HP 14"" Intel N150 4GB RAM 640GB Windows 11",8001.0,4.0,640.0,SSD,Intel N150,0,14.0,No especificado,No especificado,No especificado,Intel,14.0,Estandar
Hp,"Laptop HP 14"" Intel N150 4GB RAM 640GB Windows 11",8247.0,4.0,640.0,SSD,Intel N150,0,14.0,No especificado,No especificado,No especificado,Intel,14.0,Estandar
Hp,"Portátil HP 14"" Intel N150 4GB RAM 640GB Win11 Home",8247.0,4.0,640.0,SSD,Intel N150,0,14.0,No especificado,No especificado,No especificado,Intel,14.0,Estandar
Hp,"HP Laptop 14"" HD AMD Athlon 4GB RAM 128GB SSD Azul Luna",5299.0,4.0,128.0,SSD,Athlon,0,14.0,No especificado,No especificado,No especificado,AMD,14.0,Estandar
Hp,"Notebook HP 17.3"" HD+ Táctil Intel N100 4GB 128GB",11668.0,4.0,128.0,SSD,Intel N100,0,17.3,Intel Processor N100,4,Alder Lake-N,Intel,17.3,Grande
Hp,"Laptop HP Ultrabook 14"" 4GB RAM Intel N150 128GB SSD Win11",7832.0,4.0,128.0,SSD,Intel N150,0,14.0,No especificado,No especificado,No especificado,Intel,14.0,Estandar
Hp,"Laptop HP 14"" Intel Celeron 16GB RAM 64GB eMMC",9031.0,16.0,64.0,SSD,Celeron,0,14.0,No especificado,No especificado,No especificado,Intel,14.0,Estandar
Asus,"Laptop ASUS Vivobook 14"" FHD Intel Core i5 8GB 512GB SSD",15883.0,8.0,512.0,SSD,Core I5,0,14.0,Intel Core i5,No especificado,No especificado,Intel,14.0,Estandar
Lenovo,"Lenovo IdeaPad Slim 15.6"" FHD Ryzen 5 8GB RAM 256GB SSD Abyss Blue",10219.0,8.0,256.0,SSD,Ryzen 5,0,15.6,AMD Ryzen 5,No especificado,No especificado,AMD,15.6,Estandar
Dell,"Dell Alienware 15.3"" WUXGA Ryzen 5 16GB RAM 512GB SSD RTX 4050",24929.0,16.0,512.0,SSD,Ryzen 5,1,15.3,AMD Ryzen 5,No especificado,No especificado,AMD,15.3,Estandar
Hp,"HP Laptop 14"" HD Intel N150 4GB RAM 128GB UFS Lavanda Miel",5469.0,4.0,128.0,SSD,Intel N150,0,14.0,No especificado,No especificado,No especificado,Intel,14.0,Estandar
Hp,"Laptop HP 245 G10 AMD Ryzen 5 8GB RAM 512GB SSD 14"" Windows 11 Home",8619.0,8.0,512.0,SSD,Ryzen 5,0,14.0,AMD Ryzen 5,No especificado,No especificado,AMD,14.0,Estandar
Acer,"Acer Chromebook 315 15.6"" FHD 4GB 352GB Intel N4500",9062.0,4.0,352.0,SSD,Intel N4500,0,15.6,No especificado,No especificado,No especificado,Intel,15.6,Estandar
Acer,"Notebook Acer Chromebook 315 15.6"" FHD Intel N4500 4GB 224GB",9001.0,4.0,224.0,SSD,Intel N4500,0,15.6,No especificado,No especificado,No especificado,Intel,15.6,Estandar
Asus,"Notebook ASUS Vivobook 14"" i3-1315U 8GB RAM 128GB SSD",10211.0,8.0,128.0,SSD,No especificado,0,14.0,Intel Core i3-1315U,6,13ª Gen (Raptor Lake),Intel,14.0,Estandar
Lenovo,"Laptop Lenovo 2026 i5-1335U 156"" FHD táctil 16 GB 512 GB SSD",14818.0,16.0,512.0,SSD,No especificado,0,,Intel Core i5-1335U,10,13ª Gen (Raptor Lake),Intel,16.0,Grande
Lenovo,"Laptop Lenovo V15 2026 Intel N150 16GB 256GB SSD 15.6""",13612.0,16.0,256.0,SSD,Intel N150,0,15.6,No especificado,No especificado,No especificado,Intel,15.6,Estandar
Lenovo,"Laptop Lenovo V15 15.6"" FHD Intel N150 16GB DDR5 256GB SSD",13599.0,16.0,256.0,SSD,Intel N150,0,15.6,No especificado,No especificado,No especificado,Intel,15.6,Estandar
Hp,"Laptop HP Pavilion 14"" 16GB RAM 512GB SSD Intel N150",8728.0,16.0,512.0,SSD,Intel N150,0,14.0,No especificado,No especificado,No especificado,Intel,14.0,Estandar
Hp,"Notebook HP Pavilion 173"" con pantalla táctil Intel i3 16 GB 512 GB",7767.0,16.0,512.0,SSD,No especificado,0,,No especificado,No especificado,No especificado,Intel,16.0,Grande
Hp,HP Chromebook 11MK G9 Edición Educación - Laptop con Pantalla HD de 11.6 Pulgadas MediaTek MT8183 Gráficos Integrados 4GB RAM LPDDR4X 32GB eMMC Wi-Fi,4948.0,4.0,32.0,SSD,No especificado,0,11.6,No especificado,No especificado,No especificado,Otros,11.6,Ultraportatil
Hp,Ordenador portátil HP Business de 156 pulgadas Windows 11 Pro i3-1215U 16 GB de RAM SSD de 1 TB,14565.0,16.0,1024.0,SSD,No especificado,0,15.6,Intel Core i3-1215U,6,12ª Gen (Alder Lake),Intel,15.6,Estandar
Laptop,LAPTOP DELL INSPIRON 15 DC15255 NEGRO 15in AMD RYZEN 7 7730U 16GB 512GB SSD Windows Home S,14999.0,16.0,512.0,SSD,Ryzen 7,0,15.0,AMD Ryzen 7 7730U,8,Serie 7000 (Zen 3),AMD,15.0,Estandar
Hp,LAPTOP HP 15-FC0146DX PLATA 15in AMD RYZEN 5 7520U 8GB 512GB SSD Windows 11,11899.0,8.0,512.0,SSD,Ryzen 5,0,15.0,AMD Ryzen 5 7520U,4,Serie 7000 (Zen 2),AMD,15.0,Estandar
Hp,Laptop ai pc hp omnibook 3 snapdragon 16gb 512gb copilot+ pc,12999.0,16.0,512.0,SSD,No especificado,0,,No especificado,No especificado,No especificado,Otros,,Estandar
Asus,"Laptop ASUS VivoBook 16"" Intel Core i9-13900H 16GB 1TB SSD Windows 11 color Silver",18599.0,16.0,1024.0,SSD,Core I9,0,16.0,No especificado,No especificado,No especificado,Intel,16.0,Grande
Hp,"Laptop hp 15 core i7 1355u 16gb 512gb pantalla 15.6"" touch",15499.0,16.0,512.0,SSD,Core I7,0,15.6,Intel Core i7-1355U,10,13ª Gen (Raptor Lake),Intel,15.6,Estandar
Hp,"Laptop HP 156"" FHD 2026 Intel N100 32 GB 1 TB SSD",11081.0,32.0,1024.0,SSD,Intel N100,0,,Intel Processor N100,4,Alder Lake-N,Intel,,Estandar
Hp,"Notebook HP 156"" Intel 4 núcleos 8 GB 128 GB SSD Windows 11",11446.0,8.0,128.0,SSD,No especificado,0,,No especificado,No especificado,No especificado,Intel,,Estandar
Hp,"Laptop HP Pavilion 156"" HD Intel N100 8 GB 512 GB SSD",11692.0,8.0,512.0,SSD,Intel N100,0,,Intel Processor N100,4,Alder Lake-N,Intel,,Estandar
Lenovo,"Laptop lenovo v14 g4 core i7 13620h 16gb 512gb pantalla 14""",16999.0,16.0,512.0,SSD,Core I7,0,14.0,Intel Core i7,No especificado,No especificado,Intel,14.0,Estandar
Msi,Laptop ai gamer msi rtx 5060 8gb ryzen 9 16gb 1tb,32999.0,8.0,1024.0,SSD,Ryzen 9,1,,No especificado,No especificado,No especificado,AMD,,Estandar
Hp,"Laptop HP 14"" Intel N150 4GB RAM 384GB Windows 11",8001.0,4.0,384.0,SSD,Intel N150,0,14.0,No especificado,No especificado,No especificado,Intel,14.0,Estandar
Hp,"Laptop HP 14"" Intel N150 16GB RAM 640GB Almacenamiento Win11",13059.0,16.0,640.0,SSD,Intel N150,0,14.0,No especificado,No especificado,No especificado,Intel,14.0,Estandar
Hp,"Laptop HP 14"" Intel N150 4GB RAM 640GB Windows 11",10389.0,4.0,640.0,SSD,Intel N150,0,14.0,No especificado,No especificado,No especificado,Intel,14.0,Estandar
Hp,"Laptop HP Stream 14"" Intel N150 4GB RAM 1.12TB Win11",8143.0,4.0,1152.0,SSD,Intel N150,0,14.0,No especificado,No especificado,No especificado,Intel,14.0,Estandar
Hp,"Laptop HP 156"" Intel N200 16GB RAM 128GB SSD Win11",11447.0,16.0,128.0,SSD,Intel N200,0,,Intel Processor N200,4,Alder Lake-N,Intel,,Estandar
Hp,"Laptop HP 15.6"" Intel N200 8GB RAM 128GB SSD Win11",9224.0,8.0,128.0,SSD,Intel N200,0,15.6,Intel Processor N200,4,Alder Lake-N,Intel,15.6,Estandar
Hp,Laptop HP Pavilion 14 Intel N150 16GB 128GB+256GB SD,10828.0,16.0,256.0,SSD,Intel N150,0,,No especificado,No especificado,No especificado,Intel,14.0,Estandar
Hp,"Laptop HP 14"" Intel N150 4GB RAM 128GB Windows 11",7753.0,4.0,128.0,SSD,Intel N150,0,14.0,No especificado,No especificado,No especificado,Intel,14.0,Estandar
Hp,"Laptop HP 14"" Intel N150 8GB RAM 640GB Windows 11",8248.0,8.0,640.0,SSD,Intel N150,0,14.0,No especificado,No especificado,No especificado,Intel,14.0,Estandar
Hp,"Laptop HP 2026 Intel N150 16GB RAM 128GB SSD 14""",9260.0,16.0,128.0,SSD,Intel N150,0,14.0,No especificado,No especificado,No especificado,Intel,14.0,Estandar
Hp,"Laptop HP 14"" Intel N150 4GB RAM 128GB UFS Win11",7753.0,4.0,128.0,SSD,Intel N150,0,14.0,No especificado,No especificado,No especificado,Intel,14.0,Estandar
Hp,"Laptop HP Intel N150 4GB RAM 128GB SSD 14"" Rosa",9963.0,4.0,128.0,SSD,Intel N150,0,14.0,No especificado,No especificado,No especificado,Intel,14.0,Estandar
Hp,"Laptop HP 2026 Intel N150 16GB RAM 128GB SSD 14""",7759.0,16.0,128.0,SSD,Intel N150,0,14.0,No especificado,No especificado,No especificado,Intel,14.0,Estandar
Hp,"Laptop HP 15.6"" Intel N100 16GB RAM 256GB SSD Wi-Fi 6",13079.0,16.0,256.0,SSD,Intel N100,0,15.6,Intel Processor N100,4,Alder Lake-N,Intel,15.6,Estandar
Lenovo,"Laptop Lenovo - IdeaPad Slim 3 15.6"" Full HD - AMD Ryzen 5 40 2025 - 8GB Memory- 256GB SSD - color azul",9499.0,8.0,256.0,SSD,Ryzen 5,0,15.6,AMD Ryzen 5,No especificado,No especificado,AMD,15.6,Estandar
Hp,"Laptop HP dq6012dx 14"" Intel N150 4GB 128GB Wi-Fi 6",7655.0,4.0,128.0,SSD,Intel N150,0,14.0,No especificado,No especificado,No especificado,Intel,14.0,Estandar
Hp,"Laptop HP Ultrabook 14"" 4GB RAM Intel N150 128GB SSD Win11",9963.0,4.0,128.0,SSD,Intel N150,0,14.0,No especificado,No especificado,No especificado,Intel,14.0,Estandar
Lenovo,"Laptop Lenovo IdeaPad 14"" AMD A6-9220e 4GB 64GB Win10",5724.0,4.0,64.0,SSD,No especificado,0,14.0,No especificado,No especificado,No especificado,AMD,14.0,Estandar
Hp,"Laptop HP 14"" HD Intel N4120 8GB RAM 64GB eMMC Win11",7705.0,8.0,64.0,SSD,Intel N4120,0,14.0,No especificado,No especificado,No especificado,Intel,14.0,Estandar
Dell,"Laptop dell ldc15250 core i7 1355u 16gb 512gb pantalla 15.6""",17999.0,16.0,512.0,SSD,Core I7,0,15.6,Intel Core i7-1355U,10,13ª Gen (Raptor Lake),Intel,15.6,Estandar
Asus,Laptop asus 16 core i9 13900h 16gb 1tb pantalla 16 ips wuxga,21999.0,16.0,1024.0,SSD,Core I9,0,,No especificado,No especificado,No especificado,Intel,16.0,Grande
Hp,Laptop ai pc hp omnibook 3 ryzen 5 340 16gb 512gb copilot+,15699.0,16.0,512.0,SSD,Ryzen 5,0,,AMD Ryzen 5,No especificado,No especificado,AMD,,Estandar
Lenovo,"Laptop Lenovo V15 2026 AMD Ryzen 3 16GB 256GB SSD 15.6""",13612.0,16.0,256.0,SSD,Ryzen 3,0,15.6,AMD Ryzen 3,No especificado,No especificado,AMD,15.6,Estandar
Hp,"Laptop HP 14"" N150 Intel 16GB 128GB UFS WiFi6 Azul Celeste",15644.0,16.0,128.0,SSD,No especificado,0,14.0,No especificado,No especificado,No especificado,Intel,14.0,Estandar
Hp,"Laptop HP 14"" Intel Celeron 4GB RAM 64GB SSD Oro Rosa",8413.0,4.0,64.0,SSD,Celeron,0,14.0,No especificado,No especificado,No especificado,Intel,14.0,Estandar
Hp,"Laptop HP 15.6"" AMD Athlon 16GB RAM 256GB SSD",11446.0,16.0,256.0,SSD,Athlon,0,15.6,No especificado,No especificado,No especificado,AMD,15.6,Estandar
Hp,"Laptop HP 14"" Intel Celeron N4120 16GB RAM 64GB eMMC",11478.0,16.0,64.0,SSD,Celeron,0,14.0,No especificado,No especificado,No especificado,Intel,14.0,Estandar
Hp,"Laptop HP 156"" AMD Athlon N3050 4GB RAM 128GB SSD",7753.0,4.0,128.0,SSD,Athlon,0,,Intel Core i3-N305,8,Alder Lake-N,Intel,,Estandar
Hp,"Laptop HP 14"" Intel Celeron N4120 16GB RAM 128GB Rosa",12134.0,16.0,128.0,SSD,Celeron,0,14.0,No especificado,No especificado,No especificado,Intel,14.0,Estandar
Hp,"Laptop HP 14"" Intel Celeron N4500 16GB 576GB Windows 11",11679.0,16.0,576.0,SSD,Celeron,0,14.0,No especificado,No especificado,No especificado,Intel,14.0,Estandar
Hp,"Laptop HP Ultrabook Intel 16GB RAM 128GB SSD 14"" HD",9222.0,16.0,128.0,SSD,No especificado,0,14.0,No especificado,No especificado,No especificado,Intel,14.0,Estandar
Hp,"Laptop HP Ultrabook Intel 14"" 4GB RAM 64GB SSD Oro Rosa",8976.0,4.0,64.0,SSD,No especificado,0,14.0,No especificado,No especificado,No especificado,Intel,14.0,Estandar
Hp,"Laptop HP 14"" Essential Intel N150 16GB 128GB SSD",7735.0,16.0,128.0,SSD,Intel N150,0,14.0,No especificado,No especificado,No especificado,Intel,14.0,Estandar
Hp,"Laptop HP Ultrabook 14"" Intel N150 16GB 128GB SSD",8482.0,16.0,128.0,SSD,Intel N150,0,14.0,No especificado,No especificado,No especificado,Intel,14.0,Estandar
Hp,"Laptop HP Ultrabook Intel 14"" 16GB RAM 128GB SSD",9963.0,16.0,128.0,SSD,No especificado,0,14.0,No especificado,No especificado,No especificado,Intel,14.0,Estandar
Hp,"Laptop HP Chromebook 14"" Intel Celeron 8GB 64GB Rosa",10149.0,8.0,64.0,SSD,Celeron,0,14.0,No especificado,No especificado,No especificado,Intel,14.0,Estandar
Hp,"Laptop HP Chromebook 14"" Intel Celeron 8GB 128GB Rosa",10248.0,8.0,128.0,SSD,Celeron,0,14.0,No especificado,No especificado,No especificado,Intel,14.0,Estandar
Lenovo,"Laptop Lenovo IdeaPad 1 15.6"" HD Intel Celeron 4GB 128GB",5727.0,4.0,128.0,SSD,Celeron,0,15.6,No especificado,No especificado,No especificado,Intel,15.6,Estandar
Hp,Laptop hp 15 core i7 16gb 512gb ssd pantalla 15.6 fhd touch,17999.0,16.0,512.0,SSD,Core I7,0,15.6,Intel Core i7,No especificado,No especificado,Intel,15.6,Estandar
Acer,"Acer Aspire Go 15 Laptop 15.6"" Full HD Ryzen 7 7730U 16GB RAM 512GB SSD Plata",13179.0,16.0,512.0,SSD,Ryzen 7,0,15.6,AMD Ryzen 7 7730U,8,Serie 7000 (Zen 3),AMD,15.6,Estandar
Hp,"Laptop HP 14"" Intel Celeron 8 GB 628 GB Win11 Pro blanco",8402.0,8.0,628.0,SSD,Celeron,0,14.0,No especificado,No especificado,No especificado,Intel,14.0,Estandar
Hp,"Laptop HP de 14"" Intel Celeron 16 GB 628 GB Windows 11 Pro",9632.0,16.0,628.0,SSD,Celeron,0,14.0,No especificado,No especificado,No especificado,Intel,14.0,Estandar
Hp,"Laptop HP 14"" Intel Celeron 8 GB 628 GB Windows 11 Pro color oro rosa",8648.0,8.0,628.0,SSD,Celeron,0,14.0,No especificado,No especificado,No especificado,Intel,14.0,Estandar
Lenovo,"Notebook Lenovo V15 AMD Ryzen 3 16GB 1TB 156"" FHD Win11",15819.0,16.0,1024.0,SSD,Ryzen 3,0,,AMD Ryzen 3,No especificado,No especificado,AMD,,Estandar
Lenovo,"Laptop Lenovo V15 15.6"" FHD Intel N5100 16GB 512GB SSD",12680.0,16.0,512.0,SSD,Intel N5100,0,15.6,No especificado,No especificado,No especificado,Intel,15.6,Estandar
Lenovo,Laptop Lenovo ThinkBook 16 G6 Intel i5-13420 16GB 512GB SSD,9863.0,16.0,512.0,SSD,No especificado,0,,No especificado,No especificado,No especificado,Intel,16.0,Grande
Hp,"Laptop HP de 156"" HD Intel i3 4 GB RAM 1 TB HDD Windows 10",9701.0,4.0,1024.0,SSD,No especificado,0,,No especificado,No especificado,No especificado,Intel,,Estandar
Hp,Laptop HP 14 Ryzen 3 8 GB de RAM 256 GB SSD 14-dk0736ms,8852.0,8.0,256.0,SSD,Ryzen 3,0,,AMD Ryzen 3,No especificado,No especificado,AMD,14.0,Estandar
Hp,"Notebook HP 14"" Intel N150 4 GB 640 GB Windows 11 Rose Gold",8247.0,4.0,640.0,SSD,Intel N150,0,14.0,No especificado,No especificado,No especificado,Intel,14.0,Estandar
Hp,"Laptop HP de 14"" Rose Gold con procesador Intel 16 GB de RAM y SSD de 256 GB",10331.0,16.0,256.0,SSD,No especificado,0,14.0,No especificado,No especificado,No especificado,Intel,14.0,Estandar
Hp,"Laptop HP Ultrabook 14"" Intel N150 16 GB RAM 256 GB SSD",9222.0,16.0,256.0,SSD,Intel N150,0,14.0,No especificado,No especificado,No especificado,Intel,14.0,Estandar
Hp,"Laptop HP de 14"" Rose Gold Intel N150 16 GB de RAM 128 GB SSD",12593.0,16.0,128.0,SSD,Intel N150,0,14.0,No especificado,No especificado,No especificado,Intel,14.0,Estandar
Hp,"Laptop HP 14"" Intel N150 16 GB RAM 128 GB SSD Windows 11",8235.0,16.0,128.0,SSD,Intel N150,0,14.0,No especificado,No especificado,No especificado,Intel,14.0,Estandar
Hp,"HP Laptop 14"" HD 4GB RAM 128GB UFS Intel N150 Windows 11 Microsoft 365 Sky Blue",5459.0,4.0,128.0,SSD,Intel N150,0,14.0,No especificado,No especificado,No especificado,Intel,14.0,Estandar
Hp,"HP Laptop 14"" HD 4GB RAM 128GB UFS Intel N150 Windows 11 Microsoft 365 Verde Sauce",5309.0,4.0,128.0,SSD,Intel N150,0,14.0,No especificado,No especificado,No especificado,Intel,14.0,Estandar
Lenovo,"Lenovo Yoga Slim 7X Snapdragon X Elite 1TB SSD 16GB 14.5"" Azul",18849.0,16.0,1024.0,SSD,No especificado,0,14.5,No especificado,No especificado,No especificado,Otros,14.5,Estandar
Hp,"Laptop HP Essential 15.6"" Intel N100 16GB 512GB SSD FHD",15150.0,16.0,512.0,SSD,Intel N100,0,15.6,Intel Processor N100,4,Alder Lake-N,Intel,15.6,Estandar
Hp,"Laptop HP 15.6"" AMD Ryzen 3 7320U 8 GB 256 GB SSD",14422.0,8.0,256.0,SSD,Ryzen 3,0,15.6,AMD Ryzen 3 7320U,4,Serie 7000 (Zen 2),AMD,15.6,Estandar
Asus,Ordenador portátil ASUS Vivobook 16 F1605VA-DS52 16 pulgadas Intel i5 8 GB/512 GB,16126.0,8.0,512.0,SSD,No especificado,0,16.0,No especificado,No especificado,No especificado,Intel,16.0,Grande
Lenovo,Laptop ai pc lenovo ideapad slim 3 snapdragon x 16gb 512gb,13999.0,16.0,512.0,SSD,No especificado,0,,No especificado,No especificado,No especificado,Otros,,Estandar
Asus,Laptop ai pc asus vivobook 16 snapdragon x 16gb 1tb copilot+,14999.0,16.0,1024.0,SSD,No especificado,0,,No especificado,No especificado,No especificado,Otros,16.0,Grande
Asus,Laptop ai pc asus vivobook snapdragon x 16gb 512gb copilot+,12999.0,16.0,512.0,SSD,No especificado,0,,No especificado,No especificado,No especificado,Otros,,Estandar
Apple,Reacondicionado Ordenador portátil Apple MacBook Pro con Retina de 13 pulgadas Intel Core i5 16 GB de RAM 256 GB SSD plateado (renovado),6276.0,16.0,256.0,SSD,Core I5,0,13.0,Intel Core i5,No especificado,No especificado,Intel,13.0,Ultraportatil
Dell,Reacondicionado Ordenador portátil Dell Latitude 7490 Intel Core i5-8350U SSD de 8 GB y 128 GB,5494.0,8.0,128.0,SSD,Core I5,0,,Intel Core i5,No especificado,No especificado,Intel,,Estandar
Dell,"Laptop Dell Latitude 5420, 14"" FHD, Core i5 8GB 256GB SSD, Win10 Pro, Reacondicionado",5299.0,8.0,256.0,SSD,Core I5,0,14.0,Intel Core i5,No especificado,No especificado,Intel,14.0,Estandar
Asus,"Laptop ASUS 14"" FHD Intel Celeron N4500 4GB RAM 1TB",7958.0,4.0,1024.0,SSD,Celeron,0,14.0,No especificado,No especificado,No especificado,Intel,14.0,Estandar
Asus,ASUS Vivobook 16 Laptop Intel Core i9 16GB RAM 1TB SSD Windows 11,21179.0,16.0,1024.0,SSD,Core I9,0,,No especificado,No especificado,No especificado,Intel,16.0,Grande
Hp,Laptop HP 14 Pulgadas Intel N150 4GB RAM 128GB UFS Windows 11 Home,5309.0,4.0,128.0,SSD,Intel N150,0,14.0,No especificado,No especificado,No especificado,Intel,14.0,Estandar
Asus,Chromebook Asus Plus CX14 Core i3 8GB RAM 128GB SSD Gris,13499.0,8.0,128.0,SSD,Core I3,0,,Intel Core i3,No especificado,No especificado,Intel,,Estandar
Asus,Laptop Asus Zebook 14 Ryzen AI 5 32GB RAM 512GB SSD,32999.0,32.0,512.0,SSD,No especificado,0,,No especificado,No especificado,No especificado,AMD,14.0,Estandar
Asus,Laptop Asus Vivobook 14 Core i7 16GB RAM 512GB SSD Quiet Blue,22499.0,16.0,512.0,SSD,Core I7,0,,Intel Core i7,No especificado,No especificado,Intel,14.0,Estandar
Hp,"Laptop HP Stream 14"" Intel N150 4 GB de RAM 112 TB Wi‑Fi 6",12567.0,4.0,1152.0,SSD,Intel N150,0,14.0,No especificado,No especificado,No especificado,Intel,14.0,Estandar
Hp,"Laptop HP Stream 14"" Intel N150 4 GB de RAM 112 TB de almacenamiento",12567.0,4.0,1152.0,SSD,Intel N150,0,14.0,No especificado,No especificado,No especificado,Intel,14.0,Estandar
Hp,"Laptop HP Stream 14"" Intel N150 4GB RAM 1.12 TB Rosa",12567.0,4.0,1152.0,SSD,Intel N150,0,14.0,No especificado,No especificado,No especificado,Intel,14.0,Estandar
Hp,"Laptop HP Stream 14"" HD Intel N150 4 GB 112 TB Wi‑Fi 6",12567.0,4.0,1152.0,SSD,Intel N150,0,14.0,No especificado,No especificado,No especificado,Intel,14.0,Estandar
Asus,"Laptop ASUS 14"" FHD Intel Celeron N4500 4GB 1TB Win11",7956.0,4.0,1024.0,SSD,Celeron,0,14.0,No especificado,No especificado,No especificado,Intel,14.0,Estandar
Asus,"Laptop ASUS VivoBook i3-1315U 8GB 128GB 14"" FHD Win11",11830.0,8.0,128.0,SSD,No especificado,0,14.0,Intel Core i3-1315U,6,13ª Gen (Raptor Lake),Intel,14.0,Estandar
Hp,"Laptop HP 156"" táctil Ryzen 5 8 GB 15 TB SSD Wi‑Fi 6",17109.0,8.0,1536.0,SSD,Ryzen 5,0,,AMD Ryzen 5,No especificado,No especificado,AMD,,Estandar
Hp,"Laptop HP 17t-cn300 de 17.3"" FHD Intel i5-1334U 8 GB 256 GB",13452.0,8.0,256.0,SSD,No especificado,0,17.3,No especificado,No especificado,No especificado,Intel,17.3,Grande
Lenovo,"Laptop Lenovo V15 AMD Ryzen 3 7320U 15.6"" FHD 16 GB 512 GB",16010.0,16.0,512.0,SSD,Ryzen 3,0,15.6,AMD Ryzen 3 7320U,4,Serie 7000 (Zen 2),AMD,15.6,Estandar
Hp,"Laptop HP 14"" Intel N150 Quad-Core 16 GB 384 GB WiFi 6",12446.0,16.0,384.0,SSD,Intel N150,0,14.0,No especificado,No especificado,No especificado,Intel,14.0,Estandar
Hp,"Laptop HP de 14"" Intel N150 16 GB de RAM 256 GB de almacenamiento Windows 11",9198.0,16.0,256.0,SSD,Intel N150,0,14.0,No especificado,No especificado,No especificado,Intel,14.0,Estandar
Hp,"Laptop HP 14"" 16 GB de RAM 256 GB Intel N150 Windows 11",9198.0,16.0,256.0,SSD,Intel N150,0,14.0,No especificado,No especificado,No especificado,Intel,14.0,Estandar
Hp,"Laptop HP 14"" Intel N150 16 GB RAM 128 GB UFS Wi‑Fi 6",10994.0,16.0,128.0,SSD,Intel N150,0,14.0,No especificado,No especificado,No especificado,Intel,14.0,Estandar
Hp,"Laptop HP 14"" Intel N150 16 GB RAM 384 GB Win11 Pro",11160.0,16.0,384.0,SSD,Intel N150,0,14.0,No especificado,No especificado,No especificado,Intel,14.0,Estandar
Hp,"Laptop HP 14"" 16 GB de RAM 128 GB Intel N150 Windows 11",8704.0,16.0,128.0,SSD,Intel N150,0,14.0,No especificado,No especificado,No especificado,Intel,14.0,Estandar
Hp,"Laptop HP 14"" Intel N150 8 GB RAM 128 GB UFS Wi‑Fi 6",9058.0,8.0,128.0,SSD,Intel N150,0,14.0,No especificado,No especificado,No especificado,Intel,14.0,Estandar
Hp,"Laptop HP Slim 14"" Intel Celeron 16 GB RAM 128 GB SSD Rosa",10136.0,16.0,128.0,SSD,Celeron,0,14.0,No especificado,No especificado,No especificado,Intel,14.0,Estandar
Apple,MacBook Neo Apple 8GB RAM 256GB SSD Rosa,14999.0,8.0,256.0,SSD,No especificado,0,,No especificado,No especificado,No especificado,Apple,,Estandar
Apple,MacBook Neo Apple 8GB RAM 256GB SSD Silver,14999.0,8.0,256.0,SSD,No especificado,0,,No especificado,No especificado,No especificado,Apple,,Estandar
Asus,"Laptop ASUS VivoBook 14"" FHD 16GB 512GB Intel i3-1215U",15041.0,16.0,512.0,SSD,No especificado,0,14.0,Intel Core i3-1215U,6,12ª Gen (Alder Lake),Intel,14.0,Estandar
Kinro,"Laptop KINOBUC 15.6"" FHD 32 GB RAM 512 GB SSD Pentium",7737.0,32.0,512.0,SSD,No especificado,0,15.6,No especificado,No especificado,No especificado,Intel,15.6,Estandar
Asus,"Laptop ASUS Vivobook Go 15 15.6"" FHD Intel N150 4GB 128GB",8253.0,4.0,128.0,SSD,Intel N150,0,15.6,No especificado,No especificado,No especificado,Intel,15.6,Estandar
Asus,"Laptop ASUS Vivobook Go 15.6"" FHD Intel i3-N305 8 GB 128 GB",10678.0,8.0,128.0,SSD,No especificado,0,15.6,Intel Core i3-N305,8,Alder Lake-N,Intel,15.6,Estandar
Hp,"Hp Probook 440 G11, Intel Core Ultra 7, Ram 8gb y  512 gb Ssd, color plateado",15599.0,8.0,512.0,SSD,No especificado,0,,No especificado,No especificado,No especificado,Intel,,Estandar
Asus,"Laptop ASUS 14"" FHD Intel Celeron N4500 4GB 64GB Win11",6366.0,4.0,64.0,SSD,Celeron,0,14.0,No especificado,No especificado,No especificado,Intel,14.0,Estandar
Hp,"Laptop HP 255R: Procesador AMD Ryzen 5 7520U, RAM 16GB LPDDR5, SSD de 512GB, Pantalla de 15.6"" LED, Video Radeon Graphics, S.O. Windows 11 Home.",10699.0,16.0,512.0,SSD,Ryzen 5,0,15.6,AMD Ryzen 5 7520U,4,Serie 7000 (Zen 2),AMD,15.6,Estandar
Asus,"Laptop ASUS Vivobook Go 14"" FHD Intel Celeron 4GB 640GB",8071.0,4.0,640.0,SSD,Celeron,0,14.0,No especificado,No especificado,No especificado,Intel,14.0,Estandar
Asus,Laptop ASUS Vivobook Go 14 E410 Intel Celeron 4GB 640GB,8071.0,4.0,640.0,SSD,Celeron,0,,No especificado,No especificado,No especificado,Intel,10.0,Ultraportatil
Asus,"Laptop ASUS Vivobook Go 15.6"" FHD Intel N6000 4 GB 128 GB SSD",6976.0,4.0,128.0,SSD,Intel N6000,0,15.6,No especificado,No especificado,No especificado,Intel,15.6,Estandar
Asus,"Laptop ASUS L410MA 14"" FHD Intel N4020 4 GB 64 GB Win11",7469.0,4.0,64.0,SSD,Intel N4020,0,14.0,No especificado,No especificado,No especificado,Intel,14.0,Estandar
Lenovo,"Notebook Lenovo V15 Intel N150 156"" FHD 16 GB 512 GB SSD",14806.0,16.0,512.0,SSD,Intel N150,0,,No especificado,No especificado,No especificado,Intel,15.0,Estandar
Hp,"Laptop HP 14"" 16 GB RAM 128 GB SSD Intel N150 Windows 11",8211.0,16.0,128.0,SSD,Intel N150,0,14.0,No especificado,No especificado,No especificado,Intel,14.0,Estandar
Hp,"Laptop HP 14"" Intel N150 Quad-Core 4GB 192GB WiFi 6",7804.0,4.0,192.0,SSD,Intel N150,0,14.0,No especificado,No especificado,No especificado,Intel,14.0,Estandar
Hp,"Laptop HP de 14"" Intel Pentium 16 GB 128 GB SSD Windows 11",10186.0,16.0,128.0,SSD,No especificado,0,14.0,No especificado,No especificado,No especificado,Intel,14.0,Estandar
Lenovo,"Laptop Lenovo V15 156"" FHD Intel N150 16 GB 512 GB SSD",14806.0,16.0,512.0,SSD,Intel N150,0,,No especificado,No especificado,No especificado,Intel,16.0,Grande
Hp,"Notebook HP 14"" táctil Intel N150 4GB 128GB SSD con Microsoft 365",7717.0,4.0,128.0,SSD,Intel N150,0,14.0,No especificado,No especificado,No especificado,Intel,14.0,Estandar
Asus,"Laptop ASUS Vivobook 14"" FHD Intel i3-1315U 8GB 512GB SSD",14750.0,8.0,512.0,SSD,No especificado,0,14.0,Intel Core i3-1315U,6,13ª Gen (Raptor Lake),Intel,14.0,Estandar
Hp,"Laptop HP 14"" 16 GB de RAM 256 GB Intel N150 Windows 11",9692.0,16.0,256.0,SSD,Intel N150,0,14.0,No especificado,No especificado,No especificado,Intel,14.0,Estandar
Apple,Reacondicionado Ordenador portátil Apple MacBook Pro de finales de 2019 15.4 pulgadas Intel i9 32 GB 512 GB,17283.0,32.0,512.0,SSD,No especificado,0,15.4,No especificado,No especificado,No especificado,Intel,15.4,Estandar
Dell,"Laptop Dell Inspiron 15.6"" FHD táctil i5 8 GB 768 GB Win11",14615.0,8.0,768.0,SSD,No especificado,0,15.6,No especificado,No especificado,No especificado,Intel,15.6,Estandar
Asus,"Laptop ASUS Vivobook 14"" FHD Intel Core i5 12GB 256GB SSD",15116.0,12.0,256.0,SSD,Core I5,0,14.0,Intel Core i5,No especificado,No especificado,Intel,14.0,Estandar
Hp,Laptop HP 15 AMD Ryzen 7 8 GB de RAM 256 GB SSD HD Windows 10,10520.0,8.0,256.0,SSD,Ryzen 7,0,,No especificado,No especificado,No especificado,AMD,,Estandar
Hp,"Laptop HP 14"" Intel N150 16 GB RAM 256 GB rosa Win11",11231.0,16.0,256.0,SSD,Intel N150,0,14.0,No especificado,No especificado,No especificado,Intel,14.0,Estandar
Hp,Laptop HP 14 Intel Celeron N4500 8 GB 256 GB eMMC Win11,9580.0,8.0,256.0,SSD,Celeron,0,,No especificado,No especificado,No especificado,Intel,14.0,Estandar
Hp,"Laptop HP 156"" con pantalla táctil i3-1215U 8 GB 256 GB SSD",13067.0,8.0,256.0,SSD,No especificado,0,,Intel Core i3-1215U,6,12ª Gen (Alder Lake),Intel,,Estandar
Hp,"Laptop HP 156"" FHD Intel i3 13.ª gen. 8 GB 128 GB SSD",10211.0,8.0,128.0,SSD,No especificado,0,,No especificado,No especificado,No especificado,Intel,,Estandar
Hp,"Laptop HP 156"" N200 16 GB RAM 128 GB SSD Win11",11093.0,16.0,128.0,SSD,No especificado,0,,Intel Processor N200,4,Alder Lake-N,Intel,16.0,Grande
Hp,"Laptop HP 14"" Intel N150 8 GB de RAM 256 GB SSD Windows 11",9496.0,8.0,256.0,SSD,Intel N150,0,14.0,No especificado,No especificado,No especificado,Intel,14.0,Estandar
Hp,"Laptop HP 15.6"" FHD Ryzen 5 8 GB 256 GB SSD Radeon",12607.0,8.0,256.0,SSD,Ryzen 5,0,15.6,AMD Ryzen 5,No especificado,No especificado,AMD,15.6,Estandar
Hp,"Laptop HP Stream 14"" HD Intel N150 4 GB RAM 112 TB",12567.0,4.0,1152.0,SSD,Intel N150,0,14.0,No especificado,No especificado,No especificado,Intel,14.0,Estandar
Asus,"Laptop ASUS VivoBook 14"" FHD i3-1215U 4GB 128GB SSD",10186.0,4.0,128.0,SSD,No especificado,0,14.0,Intel Core i3-1215U,6,12ª Gen (Alder Lake),Intel,14.0,Estandar
Lenovo,"Laptop Lenovo V14 G4 AMN: Procesador AMD Ryzen 5 7520U, Memoria 16GB LPDDR5, SSD de 512GB, Pantalla de 14"" LED, Video Radeon 610M, Windows 11 Home.",11539.0,16.0,512.0,SSD,Ryzen 5,0,14.0,AMD Ryzen 5 7520U,4,Serie 7000 (Zen 2),AMD,14.0,Estandar
Dell,Laptop Dell Inspiron LDC15250 Core i5 8GB 512GB SSD Negra,11499.0,8.0,512.0,SSD,Core I5,0,,Intel Core i5,No especificado,No especificado,Intel,,Estandar
Asus,"Notebook ASUS L410 14"" FHD Intel Celeron 4GB 128GB",5741.0,4.0,128.0,SSD,Celeron,0,14.0,No especificado,No especificado,No especificado,Intel,14.0,Estandar
Hp,"Laptop HP 15.6"" 15-dy2792wm Intel i3 8 GB 256 GB SSD",8041.0,8.0,256.0,SSD,No especificado,0,15.6,No especificado,No especificado,No especificado,Intel,15.6,Estandar
Asus,"Laptop ASUS Vivobook 14"" FHD Intel i3-1315U 8GB 128GB SSD",13079.0,8.0,128.0,SSD,No especificado,0,14.0,Intel Core i3-1315U,6,13ª Gen (Raptor Lake),Intel,14.0,Estandar
Hp,"Laptop HP 14"" HD Intel N150 8 GB RAM 128 GB SSD Verde",8976.0,8.0,128.0,SSD,Intel N150,0,14.0,No especificado,No especificado,No especificado,Intel,14.0,Estandar
Asus,"Laptop ASUS Vivobook Go 14"" FHD Intel Pentium N6000 4GB 64GB",5765.0,4.0,64.0,SSD,No especificado,0,14.0,No especificado,No especificado,No especificado,Intel,14.0,Estandar
Ist computers,"Laptop HP 14"" Intel Celeron N4500 4 GB 192 GB",7000.0,4.0,192.0,SSD,Celeron,0,14.0,No especificado,No especificado,No especificado,Intel,14.0,Estandar
Asus,"Laptop ASUS C423NA 14"" HD Intel N3350 4 GB 64 GB Chrome OS",5370.0,4.0,64.0,SSD,Intel N3350,0,14.0,No especificado,No especificado,No especificado,Intel,14.0,Estandar
Asus,"Laptop ASUS C425TA 14"" FHD táctil Intel Core m3 4 GB 128 GB",6926.0,4.0,128.0,SSD,No especificado,0,14.0,Apple M3,8,Apple Silicon (3ª Gen),Apple,14.0,Estandar
Hp,"Laptop HP 156"" Intel Pentium 8 GB 384 GB Windows 11",10428.0,8.0,384.0,SSD,No especificado,0,,No especificado,No especificado,No especificado,Intel,,Estandar
Ist computers,Laptop HP 15 con pantalla táctil i5 8 GB 512 GB SSD,13503.0,8.0,512.0,SSD,No especificado,0,,No especificado,No especificado,No especificado,Intel,,Estandar
Asus,"Laptop ASUS Vivobook Go 15.6"" Ryzen 3 8GB 128GB SSD",10705.0,8.0,128.0,SSD,Ryzen 3,0,15.6,AMD Ryzen 3,No especificado,No especificado,AMD,15.6,Estandar
Hp,"Laptop HP 14"" Intel Celeron 8 GB RAM 1600 GB Windows 11",10694.0,8.0,1600.0,SSD,Celeron,0,14.0,No especificado,No especificado,No especificado,Intel,14.0,Estandar
Hp,"Laptop HP 14"" Intel Celeron 16 GB RAM 1600 GB Windows 11",10779.0,16.0,1600.0,SSD,Celeron,0,14.0,No especificado,No especificado,No especificado,Intel,14.0,Estandar
Hp,"HP LAPTOP 255 G10 (AL2R3AT) 15.5"" RYZEN 5 8GB 512GB SSD W11 GRIS",9599.0,8.0,512.0,SSD,Ryzen 5,0,15.5,AMD Ryzen 5,No especificado,No especificado,AMD,15.5,Estandar
Hp,"Laptop HP ultradelgada de 14"" Intel N150 16 GB 384 GB Windows 11",9922.0,16.0,384.0,SSD,Intel N150,0,14.0,No especificado,No especificado,No especificado,Intel,14.0,Estandar
Hp,"Laptop HP 156"" FHD táctil Intel i3 8 GB 512 GB SSD Win11",10729.0,8.0,512.0,SSD,No especificado,0,,No especificado,No especificado,No especificado,Intel,,Estandar
Hp,"Laptop HP Intel N150 de 14"" con 16 GB de RAM y 128 GB SSD color oro rosa",9224.0,16.0,128.0,SSD,Intel N150,0,14.0,No especificado,No especificado,No especificado,Intel,14.0,Estandar
Hp,"Laptop HP Stream 14"" Intel N150 8GB 128GB Rosa",8582.0,8.0,128.0,SSD,Intel N150,0,14.0,No especificado,No especificado,No especificado,Intel,14.0,Estandar
Hp,"Laptop HP N150 Intel 14"" LED 8 GB RAM 256 GB Windows 11",9483.0,8.0,256.0,SSD,No especificado,0,14.0,No especificado,No especificado,No especificado,Intel,14.0,Estandar
Nido,"Laptop NIMO N156 i5-12450H 15.6"" FHD 8GB 256GB SSD",14622.0,8.0,256.0,SSD,No especificado,0,15.6,Intel Core i5-12450H,8,12ª Gen (Alder Lake),Intel,15.6,Estandar
Hp,"Laptop HP Stream 14"" HD Intel N150 4 GB RAM 288 GB SSD",8908.0,4.0,288.0,SSD,Intel N150,0,14.0,No especificado,No especificado,No especificado,Intel,14.0,Estandar
Hp,"Notebook HP Stream 14"" HD Intel N150 4GB 288GB Win11",9012.0,4.0,288.0,SSD,Intel N150,0,14.0,No especificado,No especificado,No especificado,Intel,14.0,Estandar
Hp,"Laptop HP 156"" HD Intel N200 16 GB RAM 128 GB Wi‑Fi 6",11447.0,16.0,128.0,SSD,Intel N200,0,,Intel Processor N200,4,Alder Lake-N,Intel,16.0,Grande
Hp,"Notebook HP 156"" táctil Intel i3 6 núcleos 8 GB 256 GB SSD Win11",12232.0,8.0,256.0,SSD,No especificado,0,,No especificado,No especificado,No especificado,Intel,,Estandar
Hp,"Laptop HP 14"" Intel N150 4 GB RAM 128 GB SSD Win11",8764.0,4.0,128.0,SSD,Intel N150,0,14.0,No especificado,No especificado,No especificado,Intel,14.0,Estandar
Asus,"Laptop ASUS 14"" FHD Intel Celeron N4500 4GB 64GB Win11",5843.0,4.0,64.0,SSD,Celeron,0,14.0,No especificado,No especificado,No especificado,Intel,14.0,Estandar
Hp,"Laptop HP 156"" N200 Quad-Core 8 GB 128 GB Wi‑Fi 6",10212.0,8.0,128.0,SSD,Core 8,0,,Intel Processor N200,4,Alder Lake-N,Intel,,Estandar
Hp,"Laptop HP 14"" Intel Celeron 4GB RAM 1600GB Windows 11",10453.0,4.0,1600.0,SSD,Celeron,0,14.0,No especificado,No especificado,No especificado,Intel,14.0,Estandar
Hp,"Laptop HP 14"" Intel N150 8GB RAM 128GB Windows 11",8729.0,8.0,128.0,SSD,Intel N150,0,14.0,No especificado,No especificado,No especificado,Intel,14.0,Estandar
Hp,"Laptop HP 14"" HD Intel N150 16 GB RAM 112 TB de almacenamiento",10137.0,16.0,1152.0,SSD,Intel N150,0,14.0,No especificado,No especificado,No especificado,Intel,14.0,Estandar
Hp,"Laptop HP de 14"" HD Intel N150 16 GB de RAM 112 TB de almacenamiento",10137.0,16.0,1152.0,SSD,Intel N150,0,14.0,No especificado,No especificado,No especificado,Intel,14.0,Estandar
Asus,"Laptop ASUS Vivobook 14"" FHD Intel i3-1315U 16GB 512GB SSD",15976.0,16.0,512.0,SSD,No especificado,0,14.0,Intel Core i3-1315U,6,13ª Gen (Raptor Lake),Intel,14.0,Estandar
Hp,"Laptop HP Stream 14"" Intel N150 4 GB RAM 288 GB de almacenamiento",8908.0,4.0,288.0,SSD,Intel N150,0,14.0,No especificado,No especificado,No especificado,Intel,14.0,Estandar
Hp,"Laptop HP Stream 14"" Intel N150 4GB RAM 288GB Rosa",8908.0,4.0,288.0,SSD,Intel N150,0,14.0,No especificado,No especificado,No especificado,Intel,14.0,Estandar
Hp,"Laptop HP 14"" HD Intel N150 16 GB RAM 112 TB de almacenamiento",9645.0,16.0,1152.0,SSD,Intel N150,0,14.0,No especificado,No especificado,No especificado,Intel,14.0,Estandar
Hp,"Laptop HP 14"" HD Intel N150 16 GB RAM 112 TB Wi‑Fi 6",10629.0,16.0,1152.0,SSD,Intel N150,0,14.0,No especificado,No especificado,No especificado,Intel,14.0,Estandar
Hp,"Laptop HP de 14"" Intel N150 16 GB de RAM 256 GB Windows 11",10212.0,16.0,256.0,SSD,Intel N150,0,14.0,No especificado,No especificado,No especificado,Intel,14.0,Estandar
Hp,"Notebook HP 14"" HD Intel N150 16 GB de RAM 112 TB de almacenamiento",9645.0,16.0,1152.0,SSD,Intel N150,0,14.0,No especificado,No especificado,No especificado,Intel,14.0,Estandar
Hp,"Laptop HP 14"" Intel N150 8 GB de RAM 128 GB Windows 11",8236.0,8.0,128.0,SSD,Intel N150,0,14.0,No especificado,No especificado,No especificado,Intel,14.0,Estandar
Hp,"Laptop HP N150 Intel 14"" HD 8 GB de RAM 128 GB SSD Win11",8236.0,8.0,128.0,SSD,No especificado,0,14.0,No especificado,No especificado,No especificado,Intel,14.0,Estandar
Lenovo,"Portátil Lenovo IdeaPad 1i de 14"" 20 GB de RAM 512 GB SSD Intel",10959.0,20.0,512.0,SSD,No especificado,0,14.0,No especificado,No especificado,No especificado,Intel,14.0,Estandar
Hp,"Laptop HP AMD Athlon 14"" 8 GB RAM 128 GB SSD Windows 11",9754.0,8.0,128.0,SSD,Athlon,0,14.0,No especificado,No especificado,No especificado,AMD,14.0,Estandar
Hp,"Laptop HP Intel N4500 8GB RAM 128GB SSD 14"" Chrome Flex",10149.0,8.0,128.0,SSD,Intel N4500,0,14.0,No especificado,No especificado,No especificado,Intel,14.0,Estandar
Acer,"Laptop Acer Aspire 3 Intel Core i3 16 GB 256 GB SSD 156""",14533.0,16.0,256.0,SSD,Core I3,0,,Intel Core i3,No especificado,No especificado,Intel,16.0,Grande
Hp,"Laptop HP Essential 14"" HD Intel Celeron 8 GB 128 GB",7824.0,8.0,128.0,SSD,Celeron,0,14.0,No especificado,No especificado,No especificado,Intel,14.0,Estandar
Hp,"Notebook HP 14"" Intel N4500 16 GB RAM 628 GB Windows 11 Pro Rose Gold",9632.0,16.0,628.0,SSD,Intel N4500,0,14.0,No especificado,No especificado,No especificado,Intel,14.0,Estandar
Lenovo,"Notebook Lenovo IdeaPad 1 15.6"" FHD Ryzen 3 8GB 256GB SSD",11704.0,8.0,256.0,SSD,Ryzen 3,0,15.6,AMD Ryzen 3,No especificado,No especificado,AMD,15.6,Estandar
Asus,"Laptop ASUS L510 15.6"" FHD Intel Pentium 4 GB 128 GB",6128.0,4.0,128.0,SSD,No especificado,0,15.6,No especificado,No especificado,No especificado,Intel,15.6,Estandar
Hp,"Laptop HP 14"" Intel N150 8 GB RAM 256 GB SSD Win11",9198.0,8.0,256.0,SSD,Intel N150,0,14.0,No especificado,No especificado,No especificado,Intel,14.0,Estandar
Asus,"Notebook ASUS L510MA 156"" FHD Intel Celeron 4 GB 64 GB",5902.0,4.0,64.0,SSD,Celeron,0,,No especificado,No especificado,No especificado,Intel,,Estandar
Hp,"Laptop HP 14"" Intel N150 8 GB de RAM 128 GB SSD Windows 11",8500.0,8.0,128.0,SSD,Intel N150,0,14.0,No especificado,No especificado,No especificado,Intel,14.0,Estandar
Hp,"Notebook HP Elite c640 14"" FHD Intel i5 8 GB 416 GB Chrome OS",11366.0,8.0,416.0,SSD,No especificado,0,14.0,No especificado,No especificado,No especificado,Intel,14.0,Estandar
Hp,"Laptop HP 2025 de 14"" Intel N150 16 GB de RAM 384 GB Wi‑Fi 6",10127.0,16.0,384.0,SSD,Intel N150,0,14.0,No especificado,No especificado,No especificado,Intel,14.0,Estandar
Hp,"Laptop HP 15.6"" Intel N200 8 GB de RAM 128 GB SSD Windows 11",12656.0,8.0,128.0,SSD,Intel N200,0,15.6,Intel Processor N200,4,Alder Lake-N,Intel,15.6,Estandar
Hp,"Laptop HP de 14"" Intel N150 16 GB de RAM 256 GB de almacenamiento Windows 11",9692.0,16.0,256.0,SSD,Intel N150,0,14.0,No especificado,No especificado,No especificado,Intel,14.0,Estandar
Asus,"ASUS Chromebook 14"" FHD táctil con lápiz i5 8 GB 128 GB SSD",12814.0,8.0,128.0,SSD,No especificado,0,14.0,No especificado,No especificado,No especificado,Intel,14.0,Estandar
Hp,"Notebook HP Pavilion 156"" Intel N100 8 GB 256 GB SSD Win11",10717.0,8.0,256.0,SSD,Intel N100,0,,Intel Processor N100,4,Alder Lake-N,Intel,,Estandar
Asus,"Laptop ASUS Vivobook Go 14"" Intel Celeron 4GB 128GB SSD",7507.0,4.0,128.0,SSD,Celeron,0,14.0,No especificado,No especificado,No especificado,Intel,14.0,Estandar
Asus,"Laptop ASUS Vivobook Go 15 15.6"" FHD Intel N150 8GB 128GB",8347.0,8.0,128.0,SSD,Intel N150,0,15.6,No especificado,No especificado,No especificado,Intel,15.6,Estandar
Hp,"Notebook HP 14"" 2026 Intel N150 4 GB de RAM 628 GB SSD Win11",6951.0,4.0,628.0,SSD,Intel N150,0,14.0,No especificado,No especificado,No especificado,Intel,14.0,Estandar
Hp,"Laptop HP 14"" Rose Gold Intel N150 4 GB de RAM 628 GB SSD",6951.0,4.0,628.0,SSD,Intel N150,0,14.0,No especificado,No especificado,No especificado,Intel,14.0,Estandar
Hp,"Laptop HP 14"" 4 núcleos Intel N150 4 GB DDR5 628 GB Windows 11 Pro",7663.0,4.0,628.0,SSD,Intel N150,0,14.0,No especificado,No especificado,No especificado,Intel,14.0,Estandar
Hp,"Laptop HP 14"" Intel N4500 16 GB RAM 628 GB Win11 Pro",9632.0,16.0,628.0,SSD,Intel N4500,0,14.0,No especificado,No especificado,No especificado,Intel,14.0,Estandar
Hp,"Laptop HP 14"" Intel N150 4 GB DDR5 628 GB Windows 11 Pro",7663.0,4.0,628.0,SSD,Intel N150,0,14.0,No especificado,No especificado,No especificado,Intel,14.0,Estandar
Hp,"Laptop HP 14"" Ultrabook Intel N4500 8GB 628GB Win11 Pro",8648.0,8.0,628.0,SSD,Intel N4500,0,14.0,No especificado,No especificado,No especificado,Intel,14.0,Estandar
Hp,"Notebook HP 14"" Intel N150 4 GB DDR5 628 GB Win11 Pro azul cielo",7663.0,4.0,628.0,SSD,Intel N150,0,14.0,No especificado,No especificado,No especificado,Intel,14.0,Estandar
Hp,"Laptop HP 14"" Intel N150 4GB DDR5 628GB Win11 Pro",7663.0,4.0,628.0,SSD,Intel N150,0,14.0,No especificado,No especificado,No especificado,Intel,14.0,Estandar
Hp,"Laptop HP 14"" Intel N150 32 GB RAM 640 GB de almacenamiento",12252.0,32.0,640.0,SSD,Intel N150,0,14.0,No especificado,No especificado,No especificado,Intel,14.0,Estandar
Asus,"Laptop ASUS Vivobook Go 14"" FHD Intel Celeron 4GB 288GB",8459.0,4.0,288.0,SSD,Celeron,0,14.0,No especificado,No especificado,No especificado,Intel,14.0,Estandar
Lenovo,"Laptop Lenovo 13s G2 13.3"", Core i5-11a 8GB 256GB SSD, Reacondicionado",7499.0,8.0,256.0,SSD,Core I5,0,13.3,Intel Core i5,No especificado,No especificado,Intel,13.3,Ultraportatil
Hp,"Notebook HP 14"" Intel N4020 8 GB RAM 128 GB SSD Windows 11",8235.0,8.0,128.0,SSD,Intel N4020,0,14.0,No especificado,No especificado,No especificado,Intel,14.0,Estandar
Hp,"Laptop HP 2025 14"" Intel N150 16 GB de RAM 384 GB Wi‑Fi 6",9690.0,16.0,384.0,SSD,Intel N150,0,14.0,No especificado,No especificado,No especificado,Intel,14.0,Estandar
Hp,"Notebook HP i3-1215U 156"" FHD 16 GB 512 GB SSD Wi‑Fi 6",13634.0,16.0,512.0,SSD,No especificado,0,,Intel Core i3-1215U,6,12ª Gen (Alder Lake),Intel,16.0,Grande
Hp,"Laptop HP 156"" Intel N200 4 GB RAM 128 GB SSD Windows 11",12569.0,4.0,128.0,SSD,Intel N200,0,,Intel Processor N200,4,Alder Lake-N,Intel,,Estandar
Hp,"Laptop HP 14"" Intel N150 16 GB RAM 128 GB SSD WiFi 6",10047.0,16.0,128.0,SSD,Intel N150,0,14.0,No especificado,No especificado,No especificado,Intel,14.0,Estandar
Hp,"Laptop HP Stream 14"" Intel N150 8 GB 288 GB Wi‑Fi 6",8737.0,8.0,288.0,SSD,Intel N150,0,14.0,No especificado,No especificado,No especificado,Intel,14.0,Estandar
Lenovo,"Laptop Lenovo IdeaPad i5-1335U 15.6"" FHD táctil 8GB 256GB",13567.0,8.0,256.0,SSD,No especificado,0,15.6,Intel Core i5-1335U,10,13ª Gen (Raptor Lake),Intel,15.6,Estandar
Hp,"Laptop HP 14"" Intel Quad-Core 4GB 628GB Win11 Pro",7663.0,4.0,628.0,SSD,Core 4,0,14.0,No especificado,No especificado,No especificado,Intel,14.0,Estandar
Hp,"Laptop HP 14"" Rose Gold Intel Quad-Core 4GB 628GB Win11",7663.0,4.0,628.0,SSD,Core 4,0,14.0,No especificado,No especificado,No especificado,Intel,14.0,Estandar
Hp,"Laptop HP 14"" Intel N150 16GB RAM 256GB Windows 11",9692.0,16.0,256.0,SSD,Intel N150,0,14.0,No especificado,No especificado,No especificado,Intel,14.0,Estandar
Hp,"Laptop HP 156"" Intel N200 8 GB 128 GB Wi‑Fi 6 Plateado",10212.0,8.0,128.0,SSD,Intel N200,0,,Intel Processor N200,4,Alder Lake-N,Intel,,Estandar
Hp,"Laptop HP de 156"" N200 16 GB de RAM 128 GB SSD Wi‑Fi 6 Windows 11",11447.0,16.0,128.0,SSD,No especificado,0,,Intel Processor N200,4,Alder Lake-N,Intel,16.0,Grande
Hp,"Laptop HP 15.6"" FHD Ryzen 5 8 GB 512 GB Windows 11 Pro",12320.0,8.0,512.0,SSD,Ryzen 5,0,15.6,AMD Ryzen 5,No especificado,No especificado,AMD,15.6,Estandar
Hp,"Laptop HP 156"" Intel N200 8 GB RAM 128 GB Wi‑Fi 6",10212.0,8.0,128.0,SSD,Intel N200,0,,Intel Processor N200,4,Alder Lake-N,Intel,,Estandar
Hp,"Laptop HP 14"" ultradelgada Intel N150 8 GB 128 GB SSD",8466.0,8.0,128.0,SSD,Intel N150,0,14.0,No especificado,No especificado,No especificado,Intel,14.0,Estandar
Lenovo,"Laptop Lenovo V15 15.6"" FHD Intel N150 16GB DDR5 256GB SSD",13600.0,16.0,256.0,SSD,Intel N150,0,15.6,No especificado,No especificado,No especificado,Intel,15.6,Estandar
Lenovo,"Laptop Lenovo V15 15.6"" FHD Intel N150 8GB DDR5 512GB SSD",12693.0,8.0,512.0,SSD,Intel N150,0,15.6,No especificado,No especificado,No especificado,Intel,15.6,Estandar
Lenovo,"Laptop Lenovo Ideapad 1 156"" FHD Ryzen 5 8GB 256GB SSD",13675.0,8.0,256.0,SSD,Ryzen 5,0,,AMD Ryzen 5,No especificado,No especificado,AMD,,Estandar
Lenovo,"Laptop Lenovo V15 AMD Ryzen 3 7320U 15.6"" FHD 16 GB 256 GB",14745.0,16.0,256.0,SSD,Ryzen 3,0,15.6,AMD Ryzen 3 7320U,4,Serie 7000 (Zen 2),AMD,15.6,Estandar
Lenovo,"Notebook Lenovo IdeaPad 1 Intel N4200 4 GB 128 GB 14"" Gris",8976.0,4.0,128.0,SSD,Intel N4200,0,14.0,No especificado,No especificado,No especificado,Intel,14.0,Estandar
Lenovo,"Laptop Lenovo IdeaPad 1 Intel N4200 8 GB 256 GB SSD 14""",10210.0,8.0,256.0,SSD,Intel N4200,0,14.0,No especificado,No especificado,No especificado,Intel,14.0,Estandar
Lenovo,"Notebook Lenovo V15 156"" FHD Intel N150 8 GB DDR5 256 GB SSD",11458.0,8.0,256.0,SSD,Intel N150,0,,No especificado,No especificado,No especificado,Intel,,Estandar
Hp,"Laptop HP 14"" FHD Ryzen 3-3250 4GB 128GB SSD Win11",5899.0,4.0,128.0,SSD,Ryzen 3,0,14.0,AMD Ryzen 3,No especificado,No especificado,AMD,14.0,Estandar
Hp,"Notebook HP 14"" HD Intel Celeron N4120 8 GB 128 GB eMMC",7059.0,8.0,128.0,SSD,Celeron,0,14.0,No especificado,No especificado,No especificado,Intel,14.0,Estandar
Lenovo,"Laptop Lenovo Chromebook 3 11.6"" HD AMD A6 4GB 32GB",5244.0,4.0,32.0,SSD,No especificado,0,11.6,No especificado,No especificado,No especificado,AMD,11.6,Ultraportatil
Hp,"Laptop HP 156"" HD Intel N200 16 GB RAM 128 GB Win11",11447.0,16.0,128.0,SSD,Intel N200,0,,Intel Processor N200,4,Alder Lake-N,Intel,16.0,Grande
Hp,"Laptop HP Chromebook 14"" Intel N200 4 GB 640 GB ChromeOS",9307.0,4.0,640.0,SSD,Intel N200,0,14.0,Intel Processor N200,4,Alder Lake-N,Intel,14.0,Estandar
Hp,"Laptop HP de 15.6"" FHD i5-1235U 8 GB 256 GB SSD Iris Xe",12637.0,8.0,256.0,SSD,No especificado,0,15.6,Intel Core i5-1235U,10,12ª Gen (Alder Lake),Intel,15.6,Estandar
Hp,"Laptop HP 14"" Intel N150 16 GB RAM 128 GB SSD Rose Gold",10168.0,16.0,128.0,SSD,Intel N150,0,14.0,No especificado,No especificado,No especificado,Intel,14.0,Estandar
Hp,"Laptop HP 14"" 2025 Intel N150 8 GB RAM 128 GB SSD Win11",8544.0,8.0,128.0,SSD,Intel N150,0,14.0,No especificado,No especificado,No especificado,Intel,14.0,Estandar
Hp,"Laptop HP 14"" Intel N150 Quad-Core 8GB RAM 128GB UFS",8741.0,8.0,128.0,SSD,Intel N150,0,14.0,No especificado,No especificado,No especificado,Intel,14.0,Estandar
Hp,"Laptop HP 14"" Intel N150 Quad-Core 4GB RAM 192GB Win11",7752.0,4.0,192.0,SSD,Intel N150,0,14.0,No especificado,No especificado,No especificado,Intel,14.0,Estandar
Hp,"Laptop HP 14"" Intel N150 Quad-Core 4GB 128GB Wi‑Fi 6",7730.0,4.0,128.0,SSD,Intel N150,0,14.0,No especificado,No especificado,No especificado,Intel,14.0,Estandar
Hp,"Laptop HP de 14"" HD Intel N150 4 GB 128 GB Windows 11",7741.0,4.0,128.0,SSD,Intel N150,0,14.0,No especificado,No especificado,No especificado,Intel,14.0,Estandar
Hp,"Laptop HP Stream 14"" Intel N150 4 GB de RAM 112 TB Windows 11",7925.0,4.0,1152.0,SSD,Intel N150,0,14.0,No especificado,No especificado,No especificado,Intel,14.0,Estandar
Hp,"Laptop HP 14"" HD 4 GB de RAM 128 GB UFS Intel N150 Win11",8976.0,4.0,128.0,SSD,Intel N150,0,14.0,No especificado,No especificado,No especificado,Intel,14.0,Estandar
Hp,"Laptop HP Stream 14"" Intel N150 4GB 112 TB Windows 11 S",7925.0,4.0,1152.0,SSD,Intel N150,0,14.0,No especificado,No especificado,No especificado,Intel,14.0,Estandar
Hp,"Laptop HP Stream 14"" HD Intel N150 4 GB 112 TB Wi‑Fi 6",7925.0,4.0,1152.0,SSD,Intel N150,0,14.0,No especificado,No especificado,No especificado,Intel,14.0,Estandar
Hp,"Laptop HP 14"" Intel N150 8 GB RAM 128 GB UFS Wi‑Fi 6",8574.0,8.0,128.0,SSD,Intel N150,0,14.0,No especificado,No especificado,No especificado,Intel,14.0,Estandar
Hp,"Notebook HP 14"" Intel N150 4GB 128GB Wi‑Fi 6 Rose Gold",7507.0,4.0,128.0,SSD,Intel N150,0,14.0,No especificado,No especificado,No especificado,Intel,14.0,Estandar
Hp,"Laptop HP de 14"" Intel N150 4 GB de RAM 192 GB Windows 11 Pro",7605.0,4.0,192.0,SSD,Intel N150,0,14.0,No especificado,No especificado,No especificado,Intel,14.0,Estandar
Hp,"Laptop HP Flagship 14"" HD Intel N150 4GB 1.12TB Wi‑Fi",8908.0,4.0,1152.0,SSD,Intel N150,0,14.0,No especificado,No especificado,No especificado,Intel,14.0,Estandar
Hp,"Laptop HP 14"" Intel N150 Quad-Core 4GB RAM 128GB UFS",7148.0,4.0,128.0,SSD,Intel N150,0,14.0,No especificado,No especificado,No especificado,Intel,14.0,Estandar
Hp,"Laptop HP de 14"" HD Intel Celeron 16 GB de RAM 128 GB SSD",10211.0,16.0,128.0,SSD,Celeron,0,14.0,No especificado,No especificado,No especificado,Intel,14.0,Estandar
Hp,"Laptop HP 156"" FHD i5-1135G7 8 GB 256 GB SSD Win11 Pro",15910.0,8.0,256.0,SSD,No especificado,0,,Intel Core i5-1135G7,4,11ª Gen (Tiger Lake),Intel,,Estandar
Lenovo,"Laptop Lenovo V15 Intel N150 16GB DDR5 256GB SSD 156"" FHD",13600.0,16.0,256.0,SSD,Intel N150,0,,No especificado,No especificado,No especificado,Intel,15.0,Estandar
Hp,Laptop HP 14 Elite Intel Multi-Core 4 GB RAM 112 TB,7442.0,4.0,1152.0,SSD,Core 4,0,,No especificado,No especificado,No especificado,Intel,14.0,Estandar
Hp,"Notebook HP 14"" HD Intel Celeron N4120 4GB 256GB Win11",6272.0,4.0,256.0,SSD,Celeron,0,14.0,No especificado,No especificado,No especificado,Intel,14.0,Estandar
Lenovo,"Laptop Lenovo V15 Intel N150 8GB DDR5 256GB SSD 156"" FHD",11458.0,8.0,256.0,SSD,Intel N150,0,,No especificado,No especificado,No especificado,Intel,15.0,Estandar
Hp,"Laptop HP 17.3"" Ryzen 5 7430U 8GB 256GB SSD FHD",14806.0,8.0,256.0,SSD,Ryzen 5,0,17.3,AMD Ryzen 5,No especificado,No especificado,AMD,17.3,Grande
Lenovo,"Laptop Lenovo V15 Intel N150 8GB DDR5 512GB SSD 156"" FHD",12693.0,8.0,512.0,SSD,Intel N150,0,,No especificado,No especificado,No especificado,Intel,15.0,Estandar
Hp,"Laptop HP Stream 14"" Intel Celeron N4120 4 GB 1 TB",7158.0,4.0,1024.0,SSD,Celeron,0,14.0,No especificado,No especificado,No especificado,Intel,14.0,Estandar
Hp,"Laptop HP 14"" ultradelgada Intel N150 16 GB 128 GB SSD",9965.0,16.0,128.0,SSD,Intel N150,0,14.0,No especificado,No especificado,No especificado,Intel,14.0,Estandar
Hp,"Laptop HP de 14"" 16 GB de RAM 512 GB SSD Intel Pentium Win11",9222.0,16.0,512.0,SSD,No especificado,0,14.0,No especificado,No especificado,No especificado,Intel,14.0,Estandar
Hp,Laptop HP 14 Intel Celeron 8 GB RAM 192 GB Windows 11 Rose Gold,8474.0,8.0,192.0,SSD,Celeron,0,,No especificado,No especificado,No especificado,Intel,14.0,Estandar
Hp,"Laptop HP de 14"" FHD Pentium Silver N5000 4 GB de RAM 224 GB",7407.0,4.0,224.0,SSD,No especificado,0,14.0,No especificado,No especificado,No especificado,Intel,14.0,Estandar
Hp,"Laptop HP Chromebook 15.6"" N200 8 GB DDR5 128 GB Chrome OS",10071.0,8.0,128.0,SSD,No especificado,0,15.6,Intel Processor N200,4,Alder Lake-N,Intel,15.6,Estandar
Hp,"HP Laptop 14"" HD 16 GB de RAM 128 GB UFS Intel N150 Windows 11",10211.0,16.0,128.0,SSD,Intel N150,0,14.0,No especificado,No especificado,No especificado,Intel,14.0,Estandar
Hp,Laptop HP 14 Intel N150 4 GB RAM 128 GB Win11 Office 365,6280.0,4.0,128.0,SSD,Intel N150,0,,No especificado,No especificado,No especificado,Intel,14.0,Estandar
Hp,"Laptop HP 14"" Intel N150 4 GB de RAM 128 GB Flash Rosa",7458.0,4.0,128.0,SSD,Intel N150,0,14.0,No especificado,No especificado,No especificado,Intel,14.0,Estandar
Hp,"Laptop HP Stream 14"" Intel N150 16 GB de RAM 112 TB SSD",10137.0,16.0,1152.0,SSD,Intel N150,0,14.0,No especificado,No especificado,No especificado,Intel,14.0,Estandar
Hp,"Notebook HP Ultrabook 14"" Intel N4500 8GB 64GB SSD Win11",10248.0,8.0,64.0,SSD,Intel N4500,0,14.0,No especificado,No especificado,No especificado,Intel,14.0,Estandar
Hp,"Laptop HP 14"" Intel de 4 núcleos 16 GB de RAM 64 GB eMMC Windows 11",7988.0,16.0,64.0,SSD,No especificado,0,14.0,No especificado,No especificado,No especificado,Intel,14.0,Estandar
Hp,"Laptop HP 15.6"" con pantalla táctil i3-1215U 8 GB 256 GB SSD",15910.0,8.0,256.0,SSD,No especificado,0,15.6,Intel Core i3-1215U,6,12ª Gen (Alder Lake),Intel,15.6,Estandar
Hp,"Laptop HP 14"" Intel Quad-Core 4GB RAM 128GB de almacenamiento",6038.0,4.0,128.0,SSD,Core 4,0,14.0,No especificado,No especificado,No especificado,Intel,14.0,Estandar
Lenovo,"Laptop Lenovo V15 2026 Intel N150 15.6"" FHD 8GB 256GB SSD",11458.0,8.0,256.0,SSD,Intel N150,0,15.6,No especificado,No especificado,No especificado,Intel,15.6,Estandar
Hp,"Laptop HP Chromebook de 156"" Intel N200 8 GB 128 GB",10032.0,8.0,128.0,SSD,Intel N200,0,,Intel Processor N200,4,Alder Lake-N,Intel,,Estandar
Hp,"Laptop HP 14"" HD 16 GB RAM 128 GB UFS Intel N150 Win11",10196.0,16.0,128.0,SSD,Intel N150,0,14.0,No especificado,No especificado,No especificado,Intel,14.0,Estandar
Hp,"Laptop HP 14"" HD 16 GB RAM 128 GB UFS Intel N150 Win11",10211.0,16.0,128.0,SSD,Intel N150,0,14.0,No especificado,No especificado,No especificado,Intel,14.0,Estandar
Lenovo,"Notebook Lenovo V15 AMD Ryzen 3 16GB 256GB SSD 156"" FHD",13600.0,16.0,256.0,SSD,Ryzen 3,0,,AMD Ryzen 3,No especificado,No especificado,AMD,,Estandar
Hp,"Laptop HP 14"" Ultrabook Intel N4500 8 GB 628 GB Win11 Pro",8648.0,8.0,628.0,SSD,Intel N4500,0,14.0,No especificado,No especificado,No especificado,Intel,14.0,Estandar
Lenovo,"Laptop Lenovo V15 Ryzen 3 7320U 15.6"" FHD 16GB 1TB SSD",14804.0,16.0,1024.0,SSD,Ryzen 3,0,15.6,AMD Ryzen 3 7320U,4,Serie 7000 (Zen 2),AMD,15.6,Estandar
Lenovo,Laptop Lenovo 14 G4 Intel i7-13620H 8GB 256GB FHD,13587.0,8.0,256.0,SSD,No especificado,0,,No especificado,No especificado,No especificado,Intel,14.0,Estandar
Hp,Laptop HP 14 Ryzen 5 5500U 8 GB RAM 256 GB SSD FHD,11170.0,8.0,256.0,SSD,Ryzen 5,0,,AMD Ryzen 5 5500U,6,Serie 5000 (Zen 2),AMD,14.0,Estandar
Hp,"Laptop HP de 14"" Intel N150 4 GB de RAM 128 GB SSD rosa",7469.0,4.0,128.0,SSD,Intel N150,0,14.0,No especificado,No especificado,No especificado,Intel,14.0,Estandar
Hp,"Laptop HP 156"" Intel N200 8 GB 128 GB Wi‑Fi 6 Windows 11",8508.0,8.0,128.0,SSD,Intel N200,0,,Intel Processor N200,4,Alder Lake-N,Intel,,Estandar
Lenovo,"Notebook Lenovo V15 Ryzen 3 16 GB DDR5 512 GB SSD 156"" FHD",14806.0,16.0,512.0,SSD,Ryzen 3,0,,AMD Ryzen 3,No especificado,No especificado,AMD,16.0,Grande
Hp,"Laptop HP de 14"" Intel N150 4 GB de RAM 128 GB SSD Windows 11",7469.0,4.0,128.0,SSD,Intel N150,0,14.0,No especificado,No especificado,No especificado,Intel,14.0,Estandar
Hp,"Laptop HP 14"" Elite Intel 4 núcleos 4 GB 112 TB Win11",7442.0,4.0,1152.0,SSD,No especificado,0,14.0,No especificado,No especificado,No especificado,Intel,14.0,Estandar
Hp,"Laptop HP 15.6"" Intel 4 núcleos 4 GB RAM 256 GB SSD Windows 11",10457.0,4.0,256.0,SSD,No especificado,0,15.6,No especificado,No especificado,No especificado,Intel,15.6,Estandar
Hp,"Laptop HP 14"" Intel N150 8GB RAM 256GB Almacenamiento Rose Gold",9198.0,8.0,256.0,SSD,Intel N150,0,14.0,No especificado,No especificado,No especificado,Intel,14.0,Estandar
Hp,"Laptop HP Flagship de 14"" HD Intel N150 4 GB de RAM 112 TB",8171.0,4.0,1152.0,SSD,Intel N150,0,14.0,No especificado,No especificado,No especificado,Intel,14.0,Estandar
Hp,"Laptop HP 14"" HD Intel Celeron 8GB RAM 256GB Win11",7701.0,8.0,256.0,SSD,Celeron,0,14.0,No especificado,No especificado,No especificado,Intel,14.0,Estandar
Hp,"Laptop HP Pavilion 156"" FHD Intel i3-N305 8 GB 512 GB SSD",11446.0,8.0,512.0,SSD,No especificado,0,,Intel Core i3-N305,8,Alder Lake-N,Intel,,Estandar
Hp,Laptop HP 14 Elite Intel Celeron 4 GB 112 TB Win11 con IA,6455.0,4.0,1152.0,SSD,Celeron,0,,No especificado,No especificado,No especificado,Intel,14.0,Estandar
Hp,"Laptop HP 14"" Intel Celeron N4120 16 GB RAM 1600 GB Win11",11174.0,16.0,1600.0,SSD,Celeron,0,14.0,No especificado,No especificado,No especificado,Intel,14.0,Estandar
Hp,"Laptop HP Stream 14"" HD Intel N150 4 GB 112 TB Wi‑Fi 6",8143.0,4.0,1152.0,SSD,Intel N150,0,14.0,No especificado,No especificado,No especificado,Intel,14.0,Estandar
Hp,"Laptop HP 14"" Intel N150 4GB RAM 256GB WiFi 6 Win11",8228.0,4.0,256.0,SSD,Intel N150,0,14.0,No especificado,No especificado,No especificado,Intel,14.0,Estandar
Hp,"Laptop HP 14"" Intel N150 16 GB de RAM 128 GB SSD Windows 11",10112.0,16.0,128.0,SSD,Intel N150,0,14.0,No especificado,No especificado,No especificado,Intel,14.0,Estandar
Hp,"Laptop HP 14"" Intel N150 4 GB RAM 128 GB SSD Win 11 S",7577.0,4.0,128.0,SSD,Intel N150,0,14.0,No especificado,No especificado,No especificado,Intel,14.0,Estandar
Hp,"Laptop HP Chromebook 156"" táctil i5 8 GB 128 GB SSD",14831.0,8.0,128.0,SSD,No especificado,0,,No especificado,No especificado,No especificado,Intel,,Estandar
Hp,"Laptop HP 14"" Intel N150 4 GB RAM 256 GB Wi‑Fi 6 Windows 11",7169.0,4.0,256.0,SSD,Intel N150,0,14.0,No especificado,No especificado,No especificado,Intel,14.0,Estandar
Hp,"Laptop HP Ultrabook Intel N150 8 GB de RAM 128 GB SSD 14""",8082.0,8.0,128.0,SSD,Intel N150,0,14.0,No especificado,No especificado,No especificado,Intel,14.0,Estandar
Hp,"Laptop HP 14"" Intel 4 núcleos 8 GB RAM 64 GB SSD Windows 11",8976.0,8.0,64.0,SSD,No especificado,0,14.0,No especificado,No especificado,No especificado,Intel,14.0,Estandar
Hp,"Laptop HP Stream 14"" HD Intel N150 4GB 1.12TB Rosa",8881.0,4.0,1152.0,SSD,Intel N150,0,14.0,No especificado,No especificado,No especificado,Intel,14.0,Estandar
Hp,"Laptop HP Chromebook 14"" Intel Celeron 4GB 224GB Chrome OS",6697.0,4.0,224.0,SSD,Celeron,0,14.0,No especificado,No especificado,No especificado,Intel,14.0,Estandar
Hp,"Laptop HP 14"" Intel Celeron N4120 8 GB 1600 GB Win11",9963.0,8.0,1600.0,SSD,Celeron,0,14.0,No especificado,No especificado,No especificado,Intel,14.0,Estandar
Hp,"Laptop HP 156"" FHD Intel i3 13.ª gen. 8 GB 768 GB SSD",10081.0,8.0,768.0,SSD,No especificado,0,,No especificado,No especificado,No especificado,Intel,,Estandar
Lenovo,Notebook Lenovo IdeaPad Intel Celeron 12 GB 640 GB SSD,10248.0,12.0,640.0,SSD,Celeron,0,,No especificado,No especificado,No especificado,Intel,,Estandar
Lenovo,"Notebook Lenovo V15 Ryzen 3 16GB 512GB SSD 156"" FHD",15805.0,16.0,512.0,SSD,Ryzen 3,0,,AMD Ryzen 3,No especificado,No especificado,AMD,,Estandar
Hp,Laptop HP 14 Ultrabook Intel de 4 núcleos 16 GB de RAM 1600 GB,11692.0,16.0,1600.0,SSD,No especificado,0,,No especificado,No especificado,No especificado,Intel,14.0,Estandar
Lenovo,"Laptop Lenovo 14"" 8GB RAM 128GB Intel Dual Core WiFi 6",9717.0,8.0,128.0,SSD,No especificado,0,14.0,No especificado,No especificado,No especificado,Intel,14.0,Estandar
Hp,"Laptop HP 14"" Intel N150 4 GB RAM 256 GB WiFi 6 Win11",8228.0,4.0,256.0,SSD,Intel N150,0,14.0,No especificado,No especificado,No especificado,Intel,14.0,Estandar
Hp,"Laptop HP Stream 14"" Intel N150 4 GB de RAM 112 TB color plata",7925.0,4.0,1152.0,SSD,Intel N150,0,14.0,No especificado,No especificado,No especificado,Intel,14.0,Estandar
Hp,"Laptop HP Stream 14"" HD Intel N150 4 GB 112 TB Windows 11",7925.0,4.0,1152.0,SSD,Intel N150,0,14.0,No especificado,No especificado,No especificado,Intel,14.0,Estandar
Lenovo,"Laptop Lenovo V15 AMD Ryzen 3 7320U 15.6"" FHD 16GB 512GB",14806.0,16.0,512.0,SSD,Ryzen 3,0,15.6,AMD Ryzen 3 7320U,4,Serie 7000 (Zen 2),AMD,15.6,Estandar
Hp,"Laptop HP Ultrabook 14"" Intel N150 8 GB 11 TB SSD Win11",8976.0,8.0,1126.0,SSD,Intel N150,0,14.0,No especificado,No especificado,No especificado,Intel,14.0,Estandar
Hp,"Laptop HP Stream 14"" Intel N150 8 GB 128 GB Wi‑Fi 6",8470.0,8.0,128.0,SSD,Intel N150,0,14.0,No especificado,No especificado,No especificado,Intel,14.0,Estandar
Hp,"Laptop HP Stream 14"" Intel N150 4 GB RAM 112 TB de almacenamiento",9400.0,4.0,1152.0,SSD,Intel N150,0,14.0,No especificado,No especificado,No especificado,Intel,14.0,Estandar
Hp,"Laptop HP Stream 14"" Intel N150 8 GB RAM 116 TB Wi‑Fi 6",9127.0,8.0,1188.0,SSD,Intel N150,0,14.0,No especificado,No especificado,No especificado,Intel,14.0,Estandar
Hp,"Laptop HP Stream 14"" Intel N150 8 GB RAM 116 TB de almacenamiento",9127.0,8.0,1188.0,SSD,Intel N150,0,14.0,No especificado,No especificado,No especificado,Intel,14.0,Estandar
Hp,"Laptop HP Stream 14"" HD Intel N150 4GB RAM 1.12 TB",7898.0,4.0,1152.0,SSD,Intel N150,0,14.0,No especificado,No especificado,No especificado,Intel,14.0,Estandar
Hp,"Laptop HP Stream 14"" Intel N150 4 GB RAM 256 GB de almacenamiento",8171.0,4.0,256.0,SSD,Intel N150,0,14.0,No especificado,No especificado,No especificado,Intel,14.0,Estandar
Hp,"Laptop HP Chromebook 14"" Intel Celeron 4 GB 64 GB Wi‑Fi 6",6863.0,4.0,64.0,SSD,Celeron,0,14.0,No especificado,No especificado,No especificado,Intel,14.0,Estandar
Hp,"Laptop HP 14"" Intel N150 16 GB RAM 128 GB UFS + 500 GB HDD",9222.0,16.0,128.0,SSD,Intel N150,0,14.0,No especificado,No especificado,No especificado,Intel,14.0,Estandar
Hp,"Laptop HP 14"" Rose Gold Intel 8 GB de RAM 192 GB SSD con Windows 11",8897.0,8.0,192.0,SSD,No especificado,0,14.0,No especificado,No especificado,No especificado,Intel,14.0,Estandar
Hp,"Laptop HP 14"" Intel N150 16 GB RAM 640 GB de almacenamiento",9974.0,16.0,640.0,SSD,Intel N150,0,14.0,No especificado,No especificado,No especificado,Intel,14.0,Estandar
Hp,"Laptop HP 14"" 2026 Intel N150 8 GB 128 GB UFS + HDD externo de 500 GB",8728.0,8.0,128.0,SSD,Intel N150,0,14.0,No especificado,No especificado,No especificado,Intel,14.0,Estandar
Hp,"Laptop HP 15.6"" FHD i3-1315U 16GB 256GB Win11 Pro",12828.0,16.0,256.0,SSD,No especificado,0,15.6,Intel Core i3-1315U,6,13ª Gen (Raptor Lake),Intel,15.6,Estandar
Hp,"Laptop HP 156"" FHD i3-1215U 8 GB 256 GB SSD con hub USB",11429.0,8.0,256.0,SSD,No especificado,0,,Intel Core i3-1215U,6,12ª Gen (Alder Lake),Intel,,Estandar
Hp,"Laptop HP dq6012dx 14"" Intel N150 4GB 128GB Wi‑Fi 6",7065.0,4.0,128.0,SSD,Intel N150,0,14.0,No especificado,No especificado,No especificado,Intel,14.0,Estandar
Lenovo,"Laptop Lenovo IdeaPad 15.6"" FHD Intel i5-1335U 8GB 128GB SSD",11903.0,8.0,128.0,SSD,No especificado,0,15.6,Intel Core i5-1335U,10,13ª Gen (Raptor Lake),Intel,15.6,Estandar
Hp,"Laptop HP 14"" Intel N4500 8 GB RAM 628 GB Windows 11 Pro Rosa",8402.0,8.0,628.0,SSD,Intel N4500,0,14.0,No especificado,No especificado,No especificado,Intel,14.0,Estandar
Hp,"Laptop HP N150 14"" HD 8 GB 128 GB UFS Intel de 4 núcleos Windows 11",8976.0,8.0,128.0,SSD,No especificado,0,14.0,No especificado,No especificado,No especificado,Intel,14.0,Estandar
Hp,"Laptop HP 173"" Ryzen 5 8 GB 256 GB SSD Wi‑Fi 6 FHD",13579.0,8.0,256.0,SSD,Ryzen 5,0,,AMD Ryzen 5,No especificado,No especificado,AMD,,Estandar
Hp,"Laptop HP Ultrabook 14"" Intel Core 4 GB 64 GB SSD Win11",6480.0,4.0,64.0,SSD,Core 4,0,14.0,No especificado,No especificado,No especificado,Intel,14.0,Estandar
Hp,"Laptop HP 156"" FHD táctil Ryzen 5 8 GB 256 GB SSD",11839.0,8.0,256.0,SSD,Ryzen 5,0,,AMD Ryzen 5,No especificado,No especificado,AMD,,Estandar
Hp,"Laptop HP Ultrabook 14"" Intel 8GB RAM 64GB SSD Win11",7654.0,8.0,64.0,SSD,No especificado,0,14.0,No especificado,No especificado,No especificado,Intel,14.0,Estandar
Hp,"Laptop HP 2025 Intel N150 16 GB de RAM 256 GB 14"" LED",11075.0,16.0,256.0,SSD,Intel N150,0,14.0,No especificado,No especificado,No especificado,Intel,14.0,Estandar
Hp,"Laptop HP 156"" Intel i3-1125G4 8 GB de RAM 128 GB SSD",9354.0,8.0,128.0,SSD,No especificado,0,,No especificado,No especificado,No especificado,Intel,,Estandar
Hp,"Laptop HP N150 Intel 16 GB de RAM 256 GB 14"" LED Windows 11",10186.0,16.0,256.0,SSD,No especificado,0,14.0,No especificado,No especificado,No especificado,Intel,14.0,Estandar
Hp,"Notebook HP Ultrabook 14"" Intel 8 GB de RAM 192 GB SSD Rosa",8976.0,8.0,192.0,SSD,No especificado,0,14.0,No especificado,No especificado,No especificado,Intel,14.0,Estandar
Hp,"Laptop HP Stream 14"" HD Intel N150 4 GB 112 TB Windows 11",7898.0,4.0,1152.0,SSD,Intel N150,0,14.0,No especificado,No especificado,No especificado,Intel,14.0,Estandar
Hp,"Laptop HP 14"" con pantalla táctil Intel N4020 16 GB de RAM 192 GB",10717.0,16.0,192.0,SSD,Intel N4020,0,14.0,No especificado,No especificado,No especificado,Intel,14.0,Estandar
Hp,"Laptop HP 14"" Intel N150 4 GB DDR5 628 GB Win11 Pro",7934.0,4.0,628.0,SSD,Intel N150,0,14.0,No especificado,No especificado,No especificado,Intel,14.0,Estandar
Hp,"Laptop HP 14"" Intel N4500 8 GB 628 GB Windows 11 Pro Oro Rosa",8648.0,8.0,628.0,SSD,Intel N4500,0,14.0,No especificado,No especificado,No especificado,Intel,14.0,Estandar
Hp,"Laptop HP Stream 14"" Intel N150 4 GB RAM 112 TB Windows 11",8171.0,4.0,1152.0,SSD,Intel N150,0,14.0,No especificado,No especificado,No especificado,Intel,14.0,Estandar
Lenovo,"Laptop Lenovo V15 2026 AMD Ryzen 3 16 GB 512 GB SSD 156""",16729.0,16.0,512.0,SSD,Ryzen 3,0,,AMD Ryzen 3,No especificado,No especificado,AMD,16.0,Grande
Hp,"Laptop HP Stream 14"" HD Intel N150 4 GB 256 GB rosa",8908.0,4.0,256.0,SSD,Intel N150,0,14.0,No especificado,No especificado,No especificado,Intel,14.0,Estandar
Asus,Laptop Asus Vivobook S14 Ryzen Ai 5 16gb 512gb Ssd Oled,33899.0,16.0,512.0,SSD,No especificado,0,,No especificado,No especificado,No especificado,AMD,,Estandar
Apple,"Apple 2026 Macbook Neo (de 13 Pulgadas, Chip A18 Pro De Apple Con Cpu De 6 Núcleos Y Gpu De 5 Núcleos, 8gb Memoria Unificada, 256 gb) - Índigo - Distribuidor Autorizado",14999.0,8.0,256.0,SSD,No especificado,0,13.0,No especificado,No especificado,No especificado,Apple,13.0,Ultraportatil
Lenovo,"Laptop IdeaPad Slim 3 15,3 Intel Core I5 24gb Ram 1tb Ssd Lenovo",23499.0,24.0,1024.0,SSD,Core I5,0,15.3,Intel Core i5,No especificado,No especificado,Intel,15.3,Estandar
Hp,Laptop Hp 15 Intel Pentium 16gb Ram 1tb Ssd 15.6,21263.0,16.0,1024.0,SSD,No especificado,0,15.6,No especificado,No especificado,No especificado,Intel,15.6,Estandar
Machcreator,Ultrabook Intel N150 Machcreator 15a 15.6 Pulgadas FHD 8GB RAM 512GB SSD Portátil Ligero para Oficina y Estudio Windows 11,8138.0,8.0,512.0,SSD,Intel N150,0,15.6,No especificado,No especificado,No especificado,Intel,15.6,Estandar
Hp,Laptop Hp 14 Intel N150 4gb Ram 128gb Ssd Windows 11 Home 14-dq6011dx,6999.0,4.0,128.0,SSD,Intel N150,0,,No especificado,No especificado,No especificado,Intel,14.0,Estandar
Asus,Laptop Asus Vivobook Intel Core I3 8gb Ram 128gb Ssd Azul,7999.0,8.0,128.0,SSD,Core I3,0,,Intel Core i3,No especificado,No especificado,Intel,,Estandar
Apple,"Apple 2026 Macbook Neo (de 13 Pulgadas, Chip A18 Pro De Apple Con Cpu De 6 Núcleos Y Gpu De 5 Núcleos, 8gb Memoria Unificada, 256 gb) - Rosa Rubor - Distribuidor Autorizado",14999.0,8.0,256.0,SSD,No especificado,0,13.0,No especificado,No especificado,No especificado,Apple,13.0,Ultraportatil
Hp,Laptop Gamer HP Victus NVIDIA GeForce RTX 3050 Intel Core i5 8GB RAM 512GB SSD Windows 11 Home,25999.0,8.0,512.0,SSD,Core I5,1,,Intel Core i5,No especificado,No especificado,Intel,,Estandar
Hp,Notebook Hp 14-dq6015dx 14 Hd 128gb /4gb Ram Intel N150 W11 - Pale Rose Gold,4999.0,128.0,128.0,SSD,Intel N150,0,,No especificado,No especificado,No especificado,Intel,14.0,Estandar
Lenovo,"Laptop Slim 7 Touch Copilot+ Snapdragon X 32gb + 1tb SSD 14.5"" Lenovo",52499.0,32.0,1024.0,SSD,No especificado,0,14.5,No especificado,No especificado,No especificado,Otros,14.5,Estandar
Hp,Laptop HP 14 14-dq6102dx Intel N150 4 GB RAM 128 GB UFS pantalla 14 HD antirreflejo Windows 11 Home color Azul cielo (Sky Blue),7669.0,4.0,128.0,SSD,Intel N150,0,,No especificado,No especificado,No especificado,Intel,14.0,Estandar
Asus,Laptop ASUS Vivobook 14 Intel Core i7 12GB RAM 512GB SSD Windows 11 Home,11999.0,12.0,512.0,SSD,Core I7,0,,Intel Core i7,No especificado,No especificado,Intel,14.0,Estandar
Lenovo,Laptop Lenovo Loq Core I5-12450hx 8gb Ram 512gb Rtx 3050 6gb Color Gris,21999.0,8.0,512.0,SSD,Core I5,1,,Intel Core i5-12450H,8,12ª Gen (Alder Lake),Intel,,Estandar
Hp,"Laptop Hp 240r G10 De 14 , Intel Core 7, 16gb Ram, 512gb Ssd, Windows 11 Pro",14599.0,16.0,512.0,SSD,No especificado,0,,No especificado,No especificado,No especificado,Intel,14.0,Estandar
Hp,"Notebook HP 255 G10 con AMD Ryzen 3, 8 GB de RAM y SSD de 512 GB",8759.0,8.0,512.0,SSD,Ryzen 3,0,,AMD Ryzen 3,No especificado,No especificado,AMD,,Estandar
Otra,Laptop Intel Celeron N5100 16gb Ram 256gb Ssd Ddr4 15.6in Plateado,10998.0,16.0,256.0,SSD,Celeron,0,15.6,No especificado,No especificado,No especificado,Intel,15.6,Estandar
Apple,Apple Macbook Pro 16 M1 Pro 16gb 1tb Ssd Portátil (Reacondicionado),19999.0,16.0,1024.0,SSD,M1 Pro,0,,Apple M1 Pro,10,Apple Silicon (1ª Gen),Apple,16.0,Grande
Hp,"Laptop HP 14-dq6210la, Intel N150, 8 GB RAM, 128 GB UFS, 14"" HD, Windows 11 Home",5699.0,8.0,128.0,SSD,Intel N150,0,14.0,No especificado,No especificado,No especificado,Intel,14.0,Estandar
Hp,"Hp 245 G10 - Ryzen 5, 8gb Ram, 512gb Ssd, Win 11 Color Plateado Cenizo Oscuro",9279.0,8.0,512.0,SSD,Ryzen 5,0,,AMD Ryzen 5,No especificado,No especificado,AMD,,Estandar
Otra,Laptop VSAP Intel I7 9750h 16gb Ram 512gb Ssd 15.6in Notebook Gris 1920x1080,15165.0,16.0,512.0,SSD,No especificado,0,15.6,No especificado,No especificado,No especificado,Intel,15.6,Estandar
Acer,Laptop Acer Aspire 3 Amd Ryzen 7 32gb Ram 512gb Ssd 15.6 Windows 11 Home,14492.0,32.0,512.0,SSD,Ryzen 7,0,15.6,No especificado,No especificado,No especificado,AMD,15.6,Estandar
Hp,"Notebook HP 14-dq6013dx, con Procesador Intel N150, 4GB de RAM y 128GB SSD",6999.0,4.0,128.0,SSD,Intel N150,0,,No especificado,No especificado,No especificado,Intel,14.0,Estandar
Hp,Laptop Hp 245 G10 Amd Ryzen 3 8gb Ram 256gb Ssd Negro,13999.0,8.0,256.0,SSD,Ryzen 3,0,,AMD Ryzen 3,No especificado,No especificado,AMD,,Estandar
Hp,Laptop HP Stream 14-dq0762dx Rosa 128gb SSD Intel Celeron Incluye Windows Color Pink,4815.0,128.0,128.0,SSD,Celeron,0,,No especificado,No especificado,No especificado,Intel,14.0,Estandar
Dell,Laptop Dell 15.6 Pulgadas Intel Core I7-1355u 16GB RAM 1TB SSD Plateado Windows 11 Dc 15250,17599.0,16.0,1024.0,SSD,Core I7,0,15.6,Intel Core i7-1355U,10,13ª Gen (Raptor Lake),Intel,15.6,Estandar
Otra,Notebook N150 14 4gb De Ram - 128gb Ssd - Intel Processor,5789.0,4.0,128.0,SSD,No especificado,0,,No especificado,No especificado,No especificado,Intel,14.0,Estandar
Apple,Apple Macbook Pro 16 M1 Pro 16gb 1tb Ssd Portátil (Reacondicionado),20999.0,16.0,1024.0,SSD,M1 Pro,0,,Apple M1 Pro,10,Apple Silicon (1ª Gen),Apple,16.0,Grande
Otra,Laptop VSAP Intel CORE I3 8gb Ram 256gb Ssd Notebook DDR4 Windows 11 Pro 14in,7941.0,8.0,256.0,SSD,Core I3,0,14.0,Intel Core i3,No especificado,No especificado,Intel,14.0,Estandar
Dell,Notebook Dc14250 14 Amd Ryzen 7 250 16gb Ram 512gb Ssd Dell,21999.0,16.0,512.0,SSD,Ryzen 7,0,,No especificado,No especificado,No especificado,AMD,14.0,Estandar
Hp,HP Azul Pentium N200 128GB Ufs 4GB Ram Pantalla 15.6 HD Intel Uhd Graphics Incluye Windows 11 Instalado Laptop Blue Fd0082 Con Regalo,15471.0,128.0,128.0,SSD,No especificado,0,15.6,Intel Processor N200,4,Alder Lake-N,Intel,15.6,Estandar
Hp,"Laptop HP 14-dq6210la, Intel N150, 8 GB RAM, 128 GB UFS, 14"" HD, Windows 11 Home",6999.0,8.0,128.0,SSD,Intel N150,0,14.0,No especificado,No especificado,No especificado,Intel,14.0,Estandar
Otra,Notebook ProBook 445 G7 color plateado 16GB de Ram 512GB SSD AMD Ryzen 5 - Excelente (Reacondicionado),6187.0,16.0,512.0,SSD,Ryzen 5,0,,AMD Ryzen 5,No especificado,No especificado,AMD,,Estandar
Hp,"Portátil HP Elitebook G9 with Amd Ryzen 5 Pro 5675u, 16 GB de RAM DDR4, 256 GB SSD, Windows 11 Pro, For Business & Games - Excelente (Reacondicionado)",6569.0,16.0,256.0,SSD,Ryzen 5,0,,AMD Ryzen 5,No especificado,No especificado,AMD,16.0,Grande
Otra,Notebook N150 14 4gb De Ram - 128gb Ssd - Intel Processor (Nuevo con caja abierta),4799.0,4.0,128.0,SSD,No especificado,0,,No especificado,No especificado,No especificado,Intel,14.0,Estandar
Hp,Laptop Hp 250 G10 Intel Corei5 8gb Ssd 512gb Windows 11 Home Plata,13499.0,8.0,512.0,SSD,Corei5,0,,Intel Core i5,No especificado,No especificado,Intel,10.0,Ultraportatil
Hp,"Ultrabook HP Core i3 N305 de 15.6"" HD con 8GB RAM y SSD de 256GB",18016.0,8.0,256.0,SSD,Core I3,0,15.6,Intel Core i3-N305,8,Alder Lake-N,Intel,15.6,Estandar
Hp,Laptop HP 14 14-dq6101dx Intel N150 4 GB RAM 128 GB UFS pantalla 14 HD antirreflejo Windows 11 Home color Plateado natural,4368.0,4.0,128.0,SSD,Intel N150,0,,No especificado,No especificado,No especificado,Intel,14.0,Estandar
Otra,"Notebook EliteBook 840 G5 14"" gris 16GB de Ram 512GB SSD Intel Core i5 - Excelente (Reacondicionado)",5473.0,16.0,512.0,SSD,Core I5,0,14.0,Intel Core i5,No especificado,No especificado,Intel,14.0,Estandar
Hp,"Laptop HP 240 G10 de 14"", Intel® Core™ i5, 8GB RAM, 512GB SSD, Windows 11 Home , color gris",10350.0,8.0,512.0,SSD,No especificado,0,14.0,No especificado,No especificado,No especificado,Intel,14.0,Estandar
Hp,"Laptop HP Pavilion Plus 14-ew1000la Intel Core Ultra 5 16GB RAM 512GB SSD 14""",21999.0,16.0,512.0,SSD,No especificado,0,14.0,No especificado,No especificado,No especificado,Intel,14.0,Estandar
Hp,"Hp 245 G10 - Ryzen 5, 8gb Ram, 512gb Ssd, Win 11 Color Plateado Cenizo Oscuro",10867.0,8.0,512.0,SSD,Ryzen 5,0,,AMD Ryzen 5,No especificado,No especificado,AMD,,Estandar
Hp,Laptop HP Stream 14-dq0762dx Rosa 128gb SSD Intel Celeron Incluye Windows Color Pink,4999.0,128.0,128.0,SSD,Celeron,0,,No especificado,No especificado,No especificado,Intel,14.0,Estandar
Hp,Notebook HP 240 G10 Core I3 8gb 512gb SSD FHD Gris,12999.0,8.0,512.0,SSD,Core I3,0,,Intel Core i3,No especificado,No especificado,Intel,,Estandar
Hp,Notebook Hp 14-dq6015dx 14 Hd 128gb /4gb Ram Intel N150 W11 - Pale Rose Gold,4590.0,128.0,128.0,SSD,Intel N150,0,,No especificado,No especificado,No especificado,Intel,14.0,Estandar
Otra,Notebook N150 14 4gb De Ram - 128gb Ssd - Intel Processor,5999.0,4.0,128.0,SSD,No especificado,0,,No especificado,No especificado,No especificado,Intel,14.0,Estandar
Hp,"Laptop HP EliteBook 840 G8 con Intel Core i7, 16 GB RAM y 256 GB SSD - Excelente (Reacondicionado)",20090.0,16.0,256.0,SSD,Core I7,0,,Intel Core i7,No especificado,No especificado,Intel,16.0,Grande
Hp,Laptop Hp Omnibook X Flip 14 2k Intel Ultra 5 16gb 512gb Color Azul,39999.0,16.0,512.0,SSD,No especificado,0,,No especificado,No especificado,No especificado,Intel,14.0,Estandar
Hp,"HP Ryzen 5 7520U 8GB RAM 1TB SSD Pantalla 15,6 FHD 1920 x 1080 AMD Radeon Graphics Windows 11 Instalado Laptop 15-FC0025 Con Regalo",20009.0,8.0,1024.0,SSD,Ryzen 5,0,15.6,AMD Ryzen 5 7520U,4,Serie 7000 (Zen 2),AMD,15.6,Estandar
Hp,Laptop Gamer HP Victus NVIDIA GeForce RTX 3050 Intel Core i5 8GB RAM 512GB SSD Windows 11 Home,14106.0,8.0,512.0,SSD,Core I5,1,,Intel Core i5,No especificado,No especificado,Intel,,Estandar
Hp,"Notebook HP 255 G10 con AMD Ryzen 3 7335U, 16 GB DDR5 y 1 TB SSD NVMe",12999.0,16.0,1024.0,SSD,Ryzen 3,0,,AMD Ryzen 3,No especificado,No especificado,AMD,16.0,Grande
Hp,"Hp Omnibook Core Ultra 7 32gb Ram 1tb Ssd Pantalla Tactil 17,3 Fhd 1920 X 1080 Intel Graphics Windows 11 Laptop Gamer 17-dc0373 Con Regalo",29908.0,32.0,1024.0,SSD,No especificado,0,17.3,No especificado,No especificado,No especificado,Intel,17.3,Grande
Hp,Hp Probook 4 Aig1a De 16 Ryzen 7 24gb Ram 512gb Ssd Win11pro Plateado,18499.0,24.0,512.0,SSD,Ryzen 7,0,,No especificado,No especificado,No especificado,AMD,16.0,Grande
Hp,Hp Athlon 7120 14 Hd 4gb Ram 128gb Ufs Windows Laptop,5999.0,4.0,128.0,SSD,Athlon,0,,No especificado,No especificado,No especificado,AMD,14.0,Estandar
Otra,"Notebook EliteBook X Flip G1i B89B7UA 14"" táctil color azul 32GB de Ram - 512GB SSD - Intel CoreTM Ultra 7",27500.0,32.0,512.0,SSD,No especificado,0,14.0,No especificado,No especificado,No especificado,Intel,14.0,Estandar
Hp,"Laptop Hp 240r G10 De 14 , Intel Core 7, 16gb Ram, 512gb Ssd, Windows 11 Pro",22999.0,16.0,512.0,SSD,No especificado,0,,No especificado,No especificado,No especificado,Intel,14.0,Estandar
Hp,Laptop Hp Core I7 15.6  24gb Ram 1tb Ssd Windows11,31772.0,24.0,1024.0,SSD,Core I7,0,15.6,Intel Core i7,No especificado,No especificado,Intel,15.6,Estandar
Hp,"Notebook HP Omen Intel Core i7 con RTX 5060, 32 GB RAM y 1 TB SSD de 16"" Full HD+ 165Hz",44999.0,32.0,1024.0,SSD,Core I7,1,16.0,Intel Core i7,No especificado,No especificado,Intel,16.0,Grande
Hp,"HP Ryzen 5 7520u 8GB RAM 512GB Ssd Pantalla táctil 15,6 FHD 1920 X 1080 AMD Radeon Graphics Windows Instalado Laptop Fc0146 Con Regalo",22355.0,8.0,512.0,SSD,Ryzen 5,0,15.6,AMD Ryzen 5 7520U,4,Serie 7000 (Zen 2),AMD,15.6,Estandar
Hp,Laptop HP 14 14-dq6103dx Intel N150 4 GB RAM 128 GB UFS pantalla 14 HD antirreflejo Windows 11 Home color Verde sauce (Willow Green),4410.0,4.0,128.0,SSD,Intel N150,0,,No especificado,No especificado,No especificado,Intel,14.0,Estandar
Hp,HP Pavilion Intel N200 4GB RAM 128GB Ufs Pantalla 15.6 Hd Incluye Windows Instalado Laptop 15-fd0084 Con Regalo,8587.0,4.0,128.0,SSD,Intel N200,0,15.6,Intel Processor N200,4,Alder Lake-N,Intel,15.6,Estandar
Hp,"Notebook HP ProBook 640 G2 Negro/Plateado 14"" 920 px x 1080 px disco SSD 128 GB Intel 6200U 8GB de Ram - Bueno (Reacondicionado)",2900.0,128.0,128.0,SSD,No especificado,0,14.0,No especificado,No especificado,No especificado,Intel,14.0,Estandar
Hp,"Laptop Hp 255r: Ryzen 5, Ram 16gb, Ssd 512gb, W 11 Home. Plateado",11009.0,16.0,512.0,SSD,Ryzen 5,0,,AMD Ryzen 5,No especificado,No especificado,AMD,,Estandar
Hp,Hp Gamer Ryzen Ai 7 16GB RAM 1TB SSD Pantalla Táctil 16 Wuxga 1920 Px X 1200 Px Amd Radeon Incluye Windows Instalado Laptop 16-ag1775cl Más Regalo,25797.0,16.0,1024.0,SSD,No especificado,0,,No especificado,No especificado,No especificado,AMD,16.0,Grande
Hp,"Laptop HP 14"" Intel N150 4 Ram 128gb UFS Honey Lavender",8999.0,128.0,128.0,SSD,Intel N150,0,14.0,No especificado,No especificado,No especificado,Intel,14.0,Estandar
Hp,HP Gamer 17 Core 5 120U 16GB Ram 1TB Ssd Pantalla Tactil Hd+ 1600 X 900 Intel Graphics Incluye Windows Instalado Laptop CN4153 Con Regalo - Excelente (Reacondicionado),24007.0,16.0,1024.0,SSD,No especificado,0,,No especificado,No especificado,No especificado,Intel,,Estandar
Hp,"Laptop Hp Probook 4 Aig1i, Intel Core Ultra 5,24gb,512gb,16 Plateado",20999.0,24.0,512.0,SSD,No especificado,0,,No especificado,No especificado,No especificado,Intel,16.0,Grande
Hp,"Notebook HP 255 G10 de 15.6"" Full HD con AMD Ryzen 3 7335U, 24GB RAM y 512GB SSD",13499.0,24.0,512.0,SSD,Ryzen 3,0,15.6,AMD Ryzen 3,No especificado,No especificado,AMD,15.6,Estandar
Hp,"Laptop Hp 240 G10, Intel Core U5, 8gb Ram, 512gb Ssd, Win 11 Plateado",10629.0,8.0,512.0,SSD,No especificado,0,,No especificado,No especificado,No especificado,Intel,,Estandar
Hp,"Notebook HP 14-DQ6012DX 14"" HD 128GB 4GB RAM Intel N150 W11 Sky Blue",4384.0,128.0,128.0,SSD,Intel N150,0,14.0,No especificado,No especificado,No especificado,Intel,14.0,Estandar
Hp,"Laptop Hp 245 G10 De 14 , Amd Ryzen 5,8gb, 512gb Ssd",10729.0,8.0,512.0,SSD,Ryzen 5,0,,AMD Ryzen 5,No especificado,No especificado,AMD,14.0,Estandar
Hp,Hp Rosa Intel N150 128gb Ufs 4gb Ram Pantalla 14 Hd Intel Uhd Graphics Windows 11 Laptop Rosa Dq6015 Con Regalo,5169.0,128.0,128.0,SSD,Intel N150,0,,No especificado,No especificado,No especificado,Intel,14.0,Estandar
Hp,Laptop Hp 15-fd0182wm Intel Core I7-1355u 16GB Ram 1TB Ssd W11,22999.0,16.0,1024.0,SSD,Core I7,0,,Intel Core i7-1355U,10,13ª Gen (Raptor Lake),Intel,,Estandar
Hp,Notebook Hp 14-dq6015dx 14 Hd 128gb /4gb Ram Intel N150 W11 - Pale Rose Gold - Bueno (Reacondicionado),7999.0,128.0,128.0,SSD,Intel N150,0,,No especificado,No especificado,No especificado,Intel,14.0,Estandar
Hp,HP Gamer Ryzen Ai 5 16GB Ddr5 512GB Ssd Pantalla táctil 15.6 Fhd 1920 px X 1080 px Amd Radeon Graphics Laptop 15-fn0105 Con Regalo,35834.0,16.0,512.0,SSD,No especificado,0,15.6,No especificado,No especificado,No especificado,AMD,15.6,Estandar
Hp,"Laptop Gamer HP Omen 16 Intel Core Ultra 7 con 16GB RAM y 1TB SSD, Pantalla Full HD+ de 16"" a 144Hz",41999.0,16.0,1024.0,SSD,No especificado,0,16.0,No especificado,No especificado,No especificado,Intel,16.0,Grande
Hp,"Notebook HP OmniBook X Flip 2 En 1 14"" OLED Táctil Ryzen AI 5 430 16GB 512GB SSD Radeon 840M Copilot+ PC",21332.0,16.0,512.0,SSD,No especificado,0,14.0,No especificado,No especificado,No especificado,AMD,14.0,Estandar
Hp,Laptop HP 14 Intel N150 4 GB RAM 128 GB UFS pantalla 14 HD antirreflejo Windows 11 Home color Lavanda,6611.0,4.0,128.0,SSD,Intel N150,0,,No especificado,No especificado,No especificado,Intel,14.0,Estandar
Hp,"2 en 1 HP OmniBook X Flip de 16"" Táctil con Intel Core Ultra 7, 16 GB de RAM y 1 TB SSD",45000.0,16.0,1024.0,SSD,No especificado,0,16.0,No especificado,No especificado,No especificado,Intel,16.0,Grande
Hp,Chromebook Hp 14 Con Google Ai Intel Core I3-n305 8gb Ram 128gb Touchplus Ufs X360 Fhd Meteor Silver 8cg4252dn6 9g3b8ua#aba,7159.0,8.0,128.0,SSD,Core I3,0,,Intel Core i3-N305,8,Alder Lake-N,Intel,14.0,Estandar
Hp,Laptop Hp 15-fc0280la Ryzen 7 16gb Ssd 1tb Fhd Win 11 Dorado Dorado,19999.0,16.0,1024.0,SSD,Ryzen 7,0,,No especificado,No especificado,No especificado,AMD,,Estandar
Hp,HP Pink Stream 14-EP2011 Intel N150 4 GB Ram 128 GB Ufs Incluye Windows 11 Instalado Pantalla 14 Laptop Rosa Con Regalo,8587.0,4.0,128.0,SSD,Intel N150,0,,No especificado,No especificado,No especificado,Intel,11.0,Ultraportatil
Hp,Laptop Hp 14-dq0518la Celeron N4120 Ram 4gb Ssd 128gb W11h Color Plateado,5463.0,4.0,128.0,SSD,Celeron,0,,No especificado,No especificado,No especificado,Intel,14.0,Estandar
Hp,"Computadora portátil HP Zbook Firefly G7 con pantalla táctil Intel Core i5-10310U, 16 GB de RAM, 256 GB SSD, Windows 11 Pro - Bueno (Reacondicionado)",24948.0,16.0,256.0,SSD,Core I5,0,,Intel Core i5,No especificado,No especificado,Intel,16.0,Grande
Hp,Laptop Hp 14-dq6014 Intel N150 128gb 4gb Win11 S Color Honey Lavender,6623.0,128.0,128.0,SSD,Intel N150,0,,No especificado,No especificado,No especificado,Intel,14.0,Estandar
Hp,Laptop Hp Probook 650 G5 Core I5-8365u/8gb Ram-256gb Ssd M.2 (Reacondicionado),4929.0,8.0,256.0,SSD,Core I5,0,,Intel Core i5,No especificado,No especificado,Intel,,Estandar
Hp,Notebook Hp 15-fd0331l Intel Core 3 8gb Ram 512gb M2 Pcie Nvme Windows 11,16000.0,8.0,512.0,SSD,No especificado,0,,Apple M2,8,Apple Silicon (2ª Gen),Apple,,Estandar
Hp,"Hp Pavilion Core I7 8gb Ram 512gb Ssd Pantalla 17,3 Hd+ 1600 Px X 900 Px Intel Iris Xe Incluye Windows 11 Instalado Laptop 17-cn2077 Con Regalo",16512.0,8.0,512.0,SSD,Core I7,0,17.3,Intel Core i7,No especificado,No especificado,Intel,17.3,Grande
Hp,Laptop HP 245 G10 AMD Ryzen 3 8GB RAM 256GB SSD Windows 11 Home,7880.0,8.0,256.0,SSD,Ryzen 3,0,,AMD Ryzen 3,No especificado,No especificado,AMD,,Estandar
Hp,Notebook Hp 17 Intel Core I3 8gb Ram 512gb Ssd,19784.0,8.0,512.0,SSD,Core I3,0,,Intel Core i3,No especificado,No especificado,Intel,17.0,Grande
Hp,Hp Omnibook 3 16gb 512gb Snapdragon X W11 Gris,9582.0,16.0,512.0,SSD,No especificado,0,,No especificado,No especificado,No especificado,Otros,,Estandar
Hp,HP Intel N250 4GB DDR5 128GB UFS Screen 15.6 HD Windows 11 Intel Graphics Laptop 15-FD0092 With Gift,12029.0,4.0,128.0,SSD,Intel N250,0,15.6,No especificado,No especificado,No especificado,Intel,15.6,Estandar
Hp,Laptop HP 255 G10 AMD Ryzen 3 8GB RAM 512GB SSD Windows 11 Home,9429.0,8.0,512.0,SSD,Ryzen 3,0,,AMD Ryzen 3,No especificado,No especificado,AMD,,Estandar
Hp,Laptop Hp 15-fd0161la Intel Core I5 8gb Ram 256gb 15.6  Fhd,15499.0,8.0,256.0,SSD,Core I5,0,15.6,Intel Core i5,No especificado,No especificado,Intel,15.6,Estandar
Hp,Hp Premium EliteBook G10 Full HD 1080p Notebook PC AMD Ryzen 5 PRO 7530u 16gb RAM 256gb SSD Windows 11 Pro Backlit Keyboard Laptop for Gaming & Business - Excelente (Reacondicionado),24985.0,16.0,256.0,SSD,Ryzen 5,0,,AMD Ryzen 5,No especificado,No especificado,AMD,,Estandar
Hp,"Ultrabook HP OmniBook 16-AG107 con AMD Ryzen 7, 16GB RAM y 512GB SSD",29239.0,16.0,512.0,SSD,Ryzen 7,0,,No especificado,No especificado,No especificado,AMD,16.0,Grande
Hp,Laptop Hp 240r G10 De 14 Pulgadas Intel Core5 16gb Ram 512gb Nvme Win11 Pro B8JV2LT,13599.0,16.0,512.0,SSD,No especificado,0,14.0,No especificado,No especificado,No especificado,Intel,14.0,Estandar
Hp,Hp Gamer Pavilion Core I7 16gb Ram 1tb Ssd Pantalla Fhd 1920 Px X 1080 Px Intel Iris Xe Laptop 15-fd0182 Incluye Windows Instalado Con Regalo,35834.0,16.0,1024.0,SSD,Core I7,0,,Intel Core i7,No especificado,No especificado,Intel,,Estandar
Hp,"Laptop HP ProBook 4 G1iR 14"" Windows 11 Pro Intel Core 5 120U 16 GB 512 GB SSD",21999.0,16.0,512.0,SSD,No especificado,0,14.0,No especificado,No especificado,No especificado,Intel,14.0,Estandar
Lenovo,Lenovo 2-en-1 Ideapad 5 Ips 16 Ryzen 7 8845hs 16gb 1tb Ssd,28999.0,16.0,1024.0,SSD,Ryzen 7,0,,No especificado,No especificado,No especificado,AMD,16.0,Grande
Hp,Laptop Hp 14 Intel 4gb 128gb 14'' Ufs W11h N150 + Impresora,9999.0,4.0,128.0,SSD,No especificado,0,,No especificado,No especificado,No especificado,Intel,14.0,Estandar
Hp,HP Pink Athlon Silver 7120u 4GB RAM 256GB SSD Pantalla 14 HD AMD Radeon Graphics Windows 11 Instalado Laptop Rosa,11234.0,4.0,256.0,SSD,Athlon,0,,No especificado,No especificado,No especificado,AMD,11.0,Ultraportatil
Hp,"Notebook HP 255 G10 para Productividad con Ryzen 3, 32 GB RAM y 512 GB SSD",13699.0,32.0,512.0,SSD,Ryzen 3,0,,AMD Ryzen 3,No especificado,No especificado,AMD,,Estandar
Hp,Laptop Hp Probook 440 G10 Core I5 16gb Ram 512gb Plateado Plateado,16719.0,16.0,512.0,SSD,Core I5,0,,Intel Core i5,No especificado,No especificado,Intel,,Estandar
Hp,"Hp Intel N200 4gb Ram 128gb Ufs Intel Uhd Pantalla 15,6 Laptop Fd0088 Granate Brillante Con Regalo Glimmer Garnet",9999.0,4.0,128.0,SSD,Intel N200,0,15.6,Intel Processor N200,4,Alder Lake-N,Intel,15.6,Estandar
Hp,"HP Chromebook 14 Intel Celeron N4500, 4 GB de RAM, 64 GB, Emmc 14, gris moderno.",6623.0,4.0,64.0,SSD,Celeron,0,,No especificado,No especificado,No especificado,Intel,14.0,Estandar
Hp,Hp 17.3 Ryzen 5 8gb 512gb Ssd,8517.0,8.0,512.0,SSD,Ryzen 5,0,17.3,AMD Ryzen 5,No especificado,No especificado,AMD,17.3,Grande
Hp,Hp Gamer Core Ultra 7 1tb Ssd 16gb Ram Pantalla Táctil Wuxga 1920 Px X 1200 Px Intel Graphics Incluye Windows Instalado Laptop Omnibook 16-Af1017 Con Regalo,25797.0,16.0,1024.0,SSD,No especificado,0,,No especificado,No especificado,No especificado,Intel,16.0,Grande
Hp,"Laptop HP 255 G10 con AMD Ryzen 3, 32GB RAM y 1TB SSD, Pantalla de 15.6"" Full HD y Windows 11",19799.0,32.0,1024.0,SSD,Ryzen 3,0,15.6,AMD Ryzen 3,No especificado,No especificado,AMD,15.6,Estandar
Hp,Laptop Hp Core I5 10ma Gen 16gb Ram 240gb Ssd Camara (Reacondicionado),6400.0,16.0,240.0,SSD,Core I5,0,,Intel Core i5,No especificado,No especificado,Intel,,Estandar
Hp,Laptop Hp 14 Intel 4gb 128gb 14'' Ufs W11h N150,8999.0,4.0,128.0,SSD,No especificado,0,,No especificado,No especificado,No especificado,Intel,14.0,Estandar
Hp,"Notebook Gamer HP Victus con AMD Ryzen 7 7445HS, 16 GB de RAM y 1 TB SSD",24999.0,16.0,1024.0,SSD,Ryzen 7,0,,No especificado,No especificado,No especificado,AMD,16.0,Grande
Hp,Hp 15-fc0080la Ryzen 7 16gb Ram 512gb Ssd + Microsoft 365 Color Plateado,19999.0,16.0,512.0,SSD,Ryzen 7,0,,No especificado,No especificado,No especificado,AMD,,Estandar
Hp,Hp Zbook Firefly 14 G11 Ryzen 7 Pro 32gb 1tb Ssd Win 11 Pro (Reacondicionado),16400.0,32.0,1024.0,SSD,Ryzen 7,0,,No especificado,No especificado,No especificado,AMD,14.0,Estandar
Hp,Laptop Hp 245 G10 Ryzen 5 16gb Ram 512gb Ssd Windows 11,10999.0,16.0,512.0,SSD,Ryzen 5,0,,AMD Ryzen 5,No especificado,No especificado,AMD,,Estandar
Hp,HP Gamer 17 Core 5 120U 16GB Ram 1TB Ssd Pantalla Tactil Hd+ 1600 X 900 Intel Graphics Incluye Windows Instalado Laptop CN4153 Con Regalo,20037.0,16.0,1024.0,SSD,No especificado,0,,No especificado,No especificado,No especificado,Intel,,Estandar
Hp,Notebook Hp 14-dq6015dx 14 Hd 128gb /4gb Ram Intel N150 W11 - Pale Rose Gold (Nuevo con caja abierta),4466.0,128.0,128.0,SSD,Intel N150,0,,No especificado,No especificado,No especificado,Intel,14.0,Estandar
Hp,Laptop Hp 15.6 Core I5 13th 8gb Ram Ddr4 256gb Ssd,11999.0,8.0,256.0,SSD,Core I5,0,15.6,Intel Core i5,No especificado,No especificado,Intel,15.6,Estandar
Hp,Laptop HP OmniBook 3 17.3” Full HD AMD Ryzen 5 8GB RAM 512GB SSD WiFi Bluetooth Windows 11,10737.0,8.0,512.0,SSD,Ryzen 5,0,17.3,AMD Ryzen 5,No especificado,No especificado,AMD,17.3,Grande
Hp,Hp 2 en 1 Core Ultra 7 16gb Ram 512gb Ssd Pantalla Táctil Wuxga 1920 Px X 1200 Px Tarjeta Grafica Dedicada Intel Arc 8gb Incluye Windows Instalado Laptop Gamer 16-au0070 Con Regalo,25797.0,16.0,512.0,SSD,No especificado,0,,No especificado,No especificado,No especificado,Intel,16.0,Grande
Hp,Laptop Hp 255 G10 15.6  Fhd Amd Ryzen 3 8gb 512gb Ssd,8999.0,8.0,512.0,SSD,Ryzen 3,0,15.6,AMD Ryzen 3,No especificado,No especificado,AMD,15.6,Estandar
Hp,Hp Zbook 15 G3 I7 6th 16ram 480ssd 15 Grafica M1000 2gb (Reacondicionado),8500.0,2.0,480.0,SSD,No especificado,0,,Apple M1,8,Apple Silicon (1ª Gen),Apple,,Estandar
Hp,"Laptop Hp I7-1355u Con Pantalla Táctil De 15,6 Pulgadas 16 GB 512 GB SSD",24999.0,16.0,512.0,SSD,No especificado,0,15.6,Intel Core i7-1355U,10,13ª Gen (Raptor Lake),Intel,15.6,Estandar
Hp,Laptop Hp Elitebook 850 G8 Core I7 11th 8gb 256gb Rapidisima (Reacondicionado),6199.0,8.0,256.0,SSD,Core I7,0,,Intel Core i7,No especificado,No especificado,Intel,,Estandar
Hp,Laptop Hp 440 G8 Intel Corei5 11th 8gb 256gb Ssd 11va (Reacondicionado),5399.0,8.0,256.0,SSD,Corei5,0,,Intel Core i5,No especificado,No especificado,Intel,,Estandar
Hp,"Laptop Hp 240 G10, Intel Core U5, 8gb Ram, 512gb Ssd, Win 11",15999.0,8.0,512.0,SSD,No especificado,0,,No especificado,No especificado,No especificado,Intel,,Estandar
Hp,"Laptop HP EliteBook 840 G5 Intel Core i5 8ª Generación 14"" Full HD 8GB RAM 256GB SSD Windows 11 Pro Empresarial Reacondicionada - Excelente (Reacondicionado)",4735.0,8.0,256.0,SSD,Core I5,0,14.0,Intel Core i5,No especificado,No especificado,Intel,14.0,Estandar
Hp,Laptop Gamer Hp Victus Nvidia Geforce Rtx 3050 Intel Core I5 8gb Ram 512gb Ssd Windows 11 Home,25999.0,8.0,512.0,SSD,Core I5,1,,Intel Core i5,No especificado,No especificado,Intel,,Estandar
Hp,"Computadora portátil HP Zbook Firefly G7 con pantalla táctil Intel Core i5-10310U, 16 GB de RAM, 256 GB SSD, Windows 11 Pro - Excelente (Reacondicionado)",24948.0,16.0,256.0,SSD,Core I5,0,,Intel Core i5,No especificado,No especificado,Intel,16.0,Grande
Hp,Ordenador Portátil Hp 17.3 Core I5 120u 16 Gb Ram 256 Gb Ssd,19645.0,16.0,256.0,SSD,Core I5,0,17.3,Intel Core i5,No especificado,No especificado,Intel,17.3,Grande
Hp,Hp Probook 445 Ryzen 5 Laptop Versatil--16gb 256gb Ssd Win11 (Reacondicionado),6560.0,16.0,256.0,SSD,Ryzen 5,0,,AMD Ryzen 5,No especificado,No especificado,AMD,,Estandar
Hp,Laptop Hp 240 G10 14 | Intel Core Ultra 5 16gb Ram Ssd 512gb,12799.0,16.0,512.0,SSD,No especificado,0,,No especificado,No especificado,No especificado,Intel,14.0,Estandar
Hp,Laptop Hp 14 Dq6210la Intel N150 8 Gb Ssd 128 Gb 14  11 Home,5699.0,8.0,128.0,SSD,Intel N150,0,,No especificado,No especificado,No especificado,Intel,14.0,Estandar
Hp,HP Pavilion AMD Ryzen 7 8840U 8GB 512GB SSD Pantalla 16 WUXGA 1920 x 1200 Windows Instalado Laptop 16-AG0070 Con Regalo,15471.0,8.0,512.0,SSD,Ryzen 7,0,,No especificado,No especificado,No especificado,AMD,16.0,Grande
Hp,Laptop Hp 245 G10 Bt3e5at 14  Ryzen 5 7520u 8gb 512gb Ssd,8835.0,8.0,512.0,SSD,Ryzen 5,0,,AMD Ryzen 5 7520U,4,Serie 7000 (Zen 2),AMD,14.0,Estandar
Hp,Hp Pavilion Core I3 N305 8gb Ram 256gb Ssd Pantalla 15.6 Fhd 1920 Px X 1080 Px Intel Uhd Graphics Incluye Windows Instalado Laptop Fd0133 Más Regalo,8759.0,8.0,256.0,SSD,Core I3,0,15.6,Intel Core i3-N305,8,Alder Lake-N,Intel,15.6,Estandar
Hp,Hp Elitebook 645 G9 Ryzen 5 16gb Ram 256gb Ssd 14 Fhd Win11 (Reacondicionado),9742.0,16.0,256.0,SSD,Ryzen 5,0,,AMD Ryzen 5,No especificado,No especificado,AMD,14.0,Estandar
Hp,"Notebook Gamer HP Victus con AMD Ryzen 7 7445HS, 16 GB de RAM y SSD de 512 GB",22499.0,16.0,512.0,SSD,Ryzen 7,0,,No especificado,No especificado,No especificado,AMD,16.0,Grande
Hp,Laptop Hp Elitebook 830 G8 Intel I5 1145g7 16gb 256 Ssd Win (Reacondicionado),6289.0,16.0,256.0,SSD,No especificado,0,,No especificado,No especificado,No especificado,Intel,,Estandar
Hp,Hp Omnibook 3 16gb 512gb Snapdragon X W11,10700.0,16.0,512.0,SSD,No especificado,0,,No especificado,No especificado,No especificado,Otros,,Estandar
Hp,Laptop Hp Elitebook 660 G11 Intel Ultra 7-155u 16gb Ram 1tb,48595.0,16.0,1024.0,SSD,No especificado,0,,No especificado,No especificado,No especificado,Intel,11.0,Ultraportatil
Hp,"Notebook HP EliteBook 745 G6 con AMD Ryzen 5 PRO, 8GB de RAM y SSD de 256GB - Excelente (Reacondicionado)",5100.0,8.0,256.0,SSD,Ryzen 5,0,,AMD Ryzen 5,No especificado,No especificado,AMD,,Estandar
Hp,"Notebook HP ZBook ZBook 8 G1i BN4E2LT Plateado 14"" disco SSD 1 TB Intel 255H NVIDIA RTX™ 500 Ada GDDR6 32GB de Ram (Nuevo con caja abierta)",28999.0,32.0,1024.0,SSD,No especificado,1,14.0,No especificado,No especificado,No especificado,Intel,14.0,Estandar
Hp,Laptop Hp 14  Hd Led Amd Athlon 7120u 4gb Ram 128gb +regalos,4999.0,4.0,128.0,SSD,Athlon,0,,No especificado,No especificado,No especificado,AMD,14.0,Estandar
Hp,Hp Probook 4g1ah Ryzen 5 24gb Ram 512gb Ssd 16 Win11pro Plateado,23429.0,24.0,512.0,SSD,Ryzen 5,0,,AMD Ryzen 5,No especificado,No especificado,AMD,16.0,Grande
Hp,"Laptop HP OmniBook X 14-fe1001la Snapdragon X Plus 16GB RAM 1TB SSD 14"" Pantalla Touch 2.2K",33319.0,16.0,1024.0,SSD,No especificado,0,14.0,No especificado,No especificado,No especificado,Otros,14.0,Estandar
Hp,Laptor Hp Victus 15 Intel Core I5 8gb 512 Ssd Geforce Rtx,17999.0,8.0,512.0,SSD,Core I5,1,,Intel Core i5,No especificado,No especificado,Intel,15.0,Estandar
Hp,Laptop Hp Probook 440 G7 Core I5 10th Gen 16gb Ram/256gb Ssd (Reacondicionado),6499.0,16.0,256.0,SSD,Core I5,0,,Intel Core i5,No especificado,No especificado,Intel,,Estandar
Hp,Laptop Hp Elitebook 840 G7 Core I5 10th 8gb Ram 256gb Ssd (Reacondicionado),5290.0,8.0,256.0,SSD,Core I5,0,,Intel Core i5,No especificado,No especificado,Intel,,Estandar
Hp,"HP Laptop 17z-cp300 17.3"" HD+ AMD Ryzen 5 7430U 8GB RAM 256GB SSD Windows 11 Inicio Jet Negro",11135.0,8.0,256.0,SSD,Ryzen 5,0,17.3,AMD Ryzen 5,No especificado,No especificado,AMD,17.3,Grande
Hp,Laptop Hp Probook 640 G4 8gb Ram M2 512gb Intel I5 Portatil (Reacondicionado),4352.0,8.0,512.0,SSD,No especificado,0,,Apple M2,8,Apple Silicon (2ª Gen),Apple,,Estandar
Hp,Hp Omnibook Ryzen Ai 5 16gb 512gb Ssd Pantalla 16 WUXGA 1920 x 1200 Amd Radeon Incluye Windows 11 Instalado Laptop Gamer 16-ag1065 Con Regalo,35834.0,16.0,512.0,SSD,No especificado,0,,No especificado,No especificado,No especificado,AMD,11.0,Ultraportatil
Hp,Laptop Hp Elitebook 845 G10 Ryzen 5 Pro 7540u 16gb Ram 512gb - Plata - Excelente (Reacondicionado),22899.0,16.0,512.0,SSD,Ryzen 5,0,,AMD Ryzen 5,No especificado,No especificado,AMD,,Estandar
Hp,Laptop Hp 245 G10 Ryzen 5 7520u 8gb 512gb + Ventilador,8899.0,8.0,512.0,SSD,Ryzen 5,0,,AMD Ryzen 5 7520U,4,Serie 7000 (Zen 2),AMD,,Estandar
Hp,"Laptop HP 14-DQ3000DX - 14"" HD Intel Celeron N4500 4GB 64GB eMMC",5156.0,4.0,64.0,SSD,Celeron,0,14.0,No especificado,No especificado,No especificado,Intel,14.0,Estandar
Hp,Hp Elitebook 745 G6 Ryzen 5 16gb 256gb Ssd Touch Grado B (Reacondicionado),6804.0,16.0,256.0,SSD,Ryzen 5,0,,AMD Ryzen 5,No especificado,No especificado,AMD,,Estandar
Hp,Laptop Hp Elitebook 830 G8 Intel I5 1145g7 16gb 512 Ssd Win (Reacondicionado),6989.0,16.0,512.0,SSD,No especificado,0,,No especificado,No especificado,No especificado,Intel,,Estandar
Hp,Hp 15-fc0265la Laptop 15.6  Fhd Ryzen 5 8gb 512gb+office 365,15999.0,8.0,512.0,SSD,Ryzen 5,0,15.6,AMD Ryzen 5,No especificado,No especificado,AMD,15.6,Estandar
Hp,Hp Probook 650 G5 Intel I5 8va 8 Gb Ram 250gb Ssd (Reacondicionado),3850.0,8.0,250.0,SSD,No especificado,0,,No especificado,No especificado,No especificado,Intel,,Estandar
Hp,Hp Zbook 15 G3 Core I7 6th Gen 32gb Ram 480gb Ssd 2gb Video (Reacondicionado),8637.0,32.0,480.0,SSD,Core I7,0,,Intel Core i7,No especificado,No especificado,Intel,,Estandar
Hp,"Laptop Hp Probook 4 Ai G1i,intel Core Ultra 5,16gb,512gb,16",28429.0,16.0,512.0,SSD,No especificado,0,,No especificado,No especificado,No especificado,Intel,16.0,Grande
Hp,"Laptop Hp Intel Core I5-10210u 16gb Ram, Ssd 480gb (Reacondicionado)",6200.0,16.0,480.0,SSD,Core I5,0,,Intel Core i5,No especificado,No especificado,Intel,,Estandar
Hp,Laptop Hp 15-fd0151la Core I5 8gb Ram 512gb M.2 Win11 Color Plateado,18638.0,8.0,512.0,SSD,Core I5,0,,Intel Core i5,No especificado,No especificado,Intel,,Estandar
Hp,HP Gamer Ryzen 7 7730U 16GB RAM 512GB SSD Pantalla 14 FHD 1920 x 1080 Windows 11 AMD Radeon Graphics Laptop 14-em0033 Con Regalo,15471.0,16.0,512.0,SSD,Ryzen 7,0,,AMD Ryzen 7 7730U,8,Serie 7000 (Zen 3),AMD,14.0,Estandar
Hp,Laptop HP 14 14-dq6105dx Intel N150 4 GB RAM 128 GB UFS pantalla 14 HD antirreflejo Windows 11 Home color Oro rosa pálido,4558.0,4.0,128.0,SSD,Intel N150,0,,No especificado,No especificado,No especificado,Intel,14.0,Estandar
Hp,Notebook Hp 245 G10 Amd Ryzen3 8gb Ram 256gb Ssd Window 1... Gris Oscuro,12600.0,8.0,256.0,SSD,Ryzen3,0,,AMD Ryzen 3,No especificado,No especificado,AMD,,Estandar
Hp,Hp Probook 445 G10 Ryzen 7 7730u Pro 16gb 512 Gb Ssd Win 11 (Reacondicionado),9989.0,16.0,512.0,SSD,Ryzen 7,0,,AMD Ryzen 7 7730U,8,Serie 7000 (Zen 3),AMD,,Estandar
Hp,Hp Gamer Ryzen Ai 7 16GB RAM 1TB SSD Pantalla Táctil 16 Wuxga 1920 Px X 1200 Px Amd Radeon Incluye Windows Instalado Laptop 16-ag1775cl Más Regalo - Excelente (Reacondicionado),24007.0,16.0,1024.0,SSD,No especificado,0,,No especificado,No especificado,No especificado,AMD,16.0,Grande
Hp,"Laptop 2 en 1 HP OmniBook X Flip de 14"" Touch 2K, con Intel Core Ultra 5, 16GB RAM y SSD de 512GB",22999.0,16.0,512.0,SSD,No especificado,0,14.0,No especificado,No especificado,No especificado,Intel,14.0,Estandar
Hp,Hp Laptop 15-fd0046la intel Core I7 8gb Ram 512gb Ssd fhd Plateado Natural,15499.0,8.0,512.0,SSD,Core I7,0,,Intel Core i7,No especificado,No especificado,Intel,,Estandar
Hp,Hp Elitebook 840 G7 Intel Core I5 10510u 16gb Ram 256gb Ssd (Reacondicionado),6999.0,16.0,256.0,SSD,Core I5,0,,Intel Core i5,No especificado,No especificado,Intel,,Estandar
Hp,Notebook Hp Probook 640 G8 I5 2.6ghz 11ª Gen 16gb 256ssd 14 Color Plateado - Excelente (Reacondicionado),6248.0,16.0,256.0,SSD,No especificado,0,,No especificado,No especificado,No especificado,Intel,14.0,Estandar
Hp,Laptop Hp Core I5 8va | 16gb Ram | 256gb Ssd Windows 11 (Reacondicionado),5105.0,16.0,256.0,SSD,Core I5,0,,Intel Core i5,No especificado,No especificado,Intel,,Estandar
Hp,Hp Workstation Zbook 17 G6 Core I7 9th 32gb 512gb 6gb Video (Reacondicionado),21194.0,32.0,512.0,SSD,Core I7,0,,Intel Core i7,No especificado,No especificado,Intel,,Estandar
Hp,"Laptop Hp 14-dq6012dx 14 , Intel Processor N150, 128gb Ufs,",5999.0,128.0,128.0,SSD,No especificado,0,,No especificado,No especificado,No especificado,Intel,14.0,Estandar
Hp,Hp 15-fc0288la Laptop 15.6  Full Hd Amd Ryzen 7 16gb 512gb (Nuevo con caja abierta),19999.0,16.0,512.0,SSD,Ryzen 7,0,15.6,No especificado,No especificado,No especificado,AMD,15.6,Estandar
Hp,Portátil HP Probook G7 Amd R3 8 Gb 256 Gb Ssd W10 Pro 14p gris - Excelente (Reacondicionado),5325.0,8.0,256.0,SSD,No especificado,0,,No especificado,No especificado,No especificado,AMD,,Estandar
Hp,Hp Ryzen 7 16gb De Ram 512gb Ssd Pantalla Wuxga Incluye Windows Instalado,29239.0,16.0,512.0,SSD,Ryzen 7,0,,No especificado,No especificado,No especificado,AMD,,Estandar
Hp,Hp Elitebook X360 1040 G9 I7-1255u 14in 16gb 512gb W11p - Excelente (Reacondicionado),13499.0,16.0,512.0,SSD,No especificado,0,14.0,Intel Core i7-1255U,10,12ª Gen (Alder Lake),Intel,14.0,Estandar
Hp,"Laptop HP Omen MAX 16 para Gaming y Creación con Intel Core Ultra 9, 32GB RAM y 1TB SSD",67999.0,32.0,1024.0,SSD,No especificado,0,,No especificado,No especificado,No especificado,Intel,16.0,Grande
Hp,Hp Probook 460 G11 Intel Core Ultra 5 24gb Ram 512gb Ssd,17499.0,24.0,512.0,SSD,No especificado,0,,No especificado,No especificado,No especificado,Intel,11.0,Ultraportatil
Hp,Hp Probook 640 G8 Core I5-1145g7 8gb Ram 256gb Ssd 14 Pulgad (Reacondicionado),7888.0,8.0,256.0,SSD,Core I5,0,,Intel Core i5,No especificado,No especificado,Intel,14.0,Estandar
Hp,Notebook Hp Probook 840 G5 Core I5 8va 16gb 512ssd 14 W11 Color Plateado - Excelente (Reacondicionado),4925.0,16.0,512.0,SSD,Core I5,0,,Intel Core i5,No especificado,No especificado,Intel,14.0,Estandar
Hp,Hp Elitebook 845 G7 Ryzen 5 Pro 16gb 512gb Ssd Win 11 Pro (Reacondicionado),7416.0,16.0,512.0,SSD,Ryzen 5,0,,AMD Ryzen 5,No especificado,No especificado,AMD,,Estandar
Hp,Hp Probook 640 G2 Core I5 16gb 500gb Fhd Win10 Pro (Reacondicionado),3699.0,16.0,500.0,SSD,Core I5,0,,Intel Core i5,No especificado,No especificado,Intel,,Estandar
Hp,"Laptop Hp 255r: Ryzen 5, 16 Gb, 512 Gb, W11 Home",11399.0,16.0,512.0,SSD,Ryzen 5,0,,AMD Ryzen 5,No especificado,No especificado,AMD,16.0,Grande
Hp,"HP Chromebook 11a-nb0013dx 11,6, 4 GB, 32 GB, Intel Celeron N3",3499.0,4.0,32.0,SSD,Celeron,0,11.6,No especificado,No especificado,No especificado,Intel,11.6,Ultraportatil
Hp,"HP Chromebook 11a-nb0013dx 11,6, 4 GB, 32 GB, Intel Celeron N3 (Nuevo con caja abierta)",2499.0,4.0,32.0,SSD,Celeron,0,11.6,No especificado,No especificado,No especificado,Intel,11.6,Ultraportatil
Hp,Laptop Hp Amd Ryzen 7/16 Gb Ram/512 Gb Ssd 15-fc0377la,25000.0,16.0,512.0,SSD,Ryzen 7,0,,No especificado,No especificado,No especificado,AMD,16.0,Grande
Hp,Laptop Hp Amd Ryzen 7/16 Gb Ram/512 Gb Ssd 15-fc0377la.,25999.0,16.0,512.0,SSD,Ryzen 7,0,,No especificado,No especificado,No especificado,AMD,16.0,Grande
Hp,"Notebook Hp Victus Core i7 13620H 16Gb 512Gb RTX 4050 6Gb 15.6"" Win11",41348.0,16.0,512.0,SSD,Core I7,1,15.6,Intel Core i7,No especificado,No especificado,Intel,15.6,Estandar
Hp,Laptop Hp Probook 465 G11 Amd Ryzen 5 16gb Ram 256gb W11 Pro Color Plateado - Excelente (Reacondicionado),20999.0,16.0,256.0,SSD,Ryzen 5,0,,AMD Ryzen 5,No especificado,No especificado,AMD,,Estandar
Hp,Hp 15-dy1751ms Core I5-10th 8gb 256gb Touch Rapidisima W11 (Reacondicionado),4899.0,8.0,256.0,SSD,Core I5,0,,Intel Core i5,No especificado,No especificado,Intel,,Estandar
Hp,Notebook Hp Probook 445 G7 Amd Ryzen 5 4500u 8 Gb 256 Ssd Color Silver - Excelente (Reacondicionado),5325.0,8.0,256.0,SSD,Ryzen 5,0,,AMD Ryzen 5 4500U,6,Serie 4000 (Zen 2),AMD,,Estandar
Hp,Hp Omnibook 3 Ryzen 5 40 8gb Ram 256gb Ssd Touch W11 16 +kit,14399.0,8.0,256.0,SSD,Ryzen 5,0,,AMD Ryzen 5,No especificado,No especificado,AMD,16.0,Grande
Hp,Laptop Hp 15.6 Intel Core 3 8gb Ram 512gb Ssd Windows 11 Fhd,16000.0,8.0,512.0,SSD,No especificado,0,15.6,No especificado,No especificado,No especificado,Intel,15.6,Estandar
Hp,Notebook Hp 240 G8 Intel Core I5 8gb Ram 256gb Ssd Color Negro,10999.0,8.0,256.0,SSD,Core I5,0,,Intel Core i5,No especificado,No especificado,Intel,,Estandar
Hp,Laptop Hp Probook 640 G4 Intel I5 8th 8gb/ 240hdd 14'' (Reacondicionado),8999.0,8.0,240.0,SSD,No especificado,0,,No especificado,No especificado,No especificado,Intel,14.0,Estandar
Otra,Notebook Elitebook 840 G5 14  16gb Ram 512gb Ssd Intel I5 (Reacondicionado),5473.0,16.0,512.0,SSD,No especificado,0,,No especificado,No especificado,No especificado,Intel,14.0,Estandar
Hp,Laptop Hp 15t-fd000 Intel Core I5 32gb Ram 2tb,32578.0,32.0,2048.0,SSD,Core I5,0,,Intel Core i5,No especificado,No especificado,Intel,,Estandar
Hp,Laptop Hp 14  Intel Celeron 8gb Ram 64gb Ssd Windows 11,7519.0,8.0,64.0,SSD,Celeron,0,,No especificado,No especificado,No especificado,Intel,14.0,Estandar
Hp,Laptop Hp 840 G2 Core I5 5th Ram 8gb Ddr3 Hdd 500gb (Reacondicionado),2860.0,8.0,500.0,SSD,Core I5,0,,Intel Core i5,No especificado,No especificado,Intel,,Estandar
Hp,"Laptop HP 15-fc0043la, 15.6"", AMD Ryzen 3, 8GB RAM, 512GB SSD, FHD, Windows 11 Home",13778.0,8.0,512.0,SSD,Ryzen 3,0,15.6,AMD Ryzen 3,No especificado,No especificado,AMD,15.6,Estandar
Hp,Portátil Hp Ultrabook 14  Intel N150 16gb Ram 256gb Ssd,11423.0,16.0,256.0,SSD,Intel N150,0,,No especificado,No especificado,No especificado,Intel,14.0,Estandar
Hp,Hp Omnibook 5 16 2k Touchscreen Amd Ryzen Ai 7 445 16gb 1tb,18500.0,16.0,1024.0,SSD,No especificado,0,,No especificado,No especificado,No especificado,AMD,16.0,Grande
Hp,Laptop Hp Pavilion 14  16gb Ram 512gb Ssd Intel N150,10803.0,16.0,512.0,SSD,Intel N150,0,,No especificado,No especificado,No especificado,Intel,14.0,Estandar
Hp,2 En 1 Hp Envy X360 15 Eu1073cl 15.6 16gb Ram 512gb Ssd Amd 5825u Negro,28456.0,16.0,512.0,SSD,No especificado,0,15.6,No especificado,No especificado,No especificado,AMD,15.6,Estandar
Hp,"Portátil Hp Touch I3-n305 De 15,6 Pulgadas, 16 Gb, 512 Gb, S Azul",18217.0,16.0,512.0,SSD,No especificado,0,15.6,Intel Core i3-N305,8,Alder Lake-N,Intel,15.6,Estandar
Hp,Hp Probook X360 435 G9 Amd Ryzen7 5875 16gb 512gb Ssd 13.3 (Reacondicionado),14999.0,16.0,512.0,SSD,Ryzen7,0,13.3,No especificado,No especificado,No especificado,AMD,13.3,Ultraportatil
Hp,Notebook Hp 250 G10 Intel Core I3 8gb Ram 512gb Ssd,10000.0,8.0,512.0,SSD,Core I3,0,,Intel Core i3,No especificado,No especificado,Intel,10.0,Ultraportatil
Hp,Laptop Hp Probook 650 G5 Core I5-8365u/8gb Ram/256gb Ssd M.2 (Reacondicionado),4929.0,8.0,256.0,SSD,Core I5,0,,Intel Core i5,No especificado,No especificado,Intel,,Estandar
Hp,HP Azul Athlon 7120U 128GB SSD 4GB Ram Pantalla 14 HD Amd Radeon Graphics Incluye Windows Instalado Laptop Em0002 Con Regalo,14097.0,128.0,128.0,SSD,Athlon,0,,No especificado,No especificado,No especificado,AMD,14.0,Estandar
Hp,Hp Probook 460 G11 Intel Core Ultra 5 24gb Ram 512gb Ssd,21569.0,24.0,512.0,SSD,No especificado,0,,No especificado,No especificado,No especificado,Intel,11.0,Ultraportatil
Hp,Laptop Hp 245 G10 Ryzen 5 7520u 8gb 512gb + Mause,9999.0,8.0,512.0,SSD,Ryzen 5,0,,AMD Ryzen 5 7520U,4,Serie 7000 (Zen 2),AMD,,Estandar
Hp,"Laptop Hp Zbook Firefly G8 14 , Intel Core I5, 16gb 256gb - Excelente (Reacondicionado)",6500.0,16.0,256.0,SSD,Core I5,0,,Intel Core i5,No especificado,No especificado,Intel,14.0,Estandar
Hp,"Laptop HP 15-FC0265la 15.6 pulgadas AMD ryzen 5, 8GB RAM 512GB SSD",13999.0,8.0,512.0,SSD,Ryzen 5,0,15.6,AMD Ryzen 5,No especificado,No especificado,AMD,15.6,Estandar
Hp,Laptop Hp Elitebook 840 G6 Intel Core I5 8th 8gb/240gb Ssd (Reacondicionado),7208.0,8.0,240.0,SSD,Core I5,0,,Intel Core i5,No especificado,No especificado,Intel,,Estandar
Hp,"Laptop HP Omnibook 5 para IA con AMD Ryzen AI 7 350, 16GB RAM y 512GB SSD",21999.0,16.0,512.0,SSD,No especificado,0,,No especificado,No especificado,No especificado,AMD,,Estandar
Hp,Laptop Hp 240 G10 Intel Core I3 8gb 512gb Ssd W11h + Regalos,12999.0,8.0,512.0,SSD,Core I3,0,,Intel Core i3,No especificado,No especificado,Intel,10.0,Ultraportatil
Hp,"Laptop HP OmniBook 7 Aero AI 13-bg1072la AMD Ryzen AI 7 16GB RAM 1TB SSD 13.3"" 2K Windows 11 Home",32339.0,16.0,1024.0,SSD,No especificado,0,13.3,No especificado,No especificado,No especificado,AMD,13.3,Ultraportatil
Hp,Laptop Hp 240 G10 Intel Core I3 8gb 512gb Ssd W11h + Regalo,12999.0,8.0,512.0,SSD,Core I3,0,,Intel Core i3,No especificado,No especificado,Intel,10.0,Ultraportatil
Hp,Hp Probook 650 G5 Core I7 16gb 256gb Ssd Win 11 Pro (Reacondicionado),6499.0,16.0,256.0,SSD,Core I7,0,,Intel Core i7,No especificado,No especificado,Intel,,Estandar
Hp,Hp Probook 650 G5 Core I5-8365u 16gb 480gb Ssd Win 11 Pro (Reacondicionado),5999.0,16.0,480.0,SSD,Core I5,0,,Intel Core i5,No especificado,No especificado,Intel,,Estandar
Hp,Hp Probook 450 G8 Core I5-1135g7 8gb 512gb Ssd Win 11 Pro (Reacondicionado),5900.0,8.0,512.0,SSD,Core I5,0,,Intel Core i5-1135G7,4,11ª Gen (Tiger Lake),Intel,,Estandar
Hp,Notebook Hp 15 Fhd Táctil I7-1355u 16gb 512gb Ssd Plateado,18683.0,16.0,512.0,SSD,No especificado,0,,Intel Core i7-1355U,10,13ª Gen (Raptor Lake),Intel,,Estandar
Hp,Laptop Hp Elitebook 830g8 Intel I5 1145g7 16gb 256ssd Tactil (Reacondicionado),6789.0,16.0,256.0,SSD,No especificado,0,,No especificado,No especificado,No especificado,Intel,,Estandar
Hp,"Notebook Hp Elitebook 745 G6, Amd, 8gb De Ram Y Ssd De 512gb (Reacondicionado)",6899.0,8.0,512.0,SSD,No especificado,0,,No especificado,No especificado,No especificado,AMD,,Estandar
Hp,"Laptop Hp Probook 4ai G1i, Intel Core Ultra 5,16gb,512gb,16 Plateado",22599.0,16.0,512.0,SSD,No especificado,0,,No especificado,No especificado,No especificado,Intel,16.0,Grande
Hp,"Laptop HP OmniBook 3 14-hy0050la AMD Ryzen 5 8 GB RAM 512 GB SSD 14"" 2K",18619.0,8.0,512.0,SSD,Ryzen 5,0,14.0,AMD Ryzen 5,No especificado,No especificado,AMD,14.0,Estandar
Hp,Hp Probook 445 G10 Ryzen 7 7730u Pro 16gb 256 Gb Ssd Win 11 (Reacondicionado),9389.0,16.0,256.0,SSD,Ryzen 7,0,,AMD Ryzen 7 7730U,8,Serie 7000 (Zen 3),AMD,,Estandar
Hp,Laptop Hp Probook 450 G4 Core I5 7ma Gen 16gb Ram 240gb Ssd (Reacondicionado),5799.0,16.0,240.0,SSD,Core I5,0,,Intel Core i5,No especificado,No especificado,Intel,,Estandar
Hp,Laptop Hp 240 G9 14 Intel Core I3-1315u 8gb Ssd 256gb W11 Color Gris Oscuro,9299.0,8.0,256.0,SSD,Core I3,0,,Intel Core i3-1315U,6,13ª Gen (Raptor Lake),Intel,14.0,Estandar
Hp,Portátil Hp 14 Intel N150 4 Gb 128 Gb Ufs Win 11,6250.0,4.0,128.0,SSD,Intel N150,0,,No especificado,No especificado,No especificado,Intel,14.0,Estandar
Hp,Ordenador Portátil Hp 35 Cm Intel N150 4 Gb Ram 128 Gb Ufs W,8583.0,4.0,128.0,SSD,Intel N150,0,,No especificado,No especificado,No especificado,Intel,,Estandar
Hp,Ordenador Portátil Hp 17.3 2026 I3 8 Núcleos 16 Gb 1 Tb Ssd,20270.0,16.0,1024.0,SSD,No especificado,0,17.3,No especificado,No especificado,No especificado,Intel,17.3,Grande
Hp,Ordenador Portátil Hp 17.3 Intel Ultra 5 16 Gb Ram 1 Tb Ssd,25702.0,16.0,1024.0,SSD,No especificado,0,17.3,No especificado,No especificado,No especificado,Intel,17.3,Grande
Hp,Ordenador Portátil Hp 15.6 Ryzen 7 24 Gb Ram 512 Gb Ssd Win,20839.0,24.0,512.0,SSD,Ryzen 7,0,15.6,No especificado,No especificado,No especificado,AMD,15.6,Estandar
Hp,Laptop Hp 15.6  Pantalla Táctil Intel I3-1215u 64gb Ram 1tb,35837.0,64.0,1024.0,SSD,No especificado,0,15.6,Intel Core i3-1215U,6,12ª Gen (Alder Lake),Intel,15.6,Estandar
Hp,Laptop Hp 17.3  Hd+ Intel I3-n305 16gb Ram 512gb Ssd,23884.0,16.0,512.0,SSD,No especificado,0,17.3,Intel Core i3-N305,8,Alder Lake-N,Intel,17.3,Grande
Hp,Ordenador Portátil Hp 17.3 Ryzen 3 16 Gb Ram 512 Gb Ssd Wi-f,20394.0,16.0,512.0,SSD,Ryzen 3,0,17.3,AMD Ryzen 3,No especificado,No especificado,AMD,17.3,Grande
Hp,Ordenador Portátil Hp Elitebook 6 16 Ryzen 5 32 Gb 1 Tb Ssd,20027.0,32.0,1024.0,SSD,Ryzen 5,0,,AMD Ryzen 5,No especificado,No especificado,AMD,16.0,Grande
Hp,Ordenador Portátil Hp Elite C640 14 Fhd Intel I5 8 Gb 416 Gb,13643.0,8.0,416.0,SSD,No especificado,0,,No especificado,No especificado,No especificado,Intel,14.0,Estandar
Hp,Ordenador Portátil Hp 17.3 I3-n305 16 Gb Ram 512 Gb Ssd Wind,22693.0,16.0,512.0,SSD,No especificado,0,17.3,Intel Core i3-N305,8,Alder Lake-N,Intel,17.3,Grande
Hp,Laptop Hp 15.6  Pantalla Táctil I3-1315u 16gb 1tb Ssd Win11,23287.0,16.0,1024.0,SSD,No especificado,0,15.6,Intel Core i3-1315U,6,13ª Gen (Raptor Lake),Intel,15.6,Estandar
Hp,Portátil Hp 14 Intel N150 De 4 Gb De Ram 128 Gb Ssd De 14 Pu Azul,6227.0,4.0,128.0,SSD,Intel N150,0,,No especificado,No especificado,No especificado,Intel,14.0,Estandar
Hp,Laptop Hp 17.3  Ryzen 5 8gb 512gb Ssd Win 11 Wifi 6,17100.0,8.0,512.0,SSD,Ryzen 5,0,17.3,AMD Ryzen 5,No especificado,No especificado,AMD,17.3,Grande
Hp,Ordenador Portátil Hp 17.3 I3-305 8 Gb 256 Gb Ssd Windows 11,19719.0,8.0,256.0,SSD,No especificado,0,17.3,No especificado,No especificado,No especificado,Intel,17.3,Grande
Hp,"Ordenador Portátil Hp Ryzen 5 17.3 Fhd, 16 Gb De Ram, 1 Tb,",19860.0,16.0,1024.0,SSD,Ryzen 5,0,17.3,AMD Ryzen 5,No especificado,No especificado,AMD,17.3,Grande
Hp,Laptop Hp 15 Notebook 15.6'' Intel Core I3-1115g4 32gb 1tb S,22043.0,32.0,1024.0,SSD,Core I3,0,15.6,Intel Core i3-1115G4,2,11ª Gen (Tiger Lake),Intel,15.6,Estandar
Hp,"Laptop Hp 15,6  Fhd Touchscreen Intel I7-1255u 16gb 512gb Ss",23583.0,16.0,512.0,SSD,No especificado,0,15.6,Intel Core i7-1255U,10,12ª Gen (Alder Lake),Intel,15.6,Estandar
Hp,Ordenador Portátil Hp 15.6 N200 8 Gb Ram 128 Gb Ssd Wi-fi 6,12253.0,8.0,128.0,SSD,No especificado,0,15.6,Intel Processor N200,4,Alder Lake-N,Intel,15.6,Estandar
Hp,Laptop Hp 14-dq0518la Celeron N4120 Ram 4gb Ssd 128gb W11h Color Plateado (Nuevo con caja abierta),3950.0,4.0,128.0,SSD,Celeron,0,,No especificado,No especificado,No especificado,Intel,14.0,Estandar
Hp,Ordenador Portátil Hp 15.6 I3 16 Gb Ram 1 Tb Ssd Wi-fi 6 Pla,20091.0,16.0,1024.0,SSD,No especificado,0,15.6,No especificado,No especificado,No especificado,Intel,15.6,Estandar
Hp,Portátil Hp 17.3  Ryzen5 32gb Ram 1tb Ssd Windows11pro,36230.0,32.0,1024.0,SSD,Ryzen5,0,17.3,AMD Ryzen 5,No especificado,No especificado,AMD,17.3,Grande
Hp,Laptop Hp 17.3  I3 N305 16 Gb 512 Gb Ssd Windows 11 Pro,22392.0,16.0,512.0,SSD,No especificado,0,17.3,Intel Core i3-N305,8,Alder Lake-N,Intel,17.3,Grande
Hp,Laptop Hp 17.3  Hd+ Intel I3-n305 8gb 512gb Ssd Win11,20019.0,8.0,512.0,SSD,No especificado,0,17.3,Intel Core i3-N305,8,Alder Lake-N,Intel,17.3,Grande
Hp,Laptop Hp Nueva Notebook 15.6'' Intel I3-1215u 32gb 1tb Ssd,30447.0,32.0,1024.0,SSD,No especificado,0,15.6,Intel Core i3-1215U,6,12ª Gen (Alder Lake),Intel,15.6,Estandar
Hp,Portátil Hp 17.3'' Ryzen 5 7430u 64gb Ram 2tb Ssd Windows,37663.0,64.0,2048.0,SSD,Ryzen 5,0,17.3,AMD Ryzen 5,No especificado,No especificado,AMD,17.3,Grande
Hp,Portátil Hp 15.6  I7-1355u 32gb Ram 1tb Ssd Windows11pro,38232.0,32.0,1024.0,SSD,No especificado,0,15.6,Intel Core i7-1355U,10,13ª Gen (Raptor Lake),Intel,15.6,Estandar
Hp,Laptop Hp 15.6  Touchscreen I3-1215u 64gb Ram 1tb Ssd,35837.0,64.0,1024.0,SSD,No especificado,0,15.6,Intel Core i3-1215U,6,12ª Gen (Alder Lake),Intel,15.6,Estandar
Hp,Portátil Hp 15.6  I3-1315u 16gb Ram 512gb Ssd Win11,23912.0,16.0,512.0,SSD,No especificado,0,15.6,Intel Core i3-1315U,6,13ª Gen (Raptor Lake),Intel,15.6,Estandar
Hp,Laptop Hp 14'' Intel 4-core 16gb Ram 128gb Ssd Windows 11 Ve,9097.0,16.0,128.0,SSD,No especificado,0,,No especificado,No especificado,No especificado,Intel,14.0,Estandar
Hp,Laptop Hp Probook 640 G4 8gb Ram M2 512gb Core I5 7300u 2.8 (Reacondicionado),5479.0,8.0,512.0,SSD,Core I5,0,,Apple M2,8,Apple Silicon (2ª Gen),Apple,,Estandar
Hp,Laptop Gamer Hp Omen Rtx 5060 Core I7 14650hx 32gb 1tb 16,45999.0,32.0,1024.0,SSD,Core I7,1,,Intel Core i7,No especificado,No especificado,Intel,16.0,Grande
Hp,Notebook HP Omen 14fb0001la Intel Core Ultra 7 16gb RAM Nvidia GeForce Rtx4060 1tb ssd (Nuevo con caja abierta),78999.0,16.0,1024.0,SSD,No especificado,1,,No especificado,No especificado,No especificado,Intel,,Estandar
Hp,"Notebook Hp Elitebook 745 G6, Amd, 16gb De Ram, Ssd De 512gb (Reacondicionado)",7699.0,16.0,512.0,SSD,No especificado,0,,No especificado,No especificado,No especificado,AMD,,Estandar
Hp,Hp Elitebook 745 G6 Ryzen 5 Pro 8gb 512gb Ssd Win11 Pro (Reacondicionado),6099.0,8.0,512.0,SSD,Ryzen 5,0,,AMD Ryzen 5,No especificado,No especificado,AMD,,Estandar
Hp,Laptop Hp Zbook Fury 17 G8 Intel I5 32gb 512ssd Nvidia T1200 (Reacondicionado),11989.0,32.0,512.0,SSD,No especificado,0,,No especificado,No especificado,No especificado,Intel,,Estandar
Hp,Notebook Hp 15.6  Intel Core I5-1334u 8gb 512gb Ssd Plateado,12614.0,8.0,512.0,SSD,Core I5,0,15.6,Intel Core i5,No especificado,No especificado,Intel,15.6,Estandar
Hp,Laptop Hp 2025 Intel N150 14  Hd 16gb 384gb Wifi 6,11663.0,16.0,384.0,SSD,Intel N150,0,,No especificado,No especificado,No especificado,Intel,14.0,Estandar
Hp,Ordenador Portátil Hp 17.3 I7-1355u 8 Gb 256 Gb Ssd Win10 Pr,25714.0,8.0,256.0,SSD,No especificado,0,17.3,Intel Core i7-1355U,10,13ª Gen (Raptor Lake),Intel,17.3,Grande
Hp,"Laptop Hp Probook 4 Ai G1a, Amd Ryzen 7 250,16gb,512gb,16 Plateado",22599.0,16.0,512.0,SSD,Ryzen 7,0,,No especificado,No especificado,No especificado,AMD,16.0,Grande
Hp,Ordenador Portátil Hp 15.6 Ryzen 5 8 Gb Ram 512 Gb Ssd Win 1,23661.0,8.0,512.0,SSD,Ryzen 5,0,15.6,AMD Ryzen 5,No especificado,No especificado,AMD,15.6,Estandar
Hp,Portátil Hp 43.9cm I3-n305 8gb Ram 512gb Ssd Win11,20400.0,8.0,512.0,SSD,No especificado,0,,Intel Core i3-N305,8,Alder Lake-N,Intel,,Estandar
Hp,Ordenador Portátil Hp Pavilion 15.6 Fhd I3 16 Gb 1 Tb Ssd Wi,22027.0,16.0,1024.0,SSD,No especificado,0,15.6,No especificado,No especificado,No especificado,Intel,15.6,Estandar
Hp,Laptop Hp Elitebook 840 G9 Int Core I7 Ram 8gb Ssd 512 Gb - Bueno (Reacondicionado),8500.0,8.0,512.0,SSD,Core I7,0,,Intel Core i7,No especificado,No especificado,Intel,,Estandar
Hp,Portátil Hp 15.6  Intel N100 16gb Ram 1tb Ssd Wifi6,21956.0,16.0,1024.0,SSD,Intel N100,0,15.6,Intel Processor N100,4,Alder Lake-N,Intel,15.6,Estandar
Hp,Portátil Hp 17.3  I3-n305 8gb Ram 512gb Ssd Plata,20400.0,8.0,512.0,SSD,No especificado,0,17.3,Intel Core i3-N305,8,Alder Lake-N,Intel,17.3,Grande
Hp,Ordenador Portátil Hp Elitebook 2026 16 Ryzen 5 16 Gb 512 Gb,31139.0,16.0,512.0,SSD,Ryzen 5,0,,AMD Ryzen 5,No especificado,No especificado,AMD,16.0,Grande
Hp,Ordenador Portátil Hp 15.6 I7-1355u 16 Gb De Ram 512 Gb Ssd,25303.0,16.0,512.0,SSD,No especificado,0,15.6,Intel Core i7-1355U,10,13ª Gen (Raptor Lake),Intel,15.6,Estandar
Hp,Ordenador Portátil Hp 15.6 I3-1315u 16 Gb De Ram 512 Gb Ssd,24737.0,16.0,512.0,SSD,No especificado,0,15.6,Intel Core i3-1315U,6,13ª Gen (Raptor Lake),Intel,15.6,Estandar
Hp,"Ordenador Portátil Hp 43,9 Cm N100 4 Gb Ram 128 Gb Ufs +ms36",14590.0,4.0,128.0,SSD,No especificado,0,,Intel Processor N100,4,Alder Lake-N,Intel,,Estandar
Hp,Ordenador Portátil Hp 15.6 N100 128 Gb Ssd Win 11 Pro Office,12113.0,128.0,128.0,SSD,No especificado,0,15.6,Intel Processor N100,4,Alder Lake-N,Intel,15.6,Estandar
Hp,"Ordenador Portátil Hp Ryzen 7 15.6 Fhd 32 Gb De Ram 1,5 Tb S",27994.0,32.0,1536.0,SSD,Ryzen 7,0,15.6,No especificado,No especificado,No especificado,AMD,15.6,Estandar
Hp,"Ordenador Portátil Hp 15.6 I3-1115g4, 16 Gb De Ram, 1 Tb, Ss",23479.0,16.0,1024.0,SSD,No especificado,0,15.6,Intel Core i3-1115G4,2,11ª Gen (Tiger Lake),Intel,15.6,Estandar
Hp,Laptop Hp Probook 450 G4 Core I5-7200u/8gb Ram-240gb Ssd/w11 (Reacondicionado),4929.0,8.0,240.0,SSD,Core I5,0,,Intel Core i5,No especificado,No especificado,Intel,,Estandar
Hp,"Laptop Hp Probook 440 G7, Core I5-10ma, Ram 16gb, Ssd 256gb (Reacondicionado)",5750.0,16.0,256.0,SSD,Core I5,0,,Intel Core i5,No especificado,No especificado,Intel,,Estandar
Hp,Laptop Hp X360 11-n026br Intel Core I5 8gb 128gb Ssd Táctil (Reacondicionado),3500.0,8.0,128.0,SSD,Core I5,0,,Intel Core i5,No especificado,No especificado,Intel,,Estandar
Hp,Laptop Hp Envy X360 2 En 1 14  Fhd Touch Intel I7 16gb 2tb S,40568.0,16.0,2048.0,SSD,No especificado,0,,No especificado,No especificado,No especificado,Intel,14.0,Estandar
Hp,Laptop Hp 255 G10 Ryzen 5 16 Gb 512 Gb 15.6  Fhd Win11,16202.0,16.0,512.0,SSD,Ryzen 5,0,15.6,AMD Ryzen 5,No especificado,No especificado,AMD,15.6,Estandar
Hp,Hp Omnibook 3 16 2k W11 Intel Core Ultra 7 255u 16gb 1tb,17500.0,16.0,1024.0,SSD,No especificado,0,,No especificado,No especificado,No especificado,Intel,11.0,Ultraportatil
Hp,Laptop Hp Zbook 15u G6 Intel I7 16gb 256 Ssd Radeon Wx3200 (Reacondicionado),8389.0,16.0,256.0,SSD,No especificado,0,,No especificado,No especificado,No especificado,Intel,,Estandar
Hp,Hp Laptop 14-em0000la Amd Athlon 8gb 128gb Ssd Color Dorado Cálido,8299.0,8.0,128.0,SSD,Athlon,0,,No especificado,No especificado,No especificado,AMD,14.0,Estandar
Hp,"Hp Zbook 15 G3.xeon E3-1505m V5, 16 Gb Ram,512 Ssd, 4gb Vram (Reacondicionado)",5799.0,16.0,512.0,SSD,No especificado,0,,No especificado,No especificado,No especificado,Intel,16.0,Grande
Hp,Portátil Gmmo Hp Zbook 14 G8 Intel I5 16 Gb Ssd 256 Gb M2 W1 Plateado,17156.0,16.0,256.0,SSD,No especificado,0,,Apple M2,8,Apple Silicon (2ª Gen),Apple,14.0,Estandar
Hp,Notebook Hp 250 G8 Core I7-1165g7 8gb Ssd 256gb 15.6 2 Color Gris Oscuro - Bueno (Reacondicionado),9508.0,8.0,256.0,SSD,Core I7,0,15.6,Intel Core i7-1165G7,4,11ª Gen (Tiger Lake),Intel,15.6,Estandar
Hp,Laptop HP 15-fd0084 Intel N200 4 GB RAM 128 GB UFS Pantalla 15.6 HD Antirreflejo Windows 11 Home Plateado,5592.0,4.0,128.0,SSD,Intel N200,0,15.6,Intel Processor N200,4,Alder Lake-N,Intel,15.6,Estandar
Hp,Laptop Oficinista Hp 445 G7 Ryzen 5 8gb Ram 256gb Ssd W11 (Reacondicionado),5899.0,8.0,256.0,SSD,Ryzen 5,0,,AMD Ryzen 5,No especificado,No especificado,AMD,,Estandar
Hp,Laptop Hp Notebook Intel Core I5 13ª Gen 12gb Ram 512gb Ssd 15.6 Pulgadas Windows 11 Home,14877.0,12.0,512.0,SSD,Core I5,0,15.6,Intel Core i5,No especificado,No especificado,Intel,15.6,Estandar
Hp,Laptop Hp Probook 440 G8 Intel I7 1165g7 32gb 1tb Ssd Win 11 (Reacondicionado),10989.0,32.0,1024.0,SSD,No especificado,0,,No especificado,No especificado,No especificado,Intel,,Estandar
Hp,"Laptop Hp 14, Celeron N4120, 4gb Ram, 64gb Emmc, Windows 11 Color Negro - Excelente (Reacondicionado)",3999.0,4.0,64.0,SSD,Celeron,0,,No especificado,No especificado,No especificado,Intel,14.0,Estandar
Hp,Hp Probook 4g1i Ai Pc 16 Intel Ultra 7 16gb 512gb Win Pro Plateado,26199.0,16.0,512.0,SSD,No especificado,0,,No especificado,No especificado,No especificado,Intel,16.0,Grande
Hp,Laptop Hp 255 G10 15.6  Fhd Amd Ryzen 3 16gb Ssd 512gb,11299.0,16.0,512.0,SSD,Ryzen 3,0,15.6,AMD Ryzen 3,No especificado,No especificado,AMD,15.6,Estandar
Hp,Laptop Hp Probook 450 G4 Core I5 7ma Gen 8gb Ram 120gb Ssd (Reacondicionado),4499.0,8.0,120.0,SSD,Core I5,0,,Intel Core i5,No especificado,No especificado,Intel,,Estandar
Hp,Laptop Hp 245 G10 Ryzen 5 8gb Ram 512gb Ssd Windows 11,9999.0,8.0,512.0,SSD,Ryzen 5,0,,AMD Ryzen 5,No especificado,No especificado,AMD,,Estandar
Hp,Laptop Hp Elitebook 820 G4 Core I5-7300u Ram 8gb M.2 256gb (Reacondicionado),3799.0,8.0,256.0,SSD,Core I5,0,,Intel Core i5,No especificado,No especificado,Intel,,Estandar
Hp,Hp Zbook Power G11 Ryzen 7-8845hs 32gb 512gb Rtx 1000 Ada (Reacondicionado),26499.0,32.0,512.0,SSD,Ryzen 7,1,,No especificado,No especificado,No especificado,AMD,,Estandar
Hp,Laptop Hp Probook 450 G4 Core I5 -7ma Gen 16gb Ram 240gb Ssd (Reacondicionado),5799.0,16.0,240.0,SSD,Core I5,0,,Intel Core i5,No especificado,No especificado,Intel,,Estandar
Otra,Increíble Laptop Core I7-6th 32 Gb Ram 256 Gb Ssd Windows11 (Reacondicionado),6700.0,32.0,256.0,SSD,Core I7,0,,Intel Core i7,No especificado,No especificado,Intel,,Estandar
Hp,Laptop Hp Probook 440 G8 Intel I7 1165g7 16gb 512 Ssd Win 11 (Reacondicionado),8289.0,16.0,512.0,SSD,No especificado,0,,No especificado,No especificado,No especificado,Intel,,Estandar
Hp,Notebook Hp Intel Processor N150 4gb 128gb 14'' Win 11 Blue,4585.0,4.0,128.0,SSD,No especificado,0,,No especificado,No especificado,No especificado,Intel,14.0,Estandar
Hp,Laptop Hp Probook 4 G1q 14  Ai Snapdragon X 16gb Ram 512gb S,23429.0,16.0,512.0,SSD,No especificado,0,,No especificado,No especificado,No especificado,Otros,14.0,Estandar
Hp,"Laptop Hp 240 G10, Intel Core U5, 8gb Ram, 512gb Ssd, Win 11",11899.0,8.0,512.0,SSD,No especificado,0,,No especificado,No especificado,No especificado,Intel,,Estandar
Hp,Hp Zbook Firefly 14 G10  Core I7-1355u 16gb 1tb 14 Rtx 4gb (Reacondicionado),17800.0,16.0,1024.0,SSD,Core I7,1,,Intel Core i7-1355U,10,13ª Gen (Raptor Lake),Intel,14.0,Estandar
Hp,Hp Victus 15-fb0125  Ryzen 7-5800h 16gb 1tb 15.6 Rtx 4gb W11 (Reacondicionado),18200.0,16.0,1024.0,SSD,Ryzen 7,1,15.6,AMD Ryzen 7 5800H,8,Serie 5000 (Zen 3),AMD,15.6,Estandar
Hp,"Notebook HP 255 G10 con AMD Ryzen 7, 16 GB RAM y 512 GB SSD",19999.0,16.0,512.0,SSD,Ryzen 7,0,,No especificado,No especificado,No especificado,AMD,16.0,Grande
Hp,"Laptop Hp 200 G2i Intel Core 5 120u 8gb Ddr5 512gb Ssd, 16"" IPS WUXGA",11499.0,8.0,512.0,SSD,No especificado,0,16.0,No especificado,No especificado,No especificado,Intel,16.0,Grande
Otra,Potente Laptop Core I7-6th 32 Gb Ram 512 Gb Ssd Windows 11 (Reacondicionado),7050.0,32.0,512.0,SSD,Core I7,0,,Intel Core i7,No especificado,No especificado,Intel,,Estandar
Hp,Remate Laptop Hp Probook 450 Core I5 7ma Gen/8gbram/120gbssd (Reacondicionado),4799.0,8.0,120.0,SSD,Core I5,0,,Intel Core i5,No especificado,No especificado,Intel,,Estandar
Hp,Laptop Hp 11anb0013dx Intel 3350 4gb 32gb (reacondicionado) (Reacondicionado),19999.0,4.0,32.0,SSD,No especificado,0,,No especificado,No especificado,No especificado,Intel,,Estandar
Hp,Hp Laptop Core I5 8gb Ram 256ssd Lista Para Trabajar (Reacondicionado),4735.0,8.0,256.0,SSD,Core I5,0,,Intel Core i5,No especificado,No especificado,Intel,,Estandar
Hp,Laptop Hp 14 Pulgadas Intel Celeron 4gb Ram 128gb,9923.0,4.0,128.0,SSD,Celeron,0,14.0,No especificado,No especificado,No especificado,Intel,14.0,Estandar
Hp,Notebook Hp Intel Core I7 16gb Ram Ddr5 512gb Ssd,30598.0,16.0,512.0,SSD,Core I7,0,,Intel Core i7,No especificado,No especificado,Intel,,Estandar
Hp,Notebook Hp 15t-fd000 Intel Core I5 16gb Ram 1tb,24466.0,16.0,1024.0,SSD,Core I5,0,,Intel Core i5,No especificado,No especificado,Intel,,Estandar
Hp,Hp Laptop Intel Core I7 10 Nucleos 16gb Ram 512gb,22248.0,16.0,512.0,SSD,Core I7,0,,Intel Core i7,No especificado,No especificado,Intel,,Estandar
Hp,Laptop Hp 15.6 Intel Core I5 32gb Ram 1tb Ssd,32981.0,32.0,1024.0,SSD,Core I5,0,15.6,Intel Core i5,No especificado,No especificado,Intel,15.6,Estandar
Hp,Laptop Hp 3565r5 Amd Ryzen 5 7430u 16gb Ram 1tb,29361.0,16.0,1024.0,SSD,Ryzen 5,0,,AMD Ryzen 5,No especificado,No especificado,AMD,,Estandar
Hp,Hp Chromebook 14 Intel Celeron N4500 4gb Ram 64gb,10152.0,4.0,64.0,SSD,Celeron,0,,No especificado,No especificado,No especificado,Intel,14.0,Estandar
Hp,Notebook Hp Ultrabook Intel Celeron 4gb Ram 64gb,10194.0,4.0,64.0,SSD,Celeron,0,,No especificado,No especificado,No especificado,Intel,,Estandar
Hp,Laptop Hp Ultrabook Intel Celeron 4gb Ram 64gb,10102.0,4.0,64.0,SSD,Celeron,0,,No especificado,No especificado,No especificado,Intel,,Estandar
Hp,Hp Chromebook 14 Laptop Intel Celeron N4000 4gb Ram 32gb,6361.0,4.0,32.0,SSD,Celeron,0,,No especificado,No especificado,No especificado,Intel,14.0,Estandar
Hp,Laptop Hp Stream 14 Intel 4-core 4gb Ram 1120gb,11027.0,4.0,1120.0,SSD,No especificado,0,,No especificado,No especificado,No especificado,Intel,14.0,Estandar
Hp,Notebook Hp Intel Core I5 16gb Ram 512gb Ssd,26392.0,16.0,512.0,SSD,Core I5,0,,Intel Core i5,No especificado,No especificado,Intel,,Estandar
Hp,Notebook Hp 15.6 Intel Core I5 16gb Ram 1tb Ssd,30444.0,16.0,1024.0,SSD,Core I5,0,15.6,Intel Core i5,No especificado,No especificado,Intel,15.6,Estandar
Hp,Laptop Hp 15.6 Intel Core I5 1334u 16gb Ram 1.5tb,28436.0,16.0,1536.0,SSD,Core I5,0,15.6,Intel Core i5,No especificado,No especificado,Intel,15.6,Estandar
Hp,Laptop Hp 15.6 Pulgadas Intel N200 16gb Ram 128gb,14969.0,16.0,128.0,SSD,Intel N200,0,15.6,Intel Processor N200,4,Alder Lake-N,Intel,15.6,Estandar
Hp,Laptop Hp Ultrabook Intel Atom N100 4gb Ram 128gb,12380.0,4.0,128.0,SSD,No especificado,0,,Intel Processor N100,4,Alder Lake-N,Intel,,Estandar
Hp,Laptop HP 15-fc0027 Ryzen 7 7730U 32GB 512GB SSD 15.6 FHD Táctil,21299.0,32.0,512.0,SSD,Ryzen 7,0,15.6,AMD Ryzen 7 7730U,8,Serie 7000 (Zen 3),AMD,15.6,Estandar
Hp,Laptop Hp Probook 650 G5 Core I5-8365u/16gbram/256gb Ssd M2 (Reacondicionado),5749.0,16.0,256.0,SSD,Core I5,0,,Apple M2,8,Apple Silicon (2ª Gen),Apple,,Estandar
Hp,"Laptop HP de 14"" con Intel Core i3, 8 GB de RAM y SSD de 256 GB",10499.0,8.0,256.0,SSD,Core I3,0,14.0,Intel Core i3,No especificado,No especificado,Intel,14.0,Estandar
Hp,Laptop Hp 15-fd0154wm 15.6  Core I5 16gb 512gb Ssd Fhd Touch (Reacondicionado),12999.0,16.0,512.0,SSD,Core I5,0,15.6,Intel Core i5,No especificado,No especificado,Intel,15.6,Estandar
Hp,Laptop Hp 17.3  Táctil I7-1355u 16gb 1tb Ssd,28475.0,16.0,1024.0,SSD,No especificado,0,17.3,Intel Core i7-1355U,10,13ª Gen (Raptor Lake),Intel,17.3,Grande
Hp,HP Laptop 15-fc0070la AMD Ryzen 5 16GB RAM 512GB SSD FHD,13249.0,16.0,512.0,SSD,Ryzen 5,0,,AMD Ryzen 5,No especificado,No especificado,AMD,,Estandar
Hp,Laptop Gamer HP Victus NVIDIA GeForce RTX 4050 AMD Ryzen 7 16GB RAM 512GB SSD Windows 11 Home (Nuevo con caja abierta),26000.0,16.0,512.0,SSD,Ryzen 7,1,,No especificado,No especificado,No especificado,AMD,,Estandar
Hp,"Notebook HP 14-dk1014la con Procesador AMD Athlon Silver, 1 TB de Disco y 8 GB de RAM",11000.0,8.0,1024.0,SSD,Athlon,0,,No especificado,No especificado,No especificado,AMD,14.0,Estandar
Hp,"Laptop HP Gaming Victus 15-fb2002la, AMD Ryzen 5, 8GB RAM, GPU de portátil NVIDIA GeForce RTX 3050 (GDDR6 de 6 GB dedicada), 512 GB SSD, 15.6"", FHD, Windows 11 Home",16000.0,8.0,512.0,SSD,Ryzen 5,1,15.6,AMD Ryzen 5,No especificado,No especificado,AMD,15.6,Estandar
Hp,Laptop Hp 240r G9 Intel Core I3 16gb Ram 512gb Ssd Windows 11 Home,13000.0,16.0,512.0,SSD,Core I3,0,,Intel Core i3,No especificado,No especificado,Intel,,Estandar
Hp,"Laptop HP 14-em0251la, AMD Ryzen 5, 8 GB RAM, 512 GB SSD, 14"" FHD, Windows 11 Home Plateado",9500.0,8.0,512.0,SSD,Ryzen 5,0,14.0,AMD Ryzen 5,No especificado,No especificado,AMD,14.0,Estandar
Hp,Notebook Hp 245 G9 Ryzen 3 3250u 8gb M.2 512gb Ssd 14 7f213lt Color Negro,6670.0,8.0,512.0,SSD,Ryzen 3,0,,AMD Ryzen 3 3250U,2,Serie 3000 (Zen+),AMD,14.0,Estandar
Hp,"Hp Laptop 15-fc0000la, 15.6 Amd Ryzen3 8gb Ram 512gb Ssd Color Dorado",12000.0,8.0,512.0,SSD,Ryzen3,0,15.6,AMD Ryzen 3,No especificado,No especificado,AMD,15.6,Estandar
Hp,Laptop Hp Envy X360 2-in-1 15.6 Intel Core Ultra 7 155U - 16GB Ram 512GB Ssd - W11,24000.0,16.0,512.0,SSD,No especificado,0,15.6,No especificado,No especificado,No especificado,Intel,15.6,Estandar
Hp,Laptop HP Ryzen 5 16GB 1TB 1000GB SSD FHD 15.6'',11000.0,16.0,1024.0,SSD,Ryzen 5,0,15.6,AMD Ryzen 5,No especificado,No especificado,AMD,15.6,Estandar
Hp,Notebook Hp Cw-1501la/ryzen 3 /8gb/1tb Hdd/ Rx Vega 6/ 15.6,12000.0,8.0,1024.0,SSD,Ryzen 3,0,15.6,AMD Ryzen 3,No especificado,No especificado,AMD,15.6,Estandar
Hp,Laptop Hp Pavilion 13-bb0502la Intel Core I5 1135 8gb 256gb Plata Natural (Nuevo con caja abierta),8499.0,8.0,256.0,SSD,Core I5,0,,Intel Core i5,No especificado,No especificado,Intel,,Estandar
Hp,HP Probook X360 435 G7 2 en 1 con pantalla táctil Amd Ryzen 7 Pro 4750u 16 GB Ddr4 512 GB SSD Amd Radeon Graphics 13.3 Full Hd 1080p Windows 11 Pro - Excelente (Reacondicionado),9000.0,16.0,512.0,SSD,Ryzen 7,0,13.3,No especificado,No especificado,No especificado,AMD,13.3,Ultraportatil
Hp,"Laptop HP 14-em0017la, 14"", AMD Ryzen™ 5, 8GB RAM, 512GB SSD, FHD, Windows 11 Home Single Language (Nuevo con caja abierta)",9500.0,8.0,512.0,SSD,No especificado,0,14.0,No especificado,No especificado,No especificado,AMD,14.0,Estandar
Hp,"Hp Pavilion Gaming Ryzen 7 32gb 512gb + 1tb 15,6 Gtx 1660ti",18000.0,32.0,1024.0,SSD,Ryzen 7,1,15.6,No especificado,No especificado,No especificado,AMD,15.6,Estandar
Hp,Laptop Hp 14-dq0526la Intel Celeron 4gb Ram 128gbssd,5500.0,4.0,128.0,SSD,Celeron,0,,No especificado,No especificado,No especificado,Intel,14.0,Estandar
Hp,Laptop Hp Gaming Victus 16-d0537la Intel Corei5 8gbram 512gb Azul Metalizado Brillante (Nuevo con caja abierta),16000.0,8.0,512.0,SSD,Corei5,0,,Intel Core i5,No especificado,No especificado,Intel,16.0,Grande
Hp,Laptop Hp Intel Core I3 4gb 1tb Win 10 Home 14 2k2p2lt Color 52049 - Aceptable (Reacondicionado),3000.0,4.0,1024.0,SSD,Core I3,0,,Intel Core i3,No especificado,No especificado,Intel,14.0,Estandar
Hp,Notebook HP ProBook 450 G3 negro/plata 16GB de Ram - 256GB SSD - Intel Core i5 - Excelente (Reacondicionado),4900.0,16.0,256.0,SSD,Core I5,0,,Intel Core i5,No especificado,No especificado,Intel,,Estandar
Hp,Hp Elitebook 850 G6 Core I5 16gb Ram 256gb  Ssd 15.6 Full Hd (Reacondicionado),6500.0,16.0,256.0,SSD,Core I5,0,15.6,Intel Core i5,No especificado,No especificado,Intel,15.6,Estandar
Hp,Laptop Hp Zbook 17 G3 Core I7 32gb 512gb Ssd Quadro M5000m (Reacondicionado),6850.0,32.0,512.0,SSD,Core I7,1,,Intel Core i7,No especificado,No especificado,Intel,,Estandar
Hp,Hp Probook 440 G7 Celeron 8gb 120gb Ssd Win 11 Garantía 90d (Reacondicionado),4599.0,8.0,120.0,SSD,Celeron,0,,No especificado,No especificado,No especificado,Intel,,Estandar
Hp,Laptop Hp Probook 640 G5 Corei5 8gb Ram 240gb Ssd Win11 Pro,3500.0,8.0,240.0,SSD,Corei5,0,,Intel Core i5,No especificado,No especificado,Intel,,Estandar
Hp,Laptop Hp Pavilion Core I7-8550u Ram 8gb Ssd 256gb 15.6,4290.0,8.0,256.0,SSD,Core I7,0,15.6,Intel Core i7,No especificado,No especificado,Intel,15.6,Estandar
Hp,Laptop Hp Probook 430 G2 Core I5 8gb 240gb Ssd Win 11 Pro,2000.0,8.0,240.0,SSD,Core I5,0,,Intel Core i5,No especificado,No especificado,Intel,,Estandar
Hp,"Hp Pavilion 240 G8, 14' Core I3-11th, 8gb Ram, 256gb Ssd",4499.0,8.0,256.0,SSD,Core I3,0,,Intel Core i3,No especificado,No especificado,Intel,14.0,Estandar
Hp,Hp Laptop 15-db00014la. Amd A9-9425. 4gb Ram. 1tb Hdd Win 11,3500.0,4.0,1024.0,SSD,No especificado,0,,No especificado,No especificado,No especificado,AMD,,Estandar
Hp,"Hp 240 G5 14' Core I5-6th, 8gb Ram, 128gb Ssd, Win 11",3399.0,8.0,128.0,SSD,Core I5,0,,Intel Core i5,No especificado,No especificado,Intel,14.0,Estandar
Hp,"Hp 14-dk1010la 14' Athlon Silver, 8gb Ram, 500gb + 128gb Ssd",3199.0,8.0,128.0,SSD,Athlon,0,,No especificado,No especificado,No especificado,AMD,14.0,Estandar
Hp,"Laptop Hp 240 G10, Intel Core I7-1355, 16gb Ram, 512gb Ssd",8600.0,16.0,512.0,SSD,Core I7,0,,Intel Core i7,No especificado,No especificado,Intel,,Estandar
Hp,Oferta Laptop Hp 840 I5 2.2ghz Ram 8gb D.d 1tb C/huella,2200.0,8.0,1024.0,SSD,No especificado,0,,No especificado,No especificado,No especificado,Intel,,Estandar
Hp,Laptop Hp 14 Ryzen 16gb Ram 480gb Ssd Barata Seminueva,4200.0,16.0,480.0,SSD,Ryzen 1,0,,No especificado,No especificado,No especificado,AMD,14.0,Estandar
Hp,Hp 15.6 Core I3 8gb Ram 128gb Ssd Barata Tmi,2800.0,8.0,128.0,SSD,Core I3,0,15.6,Intel Core i3,No especificado,No especificado,Intel,15.6,Estandar
Hp,"Laptop Hp Zbook 15 G2 Empresarial 16 Gb Ram 250 Ssd,corei7 !",3399.0,16.0,250.0,SSD,Corei7,0,,Intel Core i7,No especificado,No especificado,Intel,16.0,Grande
Hp,"Laptop Hp 15,6'' Intel Core I5-1334u 8gb Ram 512gb",9999.0,8.0,512.0,SSD,Core I5,0,15.6,Intel Core i5,No especificado,No especificado,Intel,15.6,Estandar
Hp,"Hp Laptp Intel De 8 Nucle05 Hasta 3,8 Gh 8 Gb Ram, 256 Gbssd",5500.0,8.0,256.0,SSD,No especificado,0,,No especificado,No especificado,No especificado,Intel,,Estandar
Hp,Laptop Hp 240 G8 Core I5 1135g7 8gb 256gb Ssd 14 Pulgadas,5500.0,8.0,256.0,SSD,Core I5,0,14.0,Intel Core i5,No especificado,No especificado,Intel,14.0,Estandar
Hp,Laptop Hp 245 G8 Amd Ryzen 3 Ram 8 Gb Dd 1 Tb + Ssd 128 Gb,3490.0,8.0,1024.0,SSD,Ryzen 3,0,,AMD Ryzen 3,No especificado,No especificado,AMD,,Estandar
Hp,Hp 14 Intel 4gb Ram 500gb Barata Economica Lista Para Usar,2100.0,4.0,500.0,SSD,No especificado,0,,No especificado,No especificado,No especificado,Intel,14.0,Estandar
Hp,Laptop Hp 645 Amd A6 5th 240ssd 4gb Ram Webcam Wifi 14.1 Dp,2600.0,4.0,240.0,SSD,No especificado,0,14.1,No especificado,No especificado,No especificado,AMD,14.1,Estandar
Hp,Laptop Hp 250 G4 Core I3 4ta 500hdd 4gb Ram 15.6 Webcam Wifi,3500.0,4.0,500.0,HDD,Core I3,0,15.6,Intel Core i3,No especificado,No especificado,Intel,15.6,Estandar
Hp,Laptop Hp Probook 640 Core I5 4th 4gb Ram 120gb Ssd Webcam,2800.0,4.0,120.0,SSD,Core I5,0,,Intel Core i5,No especificado,No especificado,Intel,,Estandar
Hp,Laptop Hp X360 14-dy2005 Core I5 8gb 256gb Ssd Lapiz Optico,13499.0,8.0,256.0,SSD,Core I5,0,,Intel Core i5,No especificado,No especificado,Intel,14.0,Estandar
Hp,Hpplateadacore I7 12th 8 Gb 512 Gb Ssd (nvme) 15.6 Fhd,9400.0,8.0,512.0,SSD,Core I7,0,15.6,Intel Core i7,No especificado,No especificado,Intel,15.6,Estandar
Hp,Laptop Hp 440 G9 Core I5 12va 8gb Ram 256gb 12thb,5990.0,8.0,256.0,SSD,Core I5,0,,Intel Core i5,No especificado,No especificado,Intel,,Estandar
Hp,"Hp, Intel Core I5, 8gb, 512ssd, 15.6, Fhd Color Warm Gold",8300.0,8.0,512.0,SSD,Core I5,0,15.6,Intel Core i5,No especificado,No especificado,Intel,15.6,Estandar
Hp,Laptop Hp Probook 640 G2 Core I5 8gb Ram Ssd M.2 256gb,3400.0,8.0,256.0,SSD,Core I5,0,,Intel Core i5,No especificado,No especificado,Intel,,Estandar
Hp,Laptop Hp Core I5-4ta/8 Gb Ram/500 Gb Disco/camara/14  Msi,9189.0,8.0,500.0,SSD,Core I5,0,,Intel Core i5,No especificado,No especificado,Intel,14.0,Estandar
Hp,Hp Elitebook 840 G7 Intel I5 10ma 16gb Ram 256gb Ssd Full Hd,16189.0,16.0,256.0,SSD,No especificado,0,,No especificado,No especificado,No especificado,Intel,,Estandar
Hp,Hp 15-fd0005 Core I5 16gb 512gb Ssd 15.6  Plateado,10300.0,16.0,512.0,SSD,Core I5,0,15.6,Intel Core i5,No especificado,No especificado,Intel,15.6,Estandar
Hp,Hp 14 Amd 4gb Ram 64gb Ssd Barata Economica Dual Core,2350.0,4.0,64.0,SSD,No especificado,0,,No especificado,No especificado,No especificado,AMD,14.0,Estandar
Hp,"Hp 15-da1056la, 15' Pentium Gold, 8gb Ram, 128gb Ssd",3499.0,8.0,128.0,SSD,No especificado,0,,No especificado,No especificado,No especificado,Intel,,Estandar
Hp,"Hp 15-ef1004la 15,6' Amd 3020e, 4gb Ram, 128gb Ssd Win11",2699.0,4.0,128.0,SSD,No especificado,0,15.6,No especificado,No especificado,No especificado,AMD,15.6,Estandar
Hp,Hp Stream 14-ax113la 14' Intel N4020. 4gb Ram + 64gb Emmc,2399.0,4.0,64.0,SSD,Intel N4020,0,,No especificado,No especificado,No especificado,Intel,14.0,Estandar
Hp,Laptop Hp Probook 655 Amd A8 2.10ghz 12gb Ddr3 Ssd 512gb 15,3679.0,12.0,512.0,SSD,No especificado,0,,No especificado,No especificado,No especificado,AMD,,Estandar
Hp,Hp 15.6 Intel 4gb Ram 240gb Ssd Barata Economica Dual Core,2500.0,4.0,240.0,SSD,No especificado,0,15.6,No especificado,No especificado,No especificado,Intel,15.6,Estandar
Hp,Notebook Hp 14  Chromebook Celeron 4gb Ssd 64gb,1250.0,4.0,64.0,SSD,Celeron,0,,No especificado,No especificado,No especificado,Intel,14.0,Estandar
Hp,Hp Amd A10 8gb Ram 128gb Ssd Barata Uso Rudo Cuatro Core,3000.0,8.0,128.0,SSD,No especificado,0,,No especificado,No especificado,No especificado,AMD,,Estandar
Hp,Hp Elitebook 840 G5 Profesional Core I5 8gb Ram+ssd 256gb,5150.0,8.0,256.0,SSD,Core I5,0,,Intel Core i5,No especificado,No especificado,Intel,,Estandar
Hp,Laptop Hp Elitobook 8470w Core I7 8 Gb Ram 120 Gb Ssd 14'',2000.0,8.0,120.0,SSD,Core I7,0,,Intel Core i7,No especificado,No especificado,Intel,14.0,Estandar
Hp,"Hp Stream 14-ax101la 14', Intel N4000, 8gb Ram, 64gb Emmc",2199.0,8.0,64.0,SSD,Intel N4000,0,,No especificado,No especificado,No especificado,Intel,14.0,Estandar
Hp,"Laptop Hp 15-fc000la Ryzen 3 7320u, 8 Gb Ram, 480 Gb Disco",4350.0,8.0,480.0,SSD,Ryzen 3,0,,AMD Ryzen 3 7320U,4,Serie 7000 (Zen 2),AMD,,Estandar
Hp,Hp Probook 440 G6 Core I5-8265u 8gb 128gb Ssd 500hdd W11,3500.0,8.0,128.0,SSD,Core I5,0,,Intel Core i5,No especificado,No especificado,Intel,,Estandar
Hp,Hp 14 Ryzen 8gb Ram 480gb Ssd Barata Seminueva Tmi,3700.0,8.0,480.0,SSD,Ryzen 8,0,,No especificado,No especificado,No especificado,AMD,14.0,Estandar
Hp,"Hp Pavilion 15z-bw000 15' Amd A12, 12gb Ram, 480gb Ssd",3999.0,12.0,480.0,SSD,No especificado,0,,No especificado,No especificado,No especificado,AMD,,Estandar
Hp,Laptop Hp Envy Core I7 7th 8ram 120ssd Nvidia 4gb Touch 17'',5000.0,4.0,120.0,SSD,Core I7,0,,Intel Core i7,No especificado,No especificado,Intel,17.0,Grande
Hp,Laptop Hp Elitebook 8440p Core I5 4gb Ram 500gb Webcam 14.0,2300.0,4.0,500.0,SSD,Core I5,0,14.0,Intel Core i5,No especificado,No especificado,Intel,14.0,Estandar
Hp,"Hp Pavilion 15-cw1012la, Ryzen 3, 8gb Ram, 750gb + 128gb Ssd",4499.0,8.0,128.0,SSD,Ryzen 3,0,,AMD Ryzen 3,No especificado,No especificado,AMD,,Estandar
Hp,Hp Probook 640 G1 Core I5 4th 4gb Ram 250gb Hdd Win10,2500.0,4.0,250.0,SSD,Core I5,0,,Intel Core i5,No especificado,No especificado,Intel,,Estandar
Hp,Hp Elitebook 640-g9  Core I7-1255u 32gb 512gb 14 Nvidia 2gb,14100.0,32.0,512.0,SSD,Core I7,0,,Intel Core i7-1255U,10,12ª Gen (Alder Lake),Intel,14.0,Estandar
Hp,Laptop Hp 450 G9 I7-1255u Ram 16gb Ssd 512gb W11pro Plata,9888.0,16.0,512.0,SSD,No especificado,0,,Intel Core i7-1255U,10,12ª Gen (Alder Lake),Intel,,Estandar
Hp,"Hp 250 G8 15.6'' Core I7-10th, 8gb Ram, 480gb Ssd",5999.0,8.0,480.0,SSD,Core I7,0,15.6,Intel Core i7,No especificado,No especificado,Intel,15.6,Estandar
Hp,Hp Pavilion 250 G7 15' Core I3-7th 8gb Ram 750gb + 128gb Ssd,3799.0,8.0,128.0,SSD,Core I3,0,,Intel Core i3,No especificado,No especificado,Intel,,Estandar
Hp,"Laptop Hp Envy X360 Touch Core I7 1250u 8gb, 512gb Ssd W11",7500.0,8.0,512.0,SSD,Core I7,0,,Intel Core i7,No especificado,No especificado,Intel,,Estandar
Hp,Laptop Hp Probook 6470b Core I5 4gb Ram 120gb Ssd Webcam,2400.0,4.0,120.0,SSD,Core I5,0,,Intel Core i5,No especificado,No especificado,Intel,,Estandar
Hp,Hp Victus 15-fb0125  Ryzen 7-5800h 16gb 1tb 15.6 Rtx 4gb W11,16500.0,16.0,1024.0,SSD,Ryzen 7,1,15.6,AMD Ryzen 7 5800H,8,Serie 5000 (Zen 3),AMD,15.6,Estandar
Hp,Hp 15-fc0079la Ryzen 5 8gb Ram 512gb Ssd + Microsoft 365 Color Plateado,17000.0,8.0,512.0,SSD,Ryzen 5,0,,AMD Ryzen 5,No especificado,No especificado,AMD,,Estandar
Hp,"Notebook Hp Pentium N200 4gb 128gb Ufs 15,6 Win11 Red Color Rojo (Nuevo con caja abierta)",6500.0,4.0,128.0,SSD,No especificado,0,15.6,Intel Processor N200,4,Alder Lake-N,Intel,15.6,Estandar
Hp,"HP Laptop 15-fd0026la Intel Core i3 8GB RAM 512GB SSD 15.6"" FHD",12000.0,8.0,512.0,SSD,Core I3,0,15.6,Intel Core i3,No especificado,No especificado,Intel,15.6,Estandar
Hp,Laptop Hp 15-fd0083wm 15.6 Pentium N200 128gb 8gb Ram Color Plateado,9999.0,128.0,128.0,SSD,No especificado,0,15.6,Intel Processor N200,4,Alder Lake-N,Intel,15.6,Estandar
Hp,Laptop Hp Pavilion 15-eh0002la Amd Ryzen 5 4500 8gb 512gb Azul Niebla,14000.0,8.0,512.0,SSD,Ryzen 5,0,,AMD Ryzen 5,No especificado,No especificado,AMD,,Estandar
Hp,Laptop Hp 640 G5 14 Core I7-8565u 32gb Y 256gbssd+500gbhdd,13980.0,32.0,256.0,SSD,Core I7,0,,Intel Core i7,No especificado,No especificado,Intel,14.0,Estandar
Hp,Laptop Hp Envy X360 Core I7 12va 16gb 1tb Ssd Touch + Huella - Excelente (Reacondicionado),16500.0,16.0,1024.0,SSD,Core I7,0,,Intel Core i7,No especificado,No especificado,Intel,,Estandar
Hp,Notebook Hp Victus 16-d0516la Intel Core I5 8gb 512gb Win 11 (Nuevo con caja abierta),15999.0,8.0,512.0,SSD,Core I5,0,,Intel Core i5,No especificado,No especificado,Intel,16.0,Grande
Hp,Laptop Hp Probook 460 G11 Intel Core Ultra 5-125u 16gb 512gb (Nuevo con caja abierta),21000.0,16.0,512.0,SSD,No especificado,0,,No especificado,No especificado,No especificado,Intel,11.0,Ultraportatil
Hp,"Notebook HP 255 G10 con Ryzen 3 7320U, 8 GB RAM y SSD de 256 GB",18937.0,8.0,256.0,SSD,Ryzen 3,0,,AMD Ryzen 3 7320U,4,Serie 7000 (Zen 2),AMD,,Estandar
Hp,Laptop Hp 245 G10 Amd Ryzen 3 8gb Ram 512gb Ssd Plateado (Nuevo con caja abierta),10700.0,8.0,512.0,SSD,Ryzen 3,0,,AMD Ryzen 3,No especificado,No especificado,AMD,,Estandar
Hp,Portátil HP Stream Intel 11 4 GB RAM 64 GB Win 10 Original - Aceptable (Reacondicionado),3800.0,4.0,64.0,SSD,No especificado,0,11.4,No especificado,No especificado,No especificado,Intel,11.4,Ultraportatil
Hp,Portátil HP Probook 640 G4: i5-8ª 8 GB Ssd M2 512 GB - Bueno (Reacondicionado),4600.0,8.0,512.0,SSD,No especificado,0,,Apple M2,8,Apple Silicon (2ª Gen),Apple,,Estandar
Hp,Notebook Hp 240 G9 Core I5 Ram 16gb Ssd 512gb 14 Pulgadas W11h Color Negro (Nuevo con caja abierta),11999.0,16.0,512.0,SSD,Core I5,0,14.0,Intel Core i5,No especificado,No especificado,Intel,14.0,Estandar
Hp,Laptop Hp 14 Intel Celeron 4gb Ram 64gb Ssd Blanco 14-dq3000dx (Nuevo con caja abierta),4499.0,4.0,64.0,SSD,Celeron,0,,No especificado,No especificado,No especificado,Intel,14.0,Estandar
Hp,Laptop Gamer Hp Victus Gaming Amd Ryzen 5 8gb 512gb Silver Color Gris,16350.0,8.0,512.0,SSD,Ryzen 5,0,,AMD Ryzen 5,No especificado,No especificado,AMD,,Estandar
Hp,Hp 15-fc0027la Ryzen 3 8gb Ram 512gb Ssd Plateado,9000.0,8.0,512.0,SSD,Ryzen 3,0,,AMD Ryzen 3,No especificado,No especificado,AMD,,Estandar
Hp,"Laptop Hp: Intel Core I5, Ram 12gb, Ssd 512gb, 17.3 , W11h (Nuevo con caja abierta)",9200.0,12.0,512.0,SSD,Core I5,0,17.3,Intel Core i5,No especificado,No especificado,Intel,17.3,Grande
Otra,"Laptop Gaming OMEN 16-c0502la AMD Ryzen 7, 8 GB RAM, GPU NVIDIA GeForce RTX 3050, 512 GB SSD, 16.1"", FHD - Bueno (Reacondicionado)",20000.0,8.0,512.0,SSD,Ryzen 7,1,16.1,No especificado,No especificado,No especificado,AMD,16.1,Grande
Hp,Laptop Hp 16 Probook 465 G11 Ryzen 7 7735u 16gb Ram 512gb W11pro Color Plateado (Nuevo con caja abierta),20000.0,16.0,512.0,SSD,Ryzen 7,0,,No especificado,No especificado,No especificado,AMD,16.0,Grande
Hp,Laptop HP 245 G10 AMD Ryzen 3 8GB RAM 256GB SSD Windows 11 Home (Nuevo con caja abierta),13500.0,8.0,256.0,SSD,Ryzen 3,0,,AMD Ryzen 3,No especificado,No especificado,AMD,,Estandar
Hp,Notebook Hp 15-fc0004la (ryzen 3 7320u/8gb Ddr5/ 512gb /w11) (Nuevo con caja abierta),20000.0,8.0,512.0,SSD,Ryzen 3,0,,AMD Ryzen 3 7320U,4,Serie 7000 (Zen 2),AMD,,Estandar
Hp,Laptop Hp Probook 440 G11 Intel Core Ultra 7-155u 16gb 1tb,20500.0,16.0,1024.0,SSD,No especificado,0,,No especificado,No especificado,No especificado,Intel,11.0,Ultraportatil
Hp,"Laptop HP con Ryzen 3 y Windows 11 de 15.6"" con 8 GB de RAM y SSD de 256 GB (Nuevo con caja abierta)",7999.0,8.0,256.0,SSD,Ryzen 3,0,15.6,AMD Ryzen 3,No especificado,No especificado,AMD,15.6,Estandar
Hp,Hp Laptop 14-dq0522la Intel Pentium Silver 8gb 128gb Ssd Plateado Natural (Nuevo con caja abierta),11800.0,8.0,128.0,SSD,No especificado,0,,No especificado,No especificado,No especificado,Intel,14.0,Estandar
Hp,Laptop Hp Probook 440 G8 14 Core I5-1135g7 8gb/256gb Nvidia (Nuevo con caja abierta),12000.0,8.0,256.0,SSD,Core I5,0,,Intel Core i5-1135G7,4,11ª Gen (Tiger Lake),Intel,14.0,Estandar
Hp,"Laptop HP ProBook 4 G1iR 14"" Windows 11 Pro Intel Core 5 120U 16 GB 512 GB SSD (Nuevo con caja abierta)",18000.0,16.0,512.0,SSD,No especificado,0,14.0,No especificado,No especificado,No especificado,Intel,14.0,Estandar
Hp,Laptop Hp 14-dq2502la Intel Core I3 8gb Ram 256gb Ssd Color Dorado - Excelente (Reacondicionado),9700.0,8.0,256.0,SSD,Core I3,0,,Intel Core i3,No especificado,No especificado,Intel,14.0,Estandar
Hp,Laptop Hp 15-da0009la Core I3 Ram 8gb Hdd 1tb 15.6hd Windows 10 Nueva! - Excelente (Reacondicionado),7499.0,8.0,1024.0,HDD,Core I3,0,,Intel Core i3,No especificado,No especificado,Intel,,Estandar
Hp,"Notebook HP Victus 15-FA2093DX B97DTUA#ABA Plateado 15.6"" 1920 px x 1080 px disco SSD 1 TB Intel 13620H 32GB de Ram (Nuevo con caja abierta)",22896.0,32.0,1024.0,SSD,No especificado,0,15.6,No especificado,No especificado,No especificado,Intel,15.6,Estandar
Hp,Laptop Hp Probook 450 G4 Core I5-7200u/16gbram/240gb Ssd/w11 (Reacondicionado),5499.0,16.0,240.0,SSD,Core I5,0,,Intel Core i5,No especificado,No especificado,Intel,,Estandar
Hp,"Hp Pavilion 15-da2016 15' Core I3-10th, 8ram 1tb + 128gb Ssd",3799.0,128.0,1024.0,SSD,Core I3,0,,Intel Core i3,No especificado,No especificado,Intel,,Estandar
Hp,Hp Laptop 17  Intel I5-8265u 8gb Ram 256 Ssd Touch Sin Caja,21999.0,8.0,256.0,SSD,No especificado,0,,No especificado,No especificado,No especificado,Intel,17.0,Grande
Hp,Laptop Hp 245 G10 Ryzen 7 8gb 512gb Ssd W11 14,14899.0,8.0,512.0,SSD,Ryzen 7,0,,No especificado,No especificado,No especificado,AMD,14.0,Estandar
Hp,Notebook Hp Core I5 8va Generacion 8gb Ram 256gb Ssd - Excelente (Reacondicionado),4400.0,8.0,256.0,SSD,Core I5,0,,Intel Core i5,No especificado,No especificado,Intel,,Estandar
Hp,"Hp Elitebook 840 G3 I5-6, 8gb 256gb 500 Hdd Reacondicionado (Reacondicionado)",5599.0,8.0,256.0,SSD,No especificado,0,,No especificado,No especificado,No especificado,Intel,,Estandar
Hp,"Hp Elitebook 840 G3, I5-6 8gb Ram  256gb Reacondicionado (Reacondicionado)",5399.0,8.0,256.0,SSD,No especificado,0,,No especificado,No especificado,No especificado,Intel,,Estandar
Hp,Hp Elitebook 840 G5 I5-8 8gb 256gb Ssd Reacondicionado (Reacondicionado),7399.0,8.0,256.0,SSD,No especificado,0,,No especificado,No especificado,No especificado,Intel,,Estandar
Hp,"Notebook Hp Probook 440 G11 de 14"" Intel Ultra 7 8Gb RAM 512Gb NVME, Win11 Pro",22000.0,8.0,512.0,SSD,No especificado,0,14.0,No especificado,No especificado,No especificado,Intel,14.0,Estandar
Hp,Laptop Hpprobook 630 G8 I5-11 8gbram 128 Ssd Reacondicionado (Reacondicionado),6499.0,8.0,128.0,SSD,No especificado,0,,No especificado,No especificado,No especificado,Intel,,Estandar
Hp,Hp Laptop Ryzen3 12gb-ram 256gb-ssd W11 Fhd 15.6'' Seminueva,7997.0,12.0,256.0,SSD,Ryzen3,0,15.6,AMD Ryzen 3,No especificado,No especificado,AMD,15.6,Estandar
Hp,Laptop Hp Victus Intel Core I5 8gb 256gb Win 11 16-d0503la Color Azul,12000.0,8.0,256.0,SSD,Core I5,0,,Intel Core i5,No especificado,No especificado,Intel,16.0,Grande
Hp,"Hp Laptop 14-dq2533la, Core I5, 8gb, 512 Ssd, hd 14 Plata Color Plateado",10000.0,8.0,512.0,SSD,Core I5,0,,Intel Core i5,No especificado,No especificado,Intel,14.0,Estandar
Hp,"Laptop HP Gaming Victus 15-fb2002la, AMD Ryzen 5, 8GB RAM, GPU de portátil NVIDIA GeForce RTX 3050 (GDDR6 de 6 GB dedicada), 512 GB SSD, 15.6"", FHD, Windows 11 Home (Nuevo con caja abierta)",16000.0,8.0,512.0,SSD,Ryzen 5,1,15.6,AMD Ryzen 5,No especificado,No especificado,AMD,15.6,Estandar
Hp,"Laptop Hp Ryzen 3 7320u Ram 8gb Ssd 512gb, 15.6 W 11 H Rosa (Nuevo con caja abierta)",8000.0,8.0,512.0,SSD,Ryzen 3,0,15.6,AMD Ryzen 3 7320U,4,Serie 7000 (Zen 2),AMD,15.6,Estandar
Hp,"Laptop Hp 240 G10, Intel I7, 8gb Ram, 512gb Ssd",16504.0,8.0,512.0,SSD,No especificado,0,,No especificado,No especificado,No especificado,Intel,,Estandar
Hp,Laptop Hp 14-em0001la Amd Ryzen 3 8 Gb Ram 256 Gb Ssd 14 Moonlight Blue,7200.0,8.0,256.0,SSD,Ryzen 3,0,,AMD Ryzen 3,No especificado,No especificado,AMD,14.0,Estandar
Hp,"Laptop HP 14-em0017la, 14"", AMD Ryzen™ 5, 8GB RAM, 512GB SSD, FHD, Windows 11 Home Single Language",9999.0,8.0,512.0,SSD,No especificado,0,14.0,No especificado,No especificado,No especificado,AMD,14.0,Estandar
Hp,HP ENVY x360 Amd Ryzen 7 8840HS Gamer 16Gb Ram 1TB SSD Pantalla 16 WUXGA Touch 2en1 Laptop 16-AD0023DX Incluye Windows (Nuevo con caja abierta),25899.0,16.0,1024.0,SSD,Ryzen 7,0,,AMD Ryzen 7 8840HS,8,Serie 8000 (Zen 4),AMD,16.0,Grande
Hp,Notebook 14 Chromebook Celeron N3350 4 GB RAM/64 GB SSD HP Cor Negro (Nuevo con caja abierta),2950.0,4.0,64.0,SSD,Celeron,0,,No especificado,No especificado,No especificado,Intel,14.0,Estandar
Hp,"Notebook HP Victus Gaming con AMD Ryzen 7, NVIDIA RTX 4070, 64 GB RAM y 1 TB SSD",34990.0,64.0,1024.0,SSD,Ryzen 7,1,,No especificado,No especificado,No especificado,AMD,,Estandar
Hp,Notebook Hp 15-gw0010wm Ryzen 3 128gb Ssd + 1tb Hdd 4gb Ram (Nuevo con caja abierta),5000.0,128.0,1024.0,SSD,Ryzen 3,0,,AMD Ryzen 3,No especificado,No especificado,AMD,,Estandar
Hp,Notebook Hp Intel Core I3-n305 8gb De Ram 512gb Ssd Pcie Nvme 14'' 1366 X 768 Hd Windows 11 Home Azul Claro,8000.0,8.0,512.0,SSD,Core I3,0,,Intel Core i3-N305,8,Alder Lake-N,Intel,14.0,Estandar
Hp,"Notebook HP 250 G10 con Intel Core i5, 8 GB RAM y 512 GB SSD (Nuevo con caja abierta)",8000.0,8.0,512.0,SSD,Core I5,0,,Intel Core i5,No especificado,No especificado,Intel,,Estandar
Hp,Laptop Hp 15-dy10113la- Intel Core I7-ram 8gb 512 Ssd,12000.0,8.0,512.0,SSD,Core I7,0,,Intel Core i7,No especificado,No especificado,Intel,,Estandar
Hp,"Notebook HP 240 G8 con Intel Core i5, 16GB de RAM y SSD de 256GB",13000.0,16.0,256.0,SSD,Core I5,0,,Intel Core i5,No especificado,No especificado,Intel,,Estandar
Hp,Notebook Hp 15.6 15-fc0057wm Amd 7 7730u 16gb 512gb Ssd (Nuevo con caja abierta),12000.0,16.0,512.0,SSD,No especificado,0,15.6,No especificado,No especificado,No especificado,AMD,15.6,Estandar
Hp,Laptop Hp 15-dy2052la Windows 11 Intel Corei5-1135g7 8gb Ram 256gb 15.6,12000.0,8.0,256.0,SSD,Corei5,0,15.6,Intel Core i5-1135G7,4,11ª Gen (Tiger Lake),Intel,15.6,Estandar
Hp,Laptop Hp Probook 440 G9 Intel Core I7 8gb Ram 256 Ssd,11900.0,8.0,256.0,SSD,Core I7,0,,Intel Core i7,No especificado,No especificado,Intel,,Estandar
Hp,Notebook HP HP Laptop HP Laptop 14-dq0522la Plata 1920 px x 1080 px disco SSD PCIe 128 GB Intel N4120 4GB de Ram,9000.0,128.0,128.0,SSD,Intel N4120,0,,No especificado,No especificado,No especificado,Intel,14.0,Estandar
Hp,Laptop Hp 245 G7 Ryzen 5 Ram 8gb Dd 1tb (Nuevo con caja abierta),16000.0,8.0,1024.0,SSD,Ryzen 5,0,,AMD Ryzen 5,No especificado,No especificado,AMD,,Estandar
Hp,Laptop Hp Envy 16-h1003la Intel Core I9 32gb Ram 1 Tb Ssd Color Plateado (Nuevo con caja abierta),32000.0,32.0,1024.0,SSD,Core I9,0,,No especificado,No especificado,No especificado,Intel,16.0,Grande
Hp,"Hp Laptop 14-dq5007la, Intel Core I3, 16gb,512ssd, Plata,14",11500.0,16.0,512.0,SSD,Core I3,0,,Intel Core i3,No especificado,No especificado,Intel,14.0,Estandar
Hp,"Laptop Hp 240 G10: Intel Core I3, 16gb, Ssd 1tb, 14 , W11h Color Plateado (Nuevo con caja abierta)",9000.0,16.0,1024.0,SSD,Core I3,0,,Intel Core i3,No especificado,No especificado,Intel,14.0,Estandar
Hp,"Laptop Gamer HP Omen 16 Intel Core Ultra 7 con 16GB RAM y 1TB SSD, Pantalla Full HD+ de 16"" a 144Hz (Nuevo con caja abierta)",39000.0,16.0,1024.0,SSD,No especificado,0,16.0,No especificado,No especificado,No especificado,Intel,16.0,Grande
Hp,Portátil HP 15-ef2033dx Ryzen 3 5300u 8 Gb Ddr4 256 Gb SSD para Prateado,8999.0,8.0,256.0,SSD,Ryzen 3,0,,AMD Ryzen 3 5300U,4,Serie 5000 (Zen 2),AMD,,Estandar
Hp,Hp Envy 2-en-1 16 Wuxga Touch Intel Core Ultra 7 32gb 2tb Color Glacier Silver,29770.0,32.0,2048.0,SSD,No especificado,0,,No especificado,No especificado,No especificado,Intel,16.0,Grande
Hp,"Notebook HP 240 G8 para Trabajo y Estudio con Intel Celeron N4020, 4 GB RAM y 500 GB SSD de 14"" (Nuevo con caja abierta)",5000.0,4.0,500.0,SSD,Celeron,0,14.0,No especificado,No especificado,No especificado,Intel,14.0,Estandar
Hp,Laptop Hp 15-eg0528la Intel Core I5 8gb 512gb Freedos Plateado,12999.0,8.0,512.0,SSD,Core I5,0,,Intel Core i5,No especificado,No especificado,Intel,,Estandar
Hp,"Laptop Gamer HP Victus 15 con Intel Core i5 y RTX 4050, 16 GB RAM y 512 GB SSD (Nuevo con caja abierta)",21580.0,16.0,512.0,SSD,Core I5,1,,Intel Core i5,No especificado,No especificado,Intel,16.0,Grande
Hp,Notebook Hp 250 G10 I3-1315u 8 Gb Ram 256gb Ssd Windows (Nuevo con caja abierta),8000.0,8.0,256.0,SSD,No especificado,0,,Intel Core i3-1315U,6,13ª Gen (Raptor Lake),Intel,,Estandar
Hp,"Notebook Hp Victus 15-fa2013dx, Intel Core I5-13420h, 8gb De Ram Ddr4, 512gb Ssd Nvme Pcie M.2, Graficos Nvidia Geforce Rtx 3050, Full Hd 15.6'', 1920 Px X 1080 Px, Panel Ips, 144hz, Windows 11 Home",12999.0,8.0,512.0,SSD,Core I5,1,15.6,Intel Core i5-13420H,8,13ª Gen (Raptor Lake),Intel,15.6,Estandar
Hp,Laptop HP 15-fd0083wm 15.6 Pentium N200 4gb RAM 128gb SSD Ufs W11 Rojo,12500.0,4.0,128.0,SSD,No especificado,0,15.6,Intel Processor N200,4,Alder Lake-N,Intel,15.6,Estandar
Hp,Laptop Hp Elitebook 860 G11 Intel Ultra 7  16 Gb Ram 512 Ssd (Reacondicionado),16290.0,16.0,512.0,SSD,No especificado,0,,No especificado,No especificado,No especificado,Intel,11.0,Ultraportatil
Hp,Laptop Hp Probook 450 G4 Core I5-7200u/8gb Ram/240gb Ssd/w11 (Reacondicionado),4929.0,8.0,240.0,SSD,Core I5,0,,Intel Core i5,No especificado,No especificado,Intel,,Estandar
Hp,Laptop Hp Pavilion 15 Core I5 7th 12gb Ram 256gb Ssd Webcam,2600.0,12.0,256.0,SSD,Core I5,0,,Intel Core i5,No especificado,No especificado,Intel,,Estandar
Hp,"Notebook Hp 15,6` I3 N305 8gb Ram 256gb Ssd Windows 11 Amv Color Plateado",8499.0,8.0,256.0,SSD,No especificado,0,15.6,Intel Core i3-N305,8,Alder Lake-N,Intel,15.6,Estandar
Hp,Laptop Hp Pavilion G7 Core I3 6gb Ram 128gb Ssd Webcam 17.3,2400.0,6.0,128.0,SSD,Core I3,0,17.3,Intel Core i3,No especificado,No especificado,Intel,17.3,Grande
Hp,"Laptop Hp 240 G10 De 14 , Intel® Core I5, 8gb Ram, 512gb Ssd",10865.0,8.0,512.0,SSD,Core I5,0,,Intel Core i5,No especificado,No especificado,Intel,14.0,Estandar
Hp,Remate Laptop Hp Probook 450 Core I5 7ma Gen-8gbram-120gbssd (Reacondicionado),4799.0,8.0,120.0,SSD,Core I5,0,,Intel Core i5,No especificado,No especificado,Intel,,Estandar
Hp,Laptop Hp Omnibook 5 14-he0000la Snapdragon 16gb Ram 512gb,30679.0,16.0,512.0,SSD,No especificado,0,,No especificado,No especificado,No especificado,Otros,14.0,Estandar
Hp,Laptop Hp 240r G10 14  Fhd Intel Core 3 100u 8gb 512gb W11,9349.0,8.0,512.0,SSD,No especificado,0,,No especificado,No especificado,No especificado,Intel,14.0,Estandar
Hp,Notebook Fullhd Hp Probook 440 G9 I5 1235u 8gb 256gb W11 Prm Color Plateado,19299.0,8.0,256.0,SSD,No especificado,0,,Intel Core i5-1235U,10,12ª Gen (Alder Lake),Intel,,Estandar
Hp,Laptop Hp Stream 11-r010nr Celeron 2gb Ram 32gb Ssd 11'',1700.0,2.0,32.0,SSD,Celeron,0,,No especificado,No especificado,No especificado,Intel,11.0,Ultraportatil
Hp,"Laptop Hp 245 G5, Amd A8, 8 Gb, 1 Tb, 14 Pulgadas,windows 10",3000.0,8.0,1024.0,SSD,No especificado,0,14.0,No especificado,No especificado,No especificado,AMD,14.0,Estandar
Hp,"2 en 1 HP Envy x360 de 13.3"" Táctil, Intel Core i5, 8 GB RAM, 256 GB SSD",23165.0,8.0,256.0,SSD,Core I5,0,13.3,Intel Core i5,No especificado,No especificado,Intel,13.3,Ultraportatil
Hp,Hp Elite Dragonfly Chrome 13.5' Core I7-12th 32gb Ram 512ssd,11999.0,32.0,512.0,SSD,Core I7,0,13.5,Intel Core i7,No especificado,No especificado,Intel,13.5,Ultraportatil
Hp,Hp 14-dq0527la Intel Celeron 8gb Ram 256gb Ssd W11 Plateado,3799.0,8.0,256.0,SSD,Celeron,0,,No especificado,No especificado,No especificado,Intel,14.0,Estandar
Hp,Hp 14-ep1001la Intel Core Ultra 5 125h 8gb Ram 512gb Ssd,7700.0,8.0,512.0,SSD,No especificado,0,,No especificado,No especificado,No especificado,Intel,14.0,Estandar
Hp,Hp Zbook Studio G4 Xeon E3-1505m V6 Ram De 16gb 250ssd,4500.0,16.0,250.0,SSD,No especificado,0,,No especificado,No especificado,No especificado,Intel,,Estandar
Hp,Kit: Laptop Hp Intel N200 128gb 4gb Ram Granate + Reloj Timex Mujer Correa Plateada,8066.0,128.0,128.0,SSD,Intel N200,0,,Intel Processor N200,4,Alder Lake-N,Intel,,Estandar
Hp,"Portatil Hp Probook 6470b Corei5 3a Generacion, 4gb Y 500gb",3770.0,4.0,500.0,SSD,Corei5,0,,Intel Core i5,No especificado,No especificado,Intel,,Estandar
Hp,"Laptop Hp 15 Amd Ryzen 5, 8gb Ram 512gb Ssd",5500.0,8.0,512.0,SSD,Ryzen 5,0,,AMD Ryzen 5,No especificado,No especificado,AMD,,Estandar
Hp,Hp Elitebook 845 G8 Ryzen 5 24gb Ram 512gb Ssd Nvme Remate,6490.0,24.0,512.0,SSD,Ryzen 5,0,,AMD Ryzen 5,No especificado,No especificado,AMD,,Estandar
Hp,Hp Probook 650 G2 Intel Core I5 8gb 256gb Ssd Win11,7500.0,8.0,256.0,SSD,Core I5,0,,Intel Core i5,No especificado,No especificado,Intel,,Estandar
Hp,Hp Zbook 15u G3 Core I7 6ta Gen 16gb 240gb Win11 Pro,7500.0,16.0,240.0,SSD,Core I7,0,,Intel Core i7,No especificado,No especificado,Intel,,Estandar
Hp,Hp Elitebook 745 G6 Plateado 16gb 256gb Ryzen 5 Pro,5900.0,16.0,256.0,SSD,Ryzen 5,0,,AMD Ryzen 5,No especificado,No especificado,AMD,,Estandar
Hp,Hp Probook 450 G7 16gb 256gb Ssd Core I5 Win11 Pro,8500.0,16.0,256.0,SSD,Core I5,0,,Intel Core i5,No especificado,No especificado,Intel,,Estandar
Hp,Hp Elitebook 2560p | Core I7 | 8gb Ram | 500gb Hdd | 12.5 (Reacondicionado),2500.0,8.0,500.0,SSD,Core I7,0,12.5,Intel Core i7,No especificado,No especificado,Intel,12.5,Ultraportatil
Hp,Laptop Hp Stream 14'' Intel N4120 16gb 128gb -rosa,10700.0,16.0,128.0,SSD,Intel N4120,0,,No especificado,No especificado,No especificado,Intel,14.0,Estandar
Hp,Notebook Hp Probook 655 G1 Amd A8 8gb 120gb Ssd Buena (Reacondicionado),2381.0,8.0,120.0,SSD,No especificado,0,,No especificado,No especificado,No especificado,AMD,,Estandar
Hp,Laptop Hp Probook 6460p Core I5 4gb Ram 120gb Ssd 14.1,2200.0,4.0,120.0,SSD,Core I5,0,14.1,Intel Core i5,No especificado,No especificado,Intel,14.1,Estandar
Hp,Hp 14-dq0001dx 14 Celeron 4gb Ram 64gb Ssd Jet Black Fact A,4999.0,4.0,64.0,SSD,Celeron,0,,No especificado,No especificado,No especificado,Intel,14.0,Estandar
Hp,"Laptop HP OmniBook 3 14-hy0030la AMD Ryzen 3 8GB RAM 512GB SSD 14"" 2K",16999.0,8.0,512.0,SSD,Ryzen 3,0,14.0,AMD Ryzen 3,No especificado,No especificado,AMD,14.0,Estandar
Hp,Hp Zbook 15 G6 Core I7 32gb 1tb Ssd Quadro T1000 W11 Pro (Reacondicionado),13000.0,32.0,1024.0,SSD,Core I7,1,,Intel Core i7,No especificado,No especificado,Intel,,Estandar
Hp,"Laptop Hp 255r: Ryzen 5, Ram 16gb, Ssd 512gb, W 11 Home",12999.0,16.0,512.0,SSD,Ryzen 5,0,,AMD Ryzen 5,No especificado,No especificado,AMD,,Estandar
Hp,Laptop Hp 250 G7 Core I3 7th 8gb Ram 128gb Ssd 15.6 Win11,3000.0,8.0,128.0,SSD,Core I3,0,15.6,Intel Core i3,No especificado,No especificado,Intel,15.6,Estandar
Hp,"Laptop HP 15-FD0095WM Intel Core i5 8GB RAM 256GB SSD 15.6"" Windows 11 Home - Excelente (Reacondicionado)",11499.0,8.0,256.0,SSD,Core I5,0,15.6,Intel Core i5,No especificado,No especificado,Intel,15.6,Estandar
Hp,Laptop Hp Pavilion Core I7 1355u 16gb 1tb Ssd Fhd 15-fd82 Color Gris,21123.0,16.0,1024.0,SSD,Core I7,0,,Intel Core i7-1355U,10,13ª Gen (Raptor Lake),Intel,,Estandar
Hp,Laptop Hp Probook 455 Amd A6 4gb Ram 500gb Hdd Webcam 15.6,2000.0,4.0,500.0,SSD,No especificado,0,15.6,No especificado,No especificado,No especificado,AMD,15.6,Estandar
Hp,Hp Envy 17  I7 Intel 12 Gb Ram  1 Tb Hd Touchscreen,6840.0,12.0,1024.0,SSD,No especificado,0,,No especificado,No especificado,No especificado,Intel,,Estandar
Hp,Laptop Hp Probook 6475b Amd A6 4gb Ram 120gb Ssd 14.1 Win 10,2500.0,4.0,120.0,SSD,No especificado,0,14.1,No especificado,No especificado,No especificado,AMD,14.1,Estandar
Hp,Hp Pavilion 14 Intel Core I3-1215u 8gb 512gb Ssd,11999.0,8.0,512.0,SSD,Core I3,0,,Intel Core i3-1215U,6,12ª Gen (Alder Lake),Intel,14.0,Estandar
Hp,"Laptop HP 15-fd1254la Intel Core Ultra 5 8GB RAM 512GB SSD 15.6"" Pantalla Touch FHD - Excelente (Reacondicionado)",15199.0,8.0,512.0,SSD,No especificado,0,15.6,No especificado,No especificado,No especificado,Intel,15.6,Estandar
Hp,Laptop Hp 15.6 Fhd I5-1135g7 8gb Ram 256gb Ssd 15-dy2795wm,14500.0,8.0,256.0,SSD,No especificado,0,15.6,Intel Core i5-1135G7,4,11ª Gen (Tiger Lake),Intel,15.6,Estandar
Hp,Laptop Hp Probook 440 G10 Intel Core I5 16gb 512ssd Plateado,19357.0,16.0,512.0,SSD,Core I5,0,,Intel Core i5,No especificado,No especificado,Intel,10.0,Ultraportatil
Hp,Notebook Gamer HP Omen 17-db0006la AMD Ryzen 7 16GB Ram Nvidia RTX4050 1TB Ssd 17.3 pulgadas,41999.0,16.0,1024.0,SSD,Ryzen 7,1,17.3,No especificado,No especificado,No especificado,AMD,17.3,Grande
Hp,Laptop Hp Pavilion 10 E010nr Amd 2gb Ram 250gb 10.1 Webcam,1800.0,2.0,250.0,SSD,No especificado,0,10.1,No especificado,No especificado,No especificado,AMD,10.1,Ultraportatil
Hp,Laptop Hp 625 Amd Athlon Dual Core 3gb Ram 160 Gb Hdd Webcam,2000.0,3.0,160.0,SSD,Athlon,0,,No especificado,No especificado,No especificado,AMD,,Estandar
Hp,Hp Elitebook 840 G7 Core I5 16gb 512gb Ssd Win 11 Pro (Reacondicionado),7999.0,16.0,512.0,SSD,Core I5,0,,Intel Core i5,No especificado,No especificado,Intel,,Estandar
Hp,Hp Omnibook X Flip 16  Oled 2k Oled Ryzen Ai 9 32 Gb 512 Ssd,24293.0,32.0,512.0,SSD,No especificado,0,,No especificado,No especificado,No especificado,AMD,16.0,Grande
Hp,Laptop Hp 250 G10 15.6 | Intel Core I3 8gb Ram | 512gb Ssd,9019.0,8.0,512.0,SSD,Core I3,0,15.6,Intel Core i3,No especificado,No especificado,Intel,15.6,Estandar
Otra,Laptop Amd A8 Economica 8gb+250gb Hdd Escolar W-10+office (Reacondicionado),2599.0,8.0,250.0,SSD,No especificado,0,,No especificado,No especificado,No especificado,AMD,,Estandar
Hp,Laptop Hp 14-dk1010la Amd Athlon 3050u 4gb Ram 500gb Negra,7999.0,4.0,500.0,SSD,Athlon,0,,No especificado,No especificado,No especificado,AMD,14.0,Estandar
Hp,Laptop Hp 14 Intel N150 4gb Ram 128gb Ssd Windows 11 Verde,6708.0,4.0,128.0,SSD,Intel N150,0,,No especificado,No especificado,No especificado,Intel,14.0,Estandar
Hp,Laptop Hp Elitebook 840 G5 Core I5 8va Ram 8gb + 256gb Ssd (Reacondicionado),6499.0,8.0,256.0,SSD,Core I5,0,,Intel Core i5,No especificado,No especificado,Intel,,Estandar
Hp,Laptop Hp Elitebook 8440p Core I5 4gb Ram 250gb Hdd Webcam,2299.0,4.0,250.0,SSD,Core I5,0,,Intel Core i5,No especificado,No especificado,Intel,,Estandar
Hp,Laptop Hp Intel Core I5-1334u Ram 8gb Ssd 256gb 15.6 Fhd Msi,10999.0,8.0,256.0,SSD,Core I5,0,15.6,Intel Core i5,No especificado,No especificado,Intel,15.6,Estandar
Hp,Laptop Hp 14 Intel 4gb 128gb 14'' Ufs W11h N150 + Regalo,8999.0,4.0,128.0,SSD,No especificado,0,,No especificado,No especificado,No especificado,Intel,14.0,Estandar
Hp,Laptop Hp 450 Core I5 5th 4gb Ram 128gb Ssd Webcam Win10,2500.0,4.0,128.0,SSD,Core I5,0,,Intel Core i5,No especificado,No especificado,Intel,,Estandar
Hp,Laptop Hp Elitebook 840g7 Core I5 - 10210u 16gb Y 256gb (Reacondicionado),7799.0,16.0,256.0,SSD,Core I5,0,,Intel Core i5,No especificado,No especificado,Intel,,Estandar
Hp,Hp Omnibook 3 17.3 Full Hd Intel Ultra 7 16gb Ram 1tb Ssd,27999.0,16.0,1024.0,SSD,No especificado,0,17.3,No especificado,No especificado,No especificado,Intel,17.3,Grande
Hp,Hp Workstation Zbook 17 Core I7 32gb Ram 800gb Ssd Nvidia,6499.0,32.0,800.0,SSD,Core I7,0,,Intel Core i7,No especificado,No especificado,Intel,,Estandar
Hp,Laptop Hp 14 Intel 4gb 128gb 14'' Ufs W11h N150 + Regulador,8999.0,4.0,128.0,SSD,No especificado,0,,No especificado,No especificado,No especificado,Intel,14.0,Estandar
Hp,Notebook Hp Probook 440 G5 Core I5 8250 1tb 8gb Win10 Pro,4549.0,8.0,1024.0,SSD,Core I5,0,,Intel Core i5,No especificado,No especificado,Intel,,Estandar
Hp,Hp Laptop 14-em0000la Amd Athlon 8gb 128gb Ssd Color Dorado,5990.0,8.0,128.0,SSD,Athlon,0,,No especificado,No especificado,No especificado,AMD,14.0,Estandar
Hp,Laptop Hp Probook 6570b Core I5 4gb Ram 320gb Hdd Win10 Wifi,2300.0,4.0,320.0,SSD,Core I5,0,,Intel Core i5,No especificado,No especificado,Intel,,Estandar
Hp,Laptop Hp Probook 450 G2 Core I5 5th 4gb Ram 128gb Ssd 15.6,2900.0,4.0,128.0,SSD,Core I5,0,15.6,Intel Core i5,No especificado,No especificado,Intel,15.6,Estandar
Hp,Laptop Hp Probook 11 Core I3 6th 4gb Ram 320gb Webcam 11.6,2500.0,4.0,320.0,SSD,Core I3,0,11.6,Intel Core i3,No especificado,No especificado,Intel,11.6,Ultraportatil
Hp,Laptop Hp Probook 470 G5 Core I5 8th 8gb Ram 120gb Ssd 15.6,3800.0,8.0,120.0,SSD,Core I5,0,15.6,Intel Core i5,No especificado,No especificado,Intel,15.6,Estandar
Hp,Hp 14-ep1001la Intel Core Ultra 5 125h 8gb Ram 512gb Ssd 14,7400.0,8.0,512.0,SSD,No especificado,0,,No especificado,No especificado,No especificado,Intel,14.0,Estandar
Hp,Laptop Hp Elitebook 8440p Core I5 4gb Ram 250gb Hdd14.0,2000.0,4.0,250.0,SSD,Core I5,0,,Intel Core i5,No especificado,No especificado,Intel,,Estandar
Hp,Laptop Hp 245 G8 Amd Ryzen 3 5300 Win10 Pro 8gb 1tb Hdd,5838.0,8.0,1024.0,SSD,Ryzen 3,0,,AMD Ryzen 3,No especificado,No especificado,AMD,,Estandar
Hp,Laptop HP 15.6 Pulgadas Intel Core i3-N305 8GB RAM 128GB Ssd Windows 11 Home Natural Silver Modelo 15-fd0113dx,16000.0,8.0,128.0,SSD,Core I3,0,15.6,Intel Core i3-N305,8,Alder Lake-N,Intel,15.6,Estandar
Hp,Laptop Hp Probook 5330m Core I5 6gb Ram 500gb Hdd Webcam 14,2200.0,6.0,500.0,SSD,Core I5,0,,Intel Core i5,No especificado,No especificado,Intel,14.0,Estandar
Hp,Laptop Hp 15 Core I7 1355u 16gb 512gb Pantalla 15.6  Touch (Reacondicionado),19899.0,16.0,512.0,SSD,Core I7,0,15.6,Intel Core i7-1355U,10,13ª Gen (Raptor Lake),Intel,15.6,Estandar
Hp,"Laptop HP 255 G10 con AMD Ryzen 3 7335U, 24 GB RAM y 1 TB SSD",15299.0,24.0,1024.0,SSD,Ryzen 3,0,,AMD Ryzen 3,No especificado,No especificado,AMD,,Estandar
Hp,Hp Elitebook 840 G5 Core I5 8gb 256gb Ssd Win 11 Pro (Reacondicionado),4999.0,8.0,256.0,SSD,Core I5,0,,Intel Core i5,No especificado,No especificado,Intel,,Estandar
Hp,Laptop Hp 250 G4 15.6 Core I3 4 Gb Ram 120 Gb Sdd Bt Webcam,2700.0,4.0,120.0,SSD,Core I3,0,15.6,Intel Core i3,No especificado,No especificado,Intel,15.6,Estandar
Hp,"Laptop Hp Probook 440 G11, Intel Core Ultra 5 Ram 8gb 512gb - Plateado",31429.0,8.0,512.0,SSD,No especificado,0,,No especificado,No especificado,No especificado,Intel,,Estandar
Hp,Laptop Hp Pavilion G7 Core I5 4gb Ram 500gb Hdd Radeon 17.3,2300.0,4.0,500.0,SSD,Core I5,0,17.3,Intel Core i5,No especificado,No especificado,Intel,17.3,Grande
Hp,Laptop Hp Ryzen 5 7520u 8gb 512gb 14hd W11 1 Año Garantia Mx,14999.0,8.0,512.0,SSD,Ryzen 5,0,,AMD Ryzen 5 7520U,4,Serie 7000 (Zen 2),AMD,,Estandar
Hp,Hp Probook 650 G5 Core I7 16gb 240gb Ssd Windows 11 Pro (Reacondicionado),9000.0,16.0,240.0,SSD,Core I7,0,,Intel Core i7,No especificado,No especificado,Intel,,Estandar
Hp,Notebook Hp 245 G9 Ryzen 3 3250u 8gb M.2 512gb Ssd 14 7f213lt Color Negro - Excelente (Reacondicionado),10499.0,8.0,512.0,SSD,Ryzen 3,0,,AMD Ryzen 3 3250U,2,Serie 3000 (Zen+),AMD,14.0,Estandar
Hp,Laptop Hp 635 Amd Phenom 4gb Ram 120gb Ssd 15.6 Webcam Wifi,1600.0,4.0,120.0,SSD,No especificado,0,15.6,No especificado,No especificado,No especificado,AMD,15.6,Estandar
Hp,Portatil Hp 15-fd1252la Intel Core Ultra 5 125h 16gb 512gb Fhd Ips 15.6,22014.0,16.0,512.0,SSD,No especificado,0,15.6,No especificado,No especificado,No especificado,Intel,15.6,Estandar
Hp,Laptop Hp X360 Intel Pentium Táctil 14 4gb Ram 500 Ssd,3500.0,4.0,500.0,SSD,No especificado,0,,No especificado,No especificado,No especificado,Intel,14.0,Estandar
Hp,Laptop Hp Presario Cq57 Celeron 4gb Ram 160gb Webcam Win10,1700.0,4.0,160.0,SSD,Celeron,0,,No especificado,No especificado,No especificado,Intel,,Estandar
Hp,Hp Laptop 14-em0000la Amd Athlon 8gb 128gb Color Dorado,5990.0,8.0,128.0,SSD,Athlon,0,,No especificado,No especificado,No especificado,AMD,14.0,Estandar
Hp,Notebook Hp 15 Ryzen 7 7730u 8gb 512gb Ssd 15.6 Fhd W11 Cx Color Plateado Natural,17697.0,8.0,512.0,SSD,Ryzen 7,0,15.6,AMD Ryzen 7 7730U,8,Serie 7000 (Zen 3),AMD,15.6,Estandar
Hp,"Laptop Hp Probook 4ai G1i, Intel Core Ultra 5,16gb,512gb,16",27019.0,16.0,512.0,SSD,No especificado,0,,No especificado,No especificado,No especificado,Intel,16.0,Grande
Hp,Laptop Hp X360 Core I7 Nueva Gen 16gb Ram 256gb Ssd Touch (Reacondicionado),14199.0,16.0,256.0,SSD,Core I7,0,,Intel Core i7,No especificado,No especificado,Intel,,Estandar
Hp,"Laptop Hp 240r G9 14 , Core I3 13va Gen, Ram 8gb, Ssd 512gb (Nuevo con caja abierta)",8700.0,8.0,512.0,SSD,Core I3,0,,Intel Core i3,No especificado,No especificado,Intel,14.0,Estandar
Hp,"Laptop Hp 14-dq0532la: Intel Celeron N4120, SSD 128GB, RAM 4gb, UHD Graphics 600, W11 Home",5565.0,128.0,128.0,SSD,Celeron,0,,No especificado,No especificado,No especificado,Intel,14.0,Estandar
Hp,Laptop Hp Elitebook 8540p Core I5 4gb Ram 120gb Ssd Nvidia,2300.0,4.0,120.0,SSD,Core I5,0,,Intel Core i5,No especificado,No especificado,Intel,,Estandar
Hp,Ordenador Portátil Hp Ryzen 5 7430u 17 Fhd 32 Gb Ram 2 Tb Ss,30276.0,32.0,2048.0,SSD,Ryzen 5,0,,AMD Ryzen 5,No especificado,No especificado,AMD,,Estandar
Hp,Ordenador Portátil Hp 17.3 I5 32 Gb Ram 1 Tb Ssd Windows 11,31174.0,32.0,1024.0,SSD,No especificado,0,17.3,No especificado,No especificado,No especificado,Intel,17.3,Grande
Hp,Laptop Hp Elitebook 8440p Core I5 2.4ghz 4gb Ram Hdd 320gb,3500.0,4.0,320.0,SSD,Core I5,0,,Intel Core i5,No especificado,No especificado,Intel,,Estandar
Hp,"Hp Laptop Multifuncional, Core I5-8th 8gb Ram 256 Ssd W11 (Reacondicionado)",4735.0,8.0,256.0,SSD,Core I5,0,,Intel Core i5,No especificado,No especificado,Intel,,Estandar
Hp,Laptop Hp 14-ep1000la Intel Core Ultra 5 16gb Ram 512 Gb Ssd,11999.0,16.0,512.0,SSD,No especificado,0,,No especificado,No especificado,No especificado,Intel,14.0,Estandar
Hp,"Laptop Hp Multitareas, Core I5-8th 8gb Ram 256gb Ssd W11 (Reacondicionado)",4735.0,8.0,256.0,SSD,Core I5,0,,Intel Core i5,No especificado,No especificado,Intel,,Estandar
Hp,Hp Core I5 8va 8gb 256gb Ssd Rápida Windows 11 (Reacondicionado),4735.0,8.0,256.0,SSD,Core I5,0,,Intel Core i5,No especificado,No especificado,Intel,,Estandar
Hp,Hp Core I5 8va 8gb 256ssd Alto Rendimiento W11 (Reacondicionado),4735.0,8.0,256.0,SSD,Core I5,0,,Intel Core i5,No especificado,No especificado,Intel,,Estandar
Hp,"Hp Laptop Gran Potencia, Core I5-8th 8gb Ram 256 Ssd W11 (Reacondicionado)",4735.0,8.0,256.0,SSD,Core I5,0,,Intel Core i5,No especificado,No especificado,Intel,,Estandar
Hp,Laptop Hp Core I5 8va 8gb 256ssd Windows 11 (Reacondicionado),4735.0,8.0,256.0,SSD,Core I5,0,,Intel Core i5,No especificado,No especificado,Intel,,Estandar
Hp,"Hp Laptop Potente, Core I5-8th 8gb Ram 256 Ssd W11 (Reacondicionado)",4735.0,8.0,256.0,SSD,Core I5,0,,Intel Core i5,No especificado,No especificado,Intel,,Estandar
Hp,Laptop Ia Pc Hp Omnibook 5 Ryzen Ai 7 350 Npu 16gb 1tb 16  (Reacondicionado),21999.0,16.0,1024.0,SSD,No especificado,0,,No especificado,No especificado,No especificado,AMD,16.0,Grande
Hp,Laptop Hp Victus Core I5-12450h 64gb Ram 1tb Ssd - Negro,40000.0,64.0,1024.0,SSD,Core I5,0,,Intel Core i5-12450H,8,12ª Gen (Alder Lake),Intel,,Estandar
Hp,Hp (15-dw3071cl) 15.6 I7-1165g7 8gb 512gb Ssd W11 Plata Color Plateado - Excelente (Reacondicionado),11499.0,8.0,512.0,SSD,No especificado,0,15.6,Intel Core i7-1165G7,4,11ª Gen (Tiger Lake),Intel,15.6,Estandar
Hp,Laptop Hp 15-ef1300wm Amd Ryzen 3 3250u 12gb 128gb Ssd 15.6  (Reacondicionado),10999.0,12.0,128.0,SSD,Ryzen 3,0,15.6,AMD Ryzen 3 3250U,2,Serie 3000 (Zen+),AMD,15.6,Estandar
Hp,Hp Elitebook 850 G7 Core I5 10ma Gen 8gb Ram 256gb Ssd (Reacondicionado),7799.0,8.0,256.0,SSD,Core I5,0,,Intel Core i5,No especificado,No especificado,Intel,,Estandar
Hp,Hp Elitebook 8 G1i Intel Core 5 Ultra 24gb 512gb,30999.0,24.0,512.0,SSD,No especificado,0,,No especificado,No especificado,No especificado,Intel,,Estandar
Hp,"Laptop HP con Pantalla Táctil de 17.3"" HD+, Ryzen 5, 16 GB RAM y 1 TB SSD - Excelente (Reacondicionado)",11407.0,16.0,1024.0,SSD,Ryzen 5,0,17.3,AMD Ryzen 5,No especificado,No especificado,AMD,17.3,Grande
Hp,"Notebook HP 240R G10, 14"" HD, INTEL CORE 5 120U, 8GB RAM, 512GB SSD, Windows 11 Home, ESPAÑOL",14999.0,8.0,512.0,SSD,No especificado,0,14.0,No especificado,No especificado,No especificado,Intel,14.0,Estandar
Hp,Laptop Hp 250 G4 Pentium 4gb Ram 120ssd Webcam Win10 Bt,2300.0,4.0,120.0,SSD,No especificado,0,,No especificado,No especificado,No especificado,Intel,,Estandar
Hp,Laptop  Hp En Oferta  645 G1 Amd A8 8gb Ram 320gb Hdd (Reacondicionado),2699.0,8.0,320.0,SSD,No especificado,0,,No especificado,No especificado,No especificado,AMD,,Estandar
Hp,Laptop Hp Elitebook 840 G3 Core I5 8gb Ram 500gb Hdd Win10 (Reacondicionado),3254.0,8.0,500.0,SSD,Core I5,0,,Intel Core i5,No especificado,No especificado,Intel,,Estandar
Hp,Laptop Hp 245 Athlon 3020e 16gb 1tb 14  W10h Reacondicionado (Reacondicionado),10999.0,16.0,1024.0,SSD,Athlon,0,,No especificado,No especificado,No especificado,AMD,14.0,Estandar
Hp,Notebook Hp 14-dq0003dx Celeron N4020 4gb 64gb Fhd W10 Cuota,5999.0,4.0,64.0,SSD,Celeron,0,,No especificado,No especificado,No especificado,Intel,14.0,Estandar
Hp,Laptop Hp Probook 440 Intel Core I 5 4th Ram8gb Hdd500gb (Reacondicionado),3800.0,8.0,500.0,HDD,No especificado,0,,No especificado,No especificado,No especificado,Intel,,Estandar
Hp,"Laptop Hp Omen, Ryzen 7, 8gb/512gb Ssd, Nvidia, W11, Negro",19999.0,8.0,512.0,SSD,Ryzen 7,0,,No especificado,No especificado,No especificado,AMD,,Estandar
Hp,"Laptop Hp Elitebook 8 G1i, Intel Core Ultra 5,32gb,512gb,14",40699.0,32.0,512.0,SSD,No especificado,0,,No especificado,No especificado,No especificado,Intel,14.0,Estandar
Hp,Hp Probook 4 G1q Laptop Snapdragon X1 16gb Ram 512gb Ssd,21749.0,16.0,512.0,SSD,No especificado,0,,No especificado,No especificado,No especificado,Otros,,Estandar
Hp,Hp Zbook 8 G1i 16  Intel Ultra 7 Rtx500 16gb 512gb Ssd Win11,45250.0,16.0,512.0,SSD,No especificado,1,,No especificado,No especificado,No especificado,Intel,16.0,Grande
Hp,"Hp Probook 640 G5, Core I7-8th, 16gb Ram, 1tb + 256 Ssd",4999.0,16.0,1024.0,SSD,Core I7,0,,Intel Core i7,No especificado,No especificado,Intel,,Estandar
Hp,Laptop Hp Zbook 17 Xeon 32gb Ram 1tb Ssd Nvidia 16gb Vram,12995.0,32.0,1024.0,SSD,No especificado,0,,No especificado,No especificado,No especificado,Intel,,Estandar
Hp,Laptop Hp 14-em0001la Amd Ryzen 3 8gb Ram 256gb Sellada,7000.0,8.0,256.0,SSD,Ryzen 3,0,,AMD Ryzen 3,No especificado,No especificado,AMD,14.0,Estandar
Hp,"Laptop HP 15-fd0333la Intel Core 3 8GB RAM 512GB SSD 15.6"" Táctil FHD",15999.0,8.0,512.0,SSD,No especificado,0,15.6,No especificado,No especificado,No especificado,Intel,15.6,Estandar
Hp,Ordenador Portátil Hp 17.3 Fhd Touch Ryzen 5 16 Gb 512 Gb Ss,24826.0,16.0,512.0,SSD,Ryzen 5,0,17.3,AMD Ryzen 5,No especificado,No especificado,AMD,17.3,Grande
Hp,Laptop Hp G60 Pentium 2gb Ram 120gb Ssd 15.6 Webcam Hdmi,2000.0,2.0,120.0,SSD,No especificado,0,15.6,No especificado,No especificado,No especificado,Intel,15.6,Estandar
Hp,Laptop Hp Omnibook X Flip 14 2k Intel Ultra 5 16gb 512gb Ssd,24999.0,16.0,512.0,SSD,No especificado,0,,No especificado,No especificado,No especificado,Intel,14.0,Estandar
Hp,Portátil Hp Pavilion 15.6  32gb Ram 1tb Ssd Intel Wifi6,12238.0,32.0,1024.0,SSD,No especificado,0,15.6,No especificado,No especificado,No especificado,Intel,15.6,Estandar
Hp,Laptop Para Juegos Hp Victus 15 Intel I5-12450h 32gb 1tb Rtx,36143.0,32.0,1024.0,SSD,No especificado,1,,Intel Core i5-12450H,8,12ª Gen (Alder Lake),Intel,15.0,Estandar
Hp,Laptop Gamer Hp Victus 15.6  I5-12450h 32gb Ram 1tb Ssd Rtx,35002.0,32.0,1024.0,SSD,No especificado,1,15.6,Intel Core i5-12450H,8,12ª Gen (Alder Lake),Intel,15.6,Estandar
Hp,Ordenador Portátil Hp Elitebook 6 16 Ryzen 5 32 Gb 1 Tb Ssd,20031.0,32.0,1024.0,SSD,Ryzen 5,0,,AMD Ryzen 5,No especificado,No especificado,AMD,16.0,Grande
Hp,Economica Laptop Hp 640 G2 Core I7-6th 8 Gb Ram 256 Ssd W11 (Reacondicionado),5070.0,8.0,256.0,SSD,Core I7,0,,Intel Core i7,No especificado,No especificado,Intel,,Estandar
Hp,Laptop Hp 440 G4 Core I5 7th Ram8gb Hdd 500gb (Reacondicionado),3800.0,8.0,500.0,HDD,Core I5,0,,Intel Core i5,No especificado,No especificado,Intel,,Estandar
Hp,Laptop Hp 14 Intel N150 16gb Ram 128gb Ufs Verde,8651.0,16.0,128.0,SSD,Intel N150,0,,No especificado,No especificado,No especificado,Intel,14.0,Estandar
Hp,Laptop Hp Elitebook 830 G6 Core I5 - 8va Ram 8gb + 256gb Ssd (Reacondicionado),6499.0,8.0,256.0,SSD,Core I5,0,,Intel Core i5,No especificado,No especificado,Intel,,Estandar
Hp,Laptop Hp 250r G10 Intel I5 8gb Ssd 512gb 15.6  Ips Hd W11,11759.0,8.0,512.0,SSD,No especificado,0,15.6,No especificado,No especificado,No especificado,Intel,15.6,Estandar
Otra,Laptop Elitebook 840 G5 16gb Ram 512gb Ssd Corei5 (Reacondicionado),5473.0,16.0,512.0,SSD,Corei5,0,,Intel Core i5,No especificado,No especificado,Intel,,Estandar
Otra,Laptop Escolar Elitebook 840 G5 16gb Ram 512ssd Core I5 (Reacondicionado),5473.0,16.0,512.0,SSD,Core I5,0,,Intel Core i5,No especificado,No especificado,Intel,,Estandar
Hp,Laptop Hp 240 G8 Intel I3-1115g4 8gb 256gb M.2 Ssd 14 Led Color Negro,7500.0,8.0,256.0,SSD,No especificado,0,,Intel Core i3-1115G4,2,11ª Gen (Tiger Lake),Intel,14.0,Estandar
Otra,Accesible Laptop Elitebook 840 G5 16gb Ram 512ssd Core I5 (Reacondicionado),5473.0,16.0,512.0,SSD,Core I5,0,,Intel Core i5,No especificado,No especificado,Intel,,Estandar
Hp,Laptop Hp 2740p Core I5 4gb Ram 250gb Hdd 12.1 Webcam,2400.0,4.0,250.0,SSD,Core I5,0,12.1,Intel Core i5,No especificado,No especificado,Intel,12.1,Ultraportatil
Otra,Laptop Elitebook 840 G5 Corei5 16gb Ram 512gb Ssd (Reacondicionado),5473.0,16.0,512.0,SSD,Corei5,0,,Intel Core i5,No especificado,No especificado,Intel,,Estandar
Hp,Laptop Hp Zbook Firefly 14 G8 Core I5 8gb Ram 256gb Ssd (Reacondicionado),7860.0,8.0,256.0,SSD,Core I5,0,,Intel Core i5,No especificado,No especificado,Intel,14.0,Estandar
Hp,Increible Hp Zbook Firefly 14 G8 Core I5 8gb Ram 256gb Ssd (Reacondicionado),7860.0,8.0,256.0,SSD,Core I5,0,,Intel Core i5,No especificado,No especificado,Intel,14.0,Estandar
Hp,Hp 6460b Corei5 4 Gb En Ram Y 500gb Disco Duro (Reacondicionado),3665.0,4.0,500.0,SSD,Corei5,0,,Intel Core i5,No especificado,No especificado,Intel,,Estandar
Hp,Laptop Hp 255 G10 Amd Ryzen 7 32gb Ram 512gb Ssd (Reacondicionado),21199.0,32.0,512.0,SSD,Ryzen 7,0,,No especificado,No especificado,No especificado,AMD,,Estandar
Hp,Laptop Hp Probook 640 G4 8gb Ram M2 512gb Core I5 7300u 2.8 (Reacondicionado),6120.0,8.0,512.0,SSD,Core I5,0,,Apple M2,8,Apple Silicon (2ª Gen),Apple,,Estandar
Hp,"Laptop Hp Ominibook 5: Ryzen Ai 7, 16 Gb, 512gb, W11 Home",17039.0,16.0,512.0,SSD,No especificado,0,,No especificado,No especificado,No especificado,AMD,16.0,Grande
Hp,Portátil Hp 17.3  Fhd Ryzen 5 16gb Ram 1.5tb Ssd Windows1,21351.0,16.0,1536.0,SSD,Ryzen 5,0,17.3,AMD Ryzen 5,No especificado,No especificado,AMD,17.3,Grande
Hp,Laptop Hp 17.3  Core I3 N305 16gb 512gb Ssd Plata,18444.0,16.0,512.0,SSD,Core I3,0,17.3,Intel Core i3-N305,8,Alder Lake-N,Intel,17.3,Grande
Hp,Laptop Hp 17t 17.3  Con Pantalla Táctil I5 16 Gb 512 Gb Ssd,21139.0,16.0,512.0,SSD,No especificado,0,17.3,No especificado,No especificado,No especificado,Intel,17.3,Grande
Hp,Portátil Hp 43.9cm Ryzen5 8gb Ram 1.5tb Ssd Windows11p,24982.0,8.0,1536.0,SSD,Ryzen5,0,,AMD Ryzen 5,No especificado,No especificado,AMD,,Estandar
Hp,Laptop Hp Elitebook 840 G5 Core I5 Vpro 8th Ram16gb Ssd256gb (Reacondicionado),5300.0,16.0,256.0,SSD,Core I5,0,,Apple M1,8,Apple Silicon (1ª Gen),Apple,,Estandar
Hp,"Hp Elitebook 845 G7, Amd Ryzen 5 16gb Ram, 256gb Ssd, Plata",6999.0,16.0,256.0,SSD,Ryzen 5,0,,AMD Ryzen 5,No especificado,No especificado,AMD,,Estandar
Hp,Notebook Hp Stream 14'' Hd 4gb Ram 64gb Emmc Intel Celeron Color Azul (Nuevo con caja abierta),4217.0,4.0,64.0,SSD,Celeron,0,,No especificado,No especificado,No especificado,Intel,14.0,Estandar
Hp,Laptop Hp 15.6  Hd Touchscreen I3-1215u 8gb 512gb Ssd,21951.0,8.0,512.0,SSD,No especificado,0,15.6,Intel Core i3-1215U,6,12ª Gen (Alder Lake),Intel,15.6,Estandar
Hp,Laptop Hp Chromebook 14  Intel N200 4 Gb 640 Gb Chromeos,11596.0,4.0,640.0,SSD,Intel N200,0,,Intel Processor N200,4,Alder Lake-N,Intel,14.0,Estandar
Hp,Portátil Hp Probook 4 G1a 16 Ryzen 5 16 Gb 256 Gb Ssd,25701.0,16.0,256.0,SSD,Ryzen 5,0,,AMD Ryzen 5,No especificado,No especificado,AMD,16.0,Grande
Hp,"Computadora Hp De 15,6 Pulgadas Intel N200 4 Gb Ram 128 Gb W Plateado",7286.0,4.0,128.0,SSD,Intel N200,0,15.6,Intel Processor N200,4,Alder Lake-N,Intel,15.6,Estandar
Hp,Notebook Hp Omnibook 3 14  Fhd Ryzen Ai 7 16gb/512gb Ssd Plateado,34354.0,16.0,512.0,SSD,No especificado,0,,No especificado,No especificado,No especificado,AMD,14.0,Estandar
Hp,"Laptop Hp Workstation Zbook, Intel Core Ultra 9,32gb,1tb,16",94479.0,32.0,1024.0,SSD,No especificado,0,,No especificado,No especificado,No especificado,Intel,16.0,Grande
Hp,"Laptop Hp Stream 14  Hd, Intel N150, 16gb Ram, 416gb, Rosa Plata",9692.0,16.0,416.0,SSD,Intel N150,0,,No especificado,No especificado,No especificado,Intel,14.0,Estandar
Hp,Elegante Laptop Hp Ryzen 5 Uso Diario 8gb 256gb Ssd Win11 (Reacondicionado),5935.0,8.0,256.0,SSD,Ryzen 5,0,,AMD Ryzen 5,No especificado,No especificado,AMD,,Estandar
Hp,Hp Omnibook 3 14in 2k Oled Snapdragon 8gb 256gb Plata Nouvelle Silver,14612.0,8.0,256.0,SSD,No especificado,0,14.0,No especificado,No especificado,No especificado,Otros,14.0,Estandar
Hp,Portátil Hp 14 Compacto Y Ligero Intel N150 De 4 Gb 128 Gb W Violeta,7068.0,4.0,128.0,SSD,Intel N150,0,,No especificado,No especificado,No especificado,Intel,14.0,Estandar
Hp,Laptop Hp 15-dy2095wm 15.6 Core I5 8gb Ram 256gb Ssd Ob,8299.0,8.0,256.0,SSD,Core I5,0,15.6,Intel Core i5,No especificado,No especificado,Intel,15.6,Estandar
Hp,"Laptop Hp 15-fc0079la, Amd Ryzen 5, 8 Gb, 512 Gb Ssd, 15.6",15251.0,8.0,512.0,SSD,Ryzen 5,0,15.6,AMD Ryzen 5,No especificado,No especificado,AMD,15.6,Estandar
Hp,Laptop Hp 450 G4 Core I3 6th 128gb Ssd 4gb Ram 15.6 Hdmi Bt,3000.0,128.0,128.0,SSD,Core I3,0,15.6,Intel Core i3,No especificado,No especificado,Intel,15.6,Estandar
Hp,Hp Laptop 14-dq5000la Intel Core I5 8gb Ram 512gb Ssd fhd Plateado Natural - Excelente (Reacondicionado),5000.0,8.0,512.0,SSD,Core I5,0,,Intel Core i5,No especificado,No especificado,Intel,14.0,Estandar
Hp,Laptop Hp 15-fc0043la Ryzen 3 8gb 512gb Ssd Win 11 Home,6999.0,8.0,512.0,SSD,Ryzen 3,0,,AMD Ryzen 3,No especificado,No especificado,AMD,,Estandar
Hp,Laptop Hp 15-fc0043la Dorado Amd Ryzen 3 8gb 512gb Ssd W11,8549.0,8.0,512.0,SSD,Ryzen 3,0,,AMD Ryzen 3,No especificado,No especificado,AMD,,Estandar
Hp,Laptop Hp 240 G9 Negra 8gb 512gb Ssd Core I3-1215u,6699.0,8.0,512.0,SSD,Core I3,0,,Intel Core i3-1215U,6,12ª Gen (Alder Lake),Intel,,Estandar
Hp,Notebook Hp 17-cn2283st Core I3-1215u 8gb 512gb Ssd,13076.0,8.0,512.0,SSD,Core I3,0,,Intel Core i3-1215U,6,12ª Gen (Alder Lake),Intel,,Estandar
Hp,Ordenador Portátil Hp 15.6 Fhd Amd Ryzen 5 8 Gb Ram 512 Gb S,14038.0,8.0,512.0,SSD,Ryzen 5,0,15.6,AMD Ryzen 5,No especificado,No especificado,AMD,15.6,Estandar
Hp,Laptop Hp 14 Pulgadas Intel Celeron 4gb Ram 128gb Sky Blue,5934.0,4.0,128.0,SSD,Celeron,0,14.0,No especificado,No especificado,No especificado,Intel,14.0,Estandar
Hp,Hp Probook 465 G11 Ryzen 5 24gb Ram 512gb Ssd Windows 11 Pro,17949.0,24.0,512.0,SSD,Ryzen 5,0,,AMD Ryzen 5,No especificado,No especificado,AMD,,Estandar
Hp,Laptop Hp Elitebook 840 G7 Core I5 10ma Ram 8gb+256gb Ssd (Reacondicionado),8499.0,8.0,256.0,SSD,Core I5,0,,Intel Core i5,No especificado,No especificado,Intel,,Estandar
Hp,Laptop Hp Elitebook 1040g3 Core I7 - 6ta Ram 8gb + 256gb Ssd (Reacondicionado),5699.0,8.0,256.0,SSD,Core I7,0,,Intel Core i7,No especificado,No especificado,Intel,,Estandar
Hp,Hp 15-fc0288la Ryzen 7 16gb 512gb Incluye Office 365,18999.0,16.0,512.0,SSD,Ryzen 7,0,,No especificado,No especificado,No especificado,AMD,,Estandar
Hp,Zbook Firefly 14 G8 Hp Core I5 11va 8gb Ssd 256gb Windows 11 (Reacondicionado),6349.0,8.0,256.0,SSD,Core I5,0,,Intel Core i5,No especificado,No especificado,Intel,14.0,Estandar
Otra,"Laptop Omen 16-c0501la Amd Ryzen R5-5600h 8gb 512gb Ssd (aumento Máximo De Hasta 4,2 Ghz, 16 Mb De Caché L3, 6 Núcleos, 12 Subprocesos)",29990.0,8.0,512.0,SSD,No especificado,0,,No especificado,No especificado,No especificado,AMD,16.0,Grande
Hp,Laptop Hp 17.3  Fhd Ryzen 5 7430u 16gb 512gb Win11,20695.0,16.0,512.0,SSD,Ryzen 5,0,17.3,AMD Ryzen 5,No especificado,No especificado,AMD,17.3,Grande
Hp,Ordenador Portátil Hp 17.3 Touch Amd Ryzen 5 16 Gb 512 Gb Ss,17689.0,16.0,512.0,SSD,Ryzen 5,0,17.3,AMD Ryzen 5,No especificado,No especificado,AMD,17.3,Grande
Hp,Portátil Hp Omnibook 5 16  Ryzen Ai 7 16gb 1tb Ssd Plata,27802.0,16.0,1024.0,SSD,No especificado,0,,No especificado,No especificado,No especificado,AMD,16.0,Grande
Hp,Laptor Hp Victus 15 Corei5 8gb 512 Ssd Geforce Rtx  + Regalo,17999.0,8.0,512.0,SSD,Corei5,1,,Intel Core i5,No especificado,No especificado,Intel,,Estandar
Hp,"Laptop Hp 255r: Ryzen 5, 16gb, Ssd 1tb, 15.6 , W11h",11999.0,16.0,1024.0,SSD,Ryzen 5,0,15.6,AMD Ryzen 5,No especificado,No especificado,AMD,15.6,Estandar
Hp,Laptop Hp 15.6  Intel N100 16 Gb Ram 512 Gb Ssd Windows 11 P,16800.0,16.0,512.0,SSD,Intel N100,0,15.6,Intel Processor N100,4,Alder Lake-N,Intel,15.6,Estandar
Hp,"Hp Chromebook 14a-nf0019nr, Intel N100, 4gb Ram, 64gb Emmc",6247.0,4.0,64.0,SSD,Intel N100,0,,Intel Processor N100,4,Alder Lake-N,Intel,,Estandar
Hp,Laptop Hp 14'' Intel Celeron 16gb Ram 64gb Emmc Blanca,9052.0,16.0,64.0,SSD,Celeron,0,,No especificado,No especificado,No especificado,Intel,14.0,Estandar
Hp,Laptop Hp Stream 14'' Intel N150 4gb Ram 1.12tb Púrpura,7280.0,4.0,1152.0,SSD,Intel N150,0,,No especificado,No especificado,No especificado,Intel,14.0,Estandar
Hp,"Laptop Hp Probook 4 Aig1i, Intel Core Ultra 5,24gb,512gb,16",26149.0,24.0,512.0,SSD,No especificado,0,,No especificado,No especificado,No especificado,Intel,16.0,Grande
Hp,Notebook Hp Amd Ryzen Ai 7 350 16gb 1tb Ssd 13.3  2k,25872.0,16.0,1024.0,SSD,No especificado,0,13.3,No especificado,No especificado,No especificado,AMD,13.3,Ultraportatil
Hp,Notebook Hp Omnibook 3 16 Amd Ryzen 5-4000 16gb 256gb Ssd Radeon 610m 1920x1200 Ips Touch W11 Glacier Silver D10e8ua#aba,14999.0,16.0,256.0,SSD,Ryzen 5,0,,AMD Ryzen 5,No especificado,No especificado,AMD,16.0,Grande
Hp,"Laptop Hp 14-dq5037la Core I3,16 Gb Ram, 512 Gb Ssd, 14 W11",6899.0,16.0,512.0,SSD,Core I3,0,,Intel Core i3,No especificado,No especificado,Intel,14.0,Estandar
Hp,Laptop Hp 14  Intel N150 8gb Ram 128gb Windows 11,10815.0,8.0,128.0,SSD,Intel N150,0,,No especificado,No especificado,No especificado,Intel,14.0,Estandar
Hp,Notebook Hp 17-cn400 17.3  Touch Intel I5 16gb 1tb Ssd,24474.0,16.0,1024.0,SSD,No especificado,0,17.3,No especificado,No especificado,No especificado,Intel,17.3,Grande
Hp,"Ordenador Portátil Hp Ryzen 7 15.6 Fhd De 16 Gb De Ram, 1 Tb",23110.0,16.0,1024.0,SSD,Ryzen 7,0,15.6,No especificado,No especificado,No especificado,AMD,15.6,Estandar
Hp,Laptop Hp 17.3  Fhd Ryzen 5 7430u 16gb 1tb Ssd Win11,21353.0,16.0,1024.0,SSD,Ryzen 5,0,17.3,AMD Ryzen 5,No especificado,No especificado,AMD,17.3,Grande
Hp,Laptop Hp 14  Intel N150 16 Gb De Ram 128 Gb Ufs Wifi 6,11348.0,16.0,128.0,SSD,Intel N150,0,,No especificado,No especificado,No especificado,Intel,14.0,Estandar
Hp,Laptop Hp 17.3  Fhd Ips Ryzen 5 7430u 8gb 256gb,17549.0,8.0,256.0,SSD,Ryzen 5,0,17.3,AMD Ryzen 5,No especificado,No especificado,AMD,17.3,Grande
Hp,Laptop Hp 14-em0001la Amd Ryzen 3 8gb Ram 256gb,6990.0,8.0,256.0,SSD,Ryzen 3,0,,AMD Ryzen 3,No especificado,No especificado,AMD,14.0,Estandar
Hp,Hp Probook 460 G11 Intel Core Ultra 5 24gb Ram 512gb Ssd,22179.0,24.0,512.0,SSD,No especificado,0,,No especificado,No especificado,No especificado,Intel,11.0,Ultraportatil
Hp,Fluida Lap Hp Probook 445 G7 Ryzen 5 + 8gb 512gb Ssd Win11 (Reacondicionado),6560.0,8.0,512.0,SSD,Ryzen 5,0,,AMD Ryzen 5,No especificado,No especificado,AMD,,Estandar
Hp,HP Athlon Silver 7120u 4 GB DDR5 RAM 256 GB SSD Screen 14 HD AMD Radeon Graphics Incluye Windows 11 Laptop 14-em0012,12105.0,4.0,256.0,SSD,Athlon,0,,No especificado,No especificado,No especificado,AMD,14.0,Estandar
Hp,Hp Elitebook 640-g9  Core I7-1265u 32gb 512gb 14fhd W11 Pro (Reacondicionado),13900.0,32.0,512.0,SSD,Core I7,0,,Intel Core i7,No especificado,No especificado,Intel,,Estandar
Hp,Laptop Rapido Rendimiento Hp Ryzen 5 + 8gb 256gb Ssd Win11 (Reacondicionado),5935.0,8.0,256.0,SSD,Ryzen 5,0,,AMD Ryzen 5,No especificado,No especificado,AMD,,Estandar
Hp,Hp 17-cn3327dx 17.3 Fhd Core I7 16gb 1tb Pcle Pla,24999.0,16.0,1024.0,SSD,Core I7,0,17.3,Intel Core i7,No especificado,No especificado,Intel,17.3,Grande
Hp,Laptop Hp Pavilion Dv6500 Amd 4gb Ssd 120gb Funciona Bien,1600.0,4.0,120.0,SSD,No especificado,0,,No especificado,No especificado,No especificado,AMD,,Estandar
Hp,Notebook Hp 15 Core I3-1315u 8gb 512gb Ssd 15.6  Fhd Win 11,17851.0,8.0,512.0,SSD,Core I3,0,15.6,Intel Core i3-1315U,6,13ª Gen (Raptor Lake),Intel,15.6,Estandar
Hp,Laptop Hp I3-1315u 15.6  Táctil 8gb 256gb Ssd,24095.0,8.0,256.0,SSD,No especificado,0,15.6,Intel Core i3-1315U,6,13ª Gen (Raptor Lake),Intel,15.6,Estandar
Hp,Laptop Hp 15-dy2223od 15.5pulg Core I3 256ssd 8gb Ram 11gen,6499.0,8.0,256.0,SSD,Core I3,0,15.5,Intel Core i3,No especificado,No especificado,Intel,15.5,Estandar
Hp,Laptop Hp 14 Dq5032la Intel Core I3 8gb Ssd 512gb 14 Hd W11 Color Plateado,9999.0,8.0,512.0,SSD,Core I3,0,,Intel Core i3,No especificado,No especificado,Intel,14.0,Estandar
Hp,Excelente Ryzen 5 Hp Probook 445 Agil - 16gb 512gb Ssd Win11 (Reacondicionado),7185.0,16.0,512.0,SSD,Ryzen 5,0,,AMD Ryzen 5,No especificado,No especificado,AMD,,Estandar
Hp,Laptop Hp Omnibook Ryzen Ai 7 350 16gb 512gb Ssd Con Regalo,27933.0,16.0,512.0,SSD,No especificado,0,,No especificado,No especificado,No especificado,AMD,,Estandar
Hp,Laptop Hp Omnibook Ryzen Ai 7 350 16gb 512gb Ssd,16479.0,16.0,512.0,SSD,No especificado,0,,No especificado,No especificado,No especificado,AMD,,Estandar
Hp,Laptop Hp Elitebook 850 G8 15 Core I7 16gb Ram 512gb Ssd (Reacondicionado),17899.0,16.0,512.0,SSD,Core I7,0,,Intel Core i7,No especificado,No especificado,Intel,,Estandar
Hp,Laptop Hp Elitebook 850 G5 Core I5 8va Ram 8gb + 256gb Sdd (Reacondicionado),5499.0,8.0,256.0,SSD,Core I5,0,,Intel Core i5,No especificado,No especificado,Intel,,Estandar
Hp,Laptop Hp 245 G8 Amd Ryzen 5 5500u 12gb 1tb 14  (Reacondicionado),11499.0,12.0,1024.0,SSD,Ryzen 5,0,,AMD Ryzen 5 5500U,6,Serie 5000 (Zen 2),AMD,14.0,Estandar
Hp,Laptop Hp 17.3  Core I5-1334u 16gb 1tb Ssd Win 11,22789.0,16.0,1024.0,SSD,Core I5,0,17.3,Intel Core i5,No especificado,No especificado,Intel,17.3,Grande
Hp,Laptop Hp 15.6  Fhd Intel Core I7 150u 16 Gb 256 Gb Ssd,22253.0,16.0,256.0,SSD,Core I7,0,15.6,Intel Core i7,No especificado,No especificado,Intel,15.6,Estandar
Hp,Hp Probook 445 G7 Innovadora Ryzen 5 + 8gb 512gb Ssd Win11 (Reacondicionado),6560.0,8.0,512.0,SSD,Ryzen 5,0,,AMD Ryzen 5,No especificado,No especificado,AMD,,Estandar
Hp,Ordenador Portátil Hp 15.6 Intel N200 8 Gb 128 Gb Wi-fi 6 Wi,10593.0,8.0,128.0,SSD,Intel N200,0,15.6,Intel Processor N200,4,Alder Lake-N,Intel,15.6,Estandar
Hp,Lap Hp Probook 445 Profesional Ryzen 5- 16gb 512gb Ssd Win11 (Reacondicionado),7185.0,16.0,512.0,SSD,Ryzen 5,0,,AMD Ryzen 5,No especificado,No especificado,AMD,,Estandar
Hp,Laptop Hp Elitebook 840 G5 Core I7-8va Ram 8gb + 256gb Ssd (Reacondicionado),6499.0,8.0,256.0,SSD,Core I7,0,,Intel Core i7,No especificado,No especificado,Intel,,Estandar
Hp,"Hp 14-dk1013dx, Amd Athlon Silver, 8gb Ram, 128gb Ssd Win11",2799.0,8.0,128.0,SSD,Athlon,0,,No especificado,No especificado,No especificado,AMD,14.0,Estandar
Hp,Hp Laptop Probook 445 Ryzen 5 Completa--16gb 256gb Ssd Win11 (Reacondicionado),6560.0,16.0,256.0,SSD,Ryzen 5,0,,AMD Ryzen 5,No especificado,No especificado,AMD,,Estandar
Hp,Laptop Hp 17 Laptop 17.3'' Hd+ Intel I3-1125g4 16gb Ram 1tb,19149.0,16.0,1024.0,SSD,No especificado,0,17.3,No especificado,No especificado,No especificado,Intel,17.3,Grande
Hp,Laptop Hp 17.3  Fhd Ryzen 5 7430u 16 Gb 512 Gb Ssd Win11,23287.0,16.0,512.0,SSD,Ryzen 5,0,17.3,AMD Ryzen 5,No especificado,No especificado,AMD,17.3,Grande
Hp,Laptop Hp Stream 14'' Intel Celeron 16gb Ram 288gb Rosa,9967.0,16.0,288.0,SSD,Celeron,0,,No especificado,No especificado,No especificado,Intel,14.0,Estandar
Hp,Portátil Hp 15.6  Ryzen 5-5500u 16gb 512gb Ssd Windows11,21190.0,16.0,512.0,SSD,Ryzen 5,0,15.6,AMD Ryzen 5 5500U,6,Serie 5000 (Zen 2),AMD,15.6,Estandar
Hp,Portátil Hp 15.6  Ryzen 5-5500u 16gb 512gb Ssd Windows11,21194.0,16.0,512.0,SSD,Ryzen 5,0,15.6,AMD Ryzen 5 5500U,6,Serie 5000 (Zen 2),AMD,15.6,Estandar
Hp,Ordenador Portátil Hp 14 Intel 4 Gb Ram 64 Gb Ssd Win11 Blan,9311.0,4.0,64.0,SSD,No especificado,0,,No especificado,No especificado,No especificado,Intel,14.0,Estandar
Hp,Ordenador Portátil Hp 14 I3 8 Gb Ram 128 Gb Ufs Win 11 Offic,10658.0,8.0,128.0,SSD,No especificado,0,,No especificado,No especificado,No especificado,Intel,14.0,Estandar
Hp,"Laptop Hp Essential De 15.6  Hd, I5-1235u, 8 Gb, 256 Gb Ssd",18837.0,8.0,256.0,SSD,No especificado,0,15.6,Intel Core i5-1235U,10,12ª Gen (Alder Lake),Intel,15.6,Estandar
Hp,Ordenador Portátil Hp I3-1215u 15.6 Fhd 16 Gb 512 Gb Ssd Wi-,16398.0,16.0,512.0,SSD,No especificado,0,15.6,Intel Core i3-1215U,6,12ª Gen (Alder Lake),Intel,15.6,Estandar
Hp,Laptop Hp Omnibook 5 16  Ryzen Ai 7 350 16 Gb 1 Tb Ssd,27250.0,16.0,1024.0,SSD,No especificado,0,,No especificado,No especificado,No especificado,AMD,16.0,Grande
Hp,Portátil Hp 14  Intel 16gb Ram 1.1tb Ssd Win11 Azul Cielo,12006.0,16.0,1126.0,SSD,No especificado,0,,No especificado,No especificado,No especificado,Intel,14.0,Estandar
Hp,Laptop Hp 17.3  Intel Core I5 64 Gb Ram 2 Tb Ssd,40005.0,64.0,2048.0,SSD,Core I5,0,17.3,Intel Core i5,No especificado,No especificado,Intel,17.3,Grande
Hp,Portátil Hp Ryzen5 De 17.3  32gb Ram 1tb Ssd Windows11,22854.0,32.0,1024.0,SSD,Ryzen5,0,17.3,AMD Ryzen 5,No especificado,No especificado,AMD,17.3,Grande
Hp,Laptop Hp Probook 465 G11 16  Fhd+ Ryzen 7 32gb 512gb,39179.0,32.0,512.0,SSD,Ryzen 7,0,,No especificado,No especificado,No especificado,AMD,16.0,Grande
Hp,Portátil Hp Victus 15.6  I5-13420h 16gb 2tb Rtx4050 Windo,37495.0,16.0,2048.0,SSD,No especificado,1,15.6,Intel Core i5-13420H,8,13ª Gen (Raptor Lake),Intel,15.6,Estandar
Hp,Laptop Hp Pavilion 15.6  Intel N100 32 Gb De Ram 1 Tb Ssd,15203.0,32.0,1024.0,SSD,Intel N100,0,15.6,Intel Processor N100,4,Alder Lake-N,Intel,15.6,Estandar
Hp,"Ordenador Portátil Hp 15.6 Intel Ultra 5 8 Gb 1,5 Tb Ssd Win",20293.0,8.0,1536.0,SSD,No especificado,0,15.6,No especificado,No especificado,No especificado,Intel,15.6,Estandar
Hp,Laptop Gamer Hp Victus 15 I5-13420h 32 Gb 1 Tb Rtx 3050,38326.0,32.0,1024.0,SSD,No especificado,1,,Intel Core i5-13420H,8,13ª Gen (Raptor Lake),Intel,,Estandar
Hp,Laptop Hp 14  2026 Intel N150 8 Gb 128 Gb Ufs + Disco Duro P,10442.0,8.0,128.0,SSD,Intel N150,0,,No especificado,No especificado,No especificado,Intel,14.0,Estandar
Hp,Laptop Hp 15.6  Fhd I7-1355u 16gb Ram 1tb Ssd Wi-fi 6,23175.0,16.0,1024.0,SSD,No especificado,0,15.6,Intel Core i7-1355U,10,13ª Gen (Raptor Lake),Intel,15.6,Estandar
Hp,Laptop Hp 15.6'' Ryzen 7 16gb Ram 512gb Ssd Windows 11 Plata,14351.0,16.0,512.0,SSD,Ryzen 7,0,15.6,No especificado,No especificado,No especificado,AMD,15.6,Estandar
Hp,Laptop Hp 14 Pulgadas Intel Celeron 4gb Ram 128gb Verde,6360.0,4.0,128.0,SSD,Celeron,0,14.0,No especificado,No especificado,No especificado,Intel,14.0,Estandar
Hp,Ordenador Portátil Hp 32 Gb Ram 1 Tb Ssd +128 Gb Intel Copil,23021.0,32.0,1024.0,SSD,No especificado,0,,No especificado,No especificado,No especificado,Intel,,Estandar
Hp,Laptop Hp 14  Fhd I3 16 Gb Ram 512 Gb Ssd Windows 11,16198.0,16.0,512.0,SSD,No especificado,0,,No especificado,No especificado,No especificado,Intel,14.0,Estandar
Hp,Laptop Hp 17.3  Ryzen5 32gb Ram 2tb Ssd Windows11pro Pl,33672.0,32.0,2048.0,SSD,Ryzen5,0,17.3,AMD Ryzen 5,No especificado,No especificado,AMD,17.3,Grande
Hp,Portátil Hp 17.3  Core I5-120u 16gb 512gb Ssd Wifi6,20693.0,16.0,512.0,SSD,Core I5,0,17.3,Intel Core i5,No especificado,No especificado,Intel,17.3,Grande
Hp,Laptop Hp 15.6  Intel N100 16gb Ram 512gb Ssd Win11 Pro,16729.0,16.0,512.0,SSD,Intel N100,0,15.6,Intel Processor N100,4,Alder Lake-N,Intel,15.6,Estandar
Hp,Ordenador Portátil Hp I3-1215u 15.6 Fhd 16 Gb 512 Gb Ssd Wi-,16394.0,16.0,512.0,SSD,No especificado,0,15.6,Intel Core i3-1215U,6,12ª Gen (Alder Lake),Intel,15.6,Estandar
Hp,Notebook Hp Probook 465 G11 De 16  Ryzen 7 16 Gb 512 Gb Ssd,29896.0,16.0,512.0,SSD,Ryzen 7,0,,No especificado,No especificado,No especificado,AMD,16.0,Grande
Hp,Ordenador Portátil Hp Pavilion 15.6 Touch I5 16 Gb 672 Gb Ss,21951.0,16.0,672.0,SSD,No especificado,0,15.6,No especificado,No especificado,No especificado,Intel,15.6,Estandar
Hp,Laptop Hp 14  Intel Pentium N5030 16gb Ram 512gb Ssd Con W,23930.0,16.0,512.0,SSD,No especificado,0,,No especificado,No especificado,No especificado,Intel,14.0,Estandar
Hp,Laptop Hp 2023 Ryzen 5 17.3  Pantalla Táctil 16gb 1tb Ssd,20898.0,16.0,1024.0,SSD,Ryzen 5,0,17.3,AMD Ryzen 5,No especificado,No especificado,AMD,17.3,Grande
Hp,Laptop Hp 14 Pulgadas Intel Celeron 8gb Ram 128gb Honey,6360.0,8.0,128.0,SSD,Celeron,0,14.0,No especificado,No especificado,No especificado,Intel,14.0,Estandar
Hp,Ordenador Portátil Hp Ryzen 5 17.3 32 Gb Ram 1 Tb Ssd Window,22850.0,32.0,1024.0,SSD,Ryzen 5,0,17.3,AMD Ryzen 5,No especificado,No especificado,AMD,17.3,Grande
Hp,Portátil Hp 17.3  I3-n305 8gb Ram 512gb Ssd Plata,19716.0,8.0,512.0,SSD,No especificado,0,17.3,Intel Core i3-N305,8,Alder Lake-N,Intel,17.3,Grande
Hp,Laptop Hp 14  Intel Celeron N4500 16gb 576gb Windows 11,9868.0,16.0,576.0,SSD,Celeron,0,,No especificado,No especificado,No especificado,Intel,14.0,Estandar
Hp,Laptop Hp 15.6  Ryzen 3 64gb Ram 1tb Ssd Windows 11,30248.0,64.0,1024.0,SSD,Ryzen 3,0,15.6,AMD Ryzen 3,No especificado,No especificado,AMD,15.6,Estandar
Hp,"Laptop Hp 17.3  Intel Ultra 5, 32gb Ram, 2tb Ssd, Windows",35635.0,32.0,2048.0,SSD,No especificado,0,17.3,No especificado,No especificado,No especificado,Intel,17.3,Grande
Hp,"Portátil Hp , 15,6 Pulgadas, 4 Gb Ram, 128 Gb Rom, Intel N20",6716.0,4.0,128.0,SSD,Intel N20,0,15.6,No especificado,No especificado,No especificado,Intel,15.6,Estandar
Hp,Laptop Hp 14-dq6011dx 14'' Intel 16gb Ram 128gb Ssd Plata,9097.0,16.0,128.0,SSD,No especificado,0,,No especificado,No especificado,No especificado,Intel,14.0,Estandar
Hp,Laptop Hp Stream 14'' Intel 4gb Ram 1.12tb Ssd Rosa,7972.0,4.0,1152.0,SSD,No especificado,0,,No especificado,No especificado,No especificado,Intel,14.0,Estandar
Hp,Ordenador Portátil Hp Elitebook 6 G1a Ryzen 5 16 32 Gb 1 Tb,21243.0,32.0,1024.0,SSD,Ryzen 5,0,,AMD Ryzen 5,No especificado,No especificado,AMD,16.0,Grande
Hp,Ordenador Portátil Hp 17.3 14ª Generación I5 32 Gb Ram 1 Tb,19791.0,32.0,1024.0,SSD,No especificado,0,17.3,No especificado,No especificado,No especificado,Intel,17.3,Grande
Hp,Ordenador Portátil Hp 17.3 I3-n305 16 Gb De Ram 512 Gb Ssd W,22411.0,16.0,512.0,SSD,No especificado,0,17.3,Intel Core i3-N305,8,Alder Lake-N,Intel,17.3,Grande
Hp,Portátil Hp 17.3  Ryzen 5 16gb Ram 1tb Ssd Con Windows 11,24680.0,16.0,1024.0,SSD,Ryzen 5,0,17.3,AMD Ryzen 5,No especificado,No especificado,AMD,17.3,Grande
Hp,Ordenador Portátil Hp Elitebook 6 16 Ryzen 5 16 Gb 512 Gb Ss,22726.0,16.0,512.0,SSD,Ryzen 5,0,,AMD Ryzen 5,No especificado,No especificado,AMD,16.0,Grande
Hp,Ordenador Portátil Hp Ryzen 5 17.3 Touch 16 Gb Ram 512 Gb Ss,24788.0,16.0,512.0,SSD,Ryzen 5,0,17.3,AMD Ryzen 5,No especificado,No especificado,AMD,17.3,Grande
Hp,Portátil Hp 35cm Intel N150 8gb Ram 128gb Ufs Windows11,10955.0,8.0,128.0,SSD,Intel N150,0,,No especificado,No especificado,No especificado,Intel,,Estandar
Hp,Portátil Hp 17.3  I3-n305 8 Gb Ram 512 Gb Ssd Win11,19716.0,8.0,512.0,SSD,No especificado,0,17.3,Intel Core i3-N305,8,Alder Lake-N,Intel,17.3,Grande
Hp,Ordenador Portátil Hp Victus 15.6 I5-13420h 32 Gb 1 Tb Ssd R,37727.0,32.0,1024.0,SSD,No especificado,0,15.6,Intel Core i5-13420H,8,13ª Gen (Raptor Lake),Intel,15.6,Estandar
Hp,Ordenador Portátil Hp Premium 14 Hd Ips I3 4 Gb 128 Gb Ssd,7302.0,4.0,128.0,SSD,No especificado,0,,No especificado,No especificado,No especificado,Intel,14.0,Estandar
Hp,Ordenador Portátil Hp 15.6 Intel N100 16 Gb Ram 512 Gb Ssd W,16797.0,16.0,512.0,SSD,Intel N100,0,15.6,Intel Processor N100,4,Alder Lake-N,Intel,15.6,Estandar
Hp,Portátil Hp 14  Intel N150 4gb Ram 128gb Ufs Windows11,8583.0,4.0,128.0,SSD,Intel N150,0,,No especificado,No especificado,No especificado,Intel,14.0,Estandar
Hp,Ordenador Portátil Hp 17.3 I7-1355u 16 Gb Ram 2 Tb Ssd Win 1,30946.0,16.0,2048.0,SSD,No especificado,0,17.3,Intel Core i7-1355U,10,13ª Gen (Raptor Lake),Intel,17.3,Grande
Hp,Laptop Hp 2025 I7-1355u 15.6  Fhd Táctil 8gb 128gb Ssd,30817.0,8.0,128.0,SSD,No especificado,0,15.6,Intel Core i7-1355U,10,13ª Gen (Raptor Lake),Intel,15.6,Estandar
Hp,Ordenador Portátil Hp 14 I3 8 Gb Ram 128 Gb Ufs Win 11 Offic,10662.0,8.0,128.0,SSD,No especificado,0,,No especificado,No especificado,No especificado,Intel,14.0,Estandar
Hp,Portátil Hp 15.6  Fhd Intel N100 8gb Ram 256gb Ssd,10145.0,8.0,256.0,SSD,Intel N100,0,15.6,Intel Processor N100,4,Alder Lake-N,Intel,15.6,Estandar
Hp,Laptop Hp Ultrabook 14  Intel N150 8gb 128gb Ssd,11407.0,8.0,128.0,SSD,Intel N150,0,,No especificado,No especificado,No especificado,Intel,14.0,Estandar
Hp,Laptop Hp 15.6  Touchscreen I3-1315u 16gb 512gb Ssd,23856.0,16.0,512.0,SSD,No especificado,0,15.6,Intel Core i3-1315U,6,13ª Gen (Raptor Lake),Intel,15.6,Estandar
Lenovo,Lenovo Ideapad Slim 3 15irh10 Intel Core I5 8gb 512gb Ssd Azul,10599.0,8.0,512.0,SSD,Core I5,0,,Intel Core i5,No especificado,No especificado,Intel,10.0,Ultraportatil
Lenovo,Notebook Lenovo Ideapad 1i Intel Core I5-1335u 16gb Memory 256gb Ssd 15.6 Full Hd Cloud Grrey,11999.0,16.0,256.0,SSD,Core I5,0,15.6,Intel Core i5-1335U,10,13ª Gen (Raptor Lake),Intel,15.6,Estandar
Lenovo,Laptop Lenovo V15 15.6 Amd Ryzen 3 7320u 16gb Ram 512gb Ssd Negro,11659.0,16.0,512.0,SSD,Ryzen 3,0,15.6,AMD Ryzen 3 7320U,4,Serie 7000 (Zen 2),AMD,15.6,Estandar
Lenovo,Lenovo Thinkpad T490s Laptop Core I7 8565 16gb Ram 256gb Ssd (Reacondicionado),19778.0,16.0,256.0,SSD,Core I7,0,,Intel Core i7,No especificado,No especificado,Intel,,Estandar
Lenovo,Lenovo Thinkpad T14 Gen 2 Core I5 1145g7 16gb Ram 512gb Ssd (Reacondicionado),19998.0,16.0,512.0,SSD,Core I5,0,,Intel Core i5,No especificado,No especificado,Intel,,Estandar
Lenovo,"Notebook LENOVO Ideapad Slim 3I 15.6"" FHD 128GB / 8GB RAM Intel N150 W11",7667.0,128.0,128.0,SSD,Intel N150,0,15.6,No especificado,No especificado,No especificado,Intel,15.6,Estandar
Lenovo,Lenovo Thinkpad X1 Carbon Gen 8 Core I7 10th 16gb 512gb Ssd (Reacondicionado),14655.0,16.0,512.0,SSD,Core I7,0,,Intel Core i7,No especificado,No especificado,Intel,,Estandar
Lenovo,Lenovo Slim 3 Ryzen 7 16gb 512gb Ssd Táctil 1080p W11 Color Gris,22855.0,16.0,512.0,SSD,Ryzen 7,0,,No especificado,No especificado,No especificado,AMD,,Estandar
Lenovo,Laptop Lenovo Ideapad Slim 5 14Q8X9 Snapdragon X Plus| 16gb Ram 512gb Ssd Gris,28999.0,16.0,512.0,SSD,No especificado,0,,No especificado,No especificado,No especificado,Otros,,Estandar
Lenovo,Lenovo Thinkpad X13 G1 Amd Ryzen 5 4650 32gb 256gb 13.3in (Reacondicionado),14999.0,32.0,256.0,SSD,Ryzen 5,0,13.3,AMD Ryzen 5,No especificado,No especificado,AMD,13.3,Ultraportatil
Lenovo,Lenovo Thinkpad Yoga X13 Gen 3 Intel I7-1265u 32gb 512gb Fhd (Reacondicionado),14999.0,32.0,512.0,SSD,No especificado,0,,No especificado,No especificado,No especificado,Intel,,Estandar
Lenovo,"Laptop Lenovo IdeaPad Slim 3 14IAN8 14"" Intel N100 4GB RAM 128GB UFS Windows 11 Home Abyss Blue",4999.0,4.0,128.0,SSD,Intel N100,0,14.0,Intel Processor N100,4,Alder Lake-N,Intel,14.0,Estandar
Lenovo,Lenovo Thinkpad X390 Core I5 8365 16gb Ram 256gb Ssd Touch (Reacondicionado),9999.0,16.0,256.0,SSD,Core I5,0,,Intel Core i5,No especificado,No especificado,Intel,,Estandar
Lenovo,Lenovo Thinkpad X13 Yoga Gen 2 Core I7 1185g7 16gb 512gb Ssd (Reacondicionado),14999.0,16.0,512.0,SSD,Core I7,0,,Intel Core i7,No especificado,No especificado,Intel,,Estandar
Lenovo,Laptop Lenovo Ideapad Slim 3 15.6  Core I5 16gb Ram 256gb,25999.0,16.0,256.0,SSD,Core I5,0,15.6,Intel Core i5,No especificado,No especificado,Intel,15.6,Estandar
Lenovo,"Notebook Lenovo IdeaPad de 14"" HD con Intel Celeron, 4 GB RAM y 128 GB SSD",4699.0,4.0,128.0,SSD,Celeron,0,14.0,No especificado,No especificado,No especificado,Intel,14.0,Estandar
Lenovo,"Laptop Lenovo Ideapad 15,3 Snapdragon X 24gb + 512gb Con IA",19999.0,24.0,512.0,SSD,No especificado,0,15.3,No especificado,No especificado,No especificado,Otros,15.3,Estandar
Lenovo,"Laptop Lenovo IdeaPad Slim 3 Copilot+ PC de 15.3"" con Snapdragon X, 16GB RAM y 512GB SSD",17999.0,16.0,512.0,SSD,No especificado,0,15.3,No especificado,No especificado,No especificado,Otros,15.3,Estandar
Lenovo,Laptop Lenovo Ideapad Slim3 Core Ultra7 Serie 3 24gb 1tb Ssd Gris,35999.0,24.0,1024.0,SSD,No especificado,0,,Apple M3,8,Apple Silicon (3ª Gen),Apple,,Estandar
Lenovo,Laptop Lenovo Loq Core I5 8gb 512gb Rtx 3050 1 Año Garantía,25999.0,8.0,512.0,SSD,Core I5,1,,Intel Core i5,No especificado,No especificado,Intel,,Estandar
Lenovo,Portátil Lenovo Thinkpad L14 G6 Ryzen 7 Pro 32gb 1tb + Ai Negro,40600.0,32.0,1024.0,SSD,Ryzen 7,0,,No especificado,No especificado,No especificado,AMD,,Estandar
Lenovo,"Laptop Lenovo IdeaPad Slim 3 de 15.3"" Táctil con Intel Core i5, 8GB RAM y 512GB SSD en Azul Polar",11599.0,8.0,512.0,SSD,Core I5,0,15.3,Intel Core i5,No especificado,No especificado,Intel,15.3,Estandar
Lenovo,"Laptop Gamer Lenovo Legion 5 16IAX10 con Intel Core Ultra 9, RTX 5060, 32GB RAM y SSD de 1TB",57999.0,32.0,1024.0,SSD,No especificado,1,,No especificado,No especificado,No especificado,Intel,,Estandar
Lenovo,Lenovo Thinkpad L13yoga G2 Core I5 1135g7 16gb Ram 512gb Ssd (Reacondicionado),19998.0,16.0,512.0,SSD,Core I5,0,,Intel Core i5,No especificado,No especificado,Intel,,Estandar
Otra,Laptop Intel Pentium Gold 6500Y 16GB Ram 256GB Ssd 15.6inch 1920X1080px Computadoras Notebook,5094.0,16.0,256.0,SSD,No especificado,0,15.6,No especificado,No especificado,No especificado,Intel,15.6,Estandar
Msi,Msi Cyborg Laptop Intel I7 144hz Rtx 5060 16gb 512gb Ssd,27999.0,16.0,512.0,SSD,No especificado,1,,No especificado,No especificado,No especificado,Intel,,Estandar
Lenovo,"Laptop 2 en 1 Lenovo IdeaPad Slim 3 de 15.3"" Táctil con Intel Core i5, 24GB RAM y 1.5TB SSD en Polar Blue",22499.0,24.0,1536.0,SSD,Core I5,0,15.3,Intel Core i5,No especificado,No especificado,Intel,15.3,Estandar
Msi,"Laptop Gamer MSI Cyborg A15 AI de 15.6"" Full HD con AMD Ryzen 9, NVIDIA RTX 5060, 64 GB RAM y 1 TB SSD",43999.0,64.0,1024.0,SSD,Ryzen 9,1,15.6,No especificado,No especificado,No especificado,AMD,15.6,Estandar
Lenovo,Lenovo Thinkpad T14s Gen 6 Intel Core Ultra 7 32 GB 1tb SSD Negro,52432.0,32.0,1024.0,SSD,No especificado,0,,No especificado,No especificado,No especificado,Intel,,Estandar
Lenovo,"Laptop Lenovo IdeaPad Slim 3 de 15.3"" Táctil, Intel Core i5, 16GB RAM, 512GB SSD, Windows 11 Home, Azul",15199.0,16.0,512.0,SSD,Core I5,0,15.3,Intel Core i5,No especificado,No especificado,Intel,15.3,Estandar
Otra,Notebook Gamer Legion Pro 5 Amd Ryzen 9 32gb 1tb Rtx 5070,65499.0,32.0,1024.0,SSD,Ryzen 9,1,,No especificado,No especificado,No especificado,AMD,,Estandar
Otra,Laptop Intel I7 13620h 32gb Ram 1tb Ssd Rtx3050 16in Plateado,26665.0,32.0,1024.0,SSD,No especificado,1,16.0,No especificado,No especificado,No especificado,Intel,16.0,Grande
Msi,"Notebook Gamer MSI Crosshair A16 HX con Ryzen 9 8940HX, RTX 5060, 32GB RAM y 1TB SSD",48999.0,32.0,1024.0,SSD,Ryzen 9,1,,No especificado,No especificado,No especificado,AMD,,Estandar
Dell,Laptop Dell 15 Dc15255 Amd Ryzen 5 8gb 512gb 15.6'' Fhd Windows 11 Home Platinum Silver,9500.0,8.0,512.0,SSD,Ryzen 5,0,15.6,AMD Ryzen 5,No especificado,No especificado,AMD,15.6,Estandar
Otra,Laptop Intel 4405u 16gb Ram 1024gb Ssd Windows11 Pro 14.1',6629.0,16.0,1024.0,SSD,No especificado,0,14.1,No especificado,No especificado,No especificado,Intel,14.1,Estandar
Asus,Asus Gamer Core I7 16gb Ram 512gb Ssd Pantalla 16 Wuxga 1920 X 1200 Intel Iris Xe Graphics Laptop F1605vabs74 Con Regalo,20652.0,16.0,512.0,SSD,Core I7,0,,Intel Core i7,No especificado,No especificado,Intel,16.0,Grande
Otra,"Notebook Gamer Ghia Libero con Intel Core i5, RTX 3050, 32GB RAM y 1TB SSD",19899.0,32.0,1024.0,SSD,Core I5,1,,Intel Core i5,No especificado,No especificado,Intel,,Estandar
Lenovo,"Laptop Lenovo IdeaPad Slim 3 con Pantalla Táctil 15.3"" Intel Core i5 24GB RAM 1TB SSD Azul",18599.0,24.0,1024.0,SSD,Core I5,0,15.3,Intel Core i5,No especificado,No especificado,Intel,15.3,Estandar
Otra,Laptops 2 En 1 Ligero Intel N95 15.6 32gb Ram 2048gb Ssd,7850.0,32.0,2048.0,SSD,Intel N95,0,15.6,No especificado,No especificado,No especificado,Intel,15.6,Estandar
Lenovo,Lenovo Ideapad Slim 3 15irh10 Intel Core I5 8gb 512gb Ssd Azul,10499.0,8.0,512.0,SSD,Core I5,0,,Intel Core i5,No especificado,No especificado,Intel,10.0,Ultraportatil
Lenovo,Lenovo Laptop Gaming 15.6'' 15ach6 Ryzen 5 8gb + 256gb Rtx Color Shadow black,19999.0,8.0,256.0,SSD,Ryzen 5,1,15.6,AMD Ryzen 5,No especificado,No especificado,AMD,15.6,Estandar
Asus,Notebook Vivobook Asus Vivobook 14 14 Plateado 16gb De Ram - 512gb Ssd - 0mb Hdd - Intel Core I7,25999.0,16.0,512.0,SSD,Core I7,0,,Intel Core i7,No especificado,No especificado,Intel,14.0,Estandar
Lenovo,"Laptop Lenovo V15 G5 Irl: Core I5, Ram 16gb, Ssd 512 Gb W11p",15049.0,16.0,512.0,SSD,Core I5,0,,Intel Core i5,No especificado,No especificado,Intel,,Estandar
Lenovo,Portátil Lenovo Thinkpad E14 G7 Amd Ryzen 5 16gb 512gb + Ai Negro,27316.0,16.0,512.0,SSD,Ryzen 5,0,,AMD Ryzen 5,No especificado,No especificado,AMD,,Estandar
Msi,Laptop Gamer MSI Thin 15 NVIDIA GeForce RTX 4050 Intel Core i5 16GB RAM 512GB SSD Windows 11 Home,19999.0,16.0,512.0,SSD,Core I5,1,,Intel Core i5,No especificado,No especificado,Intel,,Estandar
Acer,Acer Gadget E10 ETBook Intel Core I5-12450h 16gb 512gb Ssd Win11 Color Gris,13606.0,16.0,512.0,SSD,Core I5,0,,Intel Core i5-12450H,8,12ª Gen (Alder Lake),Intel,,Estandar
Lenovo,Portátil Lenovo Core I7 16 GB 256 GB Ssd Win11 Pro Wifi Hdmi Color Negro - Excelente (Reacondicionado),6500.0,16.0,256.0,SSD,Core I7,0,,Intel Core i7,No especificado,No especificado,Intel,16.0,Grande
Acer,Laptop Gamer Acer Nitro V15 Ryzen 16gb 512gb Nvidia Rtx305 Negro,28949.0,16.0,512.0,SSD,Ryzen 1,1,,No especificado,No especificado,No especificado,AMD,,Estandar
Dell,Dell Latitude 5511 Core I7 10850h Geforce Mx250 16gb 256gb (Reacondicionado),14998.0,16.0,256.0,SSD,Core I7,1,,Intel Core i7,No especificado,No especificado,Intel,,Estandar
Lenovo,"Laptop 2 en 1 Lenovo IdeaPad Slim 3 de 15.3"" Táctil con Intel Core i5, 16 GB RAM y 1 TB SSD en Azul",16999.0,16.0,1024.0,SSD,Core I5,0,15.3,Intel Core i5,No especificado,No especificado,Intel,15.3,Estandar
Asus,Notebook Gamer Asus Rog Strix G18 G815JMR-SS74 18 Rtx 5060 Intel Core i7-14650HX 16 GB RAM 1 TB SSD Windows 11 Grey,30020.0,16.0,1024.0,SSD,Core I7,1,,Intel Core i7,No especificado,No especificado,Intel,16.0,Grande
Lenovo,Laptop Lenovo Ideapad Slim 3 Touch Ryzen 7 16gb 512gb Ssd,19299.0,16.0,512.0,SSD,Ryzen 7,0,,No especificado,No especificado,No especificado,AMD,,Estandar
Asus,Asus 2 en 1 Core I5 8gb Ram 512gb Ssd Pantalla Táctil 16 Wuxga 1920 Px X 1200 Px Incluye Windows Instalado Intel Iris Xe Graphics Laptop Gamer Tp3604va Con Regalo,22355.0,8.0,512.0,SSD,Core I5,0,,Intel Core i5,No especificado,No especificado,Intel,16.0,Grande
Lenovo,Notebook Lenovo Gaming Loq Intel Core I5 16gb 1tb Nvidia Rtx Color Gris,49999.0,16.0,1024.0,SSD,Core I5,1,,Intel Core i5,No especificado,No especificado,Intel,,Estandar
Asus,"Asus Gamer Core I5 16gb Ram 512gb Ssd Pantalla 15,6 Fhd 1920 Px X 1080 Px Intel Iris Xe Graphics Windows 11 Instalado Laptop Gamer X1502VACS51 Más Regalo",18031.0,16.0,512.0,SSD,Core I5,0,15.6,Intel Core i5,No especificado,No especificado,Intel,15.6,Estandar
Asus,Asus Expertbook P1503cva Core I5 16gb 512gb Win11 Pro Gris,12499.0,16.0,512.0,SSD,Core I5,0,,Intel Core i5,No especificado,No especificado,Intel,,Estandar
Lenovo,"Laptop Gamer Lenovo LOQ 15ARP9 con RTX 4050, Ryzen 5, 32GB de RAM y SSD de 512GB",30999.0,32.0,512.0,SSD,Ryzen 5,1,,AMD Ryzen 5,No especificado,No especificado,AMD,,Estandar
Gigabyte,Laptop Gamer GIGABYTE Gaming A16 NVIDIA GeForce RTX 5050 Intel Core i7 16GB RAM 512GB SSD Windows 11 Home,31999.0,16.0,512.0,SSD,Core I7,1,,Intel Core i7,No especificado,No especificado,Intel,,Estandar
Msi,"Laptop Gamer MSI Vector 16 HX AI Con Intel Core Ultra 7, NVIDIA RTX 5070 Ti de 12GB y 64GB RAM",64999.0,12.0,64.0,SSD,No especificado,1,,No especificado,No especificado,No especificado,Intel,16.0,Grande
Apple,Macbook Pro Apple 2018 Core I7 2.6 16gb Ram 512gb Ssd 15inch (Reacondicionado),11888.0,16.0,512.0,SSD,Core I7,0,15.0,Intel Core i7,No especificado,No especificado,Intel,15.0,Estandar
Apple,Macbook Pro 2019 I7 2.6ghz 16gb Ram 512gb Ssd 16'' Touch Bar (Reacondicionado),21999.0,16.0,512.0,SSD,No especificado,0,,No especificado,No especificado,No especificado,Intel,16.0,Grande
Lenovo,Lenovo Loq 15irx10 Intel Core I7 16gb 1tb Ssd Gris,42999.0,16.0,1024.0,SSD,Core I7,0,,Intel Core i7,No especificado,No especificado,Intel,10.0,Ultraportatil
Lenovo,"Laptop Gamer Lenovo Legion 5 de 16"" con Intel Core Ultra 9, RTX 5060, 64GB de RAM y 1TB SSD",66999.0,64.0,1024.0,SSD,No especificado,1,16.0,No especificado,No especificado,No especificado,Intel,16.0,Grande
Dell,Dell Precision 7540 Intel I7 16gb Y 1tb Ssd Nvida T1000 (Reacondicionado),14500.0,16.0,1024.0,SSD,No especificado,0,,No especificado,No especificado,No especificado,Intel,,Estandar
Lenovo,Portátil Lenovo Core I7 16 GB 256 GB Ssd Win11 Pro Wifi Hdmi Color Negro - Bueno (Reacondicionado),6200.0,16.0,256.0,SSD,Core I7,0,,Intel Core i7,No especificado,No especificado,Intel,16.0,Grande
Gigabyte,"Notebook Gamer Gigabyte Core I7 4.9ghz, 16gb,1tb,16",31999.0,16.0,1024.0,SSD,Core I7,0,,Intel Core i7,No especificado,No especificado,Intel,16.0,Grande
Dell,Dell Intel Core 7 150U 16GB Ram 1 TB SSD Pantalla Táctil 16 Intel Graphics Incluye Windows Instalado Laptop Gamer LDC16250 Con Regalo,30960.0,16.0,1024.0,SSD,No especificado,0,,No especificado,No especificado,No especificado,Intel,16.0,Grande
Asus,Laptop Asus Vivobook 16 Intel Core Ultra 5 32gb 512gb Ssd,26999.0,32.0,512.0,SSD,No especificado,0,,No especificado,No especificado,No especificado,Intel,16.0,Grande
Asus,"Laptop Gamer Asus TUF A16 con RTX 5060, Ryzen 7, 32GB RAM y 1TB SSD",49899.0,32.0,1024.0,SSD,Ryzen 7,1,,No especificado,No especificado,No especificado,AMD,,Estandar
Otra,"Laptop Gamer Thunderobot RZ16 con Intel Core i7 14700HX, RTX 5070, 32GB RAM y 1TB SSD",45748.0,32.0,1024.0,SSD,Core I7,1,,Intel Core i7,No especificado,No especificado,Intel,,Estandar
Msi,"Notebook Gamer MSI Katana 15 con Intel Core i7 14650HX, NVIDIA GeForce RTX 5070, 16GB RAM y 1TB SSD",32299.0,16.0,1024.0,SSD,Core I7,1,,Intel Core i7,No especificado,No especificado,Intel,,Estandar
Lenovo,"Laptop Lenovo V14 G5 Core I5, 16gb Ram, 512gb Ssd, W11p",29999.0,16.0,512.0,SSD,Core I5,0,,Intel Core i5,No especificado,No especificado,Intel,,Estandar
Alienware,"Laptop Alienware M15 Amd Ryzen 7 16gb Ram 512gb Ssd, Negro Negro",25999.0,16.0,512.0,SSD,Ryzen 7,0,,Apple M1,8,Apple Silicon (1ª Gen),Apple,,Estandar
Lenovo,Laptop Lenovo Ideapad 2en1 Intel U5 16gb 512gb Ssd Con Ia Gris Luna,24130.0,16.0,512.0,SSD,No especificado,0,,No especificado,No especificado,No especificado,Intel,,Estandar
Asus,Laptop Gamer ASUS TUF Gaming F15 NVIDIA GeForce RTX 4060 Intel Core i7 16GB RAM 1TB SSD Windows 11 Home,29250.0,16.0,1024.0,SSD,Core I7,1,,Intel Core i7,No especificado,No especificado,Intel,,Estandar
Lenovo,Laptop LENOVO Ideapad Slim 3 Intel Core i5 8GB RAM 512GB SSD Windows 11 Home,10999.0,8.0,512.0,SSD,Core I5,0,,Intel Core i5,No especificado,No especificado,Intel,,Estandar
Lenovo,Lenovo Ideapad Slim 3 15irh10 Intel Core I5 8gb 512gb Ssd,10599.0,8.0,512.0,SSD,Core I5,0,,Intel Core i5,No especificado,No especificado,Intel,10.0,Ultraportatil
Msi,"Notebook Msi Cyborg 15,6 Fhd 1tb / 16gb Ram Ryzen 9 270 Rtx5060",26999.0,16.0,1024.0,SSD,Ryzen 9,1,15.6,No especificado,No especificado,No especificado,AMD,15.6,Estandar
Msi,"Laptop Gamer MSI Vector de 16"" con Intel Core Ultra 7, GeForce RTX 5070 Ti de 12 GB, 16 GB RAM y SSD de 1 TB",48999.0,12.0,1024.0,SSD,No especificado,1,16.0,No especificado,No especificado,No especificado,Intel,16.0,Grande
Dell,Laptop Gamer Dell Alienware M15 R7 Core i7-12700H 16GB 1TB SSD RTX 3070 Ti 8GB 15.6'' FHD 165Hz,41399.0,16.0,1024.0,SSD,Core I7,1,15.6,Intel Core i7-12700H,14,12ª Gen (Alder Lake),Intel,15.6,Estandar
Otra,"Laptop Gaming VICTUS 15-fa2701la Intel Core i5 16GB RAM GPU NVIDIA GeForce RTX 4050 512GB SSD 15.6"" FHD",29999.0,16.0,512.0,SSD,Core I5,1,15.6,Intel Core i5,No especificado,No especificado,Intel,15.6,Estandar
Dell,Laptop Dell Precision 3551 Corei5-10400h 8gb 128gb Ref (Reacondicionado),9799.0,8.0,128.0,SSD,Corei5,0,,Intel Core i5,No especificado,No especificado,Intel,,Estandar
Lenovo,Lenovo Ideapad Slim 3 14arp10 Amd Ryzen 7 8gb Ram 1tb Ssd Azul,29499.0,8.0,1024.0,SSD,Ryzen 7,0,,No especificado,No especificado,No especificado,AMD,,Estandar
Gigabyte,Notebook Gigabyte Aero X16 Ryzen Ai 9 Hx 370 32gb 1tb Geforce Rtx 5070 Wqxga 165hz 2560x1600,55999.0,32.0,1024.0,SSD,No especificado,1,,No especificado,No especificado,No especificado,AMD,,Estandar
Otra,Laptop Intel I7 9750h 16gb Ram 512gb Ssd Win 11 15.6in,15165.0,16.0,512.0,SSD,No especificado,0,15.6,No especificado,No especificado,No especificado,Intel,15.6,Estandar
Asus,Asus Rog Strix G16 Core I9 13980hx 32gb 1tb Rtx4060 8gb 16' Color Eclipse Grey - Excelente (Reacondicionado),46900.0,32.0,1024.0,SSD,Core I9,1,,No especificado,No especificado,No especificado,Intel,16.0,Grande
Lenovo,"Lenovo Thinkbook 14 G8 Intel Core I7, 16gb Ram, 512gb Ssd",22499.0,16.0,512.0,SSD,Core I7,0,,Intel Core i7,No especificado,No especificado,Intel,14.0,Estandar
Gigabyte,"Laptop Gamer Gigabyte A16: Ryzen 7, 16gb, 512gb, Rtx 5060",29900.0,16.0,512.0,SSD,Ryzen 7,1,,No especificado,No especificado,No especificado,AMD,,Estandar
Lenovo,Notebook Lenovo Legion Pro Intel Core i7 16gb 1tb SSD Color Gris,45999.0,16.0,1024.0,SSD,Core I7,0,,Intel Core i7,No especificado,No especificado,Intel,,Estandar
Msi,"Laptop Gamer Msi Cyborg 15,6'' Intel Core I7 13620H 16gb Ram 512Gb Ssd Nvidia GeForce Rtx 4050 - Negro",39999.0,16.0,512.0,SSD,Core I7,1,15.6,Intel Core i7,No especificado,No especificado,Intel,15.6,Estandar
Otra,Laptop Gamer Legion 5 Intel Core Ultra 9 32gb 1tb Rtx 5070,70999.0,32.0,1024.0,SSD,No especificado,1,,No especificado,No especificado,No especificado,Intel,,Estandar
Lenovo,Laptop Ideapad S3 15.3 Intel Core I7 16gb 512gb Ssd Lenovo,17679.0,16.0,512.0,SSD,Core I7,0,15.3,Intel Core i7,No especificado,No especificado,Intel,15.3,Estandar
Otra,"RTX 5050 8GB VRAM Intel i7-13620H Laptop Gamer Machenike L17 DLSS 4.5 16GB DDR5 512GB SSD 17.3"" FHD 144Hz Windows 11 Pro Español Latino",30960.0,8.0,512.0,SSD,No especificado,1,17.3,No especificado,No especificado,No especificado,Intel,17.3,Grande
Lenovo,Lenovo Ideapad Slim 3 Core I7 24gb 1tb Ssd 15.3 W11 Gris,22989.0,24.0,1024.0,SSD,Core I7,0,15.3,Intel Core i7,No especificado,No especificado,Intel,15.3,Estandar
Otra,RTX 3050 Intel i7 13620H Laptop Gamer Thunderobot 911T 16GB 512GB SSD Alta Velocidad Juegos y Oficina Win 11 Pro,21471.0,16.0,512.0,SSD,No especificado,1,,No especificado,No especificado,No especificado,Intel,,Estandar
Huawei,Laptop Huawei Matebook D 16 Intel 13th Core I5 16gb + 512gb Gris,22000.0,16.0,512.0,SSD,Core I5,0,,Intel Core i5,No especificado,No especificado,Intel,16.0,Grande
Asus,"Laptop ASUS TUF A16 AMD Ryzen 7 170 16GB 512GB RTX 4050 6GB 16"" WUXGA 144Hz Windows 11",29999.0,16.0,512.0,SSD,Ryzen 7,1,16.0,No especificado,No especificado,No especificado,AMD,16.0,Grande
Lenovo,"Laptop Lenovo Ideapad 15,3 Intel Core I5 24gb Ram 1tb Ssd (Nuevo con caja abierta)",28499.0,24.0,1024.0,SSD,Core I5,0,15.3,Intel Core i5,No especificado,No especificado,Intel,15.3,Estandar
Gigabyte,"Notebook Gamer Gigabyte A16 con Intel Core i7, NVIDIA RTX 5050 de 8GB y 32GB RAM",37999.0,8.0,32.0,SSD,Core I7,1,,Intel Core i7,No especificado,No especificado,Intel,,Estandar
Lenovo,Lenovo Thinkpad E14 Gen 7 Intel Core 7 16gb 512gb Ssd,31088.0,16.0,512.0,SSD,No especificado,0,,No especificado,No especificado,No especificado,Intel,,Estandar
Hp,Hp Omnibook Ryzen Ai 7 16gb 512gb Ssd Laptop Gamer 16 Wuxga,29239.0,16.0,512.0,SSD,No especificado,0,,No especificado,No especificado,No especificado,AMD,16.0,Grande
Asus,"Laptop Asus Zenbook 14 OLED, Intel Core Ultra 5, 16gb, 1tb Ssd, Plateada Plateado",36799.0,16.0,1024.0,SSD,No especificado,0,,No especificado,No especificado,No especificado,Intel,14.0,Estandar
Asus,"Notebook Asus VivoBook de 16"" WUXGA IPS con Intel Core i9 13900H, 16 GB de RAM y 1 TB SSD",21299.0,16.0,1024.0,SSD,Core I9,0,16.0,No especificado,No especificado,No especificado,Intel,16.0,Grande
Asus,Laptop Asus Expertbook P1 15.6 Procesador Core I7 13620h Memoria Ram 16gb Almacenamiento Ssd 512gb Windows 11 Pro,24999.0,16.0,512.0,SSD,Core I7,0,15.6,Intel Core i7,No especificado,No especificado,Intel,15.6,Estandar
Dell,Laptop Touch Dell Veloz Core I3 Ram 8 Gb Hdmi Practica 256gb (Reacondicionado),3899.0,8.0,256.0,SSD,Core I3,0,,Intel Core i3,No especificado,No especificado,Intel,,Estandar
Msi,"Notebook Gamer MSI Cyborg 15 con Intel Core Ultra 7, 16 GB RAM, 1 TB SSD y RTX 5070",30999.0,16.0,1024.0,SSD,No especificado,1,,No especificado,No especificado,No especificado,Intel,16.0,Grande
Dell,"Notebook Gaming Dell G5520 Core I7 16gb Ram 512gb Ssd, Negro",30693.0,16.0,512.0,SSD,Core I7,0,,Intel Core i7,No especificado,No especificado,Intel,,Estandar
Hp,Hp Spectre X360 Touch Intel I7-13700h 16gb 1tb 3k 16 Iris (Reacondicionado),26729.0,16.0,1024.0,SSD,No especificado,0,,Intel Core i7-13700H,14,13ª Gen (Raptor Lake),Intel,16.0,Grande
Lenovo,Laptop Lenovo Thinkbook 16 Gen 9 Intel Core 5 16gb 512gb,41760.0,16.0,512.0,SSD,No especificado,0,,No especificado,No especificado,No especificado,Intel,16.0,Grande
Lenovo,"Laptop Lenovo V15 G5 Irl: Core I5, Ram 16gb, Ssd 512 Gb W11p Plateado",18469.0,16.0,512.0,SSD,Core I5,0,,Intel Core i5,No especificado,No especificado,Intel,,Estandar
Asus,Laptop Gamer Asus Tuf Gaming F16 Nvidia Geforce Rtx 3050 Intel Core 5 16gb Ram 512gb Ssd Windows 11 Home Control Dxt,27999.0,16.0,512.0,SSD,No especificado,1,,No especificado,No especificado,No especificado,Intel,,Estandar
Msi,Laptop Ia Msi Geforce Rtx 5060 Ryzen 9 64gb 1tb 16  Ips,60899.0,64.0,1024.0,SSD,Ryzen 9,1,,No especificado,No especificado,No especificado,AMD,16.0,Grande
Alienware,Laptop Gamer Alienware M15 R6 Ci7-11va 16gb 1tb Rtx3070 Ref Negro,49999.0,16.0,1024.0,SSD,No especificado,1,,Apple M1,8,Apple Silicon (1ª Gen),Apple,,Estandar
Asus,Asus Tuf A18 Ryzen 7 260 Rtx 5050 1tb Ssd 16gb Ddr5 144hz Negro,26599.0,16.0,1024.0,SSD,Ryzen 7,1,,No especificado,No especificado,No especificado,AMD,,Estandar
Dell,Laptop Dell G5 5525 6600h 16gb 512gb Ryzen 5 Nvidiagrtx 3050,16999.0,16.0,512.0,SSD,Ryzen 5,1,,AMD Ryzen 5,No especificado,No especificado,AMD,,Estandar
Apple,Apple Macbook Pro (16 Pulgadas) I7 A2141 32gb 512gb Ssd (Reacondicionado),11799.0,32.0,512.0,SSD,No especificado,0,16.0,No especificado,No especificado,No especificado,Apple,16.0,Grande
Msi,"Laptop Gamer Msi Cyborg A15: Ryzen 9, 16gb, 1tb, Rtx 5060",26999.0,16.0,1024.0,SSD,Ryzen 9,1,,No especificado,No especificado,No especificado,AMD,,Estandar
Dell,Laptop Dell Latitude 5511 Core I7 10850h 16gb Ram 256gb Ssd (Reacondicionado),14998.0,16.0,256.0,SSD,Core I7,0,,Intel Core i7,No especificado,No especificado,Intel,,Estandar
Lenovo,Laptop Lenovo Thinkbook 16 Gen 8 Intel Core Ultra 7 32gb 1tb,48442.0,32.0,1024.0,SSD,No especificado,0,,No especificado,No especificado,No especificado,Intel,16.0,Grande
Msi,Msi Thin A15 Laptop Gamer Ryzen 5 Rtx 4050 8gb 512gb,19299.0,8.0,512.0,SSD,Ryzen 5,1,,AMD Ryzen 5,No especificado,No especificado,AMD,,Estandar
Dell,"Dell Latitude 5501. Intel Core I7-9na Gen. 16gb Ram, 256 Ssd (Reacondicionado)",6999.0,16.0,256.0,SSD,Core I7,0,,Intel Core i7,No especificado,No especificado,Intel,,Estandar
Otra,Laptop Auusda Amd Ryzen 7 4800h 32gb Ram 1tb Ssd Windows 11,20026.0,32.0,1024.0,SSD,Ryzen 7,0,,No especificado,No especificado,No especificado,AMD,,Estandar
Alienware,"Laptop Gamer Alienware de 15.3"" con Ryzen 5, RTX 4050, 32GB RAM y 512GB SSD",35999.0,32.0,512.0,SSD,Ryzen 5,1,15.3,AMD Ryzen 5,No especificado,No especificado,AMD,15.3,Estandar
Dell,Laptop Dell Precision 7560 Intel I7 32 Gb 1tb Nvidia T1200 (Reacondicionado),16689.0,32.0,1024.0,SSD,No especificado,0,,No especificado,No especificado,No especificado,Intel,,Estandar
Lenovo,Lenovo Ideapad Slim 3 15irh10 Intel Corei5 8gb 512gbssd Azul,11499.0,8.0,512.0,SSD,Corei5,0,,Intel Core i5,No especificado,No especificado,Intel,10.0,Ultraportatil
Msi,MSI Thin GF63 THINGF6312436 Laptop 16GB RAM 512GB SSD Ddr4 Intel Core i7 Color Negro,26684.0,16.0,512.0,SSD,Core I7,0,,Intel Core i7,No especificado,No especificado,Intel,,Estandar
Dell,Laptop Dell Precision 7560 Intel I7 32 Gb 512gb Nvidia T1200 (Reacondicionado),14989.0,32.0,512.0,SSD,No especificado,0,,No especificado,No especificado,No especificado,Intel,,Estandar
Asus,Laptop Asus Vivobook 16 Core I9 13900h 24gb 1tb Pantalla 16,46999.0,24.0,1024.0,SSD,Core I9,0,,No especificado,No especificado,No especificado,Intel,16.0,Grande
Lenovo,"Notebook Lenovo ThinkBook 16 G7 con AMD Ryzen 7, 16 GB de RAM y 512 GB SSD",19793.0,16.0,512.0,SSD,Ryzen 7,0,,No especificado,No especificado,No especificado,AMD,16.0,Grande
Dell,Dell Inspiron G5 15 4k  Intel I7 8th 16gb Y 1tb Ssd Gtx1060 (Reacondicionado),12000.0,16.0,1024.0,SSD,No especificado,1,,No especificado,No especificado,No especificado,Intel,,Estandar
Msi,"Laptop Gamer Msi Cyborg 15: Core I7, 32gb Ram, 1tb Ssd, W11h",33599.0,32.0,1024.0,SSD,Core I7,0,,Intel Core i7,No especificado,No especificado,Intel,,Estandar
Asus,Laptop Asus Tuf Gaming A15 Amd R5 Rtx2050 16gb 512gb Negro,19990.0,16.0,512.0,SSD,No especificado,1,,No especificado,No especificado,No especificado,AMD,,Estandar
Lenovo,"Lenovo IdeaPad Core i5 1035G1 8GB 256GB SSD 15.6"" Win 10 Azul (Nuevo con caja abierta)",9999.0,8.0,256.0,SSD,Core I5,0,15.6,Intel Core i5,No especificado,No especificado,Intel,15.6,Estandar
Otra,Laptop Gamer Vove N4000 Intel 12gb 256gb Ssd Windows 11 Pro,7999.0,12.0,256.0,SSD,No especificado,0,,No especificado,No especificado,No especificado,Intel,,Estandar
Lenovo,Laptop Lenovo Gamer Loq G10 Intel Core I7 24gb 1tb Rtx 5060,44999.0,24.0,1024.0,SSD,Core I7,1,,Intel Core i7,No especificado,No especificado,Intel,10.0,Ultraportatil
Msi,Laptop Gamer Msi Katana Rtx 5070 Core I7 16gb Ddr5 1tb 15.6,41999.0,16.0,1024.0,SSD,Core I7,1,15.6,Intel Core i7,No especificado,No especificado,Intel,15.6,Estandar
Otra,Notebook Thinkbook 14 Gen 8 Intel Core I5 16gb 512gb 14 Gris,30299.0,16.0,512.0,SSD,Core I5,0,,Intel Core i5,No especificado,No especificado,Intel,14.0,Estandar
Gigabyte,"Laptop Gamer Gigabyte A16: Ryzen 7, 16gb, 512gb, Rtx 5060",24599.0,16.0,512.0,SSD,Ryzen 7,1,,No especificado,No especificado,No especificado,AMD,,Estandar
Acer,Notebook Gamer Acer Nitro V 15 Intel Core i5 16GB RAM 512GB SSD RTX 5050,20999.0,16.0,512.0,SSD,Core I5,1,,Intel Core i5,No especificado,No especificado,Intel,15.0,Estandar
Msi,Laptop Gamer Msi Thin Gf63 Nvidia Geforce Rtx 2050 Intel Core I5 8gb Ram 1tb Ssd Windows 11 Home,20999.0,8.0,1024.0,SSD,Core I5,1,,Intel Core i5,No especificado,No especificado,Intel,,Estandar
Dell,Dell Xps 15 9510 Intel 32gb Y 2tb Ssd Rtx 3050 Ti (Reacondicionado),25000.0,32.0,2048.0,SSD,No especificado,1,,No especificado,No especificado,No especificado,Intel,10.0,Ultraportatil
Dell,Laptop Dell Vostro 15-5510 Core I7 11va 16gb Ram 512gb Ssd (Reacondicionado),12799.0,16.0,512.0,SSD,Core I7,0,,Intel Core i7,No especificado,No especificado,Intel,,Estandar
Dell,Notebook Gamer Dell Intel Core I5 8 GB Ssd 240 GB - Color Negro - Bueno (Reacondicionado),4200.0,8.0,240.0,SSD,Core I5,0,,Intel Core i5,No especificado,No especificado,Intel,,Estandar
Asus,Laptop Gamer Asus Tuf A16 Ryzen 7 170 16gb Ram 512gb Rtx4050,22799.0,16.0,512.0,SSD,Ryzen 7,1,,No especificado,No especificado,No especificado,AMD,,Estandar
Lenovo,Laptop Lenovo Loq 15iax9e Gamer Intel Ci5 8gb 512gb W11h Color Luna Grey,15799.0,8.0,512.0,SSD,No especificado,0,,No especificado,No especificado,No especificado,Intel,,Estandar
Lenovo,Laptop Lenovo Thinkbook 14 Gen 9 Intel Core 5 16gb 512gb,26680.0,16.0,512.0,SSD,No especificado,0,,No especificado,No especificado,No especificado,Intel,14.0,Estandar
Asus,Laptop Asus Vivobook Intel Core I9-13900h 1tb Ssd 16gb Ram,26999.0,16.0,1024.0,SSD,Core I9,0,,No especificado,No especificado,No especificado,Intel,,Estandar
Alienware,Laptop Gamer Alienware M16 Rtx 4050 Core I5 16gb Ddr5 512gb,29899.0,16.0,512.0,SSD,Core I5,1,,Apple M1,8,Apple Silicon (1ª Gen),Apple,,Estandar
Asus,Laptop Gamer Asus Tuf Gaming A18 Nvidia Geforce Rtx 5070 Amd Ryzen 7 64gb Ram 1tb Ssd Windows 11 Home,73999.0,64.0,1024.0,SSD,Ryzen 7,1,,No especificado,No especificado,No especificado,AMD,,Estandar
Lenovo,Laptop Gamer Lenovo Loq G10 Intel Core I7 32gb 1tb Rtx 5060,59999.0,32.0,1024.0,SSD,Core I7,1,,Intel Core i7,No especificado,No especificado,Intel,10.0,Ultraportatil
Lenovo,Laptop Lenovo Thinkbook 14  Intel Core 7 16gb 512gb,42700.0,16.0,512.0,SSD,No especificado,0,,No especificado,No especificado,No especificado,Intel,14.0,Estandar
Lenovo,Laptop Gamer Lenovo Legion Pro 5 82WM0047LM Rtx 4060 Ryzen 7 16GB 512GB Gris,45999.0,16.0,512.0,SSD,Ryzen 7,1,,No especificado,No especificado,No especificado,AMD,,Estandar
Dell,Laptop Dell Precisión Core I7 9na 32gb Ram 480 Ssd 8gb Video (Reacondicionado),16000.0,32.0,480.0,SSD,Core I7,0,,Intel Core i7,No especificado,No especificado,Intel,,Estandar
Acer,Acer Nitro V15 Ryzen 5 7535hs Ram 16gb Ssd 512gb Rtx 4050 Color Negro 144 HZ,19999.0,16.0,512.0,SSD,Ryzen 5,1,,AMD Ryzen 5,No especificado,No especificado,AMD,,Estandar
Lenovo,"Notebook Gamer Lenovo Legion 5i con Intel Ultra 7, 32 GB RAM y 1 TB SSD, RTX 5070 de 8 GB y Pantalla OLED de 15.1"" WQXGA a 165 Hz",40000.0,32.0,1024.0,SSD,No especificado,1,15.1,No especificado,No especificado,No especificado,Intel,15.1,Estandar
Otra,Microsoft Surface Notebook Studio Gen 2 14.4 1tb 32gb I7 2023 Color Plateado,40000.0,32.0,1024.0,SSD,No especificado,0,14.4,No especificado,No especificado,No especificado,Intel,14.4,Estandar
Asus,Laptop Gamer Asus Tuf Gaming A15 Rtx 3050 Ryzen 7 8gb 512gb Color Gris,16599.0,8.0,512.0,SSD,Ryzen 7,1,,No especificado,No especificado,No especificado,AMD,,Estandar
Lenovo,Portátil Lenovo Ideapad Slim 3 15irh10 Intel Core i5-13420H 8 GB 512 GB SSD Windows 11 15.3 - 83ns0002br Luna Grey,10200.0,8.0,512.0,SSD,Core I5,0,15.3,Intel Core i5-13420H,8,13ª Gen (Raptor Lake),Intel,15.3,Estandar
Lenovo,Notebook Lenovo ThinkBook 14 Gen 7 ARP AMD Ryzen 5 16GB RAM 512GB SSD color gris (Nuevo con caja abierta),10000.0,16.0,512.0,SSD,Ryzen 5,0,,AMD Ryzen 5,No especificado,No especificado,AMD,14.0,Estandar
Dell,"Laptop Gamer Dell Alienware Aurora 16 Wqxga, Intel Core 7 240h, Nvidia Geforce Rtx 5050, 16gb, 512gb Ssd, Windows 11 Home (Nuevo con caja abierta)",27000.0,16.0,512.0,SSD,No especificado,1,,No especificado,No especificado,No especificado,Intel,16.0,Grande
Dell,"Laptop Gamer Dell Alienware Aurora 16 Wqxga, Intel Core 7 240h, Nvidia Geforce Rtx 5050, 16gb, 512gb Ssd, Windows 11 Home",29999.0,16.0,512.0,SSD,No especificado,1,,No especificado,No especificado,No especificado,Intel,16.0,Grande
Lenovo,Laptop Lenovo Ideapad Slim 3 Gen 10 Amd Ryzen 7 16gb 1tb,27999.0,16.0,1024.0,SSD,Ryzen 7,0,,No especificado,No especificado,No especificado,AMD,,Estandar
Acer,Acer Nitro 5 Core I7 13620h Rtx4050 16gb Ram 1tb Ssd 16 Color Negro (Nuevo con caja abierta),25999.0,16.0,1024.0,SSD,Core I7,1,,Intel Core i7,No especificado,No especificado,Intel,16.0,Grande
Asus,"Laptop Gamer ASUS TUF A15 NVIDIA GeForce RTX 3050 AMD Ryzen 7 8GB RAM 512GB SSD 15.6"" 144Hz Windows 11 Home - Excelente (Reacondicionado)",15900.0,8.0,512.0,SSD,Ryzen 7,1,15.6,No especificado,No especificado,No especificado,AMD,15.6,Estandar
Dell,"Dell Latitude 5511 15,6' / Core I7 10850h Ram 16gb/ssd 512gb - Bueno (Reacondicionado)",7500.0,16.0,512.0,SSD,Core I7,0,15.6,Intel Core i7,No especificado,No especificado,Intel,15.6,Estandar
Lenovo,"Portatil Gamer Lenovo Legion Go S Blanco 8 Gaming Handheld, Amd Ryzen 7 Z2 Go, 32gb De Ram, 1tb Ssd, Amd Radeon Rdna, 120hz Wuxga 1920px X 1200px, Windows 11 Home (Nuevo con caja abierta)",18500.0,32.0,1024.0,SSD,Ryzen 7,0,,No especificado,No especificado,No especificado,AMD,,Estandar
Msi,"Notebook Gamer Msi Core I9 5.8ghz, 32gb, 1tb Ssd, 15.6 Color Negro",40000.0,32.0,1024.0,SSD,Core I9,0,15.6,No especificado,No especificado,No especificado,Intel,15.6,Estandar
Lenovo,"Notebook Gamer Lenovo Legion 5 de 17.3"" con AMD Ryzen 5, 8GB RAM, 256GB SSD y NVIDIA GeForce GTX 1650",26594.0,8.0,256.0,SSD,Ryzen 5,1,17.3,AMD Ryzen 5,No especificado,No especificado,AMD,17.3,Grande
Huawei,Huawei Matebook D16 Intel I5-13420h 16gb Ram 1tb Ssd Sin So Gris,20561.0,16.0,1024.0,SSD,No especificado,0,,Intel Core i5-13420H,8,13ª Gen (Raptor Lake),Intel,16.0,Grande
Acer,Portátil Acer Aspire Go 15 Ag15-71p 15.6 Fhd I5 16 Gb 512 Gb,19535.0,16.0,512.0,SSD,No especificado,0,15.6,No especificado,No especificado,No especificado,Intel,15.6,Estandar
Hp,Portátil Hp Victus 15.6  Fhd 144hz Ryzen5 16gb 512gb Ssd,36783.0,16.0,512.0,SSD,Ryzen5,0,15.6,AMD Ryzen 5,No especificado,No especificado,AMD,15.6,Estandar
Lenovo,Ordenador Portátil Lenovo Thinkpad E16 Ryzen 7 16 Gb 512 Gb,32251.0,16.0,512.0,SSD,Ryzen 7,0,,No especificado,No especificado,No especificado,AMD,16.0,Grande
Otra,Laptop Nimo N156 I5-12450h 15.6  Fhd 8gb 256gb Ssd,18695.0,8.0,256.0,SSD,No especificado,0,15.6,Intel Core i5-12450H,8,12ª Gen (Alder Lake),Intel,15.6,Estandar
Acer,Portátil Acer Swift Go 14\  Ryzen 7 16gb 1tb Ssd,32428.0,16.0,1024.0,SSD,Ryzen 7,0,,No especificado,No especificado,No especificado,AMD,14.0,Estandar
Lenovo,Laptop Lenovo V14 Gen 4 Intel I7 16gb Ram 512gb Ssd 14'',16673.0,16.0,512.0,SSD,No especificado,0,,No especificado,No especificado,No especificado,Intel,14.0,Estandar
Lenovo,Laptop Lenovo Legion 5 Ryzen 5 8gb Ram 1tb + 128gb Rtx2060 Color Negro (Nuevo con caja abierta),17500.0,8.0,1024.0,SSD,Ryzen 5,1,,AMD Ryzen 5,No especificado,No especificado,AMD,,Estandar
Asus,Laptop Asus Tuf Gaming Intel I5 16gb 512gb Rtx 3050 Con Moch Negro,21999.0,16.0,512.0,SSD,No especificado,1,,No especificado,No especificado,No especificado,Intel,,Estandar
Acer,"Portátil Acer AN517-54-765V Gamer Nitro 5 Core I7 11600H 16 GB SSD 512 GB Tela 17,3"" Linux",23000.0,16.0,512.0,SSD,Core I7,0,17.3,Intel Core i7,No especificado,No especificado,Intel,17.3,Grande
Asus,Notebook Asus Tuf F15 Intel Core I5 12500h 16gb Ram Ddr4 1tb Ssd M.2 Nvme Pcie 3.0 (15.6) Gráficos Nvidia Geforce Rtx 3050 4gb 144hz Full Hd 1920x1080 Px Wi-fi 6 Windows 11 Home Color Mecha Grey,27000.0,16.0,1024.0,SSD,Core I5,1,15.6,Intel Core i5,No especificado,No especificado,Intel,15.6,Estandar
Msi,Msi Cyborg Laptop Intel I7 144hz Rtx 5060 16gb 512gb Ssd (Nuevo con caja abierta),28500.0,16.0,512.0,SSD,No especificado,1,,No especificado,No especificado,No especificado,Intel,,Estandar
Lenovo,Lenovo Ideapad Slim 3 Core I7 24gb 1tb Ssd 15.3 W11 Gris (Nuevo con caja abierta),17999.0,24.0,1024.0,SSD,Core I7,0,15.3,Intel Core i7,No especificado,No especificado,Intel,15.3,Estandar
Otra,Notebook VSAP Intel Core i7 13620H 32GB RAM 1TB SSD 15.6'' IPS Windows 11 Pro,16000.0,32.0,1024.0,SSD,Core I7,0,15.6,Intel Core i7,No especificado,No especificado,Intel,15.6,Estandar
Otra,Vove Laptop Intel 12gb 256gb Ssd Windows 11 Pro,7899.0,12.0,256.0,SSD,No especificado,0,,No especificado,No especificado,No especificado,Intel,,Estandar
Lenovo,Laptop Lenovo Thinkpad E16 G3 Intel Core Ultra 7 32gb 512gb,45240.0,32.0,512.0,SSD,No especificado,0,,No especificado,No especificado,No especificado,Intel,,Estandar
Lenovo,Lenovo Ideapad Slim 3 15irh10 Intel Core I5 8gb 512gb Ssd Azul - Excelente (Reacondicionado),13400.0,8.0,512.0,SSD,Core I5,0,,Intel Core i5,No especificado,No especificado,Intel,10.0,Ultraportatil
Otra,Laptop Gamer Xpg Xenia Core I7 16gb 512gb Rtx 2070 15.6 - Excelente (Reacondicionado),15000.0,16.0,512.0,SSD,Core I7,1,15.6,Intel Core i7,No especificado,No especificado,Intel,15.6,Estandar
Asus,"Notebook Asus TUF Gaming FX507ZM-BS74 con Intel Core i7, 16GB RAM y 1TB SSD",29747.0,16.0,1024.0,SSD,Core I7,0,,Intel Core i7,No especificado,No especificado,Intel,,Estandar
Msi,Msi Ge75 Raider Gaming Core I7-1075h 1tb+512ssd 16 Gb 17.3 Color Negro,27500.0,16.0,1024.0,SSD,Core I7,0,17.3,Intel Core i7,No especificado,No especificado,Intel,17.3,Grande
Lenovo,Laptop Lenovo Legion 7 Intel I7 32gb Ram 1tb Ssd Rtx 2080 8b Color Gris,55000.0,32.0,1024.0,SSD,No especificado,1,,No especificado,No especificado,No especificado,Intel,,Estandar
Asus,Notebook Asus Tuf A15 Gaming Fa507nur 15.6 165hz Wqhd Ryzen 7 16gb 512gb Ssd Rtx4050 --gb Win11 (Nuevo con caja abierta),27000.0,16.0,512.0,SSD,Ryzen 7,1,15.6,No especificado,No especificado,No especificado,AMD,15.6,Estandar
Lenovo,Workstation Lenovo Thinkpad P14s 5gen 14 Intel u7 16gb 512gb (Nuevo con caja abierta),39860.0,16.0,512.0,SSD,No especificado,0,,No especificado,No especificado,No especificado,Intel,14.0,Estandar
Dell,Laptop Dell Inspiron 15 5510 Corei5-11300h 12gb Ram 512gb Plateado,22900.0,12.0,512.0,SSD,Corei5,0,,Intel Core i5,No especificado,No especificado,Intel,,Estandar
Asus,Laptop Gamer ASUS TUF Gaming A16 NVIDIA GeForce RTX 4050 AMD Ryzen 5 16GB RAM 512GB SSD Windows 11 Home,22000.0,16.0,512.0,SSD,Ryzen 5,1,,AMD Ryzen 5,No especificado,No especificado,AMD,,Estandar
Otra,Laptop Thinkpad P1 Gen 8 Intel Core Ultra 7 32gb 1tb 16,92799.0,32.0,1024.0,SSD,No especificado,0,,No especificado,No especificado,No especificado,Intel,16.0,Grande
Lenovo,Lenovo Xiaoxin 16c Ryzen 7 8745hs 16GB 512GB 16 Pulgadas,30889.0,16.0,512.0,SSD,Ryzen 7,0,16.0,No especificado,No especificado,No especificado,AMD,16.0,Grande
Msi,Laptop Ia Msi Geforce Rtx 5060 Ryzen 9 64gb 1tb 16  Ips,59899.0,64.0,1024.0,SSD,Ryzen 9,1,,No especificado,No especificado,No especificado,AMD,16.0,Grande
Lenovo,Laptop Lenovo G8 Intel Ultra 7 32gb Ram 1tb Ssd Thinkbook,39398.0,32.0,1024.0,SSD,No especificado,0,,No especificado,No especificado,No especificado,Intel,,Estandar
Dell,Dell Latitude 3490 Core I5 8gb 128gb Ssd Win11 Pro,7500.0,8.0,128.0,SSD,Core I5,0,,Intel Core i5,No especificado,No especificado,Intel,,Estandar
Dell,Dell Latitude 3590 Core I3 8gb 128gb Ssd Win11 Pro,7800.0,8.0,128.0,SSD,Core I3,0,,Intel Core i3,No especificado,No especificado,Intel,,Estandar
Lenovo,"Laptop Lenovo IdeaPad Slim 3 con Intel Core i7, 24 GB RAM y SSD de 1 TB",25999.0,24.0,1024.0,SSD,Core I7,0,,Intel Core i7,No especificado,No especificado,Intel,,Estandar
Lenovo,Lenovo Ideapad Slim 3 15irh10 Intel Core I5 8gb512gbssd Azul,10999.0,8.0,512.0,SSD,Core I5,0,,Intel Core i5,No especificado,No especificado,Intel,10.0,Ultraportatil
Dell,Latitude 5490 - Dell 14' / Core I5 / Ram 8gb / Ssd 256gb - Excelente (Reacondicionado),8400.0,8.0,256.0,SSD,Core I5,0,,Intel Core i5,No especificado,No especificado,Intel,14.0,Estandar
Lenovo,Laptop Ideapad S3 15.3 Intel Core I7 16gb 512gb Ssd Lenovo,18999.0,16.0,512.0,SSD,Core I7,0,15.3,Intel Core i7,No especificado,No especificado,Intel,15.3,Estandar
Lenovo,Lenovo Ideapad Slim 3 15irh10 Intel Core I5 8gb 512gb Ssd Az,13599.0,8.0,512.0,SSD,Core I5,0,,Intel Core i5,No especificado,No especificado,Intel,10.0,Ultraportatil
Lenovo,Laptop Lenovo Ideapad Slim 3 I5-13420h 8gb 512gb W11,15825.0,8.0,512.0,SSD,No especificado,0,,Intel Core i5-13420H,8,13ª Gen (Raptor Lake),Intel,,Estandar
Lenovo,Laptop Lenovo Ideapad Slim 3 G10 Intel Core I7 16gb 512gb,27499.0,16.0,512.0,SSD,Core I7,0,,Intel Core i7,No especificado,No especificado,Intel,10.0,Ultraportatil
Dell,"Dell Laptop Alienware AM16 R2, NVIDIA GeForce RTX 4050 (6GB), 16"" QHD+ Ultra7-155H (16Cores), 16GB 1TB SSD, Color Negro (Nuevo con caja abierta)",52999.0,6.0,1024.0,SSD,No especificado,1,16.0,Apple M1,8,Apple Silicon (1ª Gen),Apple,16.0,Grande
Apple,"Macbook Pro 2019 (a2141). I9 32 Gb Ram, 500 Gb Ssd, Amd 4 Gb (Reacondicionado)",12899.0,32.0,500.0,SSD,No especificado,0,,No especificado,No especificado,No especificado,Intel,,Estandar
Msi,Laptop Gamer Msi Rtx 2050 Core I5 16gb 1tb 15.6 Ips 144hz Negro,21999.0,16.0,1024.0,SSD,Core I5,1,15.6,Intel Core i5,No especificado,No especificado,Intel,15.6,Estandar
Dell,Notebook Dell Precision 7740 Core I7 16gb 256gb Nvme W11 (Reacondicionado),7999.0,16.0,256.0,SSD,Core I7,0,,Intel Core i7,No especificado,No especificado,Intel,,Estandar
Msi,Laptop Ai Gamer Msi Rtx 5060 8gb Ryzen 9 16gb 1tb,39999.0,8.0,1024.0,SSD,Ryzen 9,1,,No especificado,No especificado,No especificado,AMD,,Estandar
Msi,Laptop Gamer Msi Rtx 2050 Core I5 32gb 1tb 15.6 Ips 144hz,25999.0,32.0,1024.0,SSD,Core I5,1,15.6,Intel Core i5,No especificado,No especificado,Intel,15.6,Estandar
Dell,"Dell Laptop Alienware AM16 R2, NVIDIA GeForce RTX 4050 (6GB), 16"" QHD+ Ultra7-155H (16Cores), 16GB 1TB SSD, Color Negro",49999.0,6.0,1024.0,SSD,No especificado,1,16.0,Apple M1,8,Apple Silicon (1ª Gen),Apple,16.0,Grande
Gigabyte,"Laptop Gamer Gigabyte A16: Ryzen 7, 16gb, 512gb, Rtx 5050",21999.0,16.0,512.0,SSD,Ryzen 7,1,,No especificado,No especificado,No especificado,AMD,,Estandar
Lenovo,Laptop Gamer Lenovo Loq Amd Ryzen 7 32gb 1tb Nvidia Rtx 5060,55999.0,32.0,1024.0,SSD,Ryzen 7,1,,No especificado,No especificado,No especificado,AMD,,Estandar
Asus,Asus Tuf A17 Ryzen 7 Gtx 1660 Ti 6gb 16gb 512gb Ssd,20000.0,6.0,512.0,SSD,Ryzen 7,1,,No especificado,No especificado,No especificado,AMD,,Estandar
Dell,Laptop Dell Latitude 5501 Core I5 8gb 256gb Ssd Win 11 Pro (Reacondicionado),5199.0,8.0,256.0,SSD,Core I5,0,,Intel Core i5,No especificado,No especificado,Intel,,Estandar
Lenovo,Laptop Gamer Lenovo Loq G10 Intel Core I5 16gb 512gb Rtx5050,34999.0,16.0,512.0,SSD,Core I5,1,,Intel Core i5,No especificado,No especificado,Intel,10.0,Ultraportatil
Lenovo,Laptop Lenovo Legion Pro 5 G10 Amd Ryzen 7 32gb 1tb Rtx 5060,57999.0,32.0,1024.0,SSD,Ryzen 7,1,,No especificado,No especificado,No especificado,AMD,,Estandar
Asus,Laptop ASUS Vivobook 15 Intel Core i7 16GB RAM 512GB SSD Windows 11 Home,18499.0,16.0,512.0,SSD,Core I7,0,,Intel Core i7,No especificado,No especificado,Intel,15.0,Estandar
Apple,Apple Macbook Pro 2018 I7 16gb 500gb Ssd Touchbar Como Nueva,9500.0,16.0,500.0,SSD,No especificado,0,,No especificado,No especificado,No especificado,Apple,,Estandar
Lenovo,Workstation Lenovo Thinkpad P14s 5gen 14 Intel u7 16gb 512gb,35999.0,16.0,512.0,SSD,No especificado,0,,No especificado,No especificado,No especificado,Intel,14.0,Estandar
Msi,Msi Thin A15 Laptop Gamer Ryzen 5 Rtx 4050 8gb 512gb Ssd,28999.0,8.0,512.0,SSD,Ryzen 5,1,,AMD Ryzen 5,No especificado,No especificado,AMD,,Estandar
Lenovo,"Laptop Lenovo V14 Gen 4: Core I7, 16gb, 512gb, W11 Home",14299.0,16.0,512.0,SSD,Core I7,0,,Intel Core i7,No especificado,No especificado,Intel,,Estandar
Lenovo,Laptop Gaming 15.6 Loq15arp10 Amd Ryzen 7 16gb 512gb Lenovo,30499.0,16.0,512.0,SSD,Ryzen 7,0,15.6,No especificado,No especificado,No especificado,AMD,15.6,Estandar
Asus,Asus Expertbook Core I5 13a Gen 8gb 512gb Ssd Win 11 Pro Plateado,24999.0,8.0,512.0,SSD,Core I5,0,,Intel Core i5,No especificado,No especificado,Intel,,Estandar
Lenovo,Laptop Lenovo Thinkpad T16 Gen 4 Intel Core Ultra 7 32gb 1tb Negro,52200.0,32.0,1024.0,SSD,No especificado,0,,No especificado,No especificado,No especificado,Intel,,Estandar
Dell,Laptop Dell G16 Gaming Core I7-12700h Rtx 3060 16gb Ram 1tb,40736.0,16.0,1024.0,SSD,Core I7,1,,Intel Core i7-12700H,14,12ª Gen (Alder Lake),Intel,,Estandar
Msi,Laptop Gamer Msi Rtx 3050 Core I5 16gb 512gb 15.6 144hz Gris,21999.0,16.0,512.0,SSD,Core I5,1,15.6,Intel Core i5,No especificado,No especificado,Intel,15.6,Estandar
Lenovo,Ordenador Portátil Lenovo 2026 Ryzen 5 7535hs 24 Gb 1 Tb 15.,27818.0,24.0,1024.0,SSD,Ryzen 5,0,,AMD Ryzen 5,No especificado,No especificado,AMD,,Estandar
Otra,"Laptop Kurietim De 16  Fhd Intel I7-13620h, 32 Gb, 1 Tb Ssd",21980.0,32.0,1024.0,SSD,No especificado,0,,No especificado,No especificado,No especificado,Intel,16.0,Grande
Asus,Asus Vivobook Pro 16 Core I9 13900h 16gb 1tb Rtx4060 8gb 16' Color Quiet Blue,77998.0,16.0,1024.0,SSD,Core I9,1,,No especificado,No especificado,No especificado,Intel,16.0,Grande
Hp,Laptop Hp Omnibook Ryzen 7 16gb Ddr5 1tb Ssd Wuxga Touch,35846.0,16.0,1024.0,SSD,Ryzen 7,0,,No especificado,No especificado,No especificado,AMD,,Estandar
Dell,Laptop Gamer Dell Vostro 3405 Amd Ryzen 5 3450u 16gb 1tb 256gb Ssd (Nuevo con caja abierta),5000.0,16.0,1024.0,SSD,Ryzen 5,0,,AMD Ryzen 5,No especificado,No especificado,AMD,,Estandar
Acer,"Notebook Gamer Acer Nitro V 15 con Intel Core i5 y RTX 5050, 32 GB RAM y SSD de 512 GB",31999.0,32.0,512.0,SSD,Core I5,1,,Intel Core i5,No especificado,No especificado,Intel,,Estandar
Msi,Laptop Msi Katana Gf66 15.6'' 144hz Fhd Intel I7 16gb 1tb Ss,38625.0,16.0,1024.0,SSD,No especificado,0,15.6,No especificado,No especificado,No especificado,Intel,15.6,Estandar
Asus,Laptop Gamer Asus Rog Zephyrus 5070ti 32gb 1tb Oled 3k Ryzen (Reacondicionado),49999.0,32.0,1024.0,SSD,No especificado,0,,No especificado,No especificado,No especificado,AMD,,Estandar
Apple,Apple Macbook Pro 2019 I7 16gb 500gb Ssd Cuenta Con Mdm,10000.0,16.0,500.0,SSD,No especificado,0,,No especificado,No especificado,No especificado,Apple,,Estandar
Hp,Ordenador Portátil Hp Victus 15 I5-13420h 16 Gb 1 Tb Ssd Rtx,31738.0,16.0,1024.0,SSD,No especificado,1,,Intel Core i5-13420H,8,13ª Gen (Raptor Lake),Intel,16.0,Grande
Lenovo,Portatil Lenovo Loq Amd R5-7235hs 16 Gb 512 Gb Ssd Rtx4050 G,34999.0,16.0,512.0,SSD,No especificado,1,,No especificado,No especificado,No especificado,AMD,16.0,Grande
Lenovo,Lenovo LOQ 15IRX10 i7-13700HX 16GB RAM 1 TB SSD RTX 5060,35999.0,16.0,1024.0,SSD,No especificado,1,,Intel Core i7-13700H,14,13ª Gen (Raptor Lake),Intel,,Estandar
Msi,"Laptop Msi 15,6´´ 8gb 256gb Core I5 Nvidia Gtx1650 Windows10 Color Negro (Nuevo con caja abierta)",19164.0,8.0,256.0,SSD,Core I5,1,15.6,Intel Core i5,No especificado,No especificado,Intel,15.6,Estandar
Asus,Laptop Asus Expertbook P1 Ci5-13420h 8gb Ram 512gb Ssd W11p,24999.0,8.0,512.0,SSD,No especificado,0,,Intel Core i5-13420H,8,13ª Gen (Raptor Lake),Intel,,Estandar
Asus,Notebook Asus Tuf Gaming F15 Core I5 16gb Ram 512gb Ssd - Excelente (Reacondicionado),16999.0,16.0,512.0,SSD,Core I5,0,,Intel Core i5,No especificado,No especificado,Intel,,Estandar
Asus,Asus Rog Strix G16 Ryzen 9 16ram 512ssd Nvidia Rtx5050 8gb,31999.0,8.0,512.0,SSD,Ryzen 9,1,,No especificado,No especificado,No especificado,AMD,,Estandar
Asus,Laptop Gamer Asus Rog Flow Z13 Amd Ai Max +395 128gb 1tb,97999.0,128.0,1024.0,SSD,No especificado,0,,No especificado,No especificado,No especificado,AMD,,Estandar
Lenovo,Lenovo Ideapad Slim 3 15irh10 Intel Core I5 8gb 512gb Touch,14399.0,8.0,512.0,SSD,Core I5,0,,Intel Core i5,No especificado,No especificado,Intel,10.0,Ultraportatil
Dell,Laptop Dell Latitude 5501 Core I5 16gb 512gb Ssd Win 11 Pro (Reacondicionado),6499.0,16.0,512.0,SSD,Core I5,0,,Intel Core i5,No especificado,No especificado,Intel,,Estandar
Lenovo,Notebook Lenovo 2026 Ryzen 5 7535hs 24gb 1tb 15.3,27209.0,24.0,1024.0,SSD,Ryzen 5,0,15.3,AMD Ryzen 5,No especificado,No especificado,AMD,15.3,Estandar
Lenovo,Laptop Lenovo V Series I5-13420h 15.6  Fhd 16gb 512gb Ssd,25435.0,16.0,512.0,SSD,No especificado,0,15.6,Intel Core i5-13420H,8,13ª Gen (Raptor Lake),Intel,15.6,Estandar
Msi,"Notebook Gamer MSI Katana GF66 con Intel Core i7, 16GB RAM y 512GB SSD",27999.0,16.0,512.0,SSD,Core I7,0,,Intel Core i7,No especificado,No especificado,Intel,,Estandar
Acer,Portátil Acer Nitro V I5-13420h Rtx 5050 16gb Ram 512gb Ss,33223.0,16.0,512.0,SSD,No especificado,1,,Intel Core i5-13420H,8,13ª Gen (Raptor Lake),Intel,,Estandar
Lenovo,Portátil Lenovo Ideapad Ryzen 7 15.3  24gb Ram 2tb Ssd,33172.0,24.0,2048.0,SSD,Ryzen 7,0,15.3,No especificado,No especificado,No especificado,AMD,15.3,Estandar
Lenovo,Portátil Lenovo Ideapad Ryzen 7 De 15.3  16gb Ram 2tb,29583.0,16.0,2048.0,SSD,Ryzen 7,0,15.3,No especificado,No especificado,No especificado,AMD,15.3,Estandar
Lenovo,Ordenador Portátil Lenovo Ideapad I5-13420h 16 8 Gb 512 Gb S,20284.0,8.0,512.0,SSD,No especificado,0,16.8,Intel Core i5-13420H,8,13ª Gen (Raptor Lake),Intel,16.8,Grande
Lenovo,Laptop Lenovo V Series I5-13420h 15.6  Fhd 16gb 512gb Ssd,25438.0,16.0,512.0,SSD,No especificado,0,15.6,Intel Core i5-13420H,8,13ª Gen (Raptor Lake),Intel,15.6,Estandar
Lenovo,Ordenador Portátil Lenovo V14 14 I7 24 Gb Ram 2 Tb Ssd Win 1,29429.0,24.0,2048.0,SSD,No especificado,0,,No especificado,No especificado,No especificado,Intel,14.0,Estandar
Lenovo,"Ordenador Portátil Lenovo V14 14 I7 24 Gb Ram 1,16 Tb Ssd Wi",28535.0,24.0,1188.0,SSD,No especificado,0,,No especificado,No especificado,No especificado,Intel,14.0,Estandar
Hp,Ordenador Portátil Hp Victus 15 15.6 Ryzen 5 32 Gb 1 Tb Ssd,38580.0,32.0,1024.0,SSD,Ryzen 5,0,15.6,AMD Ryzen 5,No especificado,No especificado,AMD,15.6,Estandar
Lenovo,Ordenador Portátil Lenovo V14 14 I7 16 Gb Ram 2 Tb Ssd Win 1,27942.0,16.0,2048.0,SSD,No especificado,0,,No especificado,No especificado,No especificado,Intel,14.0,Estandar
Hp,Portátil Hp Victus 15.6  I5-13420h 16gb 2tb Rtx4050 Windo,37498.0,16.0,2048.0,SSD,No especificado,1,15.6,Intel Core i5-13420H,8,13ª Gen (Raptor Lake),Intel,15.6,Estandar
Lenovo,Ordenador Portátil Lenovo Ideapad 5 Ryzen 7 16 16 Gb 512 Gb,26681.0,16.0,512.0,SSD,Ryzen 7,0,,No especificado,No especificado,No especificado,AMD,16.0,Grande
Asus,"Ordenador Portátil Asus Vivobook 16 I9 16 Gb Ram 1,5 Tb Ssd",31695.0,16.0,1536.0,SSD,No especificado,0,,No especificado,No especificado,No especificado,Intel,16.0,Grande
Hp,Ordenador Portátil Hp Victus 15 I5 16 Gb 2 Tb Ssd Rtx 3050 1,38326.0,16.0,2048.0,SSD,No especificado,1,,No especificado,No especificado,No especificado,Intel,16.0,Grande
Lenovo,Ordenador Portátil Lenovo Ideapad 5 Ryzen 7 16 16 Gb 512 Gb,26677.0,16.0,512.0,SSD,Ryzen 7,0,,No especificado,No especificado,No especificado,AMD,16.0,Grande
Asus,Ordenador Portátil Asus Vivobook 16x I9 24 Gb 1 Tb Ssd 16,31738.0,24.0,1024.0,SSD,No especificado,0,,No especificado,No especificado,No especificado,Intel,16.0,Grande
Asus,Ordenador Portátil Asus Vivobook 17.3 I9 16 Gb 1 Tb Ssd Wi-f,35278.0,16.0,1024.0,SSD,No especificado,0,17.3,No especificado,No especificado,No especificado,Intel,17.3,Grande
Asus,Ordenador Portátil Asus Vivobook 16 X 16 I9 24 Gb 1 Tb Ssd W,31738.0,24.0,1024.0,SSD,No especificado,0,,No especificado,No especificado,No especificado,Intel,16.0,Grande
Asus,Ordenador Portátil Asus Vivobook 17.3 I9 24 Gb 1 Tb Ssd Wi-f,36760.0,24.0,1024.0,SSD,No especificado,0,17.3,No especificado,No especificado,No especificado,Intel,17.3,Grande
Hp,Laptop Hp 15.6  Fhd I7-1355u 16gb Ram 1tb Ssd Wi-fi 6,23022.0,16.0,1024.0,SSD,No especificado,0,15.6,Intel Core i7-1355U,10,13ª Gen (Raptor Lake),Intel,15.6,Estandar
Hp,"Ordenador Portátil Hp 15.6 Intel Ultra 5 16 Gb 1,5 Tb Ssd Wi",25083.0,16.0,1536.0,SSD,No especificado,0,15.6,No especificado,No especificado,No especificado,Intel,15.6,Estandar
Asus,Ordenador Portátil Asus Vivobook 17.3 I9 16 Gb 1 Tb Ssd Wifi,35278.0,16.0,1024.0,SSD,No especificado,0,17.3,No especificado,No especificado,No especificado,Intel,17.3,Grande
Lenovo,Portátil Lenovo Ideapad I5-13420h 16gb 512gb Ssd 16,24219.0,16.0,512.0,SSD,No especificado,0,,Intel Core i5-13420H,8,13ª Gen (Raptor Lake),Intel,16.0,Grande
Lenovo,Ordenador Portátil Lenovo Ideapad I5-13420h 16 8 Gb 512 Gb S,19749.0,8.0,512.0,SSD,No especificado,0,16.8,Intel Core i5-13420H,8,13ª Gen (Raptor Lake),Intel,16.8,Grande
Asus,Ordenador Portátil Asus Vivobook 16 I9 24 Gb Ram 2 Tb Ssd Pl,37088.0,24.0,2048.0,SSD,No especificado,0,,No especificado,No especificado,No especificado,Intel,16.0,Grande
Hp,Ordenador Portátil Hp 15.6 Intel Ultra 5 32 Gb 2 Tb Ssd Win,36880.0,32.0,2048.0,SSD,No especificado,0,15.6,No especificado,No especificado,No especificado,Intel,15.6,Estandar
Asus,Ordenador Portátil Asus Vivobook 17.3 I9 24 Gb 1 Tb Ssd Wi-f,36764.0,24.0,1024.0,SSD,No especificado,0,17.3,No especificado,No especificado,No especificado,Intel,17.3,Grande
Hp,"Ordenador Portátil Hp 15.6 Intel Ultra 5 16 Gb 1,5 Tb Ssd Wi",25087.0,16.0,1536.0,SSD,No especificado,0,15.6,No especificado,No especificado,No especificado,Intel,15.6,Estandar
Lenovo,Ordenador Portátil Lenovo V15 Gen 5 15.6 I7 16 Gb 2 Tb Ssd W,27947.0,16.0,2048.0,SSD,No especificado,0,15.6,No especificado,No especificado,No especificado,Intel,15.6,Estandar
Otra,Laptop Nimo N156 15.6  Fhd Ips I5-12450h 32gb 1tb Ssd,17180.0,32.0,1024.0,SSD,No especificado,0,15.6,Intel Core i5-12450H,8,12ª Gen (Alder Lake),Intel,15.6,Estandar
Msi,Portátil Gamer Msi Thin 15 I5-13420h 16gb 1tb Rtx4050,34052.0,16.0,1024.0,SSD,No especificado,1,,Intel Core i5-13420H,8,13ª Gen (Raptor Lake),Intel,,Estandar
Asus,Laptop Gamer Asus Tuf Ryzen 7 32gb Ram 1tb Ssd 18'',40790.0,32.0,1024.0,SSD,Ryzen 7,0,,No especificado,No especificado,No especificado,AMD,18.0,Grande
Lenovo,Portátil Lenovo Ideapad I5-13420h 16gb 1tb Ssd 16,14043.0,16.0,1024.0,SSD,No especificado,0,,Intel Core i5-13420H,8,13ª Gen (Raptor Lake),Intel,16.0,Grande
Asus,Laptop Asus Gamer Core I7 13620h 16gb 512gb Ssd 16 Wuxga,20652.0,16.0,512.0,SSD,Core I7,0,,Intel Core i7,No especificado,No especificado,Intel,16.0,Grande
Lenovo,Laptop Lenovo V15 Gen 4 15.6'' Intel Core I5 40 Gb Ram 1 Tb,29706.0,40.0,1024.0,SSD,Core I5,0,15.6,Intel Core i5,No especificado,No especificado,Intel,15.6,Estandar
Lenovo,"Laptop Lenovo Thinkpad P1 G3, Intel I9 10ma, 32gb 2tb, T2000 (Reacondicionado)",22200.0,32.0,2048.0,SSD,No especificado,0,,No especificado,No especificado,No especificado,Intel,,Estandar
Dell,Laptop Dell Xps 9340 Plus Ultra 7 32gb 1tb Ssd Intel Arc Plateado - Excelente (Reacondicionado),20808.0,32.0,1024.0,SSD,No especificado,0,,No especificado,No especificado,No especificado,Intel,,Estandar
Asus,"Asus TUF Gaming F15 15.6"" Core i5 8GB RAM 512GB SSD RTX 2050 Graphite Black",19499.0,8.0,512.0,SSD,Core I5,1,15.6,Intel Core i5,No especificado,No especificado,Intel,15.6,Estandar
Msi,Laptop Gamer MSI Thin A15 NVIDIA GeForce RTX 4060 AMD Ryzen 7 16GB RAM 1TB SSD Windows 11 Home,36999.0,16.0,1024.0,SSD,Ryzen 7,1,,No especificado,No especificado,No especificado,AMD,,Estandar
Asus,Asus Rog Strix G16 16 Amd Ryzen 9 Hx 16gb Rtx5070ti 1tb Ssd,58999.0,16.0,1024.0,SSD,Ryzen 9,1,,No especificado,No especificado,No especificado,AMD,16.0,Grande
Asus,Asus Expertbook 14in Corei5 13420h Ram 16gb 512gb Ssd,13499.0,16.0,512.0,SSD,Corei5,0,14.0,Intel Core i5-13420H,8,13ª Gen (Raptor Lake),Intel,14.0,Estandar
Huawei,"Laptop Huawei Matebook D 16 ,  Core I5 12th , 16gb , 1tb",9990.0,16.0,1024.0,SSD,Core I5,0,,Intel Core i5,No especificado,No especificado,Intel,16.0,Grande
Dell,"Ultrabook Dell Xps 15 9500, Core I7, 16 Gb, 512 Ssd, Nvidia",11980.0,16.0,512.0,SSD,Core I7,0,,Intel Core i7,No especificado,No especificado,Intel,16.0,Grande
Dell,Laptop Dell 5421 Core I5 11500h 16gb Ram 256gb Ssd 11th,5849.0,16.0,256.0,SSD,Core I5,0,,Intel Core i5,No especificado,No especificado,Intel,,Estandar
Lenovo,Lenovo Ideapad Slim 3 Intel Core I5 8gb Ram 512gb Ssd,8850.0,8.0,512.0,SSD,Core I5,0,,Intel Core i5,No especificado,No especificado,Intel,,Estandar
Dell,Laptop Gamer Dell G5 Ryzen 5 16gb Rx5600m 6gb Ssd 512gb,8299.0,16.0,512.0,SSD,Ryzen 5,0,,AMD Ryzen 5,No especificado,No especificado,AMD,,Estandar
Apple,"Macbook Pro 16 Pulgadas, 16ram Intel I9, 2tb 5600m 8gb Video",20500.0,8.0,2048.0,SSD,No especificado,0,16.0,No especificado,No especificado,No especificado,Intel,16.0,Grande
Acer,Acer Aspire A315-51 15' Core I3-7th 8gb Ram 500gb +128gb Ssd,3499.0,8.0,128.0,SSD,Core I3,0,,Intel Core i3,No especificado,No especificado,Intel,,Estandar
Apple,Apple Macbook Pro Core I7 16gb Ram 512gb Ssd Radeon 4gb,8500.0,16.0,512.0,SSD,Core I7,0,,Intel Core i7,No especificado,No especificado,Intel,,Estandar
Apple,Apple Macbook Pro 16 2019 Core I7 16gb 512gb Ssd Radeon Pro,18778.0,16.0,512.0,SSD,Core I7,0,,Intel Core i7,No especificado,No especificado,Intel,16.0,Grande
Alienware,Laptop Gamer Alienware M16 R1 Intel I7 32gb 1tb Rtx 4070,29899.0,32.0,1024.0,SSD,No especificado,1,,Apple M1,8,Apple Silicon (1ª Gen),Apple,,Estandar
Alienware,"Laptop Alienware M15 Amd Ryzen 7 16gb Ram 512gb Ssd, Negro",20000.0,16.0,512.0,SSD,Ryzen 7,0,,Apple M1,8,Apple Silicon (1ª Gen),Apple,,Estandar
Apple,Macbook Pro Core I7 Radeon 4gb 16 Ram 512 Ssd 15.4 Touchbar,9000.0,4.0,512.0,SSD,Core I7,0,15.4,Intel Core i7,No especificado,No especificado,Intel,15.4,Estandar
Lenovo,"Lenovo Thinkpad L580 15.6' Core I5-8th, 8gb Ram, 256gb Ssd",5499.0,8.0,256.0,SSD,Core I5,0,15.6,Intel Core i5,No especificado,No especificado,Intel,15.6,Estandar
Dell,Dell G15 5515 Ryzen 7 5800h 32gb 1tb Rtx3050ti Gray,18499.0,32.0,1024.0,SSD,Ryzen 7,1,,AMD Ryzen 7 5800H,8,Serie 5000 (Zen 3),AMD,,Estandar
Apple,"Macbook Pro A1990 15.4  Core I9, 32 Gb Ram, 1 Tb Ssd Amd 4 G",19000.0,32.0,1024.0,SSD,Core I9,0,15.4,No especificado,No especificado,No especificado,Intel,15.4,Estandar
Dell,"Dell Latitude 5411, 14, Core I7-10850h, 16 Gb, 256 Ssd",4950.0,16.0,256.0,SSD,Core I7,0,,Intel Core i7,No especificado,No especificado,Intel,14.0,Estandar
Msi,Laptop Gamer Msi Thin Gf63 Rtx 2050 Core I5 8gb Ram 1tb Ssd,21999.0,8.0,1024.0,SSD,Core I5,1,,Intel Core i5,No especificado,No especificado,Intel,,Estandar
Otra,Laptop Nimo N156 15.6  Fhd Ips I5-12450h 32gb 1tb Ssd,17565.0,32.0,1024.0,SSD,No especificado,0,15.6,Intel Core i5-12450H,8,12ª Gen (Alder Lake),Intel,15.6,Estandar
Asus,"Ordenador Portátil Asus Vivobook 16 I9 16 Gb Ram 1,5 Tb Ssd",32016.0,16.0,1536.0,SSD,No especificado,0,,No especificado,No especificado,No especificado,Intel,16.0,Grande
Hp,Laptop Hp 15.6  Fhd I7-1355u 16gb Ram 1tb Ssd Wi-fi 6,24037.0,16.0,1024.0,SSD,No especificado,0,15.6,Intel Core i7-1355U,10,13ª Gen (Raptor Lake),Intel,15.6,Estandar
Asus,Ordenador Portátil Asus Vivobook 16 Ryzen 7 12 Gb 512 Gb Ssd,20787.0,12.0,512.0,SSD,Ryzen 7,0,,No especificado,No especificado,No especificado,AMD,16.0,Grande
Lenovo,Ordenador Portátil Lenovo V14 G4 14 Fhd I7 16 Gb Ram 512 Gb,20072.0,16.0,512.0,SSD,No especificado,0,,No especificado,No especificado,No especificado,Intel,14.0,Estandar
Lenovo,Portátil Lenovo Ideapad I5-13420h 16  8gb 512gb Ssd,20430.0,8.0,512.0,SSD,No especificado,0,,Intel Core i5-13420H,8,13ª Gen (Raptor Lake),Intel,16.0,Grande
Otra,Notebook Nimo N158 Ryzen 7 8745hs 64 Gb 1 Tb Ssd 15.6,29430.0,64.0,1024.0,SSD,Ryzen 7,0,15.6,No especificado,No especificado,No especificado,AMD,15.6,Estandar
Hp,Portátil Hp Victus 15.6  I5-13420h 16gb 2tb Rtx4050 Windo,38795.0,16.0,2048.0,SSD,No especificado,1,15.6,Intel Core i5-13420H,8,13ª Gen (Raptor Lake),Intel,15.6,Estandar
Hp,"Ordenador Portátil Hp 15.6 Intel Ultra 5 8 Gb 1,5 Tb Ssd Win",20997.0,8.0,1536.0,SSD,No especificado,0,15.6,No especificado,No especificado,No especificado,Intel,15.6,Estandar
Asus,Ordenador Portátil Asus Vivobook 16 I9 24 Gb Ram 2 Tb Ssd Pl,38371.0,24.0,2048.0,SSD,No especificado,0,,No especificado,No especificado,No especificado,Intel,16.0,Grande
Hp,Ordenador Portátil Hp Victus 15 15.6 Ryzen 5 16 Gb 1 Tb Ssd,33722.0,16.0,1024.0,SSD,Ryzen 5,0,15.6,AMD Ryzen 5,No especificado,No especificado,AMD,15.6,Estandar
Hp,Portátil Hp 15.6  Intel Ultra 5 16gb 1.5tb Ssd Con Windows,25953.0,16.0,1536.0,SSD,No especificado,0,15.6,No especificado,No especificado,No especificado,Intel,15.6,Estandar
Asus,Ordenador Portátil Asus Vivobook 17.3 I9 16 Gb 1 Tb Ssd Wifi,36501.0,16.0,1024.0,SSD,No especificado,0,17.3,No especificado,No especificado,No especificado,Intel,17.3,Grande
Asus,Ordenador Portátil Asus Vivobook 17.3 I9 16 Gb 1 Tb Ssd Wi-f,38035.0,16.0,1024.0,SSD,No especificado,0,17.3,No especificado,No especificado,No especificado,Intel,17.3,Grande
Asus,Ordenador Portátil Asus Vivobook 16 X 16 I9 24 Gb 1 Tb Ssd W,32839.0,24.0,1024.0,SSD,No especificado,0,,No especificado,No especificado,No especificado,Intel,16.0,Grande
Dell,Laptop Dell Latitude 7490 Core I5 8th Ram8gb Ddr3  Ssd 256gb (Reacondicionado),4200.0,8.0,256.0,SSD,Core I5,0,,Intel Core i5,No especificado,No especificado,Intel,,Estandar
Otra,Laptops Intel 4405u 16gb Ram 1024gb Ssd Windows11 Pro 14.1',6618.0,16.0,1024.0,SSD,No especificado,0,14.1,No especificado,No especificado,No especificado,Intel,14.1,Estandar
Lenovo,Kit Laptop Lenovo Core I5 Ram 8gb Ssd 512gb Garantia 3 Años,22499.0,8.0,512.0,SSD,Core I5,0,,Intel Core i5,No especificado,No especificado,Intel,,Estandar
Lenovo,Portátil Lenovo Ideapad 16  I5-13420h 8gb 512gb Ssd,19746.0,8.0,512.0,SSD,No especificado,0,,Intel Core i5-13420H,8,13ª Gen (Raptor Lake),Intel,16.0,Grande
Lenovo,"Laptop Lenovo ThinkPad Z16 de 16"" Plateada con Ryzen 7 PRO, 16 GB de RAM y 512 GB SSD",39999.0,16.0,512.0,SSD,Ryzen 7,0,16.0,No especificado,No especificado,No especificado,AMD,16.0,Grande
Asus,Laptop Asus Vivobook Core I5 8gb 512gb 16 Wuxga 2en1 Táctil,18056.0,8.0,512.0,SSD,Core I5,0,,Intel Core i5,No especificado,No especificado,Intel,16.0,Grande
Huawei,Huawei Matebook D16 Intel I5-13420h 16gbram 512gbssd Sin So,20055.0,16.0,512.0,SSD,No especificado,0,,Intel Core i5-13420H,8,13ª Gen (Raptor Lake),Intel,16.0,Grande
Asus,Laptop Gamer Asus Tuf A18 Rtx 5060 Ryzen 7 16gb Ddr5 1tb,36999.0,16.0,1024.0,SSD,Ryzen 7,1,,No especificado,No especificado,No especificado,AMD,,Estandar
Dell,Laptop Gamer Dell G15 5525 Ryzen 7-6800h 16gb 1tb Rtx3060 Gris,33490.0,16.0,1024.0,SSD,Ryzen 7,1,,No especificado,No especificado,No especificado,AMD,,Estandar
Msi,Msi Cyborg 15  Core I5-12450h 16gb 1tb 15.6 Rtx 4050 6gb W11,16990.0,16.0,1024.0,SSD,Core I5,1,15.6,Intel Core i5-12450H,8,12ª Gen (Alder Lake),Intel,15.6,Estandar
Lenovo,Portátil Lenovo Thinkbook 16 G7 Amd Ryzen 7 32gb 512gb Ssd,39179.0,32.0,512.0,SSD,Ryzen 7,0,,No especificado,No especificado,No especificado,AMD,16.0,Grande
Msi,Laptop Msi Cyborg 15 Rtx5070 Core I7 13620h 1tb Ssd 32gb Fhd,38929.0,32.0,1024.0,SSD,Core I7,1,,Intel Core i7,No especificado,No especificado,Intel,,Estandar
Otra,Notebook gamer 15-EF2127WM 15.6 color silver 8 gb de ram 256 gb ssd AMD Ryzen 5 (Nuevo con caja abierta),10999.0,8.0,256.0,SSD,Ryzen 5,0,15.6,AMD Ryzen 5,No especificado,No especificado,AMD,15.6,Estandar
Gigabyte,Laptop Gamer Gigabyte A16 Rtx 5050 Core I7 13620h 32gb 512gb,38999.0,32.0,512.0,SSD,Core I7,1,,Intel Core i7,No especificado,No especificado,Intel,,Estandar
Huawei,Laptop Huawei Matebook 14 Ryzen 7 8gb 512gb Gris Espacial,10499.0,8.0,512.0,SSD,Ryzen 7,0,,No especificado,No especificado,No especificado,AMD,14.0,Estandar
Hp,Laptop Gaming Hp Amd Ryzen 5 8gb 512gb Victus Gaming Color Negro,18299.0,8.0,512.0,SSD,Ryzen 5,0,,AMD Ryzen 5,No especificado,No especificado,AMD,,Estandar
Asus,Laptop Asus Zenbook 14 Ux34 Intel Core Ultra 5 16gb 512gb Plateado,23999.0,16.0,512.0,SSD,No especificado,0,,No especificado,No especificado,No especificado,Intel,14.0,Estandar
Hp,Hp Elitebook 840 G6 Core I5 8va Gen 8gb 256gb Ssd (Reacondicionado),6000.0,8.0,256.0,SSD,Core I5,0,,Intel Core i5,No especificado,No especificado,Intel,,Estandar
Otra,Notebook Nimo N159 Ryzen 7 7735hs 16gb 512gb Ssd 15.6,38523.0,16.0,512.0,SSD,Ryzen 7,0,15.6,No especificado,No especificado,No especificado,AMD,15.6,Estandar
Lenovo,Portátil Lenovo Thinkbook 16 Gen 8 Intel Ultra 7 32gb 1tb,40106.0,32.0,1024.0,SSD,No especificado,0,,No especificado,No especificado,No especificado,Intel,16.0,Grande
Dell,Dell Latitude 3400 Intel Core I5 8va Gen 8gb 128gb Ssd (Reacondicionado),6000.0,8.0,128.0,SSD,Core I5,0,,Intel Core i5,No especificado,No especificado,Intel,,Estandar
Dell,Dell Inspiron 15 7579 Core I5 4gb 256gb Win11 Táctil (Reacondicionado),6500.0,4.0,256.0,SSD,Core I5,0,,Intel Core i5,No especificado,No especificado,Intel,,Estandar
Lenovo,Lenovo Thinkpad E570 Core I5 8gb 240gb Ssd Win11 Pro (Reacondicionado),4800.0,8.0,240.0,SSD,Core I5,0,,Intel Core i5,No especificado,No especificado,Intel,,Estandar
Dell,Dell Latitude 3590 Core I5 8gb 128gb Ssd Win11 Pro (Reacondicionado),5000.0,8.0,128.0,SSD,Core I5,0,,Intel Core i5,No especificado,No especificado,Intel,,Estandar
Hp,Hp Probook 450 G6 Core I5 6gb 256gb Ssd Windows 11 Pro (Reacondicionado),7500.0,6.0,256.0,SSD,Core I5,0,,Intel Core i5,No especificado,No especificado,Intel,,Estandar
Otra,Laptop Nimo N153 Amd Ryzen 5 6600h 16gb Ddr5 1tb,23869.0,16.0,1024.0,SSD,Ryzen 5,0,,AMD Ryzen 5,No especificado,No especificado,AMD,,Estandar
Lenovo,Portatil Lenovo Loq Amd R5-7235hs 16 Gb 512 Gb Ssd Rtx4050 Gris (Nuevo con caja abierta),23000.0,16.0,512.0,SSD,No especificado,1,,No especificado,No especificado,No especificado,AMD,16.0,Grande
Apple,MacBook Air Retina 13.3 Core I3 1.1ghz 8gb Ram 256 Gb Color Space Grey - Bueno (Reacondicionado),7799.0,8.0,256.0,SSD,Core I3,0,13.3,Intel Core i3,No especificado,No especificado,Intel,13.3,Ultraportatil
Asus,Asus Vivobook 16 Intel Core I9-13900h 16gb 1tb 11 Silver,27141.0,16.0,1024.0,SSD,Core I9,0,,No especificado,No especificado,No especificado,Intel,16.0,Grande
Asus,Notebook Gamer Asus Rog Zephyrus 14 Pulgadas Wqxga 120hz Amd Ryzen 9 6900hs 16 Gb Ram 1 Tb Ssd Radeon Rx 6700s 8 Gb Windows 11 Home,54192.0,16.0,1024.0,SSD,Ryzen 9,1,14.0,No especificado,No especificado,No especificado,AMD,14.0,Estandar
Apple,Apple Macbook Pro 15 A1990 I7 16gb 256gb Oficina (Reacondicionado),13999.0,16.0,256.0,SSD,No especificado,0,,No especificado,No especificado,No especificado,Apple,,Estandar
Lenovo,Laptop Lenovo Legion Intel I5 8gb Ram 512gb Sdd Rtx 2060 6gb,27999.0,8.0,512.0,SSD,No especificado,1,,No especificado,No especificado,No especificado,Intel,,Estandar
Otra,Laptop Nimo N179 Amd Ryzen 7 7735hs 8gb Ram 256gb,21094.0,8.0,256.0,SSD,Ryzen 7,0,,No especificado,No especificado,No especificado,AMD,,Estandar
Lenovo,Laptop Lenovo Thinkbook 16 Gen 7 Ryzen 5 16gb Ram 512gb Ssd,20777.0,16.0,512.0,SSD,Ryzen 5,0,,AMD Ryzen 5,No especificado,No especificado,AMD,16.0,Grande
Alienware,Laptop Alienware Geforce Rtx 4050 Ryzen 5 32gb 512gb 15.3,42899.0,32.0,512.0,SSD,Ryzen 5,1,15.3,AMD Ryzen 5,No especificado,No especificado,AMD,15.3,Estandar
Huawei,Laptop Huawei Matebook D 16 Amd Ryzen 5 4600h 16gb 512gb Ssd Gris,19500.0,16.0,512.0,SSD,Ryzen 5,0,,AMD Ryzen 5,No especificado,No especificado,AMD,16.0,Grande
Acer,Laptop Gamer Acer Nitro V Rtx 5050 Core I5 24gb Ssd 512gb,26999.0,24.0,512.0,SSD,Core I5,1,,Intel Core i5,No especificado,No especificado,Intel,,Estandar
Acer,Laptop Acer Nitro 5 I5-12450h 8 Ram 512 Ssd Rtx 3050-4gb W11 Color Negro,17000.0,4.0,512.0,SSD,No especificado,1,,Intel Core i5-12450H,8,12ª Gen (Alder Lake),Intel,,Estandar
Alienware,Notebook Alienware 16 Aurora 16 Qhd 1tb / 32gb Ram Intel Core 7-240h Rtx5060,47995.0,32.0,1024.0,SSD,No especificado,1,,No especificado,No especificado,No especificado,Intel,16.0,Grande
Msi,"Msi Cyborg 15 Con Intel Core Ultra 7, 16 Gb , 1 Tb Rtx 5070",47141.0,16.0,1024.0,SSD,No especificado,1,,No especificado,No especificado,No especificado,Intel,16.0,Grande
Lenovo,Notebook Lenovo V14 Intel Core I7 24gb Ram 2tb,33524.0,24.0,2048.0,SSD,Core I7,0,,Intel Core i7,No especificado,No especificado,Intel,14.0,Estandar
Asus,Notebook Asus F1605va Intel Core I9 16gb Ram 1tb,32477.0,16.0,1024.0,SSD,Core I9,0,,No especificado,No especificado,No especificado,Intel,,Estandar
Lenovo,Notebook Lenovo V14 Intel Core I7 24gb Ram 1tb,30644.0,24.0,1024.0,SSD,Core I7,0,,Intel Core i7,No especificado,No especificado,Intel,14.0,Estandar
Asus,Notebook Asus F1605va Intel Core I9 24gb Ram 2tb,37849.0,24.0,2048.0,SSD,Core I9,0,,No especificado,No especificado,No especificado,Intel,,Estandar
Lenovo,Notebook Lenovo V14 Intel Core I7 40gb Ram 2tb,38565.0,40.0,2048.0,SSD,Core I7,0,,Intel Core i7,No especificado,No especificado,Intel,14.0,Estandar
Otra,Nimo N158 Laptop Amd Ryzen 7 8745hs 32gb Ram 2tb,32922.0,32.0,2048.0,SSD,Ryzen 7,0,,No especificado,No especificado,No especificado,AMD,,Estandar
Otra,Laptop Nimo N158 Amd Ryzen 7 8745hs 16gb Ram 1tb,37483.0,16.0,1024.0,SSD,Ryzen 7,0,,No especificado,No especificado,No especificado,AMD,,Estandar
Asus,Laptop Asus Vivobook S16 Oled Intel Core Ultra 9 16gb 1tb,39920.0,16.0,1024.0,SSD,No especificado,0,,No especificado,No especificado,No especificado,Intel,,Estandar
Hp,Notebook Hp Hp Intel Ultra 5 125h 16gb Ram 1tb,31440.0,16.0,1024.0,SSD,No especificado,0,,No especificado,No especificado,No especificado,Intel,,Estandar
Hp,Notebook Hp Intel Ultra 5 125h 16gb Ram 1.5tb,26984.0,16.0,1536.0,SSD,No especificado,0,,No especificado,No especificado,No especificado,Intel,,Estandar
Lenovo,Notebook Lenovo V14 Intel Core I7 40gb Ram 1tb,32905.0,40.0,1024.0,SSD,Core I7,0,,Intel Core i7,No especificado,No especificado,Intel,14.0,Estandar
Otra,Niakun Laptop Intel Core I9 11900h 32gb Ram 1tb,24900.0,32.0,1024.0,SSD,Core I9,0,,No especificado,No especificado,No especificado,Intel,,Estandar
Hp,Notebook Hp Intel Ultra 5 125h 32gb Ddr5 1tb Ssd,39538.0,32.0,1024.0,SSD,No especificado,0,,No especificado,No especificado,No especificado,Intel,,Estandar
Otra,Laptop Nimo N158 Amd Ryzen 7 8745hs 32gb Ram 1tb,30474.0,32.0,1024.0,SSD,Ryzen 7,0,,No especificado,No especificado,No especificado,AMD,,Estandar
Otra,Nimo N158 Laptop Amd Ryzen 7 8745hs 32gb Ram 1tb,30474.0,32.0,1024.0,SSD,Ryzen 7,0,,No especificado,No especificado,No especificado,AMD,,Estandar
Otra,Nimo N173 Laptop Amd Ryzen 5 6600h 32gb Ram 1tb,25790.0,32.0,1024.0,SSD,Ryzen 5,0,,AMD Ryzen 5,No especificado,No especificado,AMD,,Estandar
Otra,Nimo N159 Laptop Amd Ryzen 7 7735hs 16gb Ram 1tb,23551.0,16.0,1024.0,SSD,Ryzen 7,0,,No especificado,No especificado,No especificado,AMD,,Estandar
Hp,Notebook Hp Intel Ultra 5 125h 8gb Ram 512gb Ssd,21890.0,8.0,512.0,SSD,No especificado,0,,No especificado,No especificado,No especificado,Intel,,Estandar
Apple,Macbook Pro 2019 15 Core I9 16 Gb Ram 512 Ssd (a1990),25500.0,16.0,512.0,SSD,Core I9,0,,No especificado,No especificado,No especificado,Intel,16.0,Grande
Apple,"Macbook Pro Apple, Intel Core I7, 16 Gb Ram, 512 Gb Ssd, 16",25000.0,16.0,512.0,SSD,Core I7,0,,Intel Core i7,No especificado,No especificado,Intel,16.0,Grande
Dell,Notebook Dell 3501 Core I5 15.6 Hd 16gb 500gb Gamer Color,10000.0,16.0,500.0,SSD,Core I5,0,15.6,Intel Core i5,No especificado,No especificado,Intel,15.6,Estandar
Lenovo,Laptop Ideapad Intel Core I5 24gb Ram 1tb Ssd Lenovo,28000.0,24.0,1024.0,SSD,Core I5,0,,Intel Core i5,No especificado,No especificado,Intel,,Estandar
Otra,Laptop Gamer 14.1'' Intel N4000 12gb+512gb Ssd Full Win11pro,10499.0,12.0,512.0,SSD,Intel N4000,0,14.1,No especificado,No especificado,No especificado,Intel,14.1,Estandar
Apple,Apple Macbook Pro A1990 I7 16gb 250gb Ssd 2880x1800,12000.0,16.0,250.0,SSD,No especificado,0,,No especificado,No especificado,No especificado,Apple,,Estandar
Hp,Laptop Hp 15-ef2024nr 15.6 Ryzen 3 5300u 8gb Ram 256gb Ssd,7500.0,8.0,256.0,SSD,Ryzen 3,0,15.6,AMD Ryzen 3 5300U,4,Serie 5000 (Zen 2),AMD,15.6,Estandar
Dell,Laptop Dell 3000 Core I5 15.6 Hd 8gb 256 Ssd G Color Plat,10800.0,8.0,256.0,SSD,Core I5,0,15.6,Intel Core i5,No especificado,No especificado,Intel,15.6,Estandar
Huawei,"Laptop Huawei Matebook 16, 2.5k, Ryzen 5, 16gb, 512gb, Gris",13880.0,16.0,512.0,SSD,Ryzen 5,0,,AMD Ryzen 5,No especificado,No especificado,AMD,16.0,Grande
Asus,Asus Tuf A15 Ryzen 7 Nvidia Rtx 3050 16gb Ram 512gb Ssd,20000.0,16.0,512.0,SSD,Ryzen 7,1,,No especificado,No especificado,No especificado,AMD,,Estandar
Lenovo,Laptop Gamer Ai Lenovo Loq Ryzen 5 Rtx 3050 8gb 512gb,17900.0,8.0,512.0,SSD,Ryzen 5,1,,AMD Ryzen 5,No especificado,No especificado,AMD,,Estandar
Msi,Msi Thin 15 B13ve Gris I5 13420h 32gb 2tb Rtx 4050,15000.0,32.0,2048.0,SSD,No especificado,1,,Intel Core i5-13420H,8,13ª Gen (Raptor Lake),Intel,,Estandar
Lenovo,Lenovo Loq Gamer Ai Ryzen 5 Rtx 3050 16gb 512gb + 1tb,23000.0,16.0,1024.0,SSD,Ryzen 5,1,,AMD Ryzen 5,No especificado,No especificado,AMD,,Estandar
Hp,Hp Zbook Studio G9 Core I7 Vpro 12th 64gb 1tb Ssd Rtx A2000 (Reacondicionado),23500.0,64.0,1024.0,SSD,Core I7,1,,Intel Core i7,No especificado,No especificado,Intel,,Estandar
Otra,Laptop Surface 4 13.5 Intel I7 16gb Ram 512gb Ssd,9592.0,16.0,512.0,SSD,No especificado,0,13.5,No especificado,No especificado,No especificado,Intel,13.5,Ultraportatil
Dell,Laptop Dell Precision 3590 Core I7 Ultra 32gb 512gb Ssd,30000.0,32.0,512.0,SSD,Core I7,0,,Intel Core i7,No especificado,No especificado,Intel,,Estandar
Msi,Laptop Gamer Msi Raider Ge68 I9-14900 64gb Ram 4070 1tb (Reacondicionado),40000.0,64.0,1024.0,SSD,No especificado,0,,No especificado,No especificado,No especificado,Intel,,Estandar
Asus,Ordenador Portátil Asus Vivobook 15 I9 48 Gb Ram 2 Tb Ssd Wi,33209.0,48.0,2048.0,SSD,No especificado,0,,No especificado,No especificado,No especificado,Intel,,Estandar
Hp,Ordenador Portátil Hp Victus 15.6 144 Hz Ryzen 5 16 Gb 1 Tb,32811.0,16.0,1024.0,SSD,Ryzen 5,0,15.6,AMD Ryzen 5,No especificado,No especificado,AMD,15.6,Estandar
Acer,Laptop Gamer Acer Nitro 5 Ryzen 5 8gb 256ssd 1tb Hd Gtx1650,18000.0,8.0,1024.0,SSD,Ryzen 5,1,,AMD Ryzen 5,No especificado,No especificado,AMD,,Estandar
Asus,Laptop Asus Vivobook S Core I5 12500h 8gb 512gb Ssd Verde,11500.0,8.0,512.0,SSD,Core I5,0,,Intel Core i5,No especificado,No especificado,Intel,,Estandar
Asus,Laptop Gamer Asus Tuf Gaming A18 Nvidia Geforce Rtx 5070 Amd Ryzen 7 32gb Ram 1tb Ssd Windows 11 Home,66999.0,32.0,1024.0,SSD,Ryzen 7,1,,No especificado,No especificado,No especificado,AMD,,Estandar
Lenovo,Lenovo Ideapad Slim 3 15irh10 Intel Core I5 8gb 512gb Azul,12426.0,8.0,512.0,SSD,Core I5,0,,Intel Core i5,No especificado,No especificado,Intel,10.0,Ultraportatil
Asus,Notebook Asus Expertbook B1 Intel Core I7 16gb Ram 1tb Ssd,11000.0,16.0,1024.0,SSD,Core I7,0,,Intel Core i7,No especificado,No especificado,Intel,,Estandar
Dell,"Laptop Dell Core I5 Octava Gen. 8ram, 2tb Nvidia 4gb Gamer P",12999.0,4.0,2048.0,SSD,Core I5,0,,Intel Core i5,No especificado,No especificado,Intel,,Estandar
Msi,"Notebook Gamer MSI GF63 Thin de 15.6"" Full HD con Intel Core i5, 8GB de RAM y 256GB SSD",17000.0,8.0,256.0,SSD,Core I5,0,15.6,Intel Core i5,No especificado,No especificado,Intel,15.6,Estandar
Dell,Dell Latitude 7480 I7 32 Gb Ram 1tb Ssd Solildo,15000.0,32.0,1024.0,SSD,No especificado,0,,No especificado,No especificado,No especificado,Intel,,Estandar
Acer,Acer Nitro V 15 Gamer Ryzen 5 7535hs 16gb 512gb Rtx 4050,32999.0,16.0,512.0,SSD,Ryzen 5,1,,AMD Ryzen 5,No especificado,No especificado,AMD,,Estandar
Lenovo,Portátil Lenovo Loq 15.6 Fhd 144 Hz Ryzen 7 16 Gb 512 Gb,34688.0,16.0,512.0,SSD,Ryzen 7,0,15.6,No especificado,No especificado,No especificado,AMD,15.6,Estandar
Asus,Laptop Asus Tuf Gaming A16 Ryzen 5 16gb 512gb 16'' Fhd+,23957.0,16.0,512.0,SSD,Ryzen 5,0,,AMD Ryzen 5,No especificado,No especificado,AMD,16.0,Grande
Otra,Laptop Nimo N158 Amd Ryzen 7 8745hs 32gb Ram 2tb,32922.0,32.0,2048.0,SSD,Ryzen 7,0,,No especificado,No especificado,No especificado,AMD,,Estandar
Lenovo,Laptop Gamer Lenovo Loq Rtx 5060 Ryzen 7 16gb 512gb 15.6,39999.0,16.0,512.0,SSD,Ryzen 7,1,15.6,No especificado,No especificado,No especificado,AMD,15.6,Estandar
Hp,Laptop Hp Victus 15.6  Fhd 144hz I5-12450h Rtx3050 16gb 1tb,29043.0,16.0,1024.0,SSD,No especificado,1,15.6,Intel Core i5-12450H,8,12ª Gen (Alder Lake),Intel,15.6,Estandar
Asus,Asus Rog Zephyrus G14 3k Ryzen Ai 9 Hx370 32gb 1tb Rtx5070ti Blanco - Excelente (Reacondicionado),64000.0,32.0,1024.0,SSD,No especificado,1,,No especificado,No especificado,No especificado,AMD,,Estandar
Otra,Laptop Aoc Ams16 Amd Ryzen7 7735hs 16gb Ram 512gb Ssd 16,16799.0,16.0,512.0,SSD,Ryzen7,0,,No especificado,No especificado,No especificado,AMD,16.0,Grande
Hp,Ordenador Portátil Hp Victus 15 I5-12450h/16 Gb/1 Tb Ssd 15.,30651.0,16.0,1024.0,SSD,No especificado,0,,Intel Core i5-12450H,8,12ª Gen (Alder Lake),Intel,16.0,Grande
Lenovo,Laptop Lenovo Yoga Ai Ultra 16  2 En 1 Ryzen 7 16 Gb 512 Gb,28474.0,16.0,512.0,SSD,Ryzen 7,0,,No especificado,No especificado,No especificado,AMD,16.0,Grande
Lenovo,Lenovo Thinkpad P15v Core I7 10750h 32ram 512 Ssd Nvidia 4gb (Reacondicionado),17999.0,4.0,512.0,SSD,Core I7,0,,Intel Core i7,No especificado,No especificado,Intel,,Estandar
Asus,Laptop Asus Tuf Gaming A16 Ryzen 7 16gb 512gb Ssd 16,39103.0,16.0,512.0,SSD,Ryzen 7,0,,No especificado,No especificado,No especificado,AMD,16.0,Grande
Hp,Portátil Hp Victus 15.6  Fhd 144hz I5-13420h 16gb 1tb Rtx4,31142.0,16.0,1024.0,SSD,No especificado,1,15.6,Intel Core i5-13420H,8,13ª Gen (Raptor Lake),Intel,15.6,Estandar
Hp,Laptop Gamer Hp Victus 15.6  I5-12450h 32gb Ram 1tb Ssd Rtx,34998.0,32.0,1024.0,SSD,No especificado,1,15.6,Intel Core i5-12450H,8,12ª Gen (Alder Lake),Intel,15.6,Estandar
Lenovo,Laptop Lenovo Yoga Book 9 14iah10 Intel Core Ultra 7 32GB SSD 1TB con AI,61499.0,32.0,1024.0,SSD,No especificado,0,,No especificado,No especificado,No especificado,Intel,10.0,Ultraportatil
Asus,Laptop Gamer Asus Tuf A15 Ryzen 7 8gb Ram 512gb Ssd,23499.0,8.0,512.0,SSD,Ryzen 7,0,,No especificado,No especificado,No especificado,AMD,,Estandar
Hp,Portátil Gamer Hp Victus 15 Ryzen 5 Rtx2050 16gb 512gb,21170.0,16.0,512.0,SSD,Ryzen 5,1,,AMD Ryzen 5,No especificado,No especificado,AMD,,Estandar
Lenovo,Laptop Lenovo Ideapad Slim 3 15.3'' Ryzen 7 16gb 512gb Gris,15515.0,16.0,512.0,SSD,Ryzen 7,0,15.3,No especificado,No especificado,No especificado,AMD,15.3,Estandar
Msi,Laptop Msi Thin 15 Rtx4050 Core I7 13620h 1tb Ssd 16gb Ddr4,24149.0,16.0,1024.0,SSD,Core I7,1,,Intel Core i7,No especificado,No especificado,Intel,,Estandar
Asus,Laptop Ia Gamer Asus Tuf Rtx 5060 Ryzen 7 260 32gb 1tb 16,50399.0,32.0,1024.0,SSD,Ryzen 7,1,,No especificado,No especificado,No especificado,AMD,16.0,Grande
Asus,Asus Rog Strix G16 Ryzen 9 Hx 64gb 2 Tb Ssd Rtx 5060,35000.0,64.0,2048.0,SSD,Ryzen 9,1,,No especificado,No especificado,No especificado,AMD,,Estandar
Lenovo,Laptop Lenovo Ideapad Slim 3 15.3  Wuxga Corei7 24gb 1tb Ssd,23939.0,24.0,1024.0,SSD,Corei7,0,15.3,Intel Core i7,No especificado,No especificado,Intel,15.3,Estandar
Otra,Cyborg Laptop Intel I7 144hz Rtx 5060 32gb 512gb Ssd,14800.0,32.0,512.0,SSD,No especificado,1,,No especificado,No especificado,No especificado,Intel,,Estandar
Msi,Laptop Msi Thin 15 I5 13420h 8gb Ram 512gb Ssd Rtx 3050,18499.0,8.0,512.0,SSD,No especificado,1,,Intel Core i5-13420H,8,13ª Gen (Raptor Lake),Intel,,Estandar
Asus,"Asus TUF Gaming F15 15.6"" Core i5 8GB RAM 512GB SSD RTX 2050 Graphite Black - Excelente (Reacondicionado)",10000.0,8.0,512.0,SSD,Core I5,1,15.6,Intel Core i5,No especificado,No especificado,Intel,15.6,Estandar
Otra,Laptop Gamer 15.6'' Intel N4000 12gb+256gb Ssd Full Win11pro,11499.0,12.0,256.0,SSD,Intel N4000,0,15.6,No especificado,No especificado,No especificado,Intel,15.6,Estandar
Msi,Msi Katana 17 Core I7 32gb 1tb Ssd Rtx 4070,25000.0,32.0,1024.0,SSD,Core I7,1,,Intel Core i7,No especificado,No especificado,Intel,,Estandar
Msi,"Notebook Gamer MSI Claw A1M Intel Core Ultra 7 155H de 7"" Full HD Táctil con 16 GB de RAM y 512 GB SSD en Negro",15266.0,16.0,512.0,SSD,No especificado,0,,No especificado,No especificado,No especificado,Intel,16.0,Grande
Lenovo,Laptop Gamer Lenovo 15.5 Core I5 8gb 512gb Rtx 3050 + Usb Lo,15999.0,8.0,512.0,SSD,Core I5,1,15.5,Intel Core i5,No especificado,No especificado,Intel,15.5,Estandar
Lenovo,Laptop Lenovo Loq 15.6  Fhd Ryzen 5 12gb 512gb Ssd Rtx 4050,30271.0,12.0,512.0,SSD,Ryzen 5,1,15.6,AMD Ryzen 5,No especificado,No especificado,AMD,15.6,Estandar
Otra,Notebook Nimo N158 Amd Ryzen 7 16gb Ddr5 512gb,23551.0,16.0,512.0,SSD,Ryzen 7,0,,No especificado,No especificado,No especificado,AMD,,Estandar
Lenovo,"Laptop Lenovo V14 G5 Core I7-13620h, 16gb 512gb 14  + Usb Lo",17599.0,16.0,512.0,SSD,Core I7,0,,Intel Core i7,No especificado,No especificado,Intel,14.0,Estandar
Otra,Laptop Gamer Potente Core I7 32gb 512gb Ssd Gráfica 8gb (Reacondicionado),7199.0,32.0,512.0,SSD,Core I7,0,,Intel Core i7,No especificado,No especificado,Intel,,Estandar
Hp,Laptop Gamer Hp Victus 15 15.6  Fhd 144 Hz I5 16 Gb 1 Tb,31276.0,16.0,1024.0,SSD,No especificado,0,15.6,No especificado,No especificado,No especificado,Intel,15.6,Estandar
Hp,Hp Victus 15-fb1013dx Amd Ryzen 5 8gb 512gb Ssd,16699.0,8.0,512.0,SSD,Ryzen 5,0,,AMD Ryzen 5,No especificado,No especificado,AMD,,Estandar
Msi,Msi Vector Amd Ryzen 9 Rtx 5070ti 16gb 1tb Ssd 240hz 16,46999.0,16.0,1024.0,SSD,Ryzen 9,1,,No especificado,No especificado,No especificado,AMD,16.0,Grande
Acer,Portátil Acer Nitro V I5-13420h 15.6  Rtx 4050 8gb 512gb,21367.0,8.0,512.0,SSD,No especificado,1,15.6,Intel Core i5-13420H,8,13ª Gen (Raptor Lake),Intel,15.6,Estandar
Lenovo,Laptop Gamer Lenovo Loq Rtx 5060 Ryzen 7 32gb 512gb 15.6,49999.0,32.0,512.0,SSD,Ryzen 7,1,15.6,No especificado,No especificado,No especificado,AMD,15.6,Estandar
Msi,Laptop Msi Cyborg A15 Ai Geforce Rtx 5060 Ryzen 9 64gb 1tb,44999.0,64.0,1024.0,SSD,Ryzen 9,1,,No especificado,No especificado,No especificado,AMD,,Estandar
Msi,Laptop Msi Katana 15 Hx Rtx 5050 Core I7 16gb 512gb 15.6,35999.0,16.0,512.0,SSD,Core I7,1,15.6,Intel Core i7,No especificado,No especificado,Intel,15.6,Estandar
Msi,Laptop Msi Thin A15 Ryzen 5-7535hs 8gb Ram 512gb Ssd,22999.0,8.0,512.0,SSD,Ryzen 5,0,,AMD Ryzen 5,No especificado,No especificado,AMD,,Estandar
Hp,"Ordenador Portátil Hp 15.6 Intel Ultra 5 8 Gb 1,5 Tb Ssd Win",20196.0,8.0,1536.0,SSD,No especificado,0,15.6,No especificado,No especificado,No especificado,Intel,15.6,Estandar
Hp,Laptop Hp Pavilion Gaming 15.6'' Intel Core I5 8gb Ram 256gb,30333.0,8.0,256.0,SSD,Core I5,0,15.6,Intel Core i5,No especificado,No especificado,Intel,15.6,Estandar
Hp,Laptop Gamer Hp Victus Ryzen 7-7445h Rtx3050 16gb 512gb Ssd,21299.0,16.0,512.0,SSD,Ryzen 7,1,,No especificado,No especificado,No especificado,AMD,,Estandar
Msi,Laptop Msi Bravo 2024 Ryzen 9 7940hs 32gb Ram 2tb Ssd,85000.0,32.0,2048.0,SSD,Ryzen 9,0,,No especificado,No especificado,No especificado,AMD,,Estandar
Hp,Hp Victus Gaming 15-fb3703la 15.6  Hd Amd Ryzen 7 16gb 1tb,33899.0,16.0,1024.0,SSD,Ryzen 7,0,15.6,No especificado,No especificado,No especificado,AMD,15.6,Estandar
Dell,Laptop Dell 5401 Core I5 9th Ram8gb Ssd256gb Fotos Reales (Reacondicionado),6950.0,8.0,256.0,SSD,Core I5,0,,Intel Core i5,No especificado,No especificado,Intel,,Estandar
Dell,Laptop Dell 5401 Core I5 9th Ram16gb Ssd512gb Fotos Reales (Reacondicionado),8480.0,16.0,512.0,SSD,Core I5,0,,Apple M1,8,Apple Silicon (1ª Gen),Apple,,Estandar
Lenovo,Laptop Lenovo Yoga 7 De 16  Táctil Ryzen 7 16 Gb 512 Gb Ssd,28132.0,16.0,512.0,SSD,Ryzen 7,0,,No especificado,No especificado,No especificado,AMD,16.0,Grande
Lenovo,Laptop Lenovo Yoga 7 16  Táctil Ryzen 7 16gb 512gb Ssd,29107.0,16.0,512.0,SSD,Ryzen 7,0,,No especificado,No especificado,No especificado,AMD,16.0,Grande
Asus,"Laptop Para Juegos Asus Tuf, 15,6\ Ips Nivel Full Hd, Procesador Amd Ryzen 5 3550h, Amd Radeon Rx 560x, Ddr4 De 8 Gb, Ssd Pcie Nvme De 256 Gb, Wifi Gigabit, Windows 10 - Fx505dy-es51 (Nuevo con caja a",19899.0,8.0,256.0,SSD,Ryzen 5,1,15.6,AMD Ryzen 5,No especificado,No especificado,AMD,15.6,Estandar
Lenovo,Portátil Lenovo Ideapad Ryzen 7 15.3  16gb Ram 1tb Ssd,28290.0,16.0,1024.0,SSD,Ryzen 7,0,15.3,No especificado,No especificado,No especificado,AMD,15.3,Estandar
Dell,Laptop Dell Latitude 5511 Core I5 8gb Ram 256gb Ssd 15 Inch (Reacondicionado),5999.0,8.0,256.0,SSD,Core I5,0,15.0,Intel Core i5,No especificado,No especificado,Intel,15.0,Estandar
Lenovo,Laptop Lenovo Thinkbook 14 Intel Core 7 16gb 1tb Ssd Pro,30287.0,16.0,1024.0,SSD,No especificado,0,,No especificado,No especificado,No especificado,Intel,14.0,Estandar
Asus,Laptop Asus Tuf Gaming A16 Ryzen 7 16 Gb 512 Gb Ssd,37132.0,16.0,512.0,SSD,Ryzen 7,0,,No especificado,No especificado,No especificado,AMD,16.0,Grande
Otra,Notebook Nimo N159 Amd Ryzen 7 16gb Ram 256gb Ssd,17880.0,16.0,256.0,SSD,Ryzen 7,0,,No especificado,No especificado,No especificado,AMD,,Estandar
Huawei,Laptop Huawei Matebook D16 Amd Ryzen 5 4600h 16gb 512gb Gris,11200.0,16.0,512.0,SSD,Ryzen 5,0,,AMD Ryzen 5,No especificado,No especificado,AMD,,Estandar
Alienware,Alienware M17r4 16gb Ram 1tb Nvme Rtx3060,25990.0,16.0,1024.0,SSD,No especificado,1,,Apple M1,8,Apple Silicon (1ª Gen),Apple,,Estandar
Lenovo,"Portátil Lenovo V14 14 Fhd Intel I7 16 Gb 1,16 Tb Ssd",26750.0,16.0,1188.0,SSD,No especificado,0,,No especificado,No especificado,No especificado,Intel,14.0,Estandar
Hp,Laptop Gamer Hp Victus 15 15.6  Fhd 144 Hz I5 16 Gb 1 Tb,31273.0,16.0,1024.0,SSD,No especificado,0,15.6,No especificado,No especificado,No especificado,Intel,15.6,Estandar
Acer,Notebook Acer Aspire Nitro 5 I5 10300h 16gb Ram 4gb Gpu 1tb (Reacondicionado),12999.0,16.0,1024.0,SSD,No especificado,0,,Intel Core i5-10300H,4,10ª Gen (Comet Lake),Intel,,Estandar
Asus,Ordenador Portátil Asus Vivobook 16 Intel I9 32 Gb 1 Tb Ssd,39331.0,32.0,1024.0,SSD,No especificado,0,,No especificado,No especificado,No especificado,Intel,16.0,Grande
Dell,Dell Alienware M15 R5 Renovada Ryzen 9 16gb 1tb Ssd,36340.0,16.0,1024.0,SSD,Ryzen 9,0,,Apple M1,8,Apple Silicon (1ª Gen),Apple,,Estandar
Dell,Dell Alienware M15 R5 Renovada Ryzen 9 16gb 1tb Ssd,36344.0,16.0,1024.0,SSD,Ryzen 9,0,,Apple M1,8,Apple Silicon (1ª Gen),Apple,,Estandar
Asus,"Notebook Asus V16 Gamer con Intel Core 7, 16 GB RAM y 1 TB SSD, NVIDIA GeForce RTX 5070, Pantalla 16"" WUXGA 144 Hz",32899.0,16.0,1024.0,SSD,No especificado,1,16.0,No especificado,No especificado,No especificado,Intel,16.0,Grande
Gigabyte,Laptop Ai Pc Gamer Gigabyte Aero Rtx 5070 Ryzen Ai 32gb 1tb,56999.0,32.0,1024.0,SSD,No especificado,1,,No especificado,No especificado,No especificado,AMD,,Estandar
Asus,Laptop Gamer Asus Rog Strix G16 16'' Ryzen 9 16gb 1tb Ssd,42710.0,16.0,1024.0,SSD,Ryzen 9,0,,No especificado,No especificado,No especificado,AMD,16.0,Grande
Hp,"Portátil Hp Ryzen 3 7320u De 17,3 , 8 Gb, 256 Gb, 17 Pulgada",16008.0,8.0,256.0,SSD,Ryzen 3,0,17.3,AMD Ryzen 3 7320U,4,Serie 7000 (Zen 2),AMD,17.3,Grande
Hp,"Laptop Hp Ryzen 3 7320u De 17,3 Pulgadas, 8 Gb, 256 Gb, 17 P",15472.0,8.0,256.0,SSD,Ryzen 3,0,17.3,AMD Ryzen 3 7320U,4,Serie 7000 (Zen 2),AMD,17.3,Grande
Acer,Portátil Acer Nitro V 16 Intel Core 5 Rtx 5060 16 Gb 512 Gb,36205.0,16.0,512.0,SSD,No especificado,1,,No especificado,No especificado,No especificado,Intel,16.0,Grande
Asus,Laptop Asus Tuf Gaming A16 16  Ryzen 7 16gb 512gb Rtx4050,35999.0,16.0,512.0,SSD,Ryzen 7,1,,No especificado,No especificado,No especificado,AMD,16.0,Grande
Apple,Macbook Pro 16 Intel I9 1 Tb Ssd 16 Gb Amd Radeon Pro 5500m,38700.0,16.0,1024.0,SSD,No especificado,0,,No especificado,No especificado,No especificado,Intel,16.0,Grande
Lenovo,Ordenador Portátil Lenovo Thinkpad T15g 15.6 I7 32 Gb 1 Tb S,30316.0,32.0,1024.0,SSD,No especificado,0,15.6,No especificado,No especificado,No especificado,Intel,15.6,Estandar
Msi,Laptop Gamer Msi Cyborg 15 Ryzen 7 16gb 1tb Rtx5060,70999.0,16.0,1024.0,SSD,Ryzen 7,1,,No especificado,No especificado,No especificado,AMD,,Estandar
Apple,Macbook Pro A2141 32gb Ram 500gb Ssd I9 Amd 5300m Tec Españo (Reacondicionado),16999.0,32.0,500.0,SSD,No especificado,0,,No especificado,No especificado,No especificado,AMD,,Estandar
Msi,Laptop Gamer Msi Gf63 Thin 512 Ssd 16gb Rtx 16050 Core I5,7300.0,16.0,512.0,SSD,Core I5,1,,Intel Core i5,No especificado,No especificado,Intel,,Estandar
Lenovo,Laptop Lenovo Ideapad Slim 3 Gen 10 Intel Core I5 16gb 512gb,24999.0,16.0,512.0,SSD,Core I5,0,,Intel Core i5,No especificado,No especificado,Intel,10.0,Ultraportatil
Hp,"HP Gamer Ryzen 7 7730U 16GB RAM 512GB SSD Pantalla Táctil 15.6"" Full HD 1920 x 1080 AMD Radeon Graphics Windows 11 Instalado Laptop 15-fc00477 Con Regalo",25300.0,16.0,512.0,SSD,Ryzen 7,0,15.6,AMD Ryzen 7 7730U,8,Serie 7000 (Zen 3),AMD,15.6,Estandar
Hp,Hp Envy X360 Ryzen 7 8840hs 16gb 1tb Ssd Táctil (Reacondicionado),20000.0,16.0,1024.0,SSD,Ryzen 7,0,,AMD Ryzen 7 8840HS,8,Serie 8000 (Zen 4),AMD,,Estandar
Asus,Laptop Asus Zenbook 14 Ux34 Intel Core Ultra 5 16gb 512gb,29899.0,16.0,512.0,SSD,No especificado,0,,No especificado,No especificado,No especificado,Intel,14.0,Estandar
Lenovo,Laptop Lenovo 15iah8 15.6  Intel I5 8gb 512gb Gris,8499.0,8.0,512.0,SSD,No especificado,0,15.6,No especificado,No especificado,No especificado,Intel,15.6,Estandar
Otra,"Notebook Core I5 Ram 8gb 512gb Ssd (15,3) Táctil, Win 11 Hom",14990.0,8.0,512.0,SSD,Core I5,0,15.3,Intel Core i5,No especificado,No especificado,Intel,15.3,Estandar
Hp,Laptop Hp Victus 15.6  144hz Fhd Amd Ryzen 5 7535hs 32gb 1tb,37130.0,32.0,1024.0,SSD,Ryzen 5,0,15.6,AMD Ryzen 5,No especificado,No especificado,AMD,15.6,Estandar
Asus,Asus Rog Zephyrus G14 Plata Ryzen 9 16gb 1tb 120hz Rtx 4050,28000.0,16.0,1024.0,SSD,Ryzen 9,1,,No especificado,No especificado,No especificado,AMD,,Estandar
Lenovo,Laptop Lenovo Ideapad 2en1 Intel U5 16gb 512gb Ssd,28999.0,16.0,512.0,SSD,No especificado,0,,No especificado,No especificado,No especificado,Intel,,Estandar
Huawei,"Huawei Matebook 16 Ryzen 7 5800h, 16gb, 512gb Ssd Crem-wfd9a",9500.0,16.0,512.0,SSD,Ryzen 7,0,,AMD Ryzen 7 5800H,8,Serie 5000 (Zen 3),AMD,16.0,Grande
Apple,Apple Macbook Pro 15 2019 I7 16gb 256gb (Reacondicionado),8000.0,16.0,256.0,SSD,No especificado,0,,No especificado,No especificado,No especificado,Apple,,Estandar
Dell,Dell Latitude 5580 Core I7 8gb 128gb Ssd Touch Win11 Pro (Reacondicionado),5000.0,8.0,128.0,SSD,Core I7,0,,Intel Core i7,No especificado,No especificado,Intel,,Estandar
Huawei,Huawei Matebook D16 / Core I5 13420h / Ram 16gb / 1 Tb Nvme,25005.0,16.0,1024.0,SSD,Core I5,0,,Intel Core i5-13420H,8,13ª Gen (Raptor Lake),Intel,,Estandar
Dell,Laptop Dell Inspiron 15 5510-core I5-11320h Ram 16gb Y 256gb (Reacondicionado),8799.0,16.0,256.0,SSD,Core I5,0,,Intel Core i5,No especificado,No especificado,Intel,,Estandar
Asus,"Notebook Asus P1403CVA-i58G512-P1 Core i5 de 14"" con 8 GB de RAM y SSD de 512 GB",20080.0,8.0,512.0,SSD,Core I5,0,14.0,Intel Core i5,No especificado,No especificado,Intel,14.0,Estandar
Lenovo,Laptop Lenovo Portátil Core I3 8gb 512gb Ssd Windows 11 Pro (Reacondicionado),4500.0,8.0,512.0,SSD,Core I3,0,,Intel Core i3,No especificado,No especificado,Intel,,Estandar
Otra,"Laptop Gamer Rx16, Ryzen 7, Radeon 780m, 24gb Ram, 512gb",19999.0,24.0,512.0,SSD,Ryzen 7,0,,No especificado,No especificado,No especificado,AMD,,Estandar
Msi,Laptop Msi Thin Gf63 12va Intel I5 12450h 32gb Ram 1tb 144hz (Nuevo con caja abierta),14000.0,32.0,1024.0,SSD,No especificado,0,,Intel Core i5-12450H,8,12ª Gen (Alder Lake),Intel,,Estandar
Lenovo,Ordenador Portátil Lenovo 2026 Ryzen 5 7535hs 8 Gb 512 Gb 15,26610.0,8.0,512.0,SSD,Ryzen 5,0,,AMD Ryzen 5,No especificado,No especificado,AMD,,Estandar
Huawei,Huawei Matebook D16 Core I5 13420h 16 Gb / 512gbssd Usb -c,21717.0,16.0,512.0,SSD,Core I5,0,,Intel Core i5-13420H,8,13ª Gen (Raptor Lake),Intel,16.0,Grande
Lenovo,Laptop Lenovo Ideapad Slim 3 Intel Core I5 8gb Ram 512gb Ssd,13388.0,8.0,512.0,SSD,Core I5,0,,Intel Core i5,No especificado,No especificado,Intel,,Estandar
Lenovo,Portátil Lenovo Ideapad Ryzen 7 15.3  16gb Ram 1tb Ssd,27342.0,16.0,1024.0,SSD,Ryzen 7,0,15.3,No especificado,No especificado,No especificado,AMD,15.3,Estandar
Msi,Laptop Gamer Msi Cyborg Rtx 4060 Core I7 16gb 512gb 15.6 Negro,29999.0,16.0,512.0,SSD,Core I7,1,15.6,Intel Core i7,No especificado,No especificado,Intel,15.6,Estandar
Otra,Notebook gamer 15-EF2127WM 15.6 color silver 8 gb de ram 256 gb ssd AMD Ryzen 5,13325.0,8.0,256.0,SSD,Ryzen 5,0,15.6,AMD Ryzen 5,No especificado,No especificado,AMD,15.6,Estandar
Msi,Portátil Para Juegos Msi 15.6 Rtx 3060 I7 16 Gb 512 Gb Ssd,20253.0,16.0,512.0,SSD,No especificado,1,15.6,No especificado,No especificado,No especificado,Intel,15.6,Estandar
Asus,Asus Rog Zephyrus Duo 16 Ryzen 9 6900hx 32gb 1tb Rtx 3070 Ti,34000.0,32.0,1024.0,SSD,Ryzen 9,1,,No especificado,No especificado,No especificado,AMD,16.0,Grande
Msi,Laptop Gamer Msi Thin Gf63 Gtx 1650 Core I5 11400h 8gb 256gb,7900.0,8.0,256.0,SSD,Core I5,1,,Intel Core i5,No especificado,No especificado,Intel,,Estandar
Huawei,Huawei Matebook D16 Core I5 13420h 16 Gb / 512gbssd Usb -c,20396.0,16.0,512.0,SSD,Core I5,0,,Intel Core i5-13420H,8,13ª Gen (Raptor Lake),Intel,16.0,Grande
Msi,Msi Thin Gaming I5 13420h 16gb Ram 512gb Rtx3050 15.6  144hz,16278.0,16.0,512.0,SSD,No especificado,1,15.6,Intel Core i5-13420H,8,13ª Gen (Raptor Lake),Intel,15.6,Estandar
Hp,Hp Victus Gamer 15.6 I5-13420h 8gb Ram 512gb Ssd Rtx 3050,17999.0,8.0,512.0,SSD,No especificado,1,15.6,Intel Core i5-13420H,8,13ª Gen (Raptor Lake),Intel,15.6,Estandar
Apple,Apple Macbook Pro A2141 16  I7 16gb 512gb Lote O Pieza,9990.0,16.0,512.0,SSD,No especificado,0,,No especificado,No especificado,No especificado,Apple,16.0,Grande
Asus,Asus Rog Ally X Ryzen Z1 Extreme 24gb Ram 1tb Ssd Como Nueva,16990.0,24.0,1024.0,SSD,No especificado,0,,No especificado,No especificado,No especificado,AMD,,Estandar
Lenovo,Laptop Gamer Lenovo Loq 16 Ryzen 7 7840hs 32gb 1tb Rtx4060,17999.0,32.0,1024.0,SSD,Ryzen 7,1,,No especificado,No especificado,No especificado,AMD,16.0,Grande
Otra,Nimo Laptop Gaming 17.3  Ryzen 7 16gb 512gb,16522.0,16.0,512.0,SSD,Ryzen 7,0,17.3,No especificado,No especificado,No especificado,AMD,17.3,Grande
Apple,Macbook Pro 16 A2141 2019 Core I9 16gb Ram 1tb 4gb Video H,34999.0,16.0,1024.0,SSD,Core I9,0,,No especificado,No especificado,No especificado,Intel,16.0,Grande
Lenovo,Lenovo Thinkpad E570 Core I5 8gb 240gb Ssd Win11 Pro (Reacondicionado),4500.0,8.0,240.0,SSD,Core I5,0,,Intel Core i5,No especificado,No especificado,Intel,,Estandar
Hp,Laptop Hp 15-ef2024 Amd Ryzen 3 Gen 5th 8gb Ram 256gb Ssd,9500.0,8.0,256.0,SSD,Ryzen 3,0,,AMD Ryzen 3,No especificado,No especificado,AMD,,Estandar
Dell,Portatil Dell 5401 16gb Ram 256gb Ssd Intel Core I5-9th Gen (Reacondicionado),5100.0,16.0,256.0,SSD,Core I5,0,,Intel Core i5,No especificado,No especificado,Intel,,Estandar
Hp,"Hp Elitebook 845 G9, Ryzen 9 Pro, 16gb Ram, 512gb Ssd",21999.0,16.0,512.0,SSD,Ryzen 9,0,,No especificado,No especificado,No especificado,AMD,,Estandar
Lenovo,Laptop Gamer Lenovo 15.6 Gtx 1650 Ryzen 5 4600h 8gb 1tb M.2,26000.0,8.0,1024.0,SSD,Ryzen 5,1,15.6,AMD Ryzen 5,No especificado,No especificado,AMD,15.6,Estandar
Hp,Notebook Gamer Hp 16-a0001la Intel Core I5 8gb Ram 512gb Ssd,7500.0,8.0,512.0,SSD,Core I5,0,,Intel Core i5,No especificado,No especificado,Intel,16.0,Grande
Hp,Laptop Hp Gamer 15-dk1040la Intel Core I5 Ram 8 Gb 512 Ssd,12500.0,8.0,512.0,SSD,Core I5,0,,Intel Core i5,No especificado,No especificado,Intel,,Estandar
Asus,"Asus Rog Zephyrus G14 Ga402rj, Ryzen 9, 16gb Ram, 1tb Ssd.",24999.0,16.0,1024.0,SSD,Ryzen 9,0,,No especificado,No especificado,No especificado,AMD,,Estandar
Dell,Portatil Dell 16gb Ram 256gb Ssd Core I5-9na Gen Office 21 (Reacondicionado),5100.0,16.0,256.0,SSD,Core I5,0,,Intel Core i5,No especificado,No especificado,Intel,,Estandar
Asus,"Asus Tuf F15, I5-10300h, 16gb Ram, 1tb Ssd, Gtx 1650, Negro",21500.0,16.0,1024.0,SSD,No especificado,1,,Intel Core i5-10300H,4,10ª Gen (Comet Lake),Intel,,Estandar
Lenovo,"Lenovo Ideapad Gaming 3, I5 10300h, 8gb, 1tb, Gtx 1650 Ti",11599.0,8.0,1024.0,SSD,No especificado,1,,Intel Core i5-10300H,4,10ª Gen (Comet Lake),Intel,,Estandar
Hp,Laptop Gamer Hp Amd Ryzen 5 4600h 8gb 1tb Nvidia Gtx 1650,18999.0,8.0,1024.0,SSD,Ryzen 5,1,,AMD Ryzen 5,No especificado,No especificado,AMD,,Estandar
Asus,"Asus Tuf Dash 15,6 Intel I7 16gb 512 Gb Rtx 3060 6gb",15000.0,16.0,512.0,SSD,No especificado,1,15.6,No especificado,No especificado,No especificado,Intel,15.6,Estandar
Dell,Dell Presicion 3541 Core I5-9400h 8gbram Ssd256gb Nvidia 4gb,5000.0,8.0,256.0,SSD,Core I5,0,,Intel Core i5,No especificado,No especificado,Intel,,Estandar
Lenovo,Laptop Lenovo Gaming/intel I5 11th/gtx 1650/256ssd/8gb Ram,16499.0,8.0,256.0,SSD,No especificado,1,,No especificado,No especificado,No especificado,Intel,,Estandar
Asus,"Oferta Asus Tuf Dash Fx517ze, I5 12450h, 8gb, 512gb Ssd",20000.0,8.0,512.0,SSD,No especificado,0,,Intel Core i5-12450H,8,12ª Gen (Alder Lake),Intel,,Estandar
Huawei,Laptop Huawei Matebook D 16 Amd Ryzen 5 16gb Ram 512gb Ssd,22466.0,16.0,512.0,SSD,Ryzen 5,0,,AMD Ryzen 5,No especificado,No especificado,AMD,16.0,Grande
Dell,Dell Gaming G15 5530 Intelcorei7nvidiartx 4060 16gbram 512gb,23000.0,16.0,512.0,SSD,Corei7,1,,Intel Core i7,No especificado,No especificado,Intel,,Estandar
Dell,Dell G15 I7-11800 16gb Ram Rtx3060 1tb Ssd 165 Hrtz,23000.0,16.0,1024.0,SSD,No especificado,1,,No especificado,No especificado,No especificado,Intel,,Estandar
Asus,Laptop Asus Tuf Gaming A16 Ryzen 7 16gb 512gb Ssd,38416.0,16.0,512.0,SSD,Ryzen 7,0,,No especificado,No especificado,No especificado,AMD,,Estandar
Otra,Laptop Gamer Gateway Gtx 1650 Ryzen 5 4600h 8gb Ram 256gb M2,19500.0,8.0,256.0,SSD,Ryzen 5,1,,Apple M2,8,Apple Silicon (2ª Gen),Apple,,Estandar
Hp,Hp Omen 15-ek0012la Intel I7 10th Gen 32gb 1tb M2,16000.0,32.0,1024.0,SSD,No especificado,0,,Apple M2,8,Apple Silicon (2ª Gen),Apple,,Estandar
Apple,"Macbook Pro (16 Pulgadas, Intel Core I9, 1 Tb De Ssd, 16 Gb)",28000.0,16.0,1024.0,SSD,Core I9,0,16.0,No especificado,No especificado,No especificado,Intel,16.0,Grande
Asus,Laptop Gamer Asus Rog Rtx 5070 Ryzen 9 8940hx 32gb 1tb 16,63999.0,32.0,1024.0,SSD,Ryzen 9,1,,No especificado,No especificado,No especificado,AMD,16.0,Grande
Lenovo,Laptop Lenovo Ideapad Slim 3 Intel Core I5 8gb Ram 512gb,16321.0,8.0,512.0,SSD,Core I5,0,,Intel Core i5,No especificado,No especificado,Intel,,Estandar
Asus,Notebook Asus TUF Gaming F15 Core I5 16gb 512gb 15.6 Rtx3050 (Nuevo con caja abierta),14500.0,16.0,512.0,SSD,Core I5,1,15.6,Intel Core i5,No especificado,No especificado,Intel,15.6,Estandar
Acer,Laptop Acer Conceptd Cc715-71 Core I7 16gb Ram 954gb Ssd Rtx,23500.0,16.0,954.0,SSD,Core I7,1,,Intel Core i7,No especificado,No especificado,Intel,,Estandar
Dell,Notebook Gamer Dell G7 7588 Corei7 8th 16gb 1 Tb Ssd Gtx1060,19883.0,16.0,1024.0,SSD,Corei7,1,,Intel Core i7,No especificado,No especificado,Intel,,Estandar
Dell,Dell Xps 13 9380 Core I5 8gb 128gb Ssd Windows 11 Pro (Reacondicionado),6000.0,8.0,128.0,SSD,Core I5,0,,Intel Core i5,No especificado,No especificado,Intel,,Estandar
Dell,Dell Latitude 7420 Core I7 1185g7 16gb Ram 512gb Ssd Fhd (Reacondicionado),14999.0,16.0,512.0,SSD,Core I7,0,,Intel Core i7,No especificado,No especificado,Intel,,Estandar
Dell,"Laptop Dell 15 Dc15255 15.6 Ryzen 5 8gb, 512gb Full Hd Ssd Plateado",15399.0,8.0,512.0,SSD,Ryzen 5,0,15.6,AMD Ryzen 5,No especificado,No especificado,AMD,15.6,Estandar
Dell,Dell Latitude 7420 Core I7 1185g7 Ram 16gb Ssd 512gb 14'' (Reacondicionado),19998.0,16.0,512.0,SSD,Core I7,0,,Intel Core i7,No especificado,No especificado,Intel,14.0,Estandar
Dell,Dell Precision 5480 I7 13th 32 Ram 1tb M2 Grafica Nvidia 6gb (Reacondicionado),18000.0,6.0,1024.0,SSD,No especificado,0,,Apple M2,8,Apple Silicon (2ª Gen),Apple,,Estandar
Dell,Laptop Dell Pro 14 Essential Ryzen 7 Pro Ram 16gb Ssd 512gb Plateado,15499.0,16.0,512.0,SSD,Ryzen 7,0,,No especificado,No especificado,No especificado,AMD,14.0,Estandar
Dell,Portátil Dell Pv15250 Ci7-1355u 16gb 512gb 15.6fhd Win 11pro Platinum Silver,18057.0,16.0,512.0,SSD,No especificado,0,,Intel Core i7-1355U,10,13ª Gen (Raptor Lake),Intel,,Estandar
Dell,Laptop Dell Precision 7560 Xeon 32gb 512gb Ssd Fhd Nvidia (Reacondicionado),19000.0,32.0,512.0,SSD,No especificado,0,,No especificado,No especificado,No especificado,Intel,,Estandar
Dell,Dell Latitude 7430 2 En 1 Core I7 1265u 32gb 512gb 14 Táctil (Reacondicionado),14578.0,32.0,512.0,SSD,Core I7,0,,Intel Core i7,No especificado,No especificado,Intel,14.0,Estandar
Dell,Dell Latitude 7320 Intel Core I7 1185g7 16gb Ram 512gb Ssd (Reacondicionado),9999.0,16.0,512.0,SSD,Core I7,0,,Intel Core i7,No especificado,No especificado,Intel,,Estandar
Dell,Dell Pro Rugged 14 Touch Intel Ultra 5-135u 16gb 512gb Fhd (Reacondicionado),23699.0,16.0,512.0,SSD,No especificado,0,,No especificado,No especificado,No especificado,Intel,14.0,Estandar
Dell,Laptop Dell 5420 Core I5 1145g7 16gb Ram 256gb Ssd Fhd Win11 (Reacondicionado),9999.0,16.0,256.0,SSD,Core I5,0,,Intel Core i5,No especificado,No especificado,Intel,,Estandar
Dell,Dell Latitude 5320 2 En 1 Core I7 1185g7 32gb Ram 256gb Ssd (Reacondicionado),14998.0,32.0,256.0,SSD,Core I7,0,,Intel Core i7,No especificado,No especificado,Intel,,Estandar
Dell,"Laptop Dell Pro Essential 15.6  Fhd I7-1355u 16gb, 512gb Ssd",17455.0,16.0,512.0,SSD,No especificado,0,15.6,Intel Core i7-1355U,10,13ª Gen (Raptor Lake),Intel,15.6,Estandar
Dell,Dell Latitude 7440 I7-1365 32gb 512gb Ssd Win11 Pro (Reacondicionado),19999.0,32.0,512.0,SSD,No especificado,0,,No especificado,No especificado,No especificado,Intel,,Estandar
Dell,Dell Latitude 3420 Intel I5-1135g7 16gb 512gb Fhd 14 Iris (Reacondicionado),6379.0,16.0,512.0,SSD,No especificado,0,,Intel Core i5-1135G7,4,11ª Gen (Tiger Lake),Intel,14.0,Estandar
Dell,Dell Latitude 5330 2 En 1 Core I7 1265 32gb Ram 512gb Ssd Gris,16999.0,32.0,512.0,SSD,Core I7,0,,Intel Core i7,No especificado,No especificado,Intel,,Estandar
Dell,Notebook Dell Dc15250 | Intel Core I5 1334u | 16gb Ram | Ssd 500gb | Windows 11 | Carbon Black,16999.0,16.0,500.0,SSD,Core I5,0,,Intel Core i5,No especificado,No especificado,Intel,,Estandar
Dell,Laptop Dell Vostro 3500 I5-1135g7 8gb 256ssd 15.6  Fhd (Reacondicionado),12000.0,8.0,256.0,SSD,No especificado,0,15.6,Intel Core i5-1135G7,4,11ª Gen (Tiger Lake),Intel,15.6,Estandar
Dell,Dell Latitude 5330 2 En 1 Core I7 12th 32gb 512gb 13.3 Touch (Reacondicionado),14648.0,32.0,512.0,SSD,Core I7,0,13.3,Intel Core i7,No especificado,No especificado,Intel,13.3,Ultraportatil
Dell,"Pantalla Dell Latitude 5410 Core I5 10a, 16 GB, 512 GB, Full HD, Wi-Fi, gris - Aceptable (Reacondicionado)",6754.0,16.0,512.0,SSD,Core I5,0,,Intel Core i5,No especificado,No especificado,Intel,16.0,Grande
Dell,Dell Latitude 7340 2 En 1 Core I7 1365 32gb Ram 512gb Ssd 2k (Reacondicionado),19998.0,32.0,512.0,SSD,Core I7,0,,Intel Core i7,No especificado,No especificado,Intel,,Estandar
Dell,Laptop Dell Latitude 5490 Core I5 8gb 256gb Ssd W11 Pro (Reacondicionado),6499.0,8.0,256.0,SSD,Core I5,0,,Intel Core i5,No especificado,No especificado,Intel,,Estandar
Dell,Laptop Dell Latitude 5510 Core I5 10310u 16gb Ram 256gb Ssd (Reacondicionado),9998.0,16.0,256.0,SSD,Core I5,0,,Intel Core i5,No especificado,No especificado,Intel,,Estandar
Dell,Dell Latitude 3420 Intel I5-1135g7 16gb 512gb Fhd 14 Mx450 (Reacondicionado),6862.0,16.0,512.0,SSD,No especificado,0,,Intel Core i5-1135G7,4,11ª Gen (Tiger Lake),Intel,14.0,Estandar
Dell,Dell Inspiron 5502 I5-1135g7 12gb 256ssd Fhd (Reacondicionado),12000.0,12.0,256.0,SSD,No especificado,0,,Intel Core i5-1135G7,4,11ª Gen (Tiger Lake),Intel,,Estandar
Dell,Notebook Dell Latitude 7490 Core I5 8350 8gb 256gb Ssd Fhd (Reacondicionado),19998.0,8.0,256.0,SSD,Core I5,0,,Intel Core i5,No especificado,No especificado,Intel,,Estandar
Asus,Laptop Asus Vivobook Go 15 E510 15.6'' Celeron 4gb 128gb Azul,5799.0,4.0,128.0,SSD,Celeron,0,15.6,No especificado,No especificado,No especificado,Intel,15.6,Estandar
Asus,Laptop Asus Vivobook I3 1215u 8gb 512gb Ssd 15.6 W11h Plata,9459.0,8.0,512.0,SSD,No especificado,0,15.6,Intel Core i3-1215U,6,12ª Gen (Alder Lake),Intel,15.6,Estandar
Asus,"Laptop ASUS TUF Gaming A15 AMD Ryzen7, RTX 3050, 16GB, 512GB SSD, 15.6"" FHD",36399.0,16.0,512.0,SSD,Ryzen7,1,15.6,No especificado,No especificado,No especificado,AMD,15.6,Estandar
Asus,"Ordenador Portátil Asus Ryzen 5 De 36 Cm, 8 Gb, 256 Gb, Ssd",13124.0,8.0,256.0,SSD,Ryzen 5,0,,AMD Ryzen 5,No especificado,No especificado,AMD,,Estandar
Asus,"Laptop Asus Vivobook 14, Intel Core 5, 16gb 512gb Ssd Fhd Color Azul",20299.0,16.0,512.0,SSD,No especificado,0,,No especificado,No especificado,No especificado,Intel,14.0,Estandar
Asus,"Laptop Asus VivoBook 16"" para Trabajo y Estudio con Intel Core i7, 16 GB RAM y 512 GB SSD",25797.0,16.0,512.0,SSD,Core I7,0,16.0,Intel Core i7,No especificado,No especificado,Intel,16.0,Grande
Asus,"Laptop Asus Vivobook 15 FHD 15.6"" Intel Core i3-1315U, 8GB RAM, 512GB SSD, Windows 11 (F1504VA-SB31)",10399.0,8.0,512.0,SSD,Core I3,0,15.6,Intel Core i3-1315U,6,13ª Gen (Raptor Lake),Intel,15.6,Estandar
Asus,Notebook Asus Vivobook X1404 | Intel Core I5 | 16gb Ram | Ssd Nvme 512gb | Pantalla 14 Pulgadas | Full Hd,13858.0,16.0,512.0,SSD,Core I5,0,14.0,Intel Core i5,No especificado,No especificado,Intel,14.0,Estandar
Asus,"Laptop ASUS TUF Gaming A16 RTX 5050, AMD Ryzen 7, 16GB DDR5, 512 SSD, 16"" FHD+",39899.0,16.0,512.0,SSD,Ryzen 7,1,16.0,No especificado,No especificado,No especificado,AMD,16.0,Grande
Hp,Laptop Hp Omnibook Flip 14-fp0053la Intel Core 5 16gb 512gb Glacier Silver,49999.0,16.0,512.0,SSD,No especificado,0,,No especificado,No especificado,No especificado,Intel,14.0,Estandar
Hp,Laptop HP Stream 14-dq0762dx Rosa 128gb SSD Intel Celeron Incluye Windows Color Pink,4811.0,128.0,128.0,SSD,Celeron,0,,No especificado,No especificado,No especificado,Intel,14.0,Estandar
Hp,"Laptop HP 240 G10 de 14"", Intel® Core™ i5, 8GB RAM, 512GB SSD, Windows 11 Home , color gris",10499.0,8.0,512.0,SSD,No especificado,0,14.0,No especificado,No especificado,No especificado,Intel,14.0,Estandar
Hp,"Hp Omnibook Core Ultra 7 32gb Ram 1tb Ssd Pantalla Tactil 17,3 Fhd 1920 X 1080 Intel Graphics Windows 11 Laptop Gamer 17-dc0373 Con Regalo",30960.0,32.0,1024.0,SSD,No especificado,0,17.3,No especificado,No especificado,No especificado,Intel,17.3,Grande
Hp,Laptop HP 14 14-dq6101dx Intel N150 4 GB RAM 128 GB UFS pantalla 14 HD antirreflejo Windows 11 Home color Plateado natural,8999.0,4.0,128.0,SSD,Intel N150,0,,No especificado,No especificado,No especificado,Intel,14.0,Estandar
Hp,Laptop HP 14 14-dq6103dx Intel N150 4 GB RAM 128 GB UFS pantalla 14 HD antirreflejo Windows 11 Home color Verde sauce (Willow Green),5081.0,4.0,128.0,SSD,Intel N150,0,,No especificado,No especificado,No especificado,Intel,14.0,Estandar
Lenovo,Lenovo Thinkpad T14 Gen 2 Core I5 1145g7 16gb Ram 512gb Ssd (Reacondicionado),9998.0,16.0,512.0,SSD,Core I5,0,,Intel Core i5,No especificado,No especificado,Intel,,Estandar
Lenovo,Lenovo Thinkpad T495s Ryzen 7 3700 16gb Ram 256gb Ssd Win11 (Reacondicionado),9999.0,16.0,256.0,SSD,Ryzen 7,0,,No especificado,No especificado,No especificado,AMD,,Estandar
Lenovo,Lenovo Thinkpad T14 Gen 3 I5 1245 16gb Ram 512gb Ssd Win11 (Reacondicionado),14999.0,16.0,512.0,SSD,No especificado,0,,No especificado,No especificado,No especificado,Intel,,Estandar
Dell,Portátil Dell Pv15250 Ci7-1355u 16gb 512gb 15.6fhd Win 11pro Platinum Silver,18799.0,16.0,512.0,SSD,No especificado,0,,Intel Core i7-1355U,10,13ª Gen (Raptor Lake),Intel,,Estandar
Dell,Laptop Dell Latitude 7430 Core I7 12th 16gb 256gb Oficina. (Reacondicionado),9999.0,16.0,256.0,SSD,Core I7,0,,Intel Core i7,No especificado,No especificado,Intel,,Estandar
Dell,Dell Latitude 7430 Core I7 1255 16gb Ram 512gb Ssd Fhd (Reacondicionado),19998.0,16.0,512.0,SSD,Core I7,0,,Intel Core i7,No especificado,No especificado,Intel,,Estandar
Dell,Dell Latitude 5320 2 En 1 Core I7 1185g7 32gb Ram 256gb Ssd (Reacondicionado),19998.0,32.0,256.0,SSD,Core I7,0,,Intel Core i7,No especificado,No especificado,Intel,,Estandar
Dell,"Laptop Dell Dc15250: Core I7, 8gb, 512gb, 15.6 , Fhd, W11 H.",14699.0,8.0,512.0,SSD,Core I7,0,15.6,Intel Core i7,No especificado,No especificado,Intel,15.6,Estandar
Acer,"Ordenador portátil Acer Aspire Lite 15, 15,6 Fhd, Intel Core 3 N350, 8 GB de RAM, 128 GB, SSD, Windows 11, plata clara.",13999.0,8.0,128.0,SSD,No especificado,0,15.6,No especificado,No especificado,No especificado,Intel,15.6,Estandar
Acer,Acer Aspire 5 Ryzen 3 3350u 8gb Ram 128gb Ssd W11 15.6 Hd (Reacondicionado),7299.0,8.0,128.0,SSD,Ryzen 3,0,15.6,AMD Ryzen 3,No especificado,No especificado,AMD,15.6,Estandar
Acer,Acer Aspire 5 Ryzen 3 3350u 8gb Ram 128gb Ssd W11 15.6 Fhd (Reacondicionado),7499.0,8.0,128.0,SSD,Ryzen 3,0,15.6,AMD Ryzen 3,No especificado,No especificado,AMD,15.6,Estandar
Acer,Laptop Acer Aspire 5 Ryzen 3 8gb 128gb Ssd (Reacondicionado),7499.0,8.0,128.0,SSD,Ryzen 3,0,,AMD Ryzen 3,No especificado,No especificado,AMD,,Estandar
Acer,"Laptop Acer Aspire 14 AI con Intel Core Ultra 5, 16GB RAM y 1TB SSD, Pantalla Táctil 14"" FHD+",20999.0,16.0,1024.0,SSD,No especificado,0,14.0,No especificado,No especificado,No especificado,Intel,14.0,Estandar
Acer,Laptop Acer Aspire 3 15.6 Fhd Core I7 12th 16gb 1tb,15999.0,16.0,1024.0,SSD,Core I7,0,15.6,Intel Core i7,No especificado,No especificado,Intel,15.6,Estandar
Acer,Acer Travelmate B311 Win 11 Intel N100 8gb 128gb Touchscreen (Reacondicionado),4998.0,8.0,128.0,SSD,Intel N100,0,,Intel Processor N100,4,Alder Lake-N,Intel,11.0,Ultraportatil
Otra,Laptop Aspire Lite 16 15.6  Fhd Amd Ryzen 5 40 16gb 512gb,17999.0,16.0,512.0,SSD,Ryzen 5,0,15.6,AMD Ryzen 5,No especificado,No especificado,AMD,15.6,Estandar
Acer,"Laptop Acer Aspire Lite 15 Procesador Intel N150, Pantalla 15.6 Pulgadas, Resolución Full Hd, Memoria Ram 4 Gb, 128gb Ssd Windows 11",6817.0,4.0,128.0,SSD,Intel N150,0,15.6,No especificado,No especificado,No especificado,Intel,15.6,Estandar
Acer,Laptop Acer Swift Go 16 Ryzen Ai 7 16gb 1tb Copilot+,65998.0,16.0,1024.0,SSD,No especificado,0,,No especificado,No especificado,No especificado,AMD,16.0,Grande
Acer,Acer Travelmate B311-31 Intel N4020 Win 11 4gb Ram 64gb Ssd (Reacondicionado),3826.0,4.0,64.0,SSD,Intel N4020,0,,No especificado,No especificado,No especificado,Intel,,Estandar
Acer,Laptop Acer B311 Intel N4020 Apta Win 11 Grado A 4gb 64gbssd (Reacondicionado),3888.0,4.0,64.0,SSD,Intel N4020,0,,No especificado,No especificado,No especificado,Intel,11.0,Ultraportatil
Acer,Acer Travelmate B311-31 Celeron N4020 4gb 64gb Ssd Detalle (Reacondicionado),3666.0,4.0,64.0,SSD,Celeron,0,,No especificado,No especificado,No especificado,Intel,,Estandar
Acer,Laptop Acer 15.6 Core I7 1255u 16gb 1tb Ssd  Windows 11 Home,15999.0,16.0,1024.0,SSD,Core I7,0,15.6,Intel Core i7-1255U,10,12ª Gen (Alder Lake),Intel,15.6,Estandar
Acer,Acer Aspire 5 Ryzen 3 3350u 8gb 128gb Ssd 15.6 Fhd Ips (Reacondicionado),7499.0,8.0,128.0,SSD,Ryzen 3,0,15.6,AMD Ryzen 3,No especificado,No especificado,AMD,15.6,Estandar
Acer,Acer Travelmate P2 14'' Core I5 8gb/512gb Windows 11 Pro Color Gris,12599.0,8.0,512.0,SSD,Core I5,0,,Intel Core i5,No especificado,No especificado,Intel,14.0,Estandar
Acer,Notebook Acer Aspire Go 15.6 Fhd Ryzen 7 16gb 512gb,13399.0,16.0,512.0,SSD,Ryzen 7,0,15.6,No especificado,No especificado,No especificado,AMD,15.6,Estandar
Apple,Apple Macbook Air M1 A2337 8gb 256gb Ssd Oficina (Reacondicionado),15999.0,8.0,256.0,SSD,No especificado,0,,Apple M1,8,Apple Silicon (1ª Gen),Apple,,Estandar
Apple,"MacBook Pro de 14 pulgadas: chip Apple M5 Pro con CPU de 15 núcleos y GPU de 16 núcleos, 24 GB, SSD de 1 TB - Negro espacial - Distribuidor Autorizado",56133.0,24.0,1024.0,SSD,Apple M5,0,14.0,No especificado,No especificado,No especificado,Apple,14.0,Estandar
Apple,"Apple 2025 MacBook Pro (de 14 pulgadas, Chip M5 de Apple con CPU de 10 núcleos y GPU de 10 núcleos, 16GB Memoria unificada, 1 TB) - Negro espacial - Distribuidor Autorizado",45580.0,16.0,1024.0,SSD,No especificado,0,14.0,No especificado,No especificado,No especificado,Apple,14.0,Estandar
Apple,"MacBook Pro de 16 pulgadas: chip Apple M5 Pro con CPU de 18 núcleos y GPU de 20 núcleos, 24 GB, SSD de 1 TB - Plateado - Distribuidor Autorizado",66536.0,24.0,1024.0,SSD,Apple M5,0,16.0,No especificado,No especificado,No especificado,Apple,16.0,Grande
Apple,"MacBook Pro de 16 pulgadas: chip Apple M5 Pro con CPU de 18 núcleos y GPU de 20 núcleos, 24 GB, SSD de 1 TB - Negro espacial - Distribuidor Autorizado",67999.0,24.0,1024.0,SSD,Apple M5,0,16.0,No especificado,No especificado,No especificado,Apple,16.0,Grande
Apple,"MacBook Pro A2442 14.2"" plata 16GB de Ram - 512GB SSD - Apple M - Excelente (Reacondicionado)",17361.0,16.0,512.0,SSD,No especificado,0,14.2,No especificado,No especificado,No especificado,Apple,14.2,Estandar
Apple,"MacBook Pro de 16 pulgadas: chip Apple M5 Max con CPU de 18 núcleos y GPU de 32 núcleos, 36 GB, SSD de 2 TB - Plateado",84999.0,36.0,2048.0,SSD,Apple M5,0,16.0,No especificado,No especificado,No especificado,Apple,16.0,Grande
Apple,"MacBook Pro de 14 pulgadas: chip Apple M5 con CPU de 10 núcleos y GPU de 10 núcleos, 32 GB, SSD de 1 TB - Plateado - Distribuidor Autorizado",53229.0,32.0,1024.0,SSD,Apple M5,0,14.0,No especificado,No especificado,No especificado,Apple,14.0,Estandar
Apple,Apple Macbook Pro 16 M1 Pro 32gb 512 Ssd Portátil (Reacondicionado),23999.0,32.0,512.0,SSD,M1 Pro,0,,Apple M1 Pro,10,Apple Silicon (1ª Gen),Apple,16.0,Grande
Apple,Apple Macbook Air 13 Chip M5 16gb Ram 512gb Ssd A3449 (2026) Plateado,39999.0,16.0,512.0,SSD,No especificado,0,,No especificado,No especificado,No especificado,Apple,,Estandar
Apple,Apple Macbook Pro 16 2019 A2141 I7 16gb 512gb Amd Radeon B (Reacondicionado),19999.0,16.0,512.0,SSD,No especificado,0,,No especificado,No especificado,No especificado,AMD,16.0,Grande
Apple,Apple Macbook Pro 2021 M1 32gb Ram 1tb Ssd 16'' Detalle (Reacondicionado),29888.0,32.0,1024.0,SSD,No especificado,0,,Apple M1,8,Apple Silicon (1ª Gen),Apple,16.0,Grande
Apple,"MacBook Air A1466 Plata 13.3"" Intel Core i5 5350U 8GB de RAM 128GB SSD HD Graphics 6000 1440x900px macOS - Excelente (Reacondicionado)",3898.0,8.0,128.0,SSD,Core I5,0,13.3,Intel Core i5,No especificado,No especificado,Intel,13.3,Ultraportatil
Apple,Laptop Apple Macbook Pro 2021 M1 Pro 16gb 512gb Ssd Fluido (Reacondicionado),29999.0,16.0,512.0,SSD,M1 Pro,0,,Apple M1 Pro,10,Apple Silicon (1ª Gen),Apple,,Estandar
Apple,Macbook Air 2020 Intel Core I3 8gb Ram 256gb Dorado (Reacondicionado),12142.0,8.0,256.0,SSD,Core I3,0,,Intel Core i3,No especificado,No especificado,Intel,,Estandar
Apple,Macbook Air 2020 M1 8gb Ram Ssd 128gb 13.3 Pulgadas Detalle (Reacondicionado),18998.0,8.0,128.0,SSD,No especificado,0,13.3,Apple M1,8,Apple Silicon (1ª Gen),Apple,13.3,Ultraportatil
Apple,Apple Macbook Pro M1 16gb 512gb Ssd A2338 (Reacondicionado),15498.0,16.0,512.0,SSD,No especificado,0,,Apple M1,8,Apple Silicon (1ª Gen),Apple,,Estandar
Apple,"Apple 2026 Macbook Neo (de 13 Pulgadas, Chip A18 Pro De Apple Con Cpu De 6 Núcleos Y Gpu De 5 Núcleos, 8gb Memoria Unificada, 256 gb) - Amarillo Cítrico",14863.0,8.0,256.0,SSD,No especificado,0,13.0,No especificado,No especificado,No especificado,Apple,13.0,Ultraportatil
Huawei,Laptop Huawei Matebook D16 Core I5 16gb Ram +1tb Ssd Gris,25005.0,16.0,1024.0,SSD,Core I5,0,,Intel Core i5,No especificado,No especificado,Intel,,Estandar
Huawei,Laptop Huawei Matebook D15 Core I5 8gb 512 Gb Como Nueva (Reacondicionado),18500.0,8.0,512.0,SSD,Core I5,0,,Intel Core i5,No especificado,No especificado,Intel,,Estandar
Huawei,Huawei Matebook D16 Core I5 13420h 16 Gb / 512gbssd Usb -c,21377.0,16.0,512.0,SSD,Core I5,0,,Intel Core i5-13420H,8,13ª Gen (Raptor Lake),Intel,16.0,Grande
Huawei,Huawei Matebook D16 / Core I5 13420h / Ram 16gb / 1 Tb Nvme,23582.0,16.0,1024.0,SSD,Core I5,0,,Intel Core i5-13420H,8,13ª Gen (Raptor Lake),Intel,,Estandar
Huawei,Huawei Matebook D16 / Core I5 13420h / Ram 16gb / 1 Tb Nvme,24677.0,16.0,1024.0,SSD,Core I5,0,,Intel Core i5-13420H,8,13ª Gen (Raptor Lake),Intel,,Estandar
Huawei,Laptop Huawei Matebook D15 I3 11.5va Gen 8gb + 256gb Plata Mystic Silver - Excelente (Reacondicionado),7000.0,8.0,256.0,SSD,No especificado,0,,No especificado,No especificado,No especificado,Intel,,Estandar
Huawei,Laptop Huawei Matebook X Pro Intel I7 1tb Ssd 16gb Ram 2022 Color Gris,29999.0,16.0,1024.0,SSD,No especificado,0,,No especificado,No especificado,No especificado,Intel,,Estandar
Huawei,"Laptop Huawei Matebook D 14, 14 , Amd R5 8gb+512gb, Gris (Nuevo con caja abierta)",12000.0,8.0,512.0,SSD,No especificado,0,,No especificado,No especificado,No especificado,AMD,14.0,Estandar
Huawei,Notebook Huawei Matebook E 11th Gen Intel I7 16gb+512gb,32000.0,16.0,512.0,SSD,No especificado,0,,No especificado,No especificado,No especificado,Intel,,Estandar
Huawei,Laptop Huawei Matebook 14 Ryzen 5 8gb Ram + 512gb Ssd 2021 Gris Espacial,25000.0,8.0,512.0,SSD,Ryzen 5,0,,AMD Ryzen 5,No especificado,No especificado,AMD,14.0,Estandar
Huawei,Notebook Huawei Matebook D16 Core I5 16 GB de RAM 512 GB SSD 16,19999.0,16.0,512.0,SSD,Core I5,0,,Intel Core i5,No especificado,No especificado,Intel,16.0,Grande
Huawei,Laptop Huawei Matebook Series 14 Ryzen 7 8gb 512gb Gris Espacial,16499.0,8.0,512.0,SSD,Ryzen 7,0,,No especificado,No especificado,No especificado,AMD,14.0,Estandar
Huawei,Laptop Huawei Matebook D15 Core I5 11.5th 8gb +512ssd Plata Plateado,17000.0,8.0,512.0,SSD,Core I5,0,,Intel Core i5,No especificado,No especificado,Intel,,Estandar
Huawei,"Laptop Huawei Matebook D14 Intel I7, 16gb+1tb Win11 Home",22000.0,16.0,1024.0,SSD,No especificado,0,,No especificado,No especificado,No especificado,Intel,14.0,Estandar
Huawei,Laptop Huawei Matebook D15 I7-1165g7 512ssd 16gb Ram Color Plata,16000.0,16.0,512.0,SSD,No especificado,0,,Intel Core i7-1165G7,4,11ª Gen (Tiger Lake),Intel,,Estandar
Huawei,"Notebook Huawei MateBook D15 plata 15.6"" AMD Ryzen 5 3500U 8gb de RAM 256gb SSD Color Plata",12000.0,8.0,256.0,SSD,Ryzen 5,0,15.6,AMD Ryzen 5,No especificado,No especificado,AMD,15.6,Estandar
Huawei,"Laptop Huawei Matebook D 14 , Ryzen 5 , 8gb Ram Y 512gb Ssd",6450.0,8.0,512.0,SSD,Ryzen 5,0,,AMD Ryzen 5,No especificado,No especificado,AMD,14.0,Estandar
Huawei,Notebook Huawei Matebook D15 Amd Ryzen 8gb De Ram 256gb Ssd,5500.0,8.0,256.0,SSD,Ryzen 8,0,,No especificado,No especificado,No especificado,AMD,,Estandar
Msi,Laptop Gaming Msi Vector 16 Ultra 9 275hx 16gb 1tb Rtx5080 Gris procesador intel core,85999.0,16.0,1024.0,SSD,No especificado,1,,No especificado,No especificado,No especificado,Intel,16.0,Grande
Msi,Laptop Ia Gamer Msi A16 Geforce Rtx 5060 Ryzen 9 32gb 1tb,49999.0,32.0,1024.0,SSD,Ryzen 9,1,,No especificado,No especificado,No especificado,AMD,,Estandar
Msi,"Laptop Msi Venture A16 Ai, 16 Pulgadas, Ryzen 9, 32 Gb, 2 Tb",30818.0,32.0,2048.0,SSD,Ryzen 9,0,16.0,No especificado,No especificado,No especificado,AMD,16.0,Grande
Msi,Laptop Msi Summit E16 Core I7-1195g7 16gb Ram 512gb Ssd,76507.0,16.0,512.0,SSD,Core I7,0,,Intel Core i7,No especificado,No especificado,Intel,,Estandar
Msi,Laptop Msi Stealth A16 Ai+ Ryzen 7 4700u 32gb Ram 2tb Ssd,164528.0,32.0,2048.0,SSD,Ryzen 7,0,,No especificado,No especificado,No especificado,AMD,,Estandar
Msi,Laptop Msi Creatorpro M16 16 Core I7-12500h 32gb Ram 1tb Ssd,82638.0,32.0,1024.0,SSD,Core I7,0,,Apple M1,8,Apple Silicon (1ª Gen),Apple,16.0,Grande
Huawei,Huawei D16 Core I5 8gb Ram 512gb Ssd 2024,9999.0,8.0,512.0,SSD,Core I5,0,,Intel Core i5,No especificado,No especificado,Intel,,Estandar
Samsung,"Portátil Samsung Chromebook Intel de doble núcleo, 4 GB, 32 GB 11.6 (Nuevo con caja abierta)",3999.0,4.0,32.0,SSD,No especificado,0,11.6,No especificado,No especificado,No especificado,Intel,11.6,Ultraportatil
Samsung,Laptop Samsung Galaxy Book4 15.6  Fhd Intel I7 16gb 2tb,30050.0,16.0,2048.0,SSD,No especificado,0,15.6,No especificado,No especificado,No especificado,Intel,15.6,Estandar
Samsung,Portátil Samsung Galaxy Book4 15.6  Core I7 16gb 2tb,31693.0,16.0,2048.0,SSD,Core I7,0,15.6,Intel Core i7,No especificado,No especificado,Intel,15.6,Estandar
Samsung,Portátil Samsung Galaxy Book4 15.6  Core I7 16gb 1.5tb,28699.0,16.0,1536.0,SSD,Core I7,0,15.6,Intel Core i7,No especificado,No especificado,Intel,15.6,Estandar
Hp,Laptop Hp Core I3 1215u 16gb Ram 512gb Ssd 15.6,17637.0,16.0,512.0,SSD,Core I3,0,15.6,Intel Core i3-1215U,6,12ª Gen (Alder Lake),Intel,15.6,Estandar
Alienware,Laptop Alienware Geforce Rtx 4050 Ryzen 5 16gb 512gb 15.3,31999.0,16.0,512.0,SSD,Ryzen 5,1,15.3,AMD Ryzen 5,No especificado,No especificado,AMD,15.3,Estandar
Alienware,Alienware M16  R2 Ultra-7 155h 16gb 1tb 16-2.5k Rtx 4050 6gb (Reacondicionado),25800.0,16.0,1024.0,SSD,No especificado,1,,Apple M1,8,Apple Silicon (1ª Gen),Apple,16.0,Grande
Alienware,Laptop Gamer Alienware M16 Rtx 4050 Core I5 16gb Ddr5 512gb,30899.0,16.0,512.0,SSD,Core I5,1,,Apple M1,8,Apple Silicon (1ª Gen),Apple,,Estandar
Alienware,Alienware M15 R7 I7 16gb 1tb Ssd Rtx 3080 Ti (Reacondicionado),45000.0,16.0,1024.0,SSD,No especificado,1,,Apple M1,8,Apple Silicon (1ª Gen),Apple,,Estandar
Otra,Laptop M15 R7 Ryzen 7-6800 64gb 2tb Nvidia Geforce Rtx3050,39985.0,64.0,2048.0,SSD,Ryzen 7,1,,Apple M1,8,Apple Silicon (1ª Gen),Apple,,Estandar
Dell,Dell Alienware Am16 Rtx 4050 Ultra7 16gb 1tb Negro,31490.0,16.0,1024.0,SSD,No especificado,1,,Apple M1,8,Apple Silicon (1ª Gen),Apple,,Estandar
Dell,Dell Alienware M16 R1 Gamer I7-13700hx 16gb 1tb Rtx 4070,52999.0,16.0,1024.0,SSD,No especificado,1,,Intel Core i7-13700H,14,13ª Gen (Raptor Lake),Intel,,Estandar
Alienware,Alienware M16 R2  Ultra 7-155h 32gb 1tb 16-2.5k Rtx 4050 6gb (Reacondicionado),34900.0,32.0,1024.0,SSD,No especificado,1,,Apple M1,8,Apple Silicon (1ª Gen),Apple,16.0,Grande
Alienware,Laptop Gamer Alienware X16 R2 16 Intel Ultra 7-155h 16gb 1tb,58100.0,16.0,1024.0,SSD,No especificado,0,,No especificado,No especificado,No especificado,Intel,16.0,Grande
Dell,"Notebook Dell Alienware M18 R2 N/a Negro 18"" 2560 px x 1600 px disco Híbrido 2 GB 2 TB Intel I9- 14900hx 64GB de Ram - Excelente (Reacondicionado)",79000.0,2.0,2048.0,SSD,No especificado,0,18.0,Apple M1,8,Apple Silicon (1ª Gen),Apple,18.0,Grande
Honor,"Laptop Honor Magicbook 15.6,  Ryzen 5 500 16gb Ram, Sdd512gb",10399.0,16.0,512.0,SSD,Ryzen 5,0,15.6,AMD Ryzen 5,No especificado,No especificado,AMD,15.6,Estandar
Gateway,Chromebook Gateway Usado 15.6  Hd-intel N6000 4gb 128gb,5407.0,4.0,128.0,SSD,Intel N6000,0,15.6,No especificado,No especificado,No especificado,Intel,15.6,Estandar
Gateway,Laptop Gateway 15.6 Pulgadas Fhd 1920 Px X 1080 Px Gwtn156-11bk Intel Pentium Silver N5030 128 Gb Ssd 4 Gb Ram Windows 10 Home Charcoal (Nuevo con caja abierta),4136.0,128.0,128.0,SSD,Pentium,0,15.6,No especificado,No especificado,No especificado,Intel,15.6,Estandar
Gateway,"Laptop Gateway Azul 15.6, Amd Ryzen 7 8gb Ram 512gb Ssd Re (Reacondicionado)",7360.0,8.0,512.0,SSD,Ryzen 7,0,15.6,No especificado,No especificado,No especificado,AMD,15.6,Estandar
Gateway,Laptop Gateway Ultra Slim 14 Core I5-1135g7 16gb Ram 2tb Ssd,21422.0,16.0,2048.0,SSD,Core I5,0,,Intel Core i5-1135G7,4,11ª Gen (Tiger Lake),Intel,14.0,Estandar
Gateway,Gateway Blue Fhd Ryzen 7 8gb + 512 Ssd / Notebook Win Outlet Color Azul (Nuevo con caja abierta),7900.0,8.0,512.0,SSD,Ryzen 7,0,,No especificado,No especificado,No especificado,AMD,,Estandar
Otra,"Notebook Ultra Slim GWTN141 14.094"" negro 128GB SSD - Intel - Excelente (Reacondicionado)",5701.0,128.0,128.0,SSD,No especificado,0,,No especificado,No especificado,No especificado,Intel,14.0,Estandar
Gateway,Mini Laptop Gateway Intel Atom 2 Gb Hd 120 Gb.,1789.0,2.0,120.0,SSD,No especificado,0,,No especificado,No especificado,No especificado,Intel,,Estandar
Gateway,Laptop Gateway Nv53a Amd Athlon 4gb Ram 250gb 15.6 Webcam,1900.0,4.0,250.0,SSD,Athlon,0,15.6,No especificado,No especificado,No especificado,AMD,15.6,Estandar
Gateway,"Laptop Gateway Azul 15.6, Amd Ryzen 7 8gb Ram 512gb Ssd",8301.0,8.0,512.0,SSD,Ryzen 7,0,15.6,No especificado,No especificado,No especificado,AMD,15.6,Estandar
Gateway,Gateway Lt20 Intel Atomn270 1gbram 220gb Hdd Windows 7sarter,2500.0,1.0,220.0,SSD,No especificado,0,,No especificado,No especificado,No especificado,Intel,,Estandar
Apple,Macbook Pro 13 M2 A2338 16gb 512gb Ssd Portátil. (Reacondicionado),20000.0,16.0,512.0,SSD,No especificado,0,,Apple M2,8,Apple Silicon (2ª Gen),Apple,,Estandar
Otra,Laptop Intel Pentium Gold 6500Y 16GB Ram 256GB Ssd 15.6inch 1920X1080px Computadoras Notebook,6040.0,16.0,256.0,SSD,Pentium,0,15.6,No especificado,No especificado,No especificado,Intel,15.6,Estandar
Asus,"Laptop Asus VivoBook con Intel Core i7, 16GB RAM y 512GB SSD",27518.0,16.0,512.0,SSD,Core I7,0,,Intel Core i7,No especificado,No especificado,Intel,,Estandar
Hp,HP Gamer Ryzen Ai 5 16GB Ddr5 512GB Ssd Pantalla táctil 15.6 Fhd 1920 px X 1080 px Amd Radeon Graphics Laptop 15-fn0105 Con Regalo,30960.0,16.0,512.0,SSD,No especificado,0,15.6,No especificado,No especificado,No especificado,AMD,15.6,Estandar
Otra,Laptop Toshiba Táctil Fhd Core I5 10th 16gb Ram 240gb Ssd (Reacondicionado),7960.0,16.0,240.0,SSD,Core I5,0,,Intel Core i5,No especificado,No especificado,Intel,,Estandar
Hp,Hp Pavilion Core I3 N305 8gb Ram 256gb Ssd Pantalla 15.6 Fhd 1920 Px X 1080 Px Intel Uhd Graphics Incluye Windows Instalado Laptop Fd0133 Más Regalo,12029.0,8.0,256.0,SSD,Core I3,0,15.6,Intel Core i3-N305,8,Alder Lake-N,Intel,15.6,Estandar
Dell,Dell Latitude 3310 Core I3 8th Gen 8gb Ram 128gb Ssd Touch (Reacondicionado),3500.0,8.0,128.0,SSD,Core I3,0,,Intel Core i3,No especificado,No especificado,Intel,,Estandar
Otra,Laptop Games Amd Ryzen 7 7730u 16gb Ram 512gb Ssd 15.6'' Fhd,13223.0,16.0,512.0,SSD,Ryzen 7,0,15.6,AMD Ryzen 7 7730U,8,Serie 7000 (Zen 3),AMD,15.6,Estandar
Asus,Asus Vivobook 2 en 1 Core Ultra 7 256V 1TB SSD 16GB RAM Pantalla Táctil Wuxga 1920 px x 1200 px Intel Arc Graphics incluye Windows Instalado Laptop 14-TP3407SA Con Regalo,20391.0,16.0,1024.0,SSD,No especificado,0,,No especificado,No especificado,No especificado,Intel,14.0,Estandar
